s.no,customer_id,first_name,last_name,email,gender,city,state,country,signup_date
,1,Anjali,Nair,anjali.nair1@gmail.com,Female,Kolkata,West Bengal,India,09-04-2023
,2,Naveen,Verma,naveen.verma2@gmail.com,Male,Pune,Maharashtra,India,29-04-2023
,3,Amit,Verma,amit.verma3@gmail.com,Male,Hyderabad,Telangana,India,06-05-2025
,4,Karan,Verma,karan.verma4@gmail.com,Male,Chennai,Tamil Nadu,India,19-05-2025
,5,Manoj,Verma,manoj.verma5@gmail.com,Male,Bengaluru,Karnataka,India,07-05-2023
,6,Priya,Patel,priya.patel6@gmail.com,Female,Delhi,Delhi,India,30-09-2023
,7,Neha,Reddy,neha.reddy7@gmail.com,Female,Chennai,Tamil Nadu,India,30-08-2023
,8,Aishwarya,Reddy,aishwarya.reddy8@gmail.com,Female,Delhi,Delhi,India,20-01-2024
,9,Sneha,Rao,sneha.rao9@gmail.com,Female,Kolkata,West Bengal,India,09-05-2023
,10,Manoj,Patel,manoj.patel10@gmail.com,Male,Hyderabad,Telangana,India,24-12-2025
,11,Divya,Iyer,divya.iyer11@gmail.com,Female,Chennai,Tamil Nadu,India,17-07-2025
,12,Pooja,Patel,pooja.patel12@gmail.com,Female,Bengaluru,Karnataka,India,14-05-2024
,13,Manoj,Gupta,manoj.gupta13@gmail.com,Male,Chennai,Tamil Nadu,India,10-10-2025
,14,Swathi,Gupta,swathi.gupta14@gmail.com,Female,Chennai,Tamil Nadu,India,30-05-2023
,15,Naveen,Nair,naveen.nair15@gmail.com,Male,Bengaluru,Karnataka,India,01-12-2024
,16,Ajay,Nair,ajay.nair16@gmail.com,Male,Delhi,Delhi,India,08-06-2023
,17,Divya,Kumar,divya.kumar17@gmail.com,Female,Chennai,Tamil Nadu,India,14-10-2025
,18,Sneha,Verma,sneha.verma18@gmail.com,Female,Pune,Maharashtra,India,28-08-2025
,19,Amit,Gupta,amit.gupta19@gmail.com,Male,Kolkata,West Bengal,India,01-07-2025
,20,Neha,Kumar,neha.kumar20@gmail.com,Female,Delhi,Delhi,India,03-08-2025
,21,Anjali,Das,anjali.das21@gmail.com,Female,Delhi,Delhi,India,08-10-2025
,22,Karan,Gupta,karan.gupta22@gmail.com,Male,Bengaluru,Karnataka,India,22-05-2024
,23,Neha,Iyer,neha.iyer23@gmail.com,Female,Delhi,Delhi,India,07-12-2023
,24,Neha,Rao,neha.rao24@gmail.com,Female,Pune,Maharashtra,India,08-10-2023
,25,Aishwarya,Gupta,aishwarya.gupta25@gmail.com,Female,Kolkata,West Bengal,India,30-04-2025
,26,Neha,Patel,neha.patel26@gmail.com,Female,Bengaluru,Karnataka,India,19-06-2023
,27,Arjun,Patel,arjun.patel27@gmail.com,Male,Kolkata,West Bengal,India,22-04-2024
,28,Ajay,Das,ajay.das28@gmail.com,Male,Bengaluru,Karnataka,India,22-06-2024
,29,Priya,Reddy,priya.reddy29@gmail.com,Female,Hyderabad,Telangana,India,30-12-2025
,30,Deepika,Das,deepika.das30@gmail.com,Female,Pune,Maharashtra,India,15-09-2023
,31,Ajay,Rao,ajay.rao31@gmail.com,Male,Hyderabad,Telangana,India,26-03-2025
,32,Neha,Verma,neha.verma32@gmail.com,Female,Hyderabad,Telangana,India,31-03-2025
,33,Karan,Verma,karan.verma33@gmail.com,Male,Bengaluru,Karnataka,India,21-06-2025
,34,Rahul,Kumar,rahul.kumar34@gmail.com,Male,Chennai,Tamil Nadu,India,18-04-2023
,35,Amit,Das,amit.das35@gmail.com,Male,Bengaluru,Karnataka,India,27-07-2023
,36,Deepika,Sharma,deepika.sharma36@gmail.com,Female,Delhi,Delhi,India,01-03-2024
,37,Anjali,Gupta,anjali.gupta37@gmail.com,Female,Pune,Maharashtra,India,15-01-2025
,38,Sneha,Verma,sneha.verma38@gmail.com,Female,Hyderabad,Telangana,India,12-08-2025
,39,Swathi,Gupta,swathi.gupta39@gmail.com,Female,Delhi,Delhi,India,23-10-2023
,40,Rohit,Gupta,rohit.gupta40@gmail.com,Male,Hyderabad,Telangana,India,27-11-2023
,41,Karan,Rao,karan.rao41@gmail.com,Male,Pune,Maharashtra,India,28-10-2023
,42,Naveen,Gupta,naveen.gupta42@gmail.com,Male,Kolkata,West Bengal,India,06-07-2023
,43,Aishwarya,Kumar,aishwarya.kumar43@gmail.com,Female,Bengaluru,Karnataka,India,29-12-2024
,44,Naveen,Rao,naveen.rao44@gmail.com,Male,Chennai,Tamil Nadu,India,06-11-2024
,45,Manoj,Patel,manoj.patel45@gmail.com,Male,Bengaluru,Karnataka,India,31-03-2025
,46,Karan,Rao,karan.rao46@gmail.com,Male,Hyderabad,Telangana,India,29-12-2024
,47,Amit,Gupta,amit.gupta47@gmail.com,Male,Hyderabad,Telangana,India,14-06-2024
,48,Manoj,Kumar,manoj.kumar48@gmail.com,Male,Hyderabad,Telangana,India,16-12-2024
,49,Sneha,Patel,sneha.patel49@gmail.com,Female,Delhi,Delhi,India,09-04-2024
,50,Kavya,Kumar,kavya.kumar50@gmail.com,Female,Bengaluru,Karnataka,India,15-09-2025
,51,Ajay,Kumar,ajay.kumar51@gmail.com,Male,Kolkata,West Bengal,India,23-06-2023
,52,Suresh,Patel,suresh.patel52@gmail.com,Male,Hyderabad,Telangana,India,01-01-2024
,53,Divya,Verma,divya.verma53@gmail.com,Female,Kolkata,West Bengal,India,21-03-2025
,54,Neha,Verma,neha.verma54@gmail.com,Female,Kolkata,West Bengal,India,22-11-2023
,55,Arjun,Sharma,arjun.sharma55@gmail.com,Male,Bengaluru,Karnataka,India,11-08-2025
,56,Manoj,Das,manoj.das56@gmail.com,Male,Hyderabad,Telangana,India,18-12-2024
,57,Naveen,Rao,naveen.rao57@gmail.com,Male,Bengaluru,Karnataka,India,13-02-2023
,58,Rahul,Rao,rahul.rao58@gmail.com,Male,Kolkata,West Bengal,India,13-10-2023
,59,Kavya,Patel,kavya.patel59@gmail.com,Female,Delhi,Delhi,India,30-05-2024
,60,Vikram,Rao,vikram.rao60@gmail.com,Male,Bengaluru,Karnataka,India,29-10-2024
,61,Aishwarya,Nair,aishwarya.nair61@gmail.com,Female,Bengaluru,Karnataka,India,05-05-2023
,62,Swathi,Das,swathi.das62@gmail.com,Female,Chennai,Tamil Nadu,India,11-05-2025
,63,Naveen,Reddy,naveen.reddy63@gmail.com,Male,Chennai,Tamil Nadu,India,11-11-2025
,64,Ajay,Reddy,ajay.reddy64@gmail.com,Male,Chennai,Tamil Nadu,India,09-01-2023
,65,Arjun,Reddy,arjun.reddy65@gmail.com,Male,Hyderabad,Telangana,India,04-09-2023
,66,Rohit,Rao,rohit.rao66@gmail.com,Male,Chennai,Tamil Nadu,India,15-09-2025
,67,Naveen,Sharma,naveen.sharma67@gmail.com,Male,Bengaluru,Karnataka,India,27-01-2024
,68,Priya,Verma,priya.verma68@gmail.com,Female,Chennai,Tamil Nadu,India,15-07-2025
,69,Rahul,Iyer,rahul.iyer69@gmail.com,Male,Pune,Maharashtra,India,01-11-2025
,70,Vikram,Iyer,vikram.iyer70@gmail.com,Male,Chennai,Tamil Nadu,India,28-12-2025
,71,Aishwarya,Patel,aishwarya.patel71@gmail.com,Female,Kolkata,West Bengal,India,07-12-2025
,72,Aishwarya,Patel,aishwarya.patel72@gmail.com,Female,Hyderabad,Telangana,India,08-10-2023
,73,Sneha,Nair,sneha.nair73@gmail.com,Female,Hyderabad,Telangana,India,09-10-2024
,74,Karan,Nair,karan.nair74@gmail.com,Male,Delhi,Delhi,India,11-03-2024
,75,Sneha,Reddy,sneha.reddy75@gmail.com,Female,Kolkata,West Bengal,India,19-01-2025
,76,Vikram,Reddy,vikram.reddy76@gmail.com,Male,Hyderabad,Telangana,India,25-03-2024
,77,Suresh,Iyer,suresh.iyer77@gmail.com,Male,Bengaluru,Karnataka,India,03-04-2024
,78,Suresh,Rao,suresh.rao78@gmail.com,Male,Hyderabad,Telangana,India,25-11-2024
,79,Kavya,Kumar,kavya.kumar79@gmail.com,Female,Pune,Maharashtra,India,08-07-2023
,80,Priya,Kumar,priya.kumar80@gmail.com,Female,Chennai,Tamil Nadu,India,28-07-2025
,81,Priya,Nair,priya.nair81@gmail.com,Female,Pune,Maharashtra,India,25-11-2025
,82,Aishwarya,Verma,aishwarya.verma82@gmail.com,Female,Delhi,Delhi,India,13-04-2024
,83,Rahul,Gupta,rahul.gupta83@gmail.com,Male,Pune,Maharashtra,India,23-03-2023
,84,Vikram,Reddy,vikram.reddy84@gmail.com,Male,Hyderabad,Telangana,India,13-06-2024
,85,Anjali,Rao,anjali.rao85@gmail.com,Female,Chennai,Tamil Nadu,India,09-10-2025
,86,Sneha,Gupta,sneha.gupta86@gmail.com,Female,Delhi,Delhi,India,11-01-2024
,87,Sneha,Gupta,sneha.gupta87@gmail.com,Female,Delhi,Delhi,India,01-07-2023
,88,Sneha,Das,sneha.das88@gmail.com,Female,Bengaluru,Karnataka,India,17-05-2023
,89,Sneha,Iyer,sneha.iyer89@gmail.com,Female,Delhi,Delhi,India,25-11-2024
,90,Pooja,Das,pooja.das90@gmail.com,Female,Bengaluru,Karnataka,India,30-03-2023
,91,Rahul,Reddy,rahul.reddy91@gmail.com,Male,Pune,Maharashtra,India,14-04-2023
,92,Karan,Gupta,karan.gupta92@gmail.com,Male,Kolkata,West Bengal,India,16-09-2024
,93,Vikram,Iyer,vikram.iyer93@gmail.com,Male,Chennai,Tamil Nadu,India,31-12-2023
,94,Divya,Sharma,divya.sharma94@gmail.com,Female,Pune,Maharashtra,India,17-03-2023
,95,Amit,Rao,amit.rao95@gmail.com,Male,Chennai,Tamil Nadu,India,24-01-2024
,96,Kavya,Iyer,kavya.iyer96@gmail.com,Female,Delhi,Delhi,India,04-06-2025
,97,Aishwarya,Nair,aishwarya.nair97@gmail.com,Female,Chennai,Tamil Nadu,India,22-09-2024
,98,Karan,Kumar,karan.kumar98@gmail.com,Male,Bengaluru,Karnataka,India,14-10-2023
,99,Divya,Sharma,divya.sharma99@gmail.com,Female,Bengaluru,Karnataka,India,30-01-2023
,100,Vikram,Nair,vikram.nair100@gmail.com,Male,Bengaluru,Karnataka,India,24-04-2023
,101,Suresh,Rao,suresh.rao101@gmail.com,Male,Kolkata,West Bengal,India,31-07-2024
,102,Vikram,Sharma,vikram.sharma102@gmail.com,Male,Hyderabad,Telangana,India,15-01-2024
,103,Vikram,Iyer,vikram.iyer103@gmail.com,Male,Delhi,Delhi,India,23-06-2024
,104,Divya,Rao,divya.rao104@gmail.com,Female,Pune,Maharashtra,India,15-05-2024
,105,Vikram,Patel,vikram.patel105@gmail.com,Male,Pune,Maharashtra,India,10-01-2024
,106,Rohit,Nair,rohit.nair106@gmail.com,Male,Delhi,Delhi,India,30-08-2025
,107,Aishwarya,Patel,aishwarya.patel107@gmail.com,Female,Bengaluru,Karnataka,India,30-10-2025
,108,Rahul,Gupta,rahul.gupta108@gmail.com,Male,Delhi,Delhi,India,22-10-2023
,109,Deepika,Sharma,deepika.sharma109@gmail.com,Female,Hyderabad,Telangana,India,16-02-2023
,110,Pooja,Patel,pooja.patel110@gmail.com,Female,Delhi,Delhi,India,19-12-2025
,111,Manoj,Nair,manoj.nair111@gmail.com,Male,Pune,Maharashtra,India,09-10-2025
,112,Vikram,Das,vikram.das112@gmail.com,Male,Kolkata,West Bengal,India,24-10-2023
,113,Naveen,Nair,naveen.nair113@gmail.com,Male,Kolkata,West Bengal,India,01-11-2025
,114,Naveen,Rao,naveen.rao114@gmail.com,Male,Chennai,Tamil Nadu,India,02-02-2023
,115,Rahul,Sharma,rahul.sharma115@gmail.com,Male,Delhi,Delhi,India,30-09-2023
,116,Sneha,Nair,sneha.nair116@gmail.com,Female,Hyderabad,Telangana,India,14-04-2023
,117,Naveen,Patel,naveen.patel117@gmail.com,Male,Hyderabad,Telangana,India,24-06-2024
,118,Ajay,Verma,ajay.verma118@gmail.com,Male,Kolkata,West Bengal,India,27-10-2025
,119,Naveen,Verma,naveen.verma119@gmail.com,Male,Kolkata,West Bengal,India,28-08-2025
,120,Sneha,Gupta,sneha.gupta120@gmail.com,Female,Bengaluru,Karnataka,India,25-02-2024
,121,Ajay,Iyer,ajay.iyer121@gmail.com,Male,Hyderabad,Telangana,India,07-06-2023
,122,Pooja,Sharma,pooja.sharma122@gmail.com,Female,Chennai,Tamil Nadu,India,11-02-2024
,123,Manoj,Reddy,manoj.reddy123@gmail.com,Male,Pune,Maharashtra,India,04-06-2024
,124,Deepika,Das,deepika.das124@gmail.com,Female,Bengaluru,Karnataka,India,26-01-2023
,125,Priya,Iyer,priya.iyer125@gmail.com,Female,Pune,Maharashtra,India,23-07-2023
,126,Ajay,Gupta,ajay.gupta126@gmail.com,Male,Kolkata,West Bengal,India,23-11-2025
,127,Swathi,Iyer,swathi.iyer127@gmail.com,Female,Hyderabad,Telangana,India,31-08-2023
,128,Vikram,Verma,vikram.verma128@gmail.com,Male,Hyderabad,Telangana,India,05-02-2023
,129,Swathi,Verma,swathi.verma129@gmail.com,Female,Chennai,Tamil Nadu,India,09-07-2025
,130,Neha,Patel,neha.patel130@gmail.com,Female,Bengaluru,Karnataka,India,02-06-2023
,131,Arjun,Rao,arjun.rao131@gmail.com,Male,Pune,Maharashtra,India,06-01-2025
,132,Manoj,Rao,manoj.rao132@gmail.com,Male,Pune,Maharashtra,India,19-08-2023
,133,Kavya,Iyer,kavya.iyer133@gmail.com,Female,Hyderabad,Telangana,India,18-03-2025
,134,Arjun,Sharma,arjun.sharma134@gmail.com,Male,Hyderabad,Telangana,India,12-07-2025
,135,Pooja,Reddy,pooja.reddy135@gmail.com,Female,Hyderabad,Telangana,India,05-12-2024
,136,Divya,Verma,divya.verma136@gmail.com,Female,Pune,Maharashtra,India,04-01-2023
,137,Divya,Nair,divya.nair137@gmail.com,Female,Delhi,Delhi,India,05-02-2024
,138,Vikram,Gupta,vikram.gupta138@gmail.com,Male,Pune,Maharashtra,India,14-05-2023
,139,Neha,Das,neha.das139@gmail.com,Female,Delhi,Delhi,India,08-01-2025
,140,Pooja,Sharma,pooja.sharma140@gmail.com,Female,Pune,Maharashtra,India,28-07-2023
,141,Vikram,Reddy,vikram.reddy141@gmail.com,Male,Bengaluru,Karnataka,India,28-06-2024
,142,Aishwarya,Kumar,aishwarya.kumar142@gmail.com,Female,Bengaluru,Karnataka,India,03-02-2025
,143,Priya,Nair,priya.nair143@gmail.com,Female,Chennai,Tamil Nadu,India,21-02-2024
,144,Amit,Nair,amit.nair144@gmail.com,Male,Hyderabad,Telangana,India,11-10-2023
,145,Swathi,Sharma,swathi.sharma145@gmail.com,Female,Chennai,Tamil Nadu,India,18-09-2023
,146,Ajay,Nair,ajay.nair146@gmail.com,Male,Pune,Maharashtra,India,31-07-2024
,147,Pooja,Gupta,pooja.gupta147@gmail.com,Female,Hyderabad,Telangana,India,03-05-2024
,148,Swathi,Rao,swathi.rao148@gmail.com,Female,Kolkata,West Bengal,India,18-03-2025
,149,Arjun,Reddy,arjun.reddy149@gmail.com,Male,Delhi,Delhi,India,01-03-2024
,150,Aishwarya,Patel,aishwarya.patel150@gmail.com,Female,Hyderabad,Telangana,India,12-11-2024
,151,Neha,Reddy,neha.reddy151@gmail.com,Female,Chennai,Tamil Nadu,India,30-01-2024
,152,Rahul,Reddy,rahul.reddy152@gmail.com,Male,Pune,Maharashtra,India,06-07-2023
,153,Kavya,Kumar,kavya.kumar153@gmail.com,Female,Pune,Maharashtra,India,18-02-2024
,154,Suresh,Nair,suresh.nair154@gmail.com,Male,Hyderabad,Telangana,India,09-12-2025
,155,Suresh,Gupta,suresh.gupta155@gmail.com,Male,Pune,Maharashtra,India,08-05-2023
,156,Pooja,Das,pooja.das156@gmail.com,Female,Pune,Maharashtra,India,15-09-2023
,157,Rahul,Gupta,rahul.gupta157@gmail.com,Male,Bengaluru,Karnataka,India,26-02-2025
,158,Swathi,Nair,swathi.nair158@gmail.com,Female,Pune,Maharashtra,India,14-02-2023
,159,Amit,Nair,amit.nair159@gmail.com,Male,Kolkata,West Bengal,India,27-08-2025
,160,Priya,Verma,priya.verma160@gmail.com,Female,Hyderabad,Telangana,India,17-12-2025
,161,Swathi,Patel,swathi.patel161@gmail.com,Female,Delhi,Delhi,India,03-04-2024
,162,Arjun,Rao,arjun.rao162@gmail.com,Male,Kolkata,West Bengal,India,12-08-2023
,163,Sneha,Rao,sneha.rao163@gmail.com,Female,Delhi,Delhi,India,03-01-2023
,164,Karan,Das,karan.das164@gmail.com,Male,Delhi,Delhi,India,14-09-2024
,165,Vikram,Rao,vikram.rao165@gmail.com,Male,Kolkata,West Bengal,India,14-06-2025
,166,Rahul,Verma,rahul.verma166@gmail.com,Male,Pune,Maharashtra,India,10-12-2025
,167,Suresh,Gupta,suresh.gupta167@gmail.com,Male,Bengaluru,Karnataka,India,03-01-2023
,168,Naveen,Gupta,naveen.gupta168@gmail.com,Male,Hyderabad,Telangana,India,24-07-2024
,169,Kavya,Iyer,kavya.iyer169@gmail.com,Female,Chennai,Tamil Nadu,India,25-04-2024
,170,Amit,Nair,amit.nair170@gmail.com,Male,Kolkata,West Bengal,India,21-09-2024
,171,Amit,Patel,amit.patel171@gmail.com,Male,Hyderabad,Telangana,India,10-05-2025
,172,Vikram,Patel,vikram.patel172@gmail.com,Male,Kolkata,West Bengal,India,19-05-2025
,173,Kavya,Iyer,kavya.iyer173@gmail.com,Female,Delhi,Delhi,India,23-11-2024
,174,Divya,Nair,divya.nair174@gmail.com,Female,Bengaluru,Karnataka,India,14-01-2023
,175,Aishwarya,Verma,aishwarya.verma175@gmail.com,Female,Bengaluru,Karnataka,India,12-10-2025
,176,Vikram,Patel,vikram.patel176@gmail.com,Male,Bengaluru,Karnataka,India,10-08-2025
,177,Vikram,Gupta,vikram.gupta177@gmail.com,Male,Delhi,Delhi,India,12-10-2025
,178,Karan,Iyer,karan.iyer178@gmail.com,Male,Hyderabad,Telangana,India,26-04-2023
,179,Suresh,Sharma,suresh.sharma179@gmail.com,Male,Bengaluru,Karnataka,India,18-02-2023
,180,Suresh,Sharma,suresh.sharma180@gmail.com,Male,Kolkata,West Bengal,India,04-05-2023
,181,Suresh,Iyer,suresh.iyer181@gmail.com,Male,Kolkata,West Bengal,India,05-10-2024
,182,Rahul,Reddy,rahul.reddy182@gmail.com,Male,Pune,Maharashtra,India,26-01-2024
,183,Naveen,Iyer,naveen.iyer183@gmail.com,Male,Delhi,Delhi,India,30-09-2024
,184,Divya,Kumar,divya.kumar184@gmail.com,Female,Hyderabad,Telangana,India,13-12-2023
,185,Amit,Verma,amit.verma185@gmail.com,Male,Pune,Maharashtra,India,15-06-2023
,186,Neha,Verma,neha.verma186@gmail.com,Female,Chennai,Tamil Nadu,India,29-02-2024
,187,Divya,Gupta,divya.gupta187@gmail.com,Female,Hyderabad,Telangana,India,29-06-2023
,188,Ajay,Patel,ajay.patel188@gmail.com,Male,Pune,Maharashtra,India,03-07-2025
,189,Rohit,Kumar,rohit.kumar189@gmail.com,Male,Kolkata,West Bengal,India,29-08-2025
,190,Suresh,Patel,suresh.patel190@gmail.com,Male,Kolkata,West Bengal,India,08-04-2025
,191,Suresh,Sharma,suresh.sharma191@gmail.com,Male,Hyderabad,Telangana,India,09-05-2023
,192,Vikram,Patel,vikram.patel192@gmail.com,Male,Kolkata,West Bengal,India,09-05-2023
,193,Divya,Gupta,divya.gupta193@gmail.com,Female,Pune,Maharashtra,India,31-03-2023
,194,Divya,Gupta,divya.gupta194@gmail.com,Female,Pune,Maharashtra,India,08-01-2023
,195,Amit,Patel,amit.patel195@gmail.com,Male,Delhi,Delhi,India,31-08-2025
,196,Neha,Gupta,neha.gupta196@gmail.com,Female,Hyderabad,Telangana,India,07-10-2025
,197,Ajay,Reddy,ajay.reddy197@gmail.com,Male,Delhi,Delhi,India,13-09-2024
,198,Manoj,Patel,manoj.patel198@gmail.com,Male,Pune,Maharashtra,India,16-10-2024
,199,Divya,Das,divya.das199@gmail.com,Female,Delhi,Delhi,India,14-11-2025
,200,Suresh,Reddy,suresh.reddy200@gmail.com,Male,Bengaluru,Karnataka,India,15-04-2025
,201,Amit,Iyer,amit.iyer201@gmail.com,Male,Chennai,Tamil Nadu,India,29-10-2024
,202,Suresh,Verma,suresh.verma202@gmail.com,Male,Delhi,Delhi,India,26-06-2024
,203,Karan,Verma,karan.verma203@gmail.com,Male,Hyderabad,Telangana,India,17-10-2025
,204,Anjali,Patel,anjali.patel204@gmail.com,Female,Bengaluru,Karnataka,India,03-05-2025
,205,Deepika,Patel,deepika.patel205@gmail.com,Female,Kolkata,West Bengal,India,06-09-2023
,206,Pooja,Gupta,pooja.gupta206@gmail.com,Female,Chennai,Tamil Nadu,India,02-07-2024
,207,Pooja,Gupta,pooja.gupta207@gmail.com,Female,Bengaluru,Karnataka,India,18-06-2025
,208,Arjun,Patel,arjun.patel208@gmail.com,Male,Bengaluru,Karnataka,India,11-11-2023
,209,Deepika,Patel,deepika.patel209@gmail.com,Female,Pune,Maharashtra,India,13-05-2023
,210,Pooja,Patel,pooja.patel210@gmail.com,Female,Chennai,Tamil Nadu,India,13-12-2025
,211,Rahul,Iyer,rahul.iyer211@gmail.com,Male,Delhi,Delhi,India,29-07-2023
,212,Ajay,Patel,ajay.patel212@gmail.com,Male,Hyderabad,Telangana,India,04-02-2025
,213,Vikram,Patel,vikram.patel213@gmail.com,Male,Delhi,Delhi,India,14-04-2023
,214,Manoj,Das,manoj.das214@gmail.com,Male,Bengaluru,Karnataka,India,03-06-2023
,215,Aishwarya,Reddy,aishwarya.reddy215@gmail.com,Female,Hyderabad,Telangana,India,16-06-2024
,216,Rahul,Das,rahul.das216@gmail.com,Male,Kolkata,West Bengal,India,17-12-2024
,217,Amit,Kumar,amit.kumar217@gmail.com,Male,Pune,Maharashtra,India,17-10-2023
,218,Karan,Gupta,karan.gupta218@gmail.com,Male,Delhi,Delhi,India,21-02-2024
,219,Rohit,Nair,rohit.nair219@gmail.com,Male,Kolkata,West Bengal,India,31-01-2025
,220,Manoj,Gupta,manoj.gupta220@gmail.com,Male,Delhi,Delhi,India,21-02-2024
,221,Ajay,Rao,ajay.rao221@gmail.com,Male,Hyderabad,Telangana,India,10-05-2023
,222,Sneha,Nair,sneha.nair222@gmail.com,Female,Kolkata,West Bengal,India,13-11-2023
,223,Arjun,Nair,arjun.nair223@gmail.com,Male,Kolkata,West Bengal,India,09-07-2024
,224,Pooja,Gupta,pooja.gupta224@gmail.com,Female,Hyderabad,Telangana,India,16-04-2023
,225,Deepika,Kumar,deepika.kumar225@gmail.com,Female,Hyderabad,Telangana,India,02-05-2025
,226,Rohit,Patel,rohit.patel226@gmail.com,Male,Hyderabad,Telangana,India,09-04-2025
,227,Amit,Nair,amit.nair227@gmail.com,Male,Bengaluru,Karnataka,India,17-05-2025
,228,Rahul,Nair,rahul.nair228@gmail.com,Male,Chennai,Tamil Nadu,India,16-01-2025
,229,Anjali,Reddy,anjali.reddy229@gmail.com,Female,Delhi,Delhi,India,16-04-2023
,230,Suresh,Verma,suresh.verma230@gmail.com,Male,Chennai,Tamil Nadu,India,29-01-2025
,231,Arjun,Kumar,arjun.kumar231@gmail.com,Male,Pune,Maharashtra,India,28-11-2023
,232,Rahul,Verma,rahul.verma232@gmail.com,Male,Hyderabad,Telangana,India,01-10-2025
,233,Vikram,Reddy,vikram.reddy233@gmail.com,Male,Delhi,Delhi,India,15-09-2025
,234,Priya,Das,priya.das234@gmail.com,Female,Kolkata,West Bengal,India,05-03-2025
,235,Manoj,Reddy,manoj.reddy235@gmail.com,Male,Kolkata,West Bengal,India,30-03-2024
,236,Deepika,Patel,deepika.patel236@gmail.com,Female,Hyderabad,Telangana,India,10-01-2024
,237,Amit,Nair,amit.nair237@gmail.com,Male,Chennai,Tamil Nadu,India,17-11-2023
,238,Divya,Verma,divya.verma238@gmail.com,Female,Bengaluru,Karnataka,India,20-05-2024
,239,Amit,Rao,amit.rao239@gmail.com,Male,Kolkata,West Bengal,India,20-03-2023
,240,Sneha,Nair,sneha.nair240@gmail.com,Female,Chennai,Tamil Nadu,India,22-07-2025
,241,Neha,Gupta,neha.gupta241@gmail.com,Female,Chennai,Tamil Nadu,India,25-05-2024
,242,Neha,Kumar,neha.kumar242@gmail.com,Female,Hyderabad,Telangana,India,28-10-2025
,243,Anjali,Sharma,anjali.sharma243@gmail.com,Female,Delhi,Delhi,India,29-09-2025
,244,Kavya,Iyer,kavya.iyer244@gmail.com,Female,Chennai,Tamil Nadu,India,27-07-2025
,245,Ajay,Nair,ajay.nair245@gmail.com,Male,Delhi,Delhi,India,18-05-2023
,246,Rohit,Nair,rohit.nair246@gmail.com,Male,Pune,Maharashtra,India,07-07-2023
,247,Aishwarya,Rao,aishwarya.rao247@gmail.com,Female,Kolkata,West Bengal,India,25-03-2023
,248,Arjun,Verma,arjun.verma248@gmail.com,Male,Kolkata,West Bengal,India,04-10-2024
,249,Amit,Rao,amit.rao249@gmail.com,Male,Hyderabad,Telangana,India,06-10-2023
,250,Rahul,Das,rahul.das250@gmail.com,Male,Kolkata,West Bengal,India,13-08-2023
,251,Arjun,Iyer,arjun.iyer251@gmail.com,Male,Pune,Maharashtra,India,05-12-2023
,252,Rahul,Kumar,rahul.kumar252@gmail.com,Male,Chennai,Tamil Nadu,India,31-05-2024
,253,Rohit,Das,rohit.das253@gmail.com,Male,Pune,Maharashtra,India,23-07-2025
,254,Vikram,Rao,vikram.rao254@gmail.com,Male,Hyderabad,Telangana,India,02-03-2024
,255,Deepika,Rao,deepika.rao255@gmail.com,Female,Bengaluru,Karnataka,India,15-10-2024
,256,Priya,Patel,priya.patel256@gmail.com,Female,Bengaluru,Karnataka,India,06-04-2025
,257,Vikram,Kumar,vikram.kumar257@gmail.com,Male,Hyderabad,Telangana,India,12-12-2023
,258,Sneha,Rao,sneha.rao258@gmail.com,Female,Delhi,Delhi,India,06-01-2025
,259,Aishwarya,Rao,aishwarya.rao259@gmail.com,Female,Chennai,Tamil Nadu,India,03-08-2023
,260,Aishwarya,Nair,aishwarya.nair260@gmail.com,Female,Kolkata,West Bengal,India,30-01-2025
,261,Neha,Kumar,neha.kumar261@gmail.com,Female,Chennai,Tamil Nadu,India,27-10-2023
,262,Divya,Verma,divya.verma262@gmail.com,Female,Hyderabad,Telangana,India,16-04-2024
,263,Manoj,Sharma,manoj.sharma263@gmail.com,Male,Pune,Maharashtra,India,22-11-2025
,264,Pooja,Das,pooja.das264@gmail.com,Female,Kolkata,West Bengal,India,02-10-2024
,265,Amit,Patel,amit.patel265@gmail.com,Male,Bengaluru,Karnataka,India,18-08-2024
,266,Neha,Rao,neha.rao266@gmail.com,Female,Pune,Maharashtra,India,08-04-2023
,267,Ajay,Patel,ajay.patel267@gmail.com,Male,Chennai,Tamil Nadu,India,04-04-2023
,268,Amit,Sharma,amit.sharma268@gmail.com,Male,Chennai,Tamil Nadu,India,27-12-2024
,269,Sneha,Rao,sneha.rao269@gmail.com,Female,Pune,Maharashtra,India,29-12-2025
,270,Suresh,Das,suresh.das270@gmail.com,Male,Pune,Maharashtra,India,01-10-2023
,271,Rohit,Das,rohit.das271@gmail.com,Male,Hyderabad,Telangana,India,21-11-2023
,272,Amit,Patel,amit.patel272@gmail.com,Male,Kolkata,West Bengal,India,02-11-2023
,273,Sneha,Verma,sneha.verma273@gmail.com,Female,Kolkata,West Bengal,India,24-10-2023
,274,Neha,Gupta,neha.gupta274@gmail.com,Female,Delhi,Delhi,India,25-04-2023
,275,Deepika,Das,deepika.das275@gmail.com,Female,Hyderabad,Telangana,India,26-11-2025
,276,Kavya,Reddy,kavya.reddy276@gmail.com,Female,Delhi,Delhi,India,01-04-2023
,277,Naveen,Sharma,naveen.sharma277@gmail.com,Male,Hyderabad,Telangana,India,16-01-2024
,278,Arjun,Sharma,arjun.sharma278@gmail.com,Male,Delhi,Delhi,India,26-01-2023
,279,Arjun,Nair,arjun.nair279@gmail.com,Male,Bengaluru,Karnataka,India,27-11-2025
,280,Deepika,Reddy,deepika.reddy280@gmail.com,Female,Chennai,Tamil Nadu,India,25-09-2024
,281,Vikram,Sharma,vikram.sharma281@gmail.com,Male,Kolkata,West Bengal,India,05-09-2025
,282,Suresh,Nair,suresh.nair282@gmail.com,Male,Kolkata,West Bengal,India,10-08-2025
,283,Ajay,Reddy,ajay.reddy283@gmail.com,Male,Bengaluru,Karnataka,India,04-08-2023
,284,Kavya,Sharma,kavya.sharma284@gmail.com,Female,Delhi,Delhi,India,18-11-2024
,285,Priya,Gupta,priya.gupta285@gmail.com,Female,Kolkata,West Bengal,India,12-06-2025
,286,Pooja,Patel,pooja.patel286@gmail.com,Female,Delhi,Delhi,India,05-11-2025
,287,Arjun,Gupta,arjun.gupta287@gmail.com,Male,Bengaluru,Karnataka,India,20-02-2024
,288,Rohit,Patel,rohit.patel288@gmail.com,Male,Hyderabad,Telangana,India,03-11-2024
,289,Suresh,Rao,suresh.rao289@gmail.com,Male,Hyderabad,Telangana,India,24-08-2025
,290,Amit,Nair,amit.nair290@gmail.com,Male,Kolkata,West Bengal,India,23-04-2024
,291,Kavya,Nair,kavya.nair291@gmail.com,Female,Chennai,Tamil Nadu,India,09-06-2023
,292,Arjun,Sharma,arjun.sharma292@gmail.com,Male,Delhi,Delhi,India,18-08-2023
,293,Manoj,Reddy,manoj.reddy293@gmail.com,Male,Pune,Maharashtra,India,18-10-2023
,294,Amit,Sharma,amit.sharma294@gmail.com,Male,Bengaluru,Karnataka,India,29-03-2023
,295,Amit,Verma,amit.verma295@gmail.com,Male,Chennai,Tamil Nadu,India,14-01-2025
,296,Naveen,Verma,naveen.verma296@gmail.com,Male,Kolkata,West Bengal,India,25-02-2025
,297,Karan,Patel,karan.patel297@gmail.com,Male,Bengaluru,Karnataka,India,18-08-2023
,298,Amit,Verma,amit.verma298@gmail.com,Male,Kolkata,West Bengal,India,11-08-2024
,299,Sneha,Reddy,sneha.reddy299@gmail.com,Female,Delhi,Delhi,India,24-02-2024
,300,Divya,Kumar,divya.kumar300@gmail.com,Female,Hyderabad,Telangana,India,18-06-2024
,301,Rohit,Gupta,rohit.gupta301@gmail.com,Male,Pune,Maharashtra,India,10-04-2023
,302,Divya,Das,divya.das302@gmail.com,Female,Chennai,Tamil Nadu,India,02-09-2025
,303,Deepika,Sharma,deepika.sharma303@gmail.com,Female,Hyderabad,Telangana,India,05-03-2023
,304,Aishwarya,Verma,aishwarya.verma304@gmail.com,Female,Pune,Maharashtra,India,18-08-2025
,305,Naveen,Das,naveen.das305@gmail.com,Male,Bengaluru,Karnataka,India,06-07-2023
,306,Anjali,Nair,anjali.nair306@gmail.com,Female,Delhi,Delhi,India,08-12-2025
,307,Vikram,Sharma,vikram.sharma307@gmail.com,Male,Delhi,Delhi,India,13-12-2024
,308,Sneha,Iyer,sneha.iyer308@gmail.com,Female,Kolkata,West Bengal,India,13-01-2024
,309,Deepika,Kumar,deepika.kumar309@gmail.com,Female,Chennai,Tamil Nadu,India,17-06-2024
,310,Vikram,Patel,vikram.patel310@gmail.com,Male,Kolkata,West Bengal,India,19-04-2024
,311,Anjali,Verma,anjali.verma311@gmail.com,Female,Kolkata,West Bengal,India,15-06-2023
,312,Aishwarya,Verma,aishwarya.verma312@gmail.com,Female,Kolkata,West Bengal,India,30-10-2024
,313,Sneha,Nair,sneha.nair313@gmail.com,Female,Hyderabad,Telangana,India,26-06-2023
,314,Priya,Kumar,priya.kumar314@gmail.com,Female,Bengaluru,Karnataka,India,12-09-2024
,315,Neha,Rao,neha.rao315@gmail.com,Female,Chennai,Tamil Nadu,India,17-12-2023
,316,Kavya,Iyer,kavya.iyer316@gmail.com,Female,Bengaluru,Karnataka,India,24-12-2025
,317,Rohit,Das,rohit.das317@gmail.com,Male,Pune,Maharashtra,India,04-12-2025
,318,Ajay,Rao,ajay.rao318@gmail.com,Male,Kolkata,West Bengal,India,24-10-2024
,319,Ajay,Iyer,ajay.iyer319@gmail.com,Male,Kolkata,West Bengal,India,10-06-2024
,320,Arjun,Kumar,arjun.kumar320@gmail.com,Male,Hyderabad,Telangana,India,02-05-2024
,321,Vikram,Gupta,vikram.gupta321@gmail.com,Male,Kolkata,West Bengal,India,13-11-2023
,322,Karan,Kumar,karan.kumar322@gmail.com,Male,Chennai,Tamil Nadu,India,05-12-2025
,323,Anjali,Patel,anjali.patel323@gmail.com,Female,Pune,Maharashtra,India,23-01-2024
,324,Sneha,Reddy,sneha.reddy324@gmail.com,Female,Kolkata,West Bengal,India,28-07-2023
,325,Suresh,Reddy,suresh.reddy325@gmail.com,Male,Bengaluru,Karnataka,India,10-09-2024
,326,Neha,Gupta,neha.gupta326@gmail.com,Female,Bengaluru,Karnataka,India,12-08-2023
,327,Vikram,Patel,vikram.patel327@gmail.com,Male,Hyderabad,Telangana,India,08-08-2025
,328,Amit,Nair,amit.nair328@gmail.com,Male,Hyderabad,Telangana,India,31-03-2024
,329,Swathi,Sharma,swathi.sharma329@gmail.com,Female,Bengaluru,Karnataka,India,10-06-2024
,330,Priya,Patel,priya.patel330@gmail.com,Female,Hyderabad,Telangana,India,12-05-2025
,331,Manoj,Patel,manoj.patel331@gmail.com,Male,Kolkata,West Bengal,India,07-01-2024
,332,Ajay,Nair,ajay.nair332@gmail.com,Male,Pune,Maharashtra,India,16-06-2024
,333,Suresh,Patel,suresh.patel333@gmail.com,Male,Hyderabad,Telangana,India,17-11-2023
,334,Neha,Iyer,neha.iyer334@gmail.com,Female,Hyderabad,Telangana,India,10-02-2023
,335,Aishwarya,Reddy,aishwarya.reddy335@gmail.com,Female,Kolkata,West Bengal,India,02-11-2024
,336,Suresh,Iyer,suresh.iyer336@gmail.com,Male,Delhi,Delhi,India,20-03-2023
,337,Aishwarya,Patel,aishwarya.patel337@gmail.com,Female,Bengaluru,Karnataka,India,14-02-2024
,338,Sneha,Das,sneha.das338@gmail.com,Female,Hyderabad,Telangana,India,24-02-2024
,339,Aishwarya,Sharma,aishwarya.sharma339@gmail.com,Female,Kolkata,West Bengal,India,27-01-2025
,340,Neha,Iyer,neha.iyer340@gmail.com,Female,Bengaluru,Karnataka,India,12-01-2024
,341,Aishwarya,Verma,aishwarya.verma341@gmail.com,Female,Kolkata,West Bengal,India,29-12-2024
,342,Vikram,Gupta,vikram.gupta342@gmail.com,Male,Hyderabad,Telangana,India,29-03-2025
,343,Amit,Verma,amit.verma343@gmail.com,Male,Hyderabad,Telangana,India,11-05-2025
,344,Deepika,Gupta,deepika.gupta344@gmail.com,Female,Delhi,Delhi,India,04-04-2024
,345,Neha,Rao,neha.rao345@gmail.com,Female,Bengaluru,Karnataka,India,13-03-2025
,346,Kavya,Reddy,kavya.reddy346@gmail.com,Female,Bengaluru,Karnataka,India,22-05-2023
,347,Ajay,Rao,ajay.rao347@gmail.com,Male,Kolkata,West Bengal,India,07-04-2024
,348,Rohit,Nair,rohit.nair348@gmail.com,Male,Hyderabad,Telangana,India,25-08-2024
,349,Ajay,Kumar,ajay.kumar349@gmail.com,Male,Bengaluru,Karnataka,India,01-07-2024
,350,Pooja,Nair,pooja.nair350@gmail.com,Female,Kolkata,West Bengal,India,16-01-2024
,351,Priya,Gupta,priya.gupta351@gmail.com,Female,Pune,Maharashtra,India,16-05-2024
,352,Divya,Iyer,divya.iyer352@gmail.com,Female,Hyderabad,Telangana,India,27-05-2025
,353,Rohit,Reddy,rohit.reddy353@gmail.com,Male,Pune,Maharashtra,India,27-02-2025
,354,Rahul,Das,rahul.das354@gmail.com,Male,Pune,Maharashtra,India,15-10-2023
,355,Deepika,Sharma,deepika.sharma355@gmail.com,Female,Kolkata,West Bengal,India,24-01-2023
,356,Rahul,Gupta,rahul.gupta356@gmail.com,Male,Pune,Maharashtra,India,27-07-2023
,357,Karan,Reddy,karan.reddy357@gmail.com,Male,Hyderabad,Telangana,India,10-12-2024
,358,Karan,Nair,karan.nair358@gmail.com,Male,Chennai,Tamil Nadu,India,10-12-2023
,359,Naveen,Gupta,naveen.gupta359@gmail.com,Male,Bengaluru,Karnataka,India,09-10-2025
,360,Naveen,Verma,naveen.verma360@gmail.com,Male,Kolkata,West Bengal,India,17-06-2025
,361,Naveen,Verma,naveen.verma361@gmail.com,Male,Pune,Maharashtra,India,08-05-2025
,362,Arjun,Iyer,arjun.iyer362@gmail.com,Male,Hyderabad,Telangana,India,30-04-2023
,363,Swathi,Reddy,swathi.reddy363@gmail.com,Female,Kolkata,West Bengal,India,03-10-2025
,364,Ajay,Reddy,ajay.reddy364@gmail.com,Male,Chennai,Tamil Nadu,India,14-01-2023
,365,Rohit,Iyer,rohit.iyer365@gmail.com,Male,Kolkata,West Bengal,India,16-10-2025
,366,Swathi,Kumar,swathi.kumar366@gmail.com,Female,Hyderabad,Telangana,India,07-05-2025
,367,Arjun,Kumar,arjun.kumar367@gmail.com,Male,Kolkata,West Bengal,India,28-02-2023
,368,Manoj,Sharma,manoj.sharma368@gmail.com,Male,Kolkata,West Bengal,India,07-11-2024
,369,Naveen,Iyer,naveen.iyer369@gmail.com,Male,Hyderabad,Telangana,India,23-10-2023
,370,Karan,Nair,karan.nair370@gmail.com,Male,Kolkata,West Bengal,India,17-09-2023
,371,Sneha,Kumar,sneha.kumar371@gmail.com,Female,Pune,Maharashtra,India,29-08-2025
,372,Vikram,Nair,vikram.nair372@gmail.com,Male,Pune,Maharashtra,India,15-05-2025
,373,Aishwarya,Sharma,aishwarya.sharma373@gmail.com,Female,Pune,Maharashtra,India,22-08-2024
,374,Swathi,Nair,swathi.nair374@gmail.com,Female,Pune,Maharashtra,India,28-10-2025
,375,Aishwarya,Kumar,aishwarya.kumar375@gmail.com,Female,Bengaluru,Karnataka,India,05-10-2025
,376,Rohit,Patel,rohit.patel376@gmail.com,Male,Pune,Maharashtra,India,04-09-2024
,377,Manoj,Verma,manoj.verma377@gmail.com,Male,Delhi,Delhi,India,27-03-2025
,378,Aishwarya,Das,aishwarya.das378@gmail.com,Female,Delhi,Delhi,India,27-03-2025
,379,Sneha,Sharma,sneha.sharma379@gmail.com,Female,Delhi,Delhi,India,24-01-2024
,380,Deepika,Sharma,deepika.sharma380@gmail.com,Female,Chennai,Tamil Nadu,India,09-02-2025
,381,Manoj,Verma,manoj.verma381@gmail.com,Male,Bengaluru,Karnataka,India,22-03-2023
,382,Anjali,Verma,anjali.verma382@gmail.com,Female,Kolkata,West Bengal,India,07-01-2024
,383,Suresh,Verma,suresh.verma383@gmail.com,Male,Kolkata,West Bengal,India,28-01-2023
,384,Anjali,Gupta,anjali.gupta384@gmail.com,Female,Chennai,Tamil Nadu,India,12-06-2024
,385,Anjali,Nair,anjali.nair385@gmail.com,Female,Delhi,Delhi,India,14-10-2024
,386,Suresh,Das,suresh.das386@gmail.com,Male,Kolkata,West Bengal,India,22-04-2023
,387,Deepika,Rao,deepika.rao387@gmail.com,Female,Delhi,Delhi,India,01-09-2023
,388,Deepika,Nair,deepika.nair388@gmail.com,Female,Hyderabad,Telangana,India,18-05-2023
,389,Suresh,Das,suresh.das389@gmail.com,Male,Chennai,Tamil Nadu,India,15-11-2023
,390,Neha,Rao,neha.rao390@gmail.com,Female,Delhi,Delhi,India,19-06-2023
,391,Kavya,Reddy,kavya.reddy391@gmail.com,Female,Kolkata,West Bengal,India,01-02-2023
,392,Priya,Sharma,priya.sharma392@gmail.com,Female,Kolkata,West Bengal,India,07-09-2023
,393,Karan,Verma,karan.verma393@gmail.com,Male,Bengaluru,Karnataka,India,25-08-2025
,394,Vikram,Das,vikram.das394@gmail.com,Male,Bengaluru,Karnataka,India,12-07-2025
,395,Amit,Kumar,amit.kumar395@gmail.com,Male,Kolkata,West Bengal,India,24-10-2023
,396,Vikram,Rao,vikram.rao396@gmail.com,Male,Kolkata,West Bengal,India,17-10-2025
,397,Pooja,Sharma,pooja.sharma397@gmail.com,Female,Kolkata,West Bengal,India,07-03-2023
,398,Amit,Sharma,amit.sharma398@gmail.com,Male,Kolkata,West Bengal,India,13-06-2023
,399,Pooja,Gupta,pooja.gupta399@gmail.com,Female,Kolkata,West Bengal,India,06-12-2023
,400,Deepika,Sharma,deepika.sharma400@gmail.com,Female,Pune,Maharashtra,India,22-01-2025
,401,Swathi,Reddy,swathi.reddy401@gmail.com,Female,Bengaluru,Karnataka,India,28-08-2023
,402,Anjali,Nair,anjali.nair402@gmail.com,Female,Hyderabad,Telangana,India,28-02-2025
,403,Pooja,Das,pooja.das403@gmail.com,Female,Pune,Maharashtra,India,21-08-2024
,404,Priya,Das,priya.das404@gmail.com,Female,Kolkata,West Bengal,India,11-11-2024
,405,Arjun,Das,arjun.das405@gmail.com,Male,Pune,Maharashtra,India,27-05-2025
,406,Suresh,Nair,suresh.nair406@gmail.com,Male,Kolkata,West Bengal,India,09-02-2025
,407,Ajay,Gupta,ajay.gupta407@gmail.com,Male,Kolkata,West Bengal,India,04-01-2023
,408,Pooja,Gupta,pooja.gupta408@gmail.com,Female,Hyderabad,Telangana,India,19-11-2023
,409,Vikram,Reddy,vikram.reddy409@gmail.com,Male,Chennai,Tamil Nadu,India,29-10-2023
,410,Aishwarya,Iyer,aishwarya.iyer410@gmail.com,Female,Pune,Maharashtra,India,30-12-2025
,411,Naveen,Rao,naveen.rao411@gmail.com,Male,Hyderabad,Telangana,India,20-02-2025
,412,Karan,Gupta,karan.gupta412@gmail.com,Male,Chennai,Tamil Nadu,India,28-04-2023
,413,Swathi,Patel,swathi.patel413@gmail.com,Female,Pune,Maharashtra,India,20-01-2023
,414,Swathi,Rao,swathi.rao414@gmail.com,Female,Delhi,Delhi,India,28-12-2024
,415,Karan,Nair,karan.nair415@gmail.com,Male,Chennai,Tamil Nadu,India,03-12-2025
,416,Aishwarya,Kumar,aishwarya.kumar416@gmail.com,Female,Hyderabad,Telangana,India,02-11-2025
,417,Karan,Patel,karan.patel417@gmail.com,Male,Bengaluru,Karnataka,India,08-07-2023
,418,Vikram,Kumar,vikram.kumar418@gmail.com,Male,Chennai,Tamil Nadu,India,05-01-2025
,419,Aishwarya,Reddy,aishwarya.reddy419@gmail.com,Female,Bengaluru,Karnataka,India,02-04-2023
,420,Divya,Verma,divya.verma420@gmail.com,Female,Pune,Maharashtra,India,07-08-2025
,421,Arjun,Kumar,arjun.kumar421@gmail.com,Male,Chennai,Tamil Nadu,India,04-03-2023
,422,Pooja,Rao,pooja.rao422@gmail.com,Female,Chennai,Tamil Nadu,India,12-02-2023
,423,Amit,Patel,amit.patel423@gmail.com,Male,Chennai,Tamil Nadu,India,22-09-2025
,424,Vikram,Gupta,vikram.gupta424@gmail.com,Male,Hyderabad,Telangana,India,18-07-2023
,425,Deepika,Das,deepika.das425@gmail.com,Female,Bengaluru,Karnataka,India,04-06-2024
,426,Rohit,Patel,rohit.patel426@gmail.com,Male,Bengaluru,Karnataka,India,13-02-2025
,427,Amit,Sharma,amit.sharma427@gmail.com,Male,Delhi,Delhi,India,27-01-2025
,428,Swathi,Verma,swathi.verma428@gmail.com,Female,Chennai,Tamil Nadu,India,24-03-2025
,429,Rahul,Gupta,rahul.gupta429@gmail.com,Male,Pune,Maharashtra,India,22-04-2024
,430,Naveen,Nair,naveen.nair430@gmail.com,Male,Bengaluru,Karnataka,India,07-07-2025
,431,Rohit,Patel,rohit.patel431@gmail.com,Male,Kolkata,West Bengal,India,30-03-2024
,432,Amit,Gupta,amit.gupta432@gmail.com,Male,Pune,Maharashtra,India,02-05-2023
,433,Amit,Gupta,amit.gupta433@gmail.com,Male,Chennai,Tamil Nadu,India,17-09-2025
,434,Rahul,Reddy,rahul.reddy434@gmail.com,Male,Pune,Maharashtra,India,12-01-2023
,435,Vikram,Das,vikram.das435@gmail.com,Male,Chennai,Tamil Nadu,India,22-06-2025
,436,Ajay,Kumar,ajay.kumar436@gmail.com,Male,Pune,Maharashtra,India,10-06-2024
,437,Sneha,Kumar,sneha.kumar437@gmail.com,Female,Hyderabad,Telangana,India,16-02-2025
,438,Ajay,Patel,ajay.patel438@gmail.com,Male,Bengaluru,Karnataka,India,26-01-2023
,439,Kavya,Sharma,kavya.sharma439@gmail.com,Female,Bengaluru,Karnataka,India,27-03-2024
,440,Manoj,Kumar,manoj.kumar440@gmail.com,Male,Kolkata,West Bengal,India,14-10-2023
,441,Sneha,Nair,sneha.nair441@gmail.com,Female,Delhi,Delhi,India,03-06-2023
,442,Divya,Kumar,divya.kumar442@gmail.com,Female,Bengaluru,Karnataka,India,04-09-2025
,443,Rohit,Reddy,rohit.reddy443@gmail.com,Male,Pune,Maharashtra,India,29-03-2024
,444,Arjun,Iyer,arjun.iyer444@gmail.com,Male,Chennai,Tamil Nadu,India,24-10-2023
,445,Anjali,Gupta,anjali.gupta445@gmail.com,Female,Hyderabad,Telangana,India,23-04-2025
,446,Arjun,Sharma,arjun.sharma446@gmail.com,Male,Pune,Maharashtra,India,30-08-2024
,447,Anjali,Gupta,anjali.gupta447@gmail.com,Female,Hyderabad,Telangana,India,12-08-2023
,448,Swathi,Iyer,swathi.iyer448@gmail.com,Female,Delhi,Delhi,India,11-11-2023
,449,Karan,Rao,karan.rao449@gmail.com,Male,Hyderabad,Telangana,India,09-08-2024
,450,Vikram,Patel,vikram.patel450@gmail.com,Male,Pune,Maharashtra,India,03-06-2025
,451,Kavya,Patel,kavya.patel451@gmail.com,Female,Delhi,Delhi,India,10-03-2025
,452,Neha,Reddy,neha.reddy452@gmail.com,Female,Delhi,Delhi,India,24-08-2024
,453,Amit,Iyer,amit.iyer453@gmail.com,Male,Chennai,Tamil Nadu,India,29-11-2024
,454,Ajay,Sharma,ajay.sharma454@gmail.com,Male,Chennai,Tamil Nadu,India,09-08-2024
,455,Rohit,Nair,rohit.nair455@gmail.com,Male,Delhi,Delhi,India,17-04-2025
,456,Vikram,Das,vikram.das456@gmail.com,Male,Bengaluru,Karnataka,India,10-10-2023
,457,Naveen,Patel,naveen.patel457@gmail.com,Male,Kolkata,West Bengal,India,26-12-2023
,458,Manoj,Verma,manoj.verma458@gmail.com,Male,Delhi,Delhi,India,11-10-2025
,459,Anjali,Patel,anjali.patel459@gmail.com,Female,Bengaluru,Karnataka,India,29-01-2024
,460,Kavya,Sharma,kavya.sharma460@gmail.com,Female,Delhi,Delhi,India,30-11-2025
,461,Priya,Rao,priya.rao461@gmail.com,Female,Pune,Maharashtra,India,17-11-2024
,462,Swathi,Verma,swathi.verma462@gmail.com,Female,Delhi,Delhi,India,18-04-2025
,463,Anjali,Gupta,anjali.gupta463@gmail.com,Female,Bengaluru,Karnataka,India,17-01-2024
,464,Priya,Reddy,priya.reddy464@gmail.com,Female,Kolkata,West Bengal,India,30-01-2025
,465,Rohit,Rao,rohit.rao465@gmail.com,Male,Hyderabad,Telangana,India,22-11-2025
,466,Rahul,Kumar,rahul.kumar466@gmail.com,Male,Kolkata,West Bengal,India,16-05-2024
,467,Neha,Das,neha.das467@gmail.com,Female,Delhi,Delhi,India,20-08-2024
,468,Ajay,Iyer,ajay.iyer468@gmail.com,Male,Chennai,Tamil Nadu,India,22-02-2023
,469,Amit,Patel,amit.patel469@gmail.com,Male,Delhi,Delhi,India,03-04-2024
,470,Arjun,Verma,arjun.verma470@gmail.com,Male,Pune,Maharashtra,India,27-05-2024
,471,Amit,Verma,amit.verma471@gmail.com,Male,Kolkata,West Bengal,India,04-02-2024
,472,Priya,Das,priya.das472@gmail.com,Female,Kolkata,West Bengal,India,08-08-2025
,473,Ajay,Verma,ajay.verma473@gmail.com,Male,Pune,Maharashtra,India,12-07-2023
,474,Amit,Gupta,amit.gupta474@gmail.com,Male,Delhi,Delhi,India,10-08-2025
,475,Deepika,Rao,deepika.rao475@gmail.com,Female,Pune,Maharashtra,India,14-08-2023
,476,Rahul,Nair,rahul.nair476@gmail.com,Male,Bengaluru,Karnataka,India,10-04-2024
,477,Arjun,Das,arjun.das477@gmail.com,Male,Hyderabad,Telangana,India,23-03-2025
,478,Amit,Nair,amit.nair478@gmail.com,Male,Kolkata,West Bengal,India,11-05-2025
,479,Suresh,Sharma,suresh.sharma479@gmail.com,Male,Pune,Maharashtra,India,24-11-2024
,480,Kavya,Kumar,kavya.kumar480@gmail.com,Female,Kolkata,West Bengal,India,11-06-2025
,481,Neha,Rao,neha.rao481@gmail.com,Female,Delhi,Delhi,India,27-10-2024
,482,Rohit,Patel,rohit.patel482@gmail.com,Male,Hyderabad,Telangana,India,24-01-2023
,483,Sneha,Rao,sneha.rao483@gmail.com,Female,Bengaluru,Karnataka,India,22-05-2023
,484,Neha,Patel,neha.patel484@gmail.com,Female,Chennai,Tamil Nadu,India,12-02-2023
,485,Arjun,Nair,arjun.nair485@gmail.com,Male,Hyderabad,Telangana,India,18-07-2025
,486,Amit,Sharma,amit.sharma486@gmail.com,Male,Kolkata,West Bengal,India,28-06-2024
,487,Aishwarya,Sharma,aishwarya.sharma487@gmail.com,Female,Chennai,Tamil Nadu,India,25-07-2023
,488,Sneha,Rao,sneha.rao488@gmail.com,Female,Delhi,Delhi,India,07-06-2025
,489,Amit,Gupta,amit.gupta489@gmail.com,Male,Delhi,Delhi,India,17-09-2024
,490,Anjali,Verma,anjali.verma490@gmail.com,Female,Delhi,Delhi,India,18-11-2025
,491,Sneha,Iyer,sneha.iyer491@gmail.com,Female,Chennai,Tamil Nadu,India,29-12-2025
,492,Ajay,Verma,ajay.verma492@gmail.com,Male,Chennai,Tamil Nadu,India,27-09-2023
,493,Neha,Das,neha.das493@gmail.com,Female,Pune,Maharashtra,India,15-07-2024
,494,Rahul,Rao,rahul.rao494@gmail.com,Male,Pune,Maharashtra,India,19-07-2025
,495,Suresh,Patel,suresh.patel495@gmail.com,Male,Chennai,Tamil Nadu,India,21-01-2025
,496,Aishwarya,Gupta,aishwarya.gupta496@gmail.com,Female,Chennai,Tamil Nadu,India,05-09-2025
,497,Pooja,Sharma,pooja.sharma497@gmail.com,Female,Bengaluru,Karnataka,India,14-11-2024
,498,Karan,Rao,karan.rao498@gmail.com,Male,Chennai,Tamil Nadu,India,23-02-2025
,499,Priya,Kumar,priya.kumar499@gmail.com,Female,Bengaluru,Karnataka,India,03-05-2024
,500,Aishwarya,Kumar,aishwarya.kumar500@gmail.com,Female,Hyderabad,Telangana,India,06-07-2024
,501,Kavya,Gupta,kavya.gupta501@gmail.com,Female,Delhi,Delhi,India,14-02-2023
,502,Naveen,Verma,naveen.verma502@gmail.com,Male,Chennai,Tamil Nadu,India,13-12-2024
,503,Priya,Rao,priya.rao503@gmail.com,Female,Hyderabad,Telangana,India,19-06-2025
,504,Sneha,Rao,sneha.rao504@gmail.com,Female,Bengaluru,Karnataka,India,13-11-2023
,505,Divya,Kumar,divya.kumar505@gmail.com,Female,Bengaluru,Karnataka,India,19-02-2024
,506,Aishwarya,Verma,aishwarya.verma506@gmail.com,Female,Kolkata,West Bengal,India,31-08-2025
,507,Anjali,Nair,anjali.nair507@gmail.com,Female,Delhi,Delhi,India,09-01-2023
,508,Aishwarya,Das,aishwarya.das508@gmail.com,Female,Delhi,Delhi,India,16-10-2025
,509,Deepika,Reddy,deepika.reddy509@gmail.com,Female,Hyderabad,Telangana,India,26-07-2024
,510,Suresh,Iyer,suresh.iyer510@gmail.com,Male,Kolkata,West Bengal,India,26-07-2025
,511,Divya,Gupta,divya.gupta511@gmail.com,Female,Pune,Maharashtra,India,11-03-2025
,512,Divya,Sharma,divya.sharma512@gmail.com,Female,Kolkata,West Bengal,India,20-10-2025
,513,Swathi,Gupta,swathi.gupta513@gmail.com,Female,Bengaluru,Karnataka,India,14-09-2024
,514,Suresh,Das,suresh.das514@gmail.com,Male,Hyderabad,Telangana,India,20-04-2024
,515,Rohit,Kumar,rohit.kumar515@gmail.com,Male,Chennai,Tamil Nadu,India,11-05-2024
,516,Kavya,Nair,kavya.nair516@gmail.com,Female,Delhi,Delhi,India,22-02-2023
,517,Vikram,Das,vikram.das517@gmail.com,Male,Hyderabad,Telangana,India,06-09-2024
,518,Aishwarya,Das,aishwarya.das518@gmail.com,Female,Hyderabad,Telangana,India,25-11-2025
,519,Neha,Iyer,neha.iyer519@gmail.com,Female,Pune,Maharashtra,India,25-03-2023
,520,Swathi,Sharma,swathi.sharma520@gmail.com,Female,Kolkata,West Bengal,India,20-05-2023
,521,Rahul,Nair,rahul.nair521@gmail.com,Male,Pune,Maharashtra,India,22-10-2025
,522,Aishwarya,Das,aishwarya.das522@gmail.com,Female,Bengaluru,Karnataka,India,21-01-2024
,523,Swathi,Nair,swathi.nair523@gmail.com,Female,Hyderabad,Telangana,India,04-12-2024
,524,Arjun,Kumar,arjun.kumar524@gmail.com,Male,Pune,Maharashtra,India,20-01-2025
,525,Vikram,Rao,vikram.rao525@gmail.com,Male,Bengaluru,Karnataka,India,15-08-2023
,526,Divya,Rao,divya.rao526@gmail.com,Female,Hyderabad,Telangana,India,17-11-2023
,527,Aishwarya,Patel,aishwarya.patel527@gmail.com,Female,Chennai,Tamil Nadu,India,21-01-2024
,528,Anjali,Sharma,anjali.sharma528@gmail.com,Female,Kolkata,West Bengal,India,07-08-2023
,529,Deepika,Sharma,deepika.sharma529@gmail.com,Female,Kolkata,West Bengal,India,22-04-2025
,530,Amit,Gupta,amit.gupta530@gmail.com,Male,Kolkata,West Bengal,India,09-01-2023
,531,Neha,Verma,neha.verma531@gmail.com,Female,Chennai,Tamil Nadu,India,01-02-2023
,532,Karan,Reddy,karan.reddy532@gmail.com,Male,Hyderabad,Telangana,India,28-06-2024
,533,Manoj,Patel,manoj.patel533@gmail.com,Male,Hyderabad,Telangana,India,06-09-2023
,534,Arjun,Rao,arjun.rao534@gmail.com,Male,Chennai,Tamil Nadu,India,07-08-2023
,535,Rahul,Verma,rahul.verma535@gmail.com,Male,Bengaluru,Karnataka,India,06-12-2025
,536,Swathi,Das,swathi.das536@gmail.com,Female,Hyderabad,Telangana,India,08-05-2023
,537,Manoj,Kumar,manoj.kumar537@gmail.com,Male,Bengaluru,Karnataka,India,02-05-2024
,538,Pooja,Reddy,pooja.reddy538@gmail.com,Female,Delhi,Delhi,India,30-06-2024
,539,Manoj,Verma,manoj.verma539@gmail.com,Male,Pune,Maharashtra,India,28-01-2024
,540,Deepika,Nair,deepika.nair540@gmail.com,Female,Delhi,Delhi,India,22-04-2023
,541,Suresh,Das,suresh.das541@gmail.com,Male,Delhi,Delhi,India,19-06-2025
,542,Manoj,Patel,manoj.patel542@gmail.com,Male,Bengaluru,Karnataka,India,01-04-2024
,543,Arjun,Das,arjun.das543@gmail.com,Male,Bengaluru,Karnataka,India,06-10-2024
,544,Ajay,Gupta,ajay.gupta544@gmail.com,Male,Hyderabad,Telangana,India,31-05-2024
,545,Sneha,Patel,sneha.patel545@gmail.com,Female,Kolkata,West Bengal,India,09-03-2025
,546,Suresh,Gupta,suresh.gupta546@gmail.com,Male,Hyderabad,Telangana,India,19-09-2025
,547,Karan,Verma,karan.verma547@gmail.com,Male,Bengaluru,Karnataka,India,15-12-2023
,548,Neha,Reddy,neha.reddy548@gmail.com,Female,Delhi,Delhi,India,18-08-2024
,549,Aishwarya,Kumar,aishwarya.kumar549@gmail.com,Female,Delhi,Delhi,India,17-11-2024
,550,Divya,Nair,divya.nair550@gmail.com,Female,Kolkata,West Bengal,India,15-05-2023
,551,Suresh,Kumar,suresh.kumar551@gmail.com,Male,Chennai,Tamil Nadu,India,16-05-2024
,552,Kavya,Iyer,kavya.iyer552@gmail.com,Female,Pune,Maharashtra,India,06-12-2024
,553,Suresh,Sharma,suresh.sharma553@gmail.com,Male,Pune,Maharashtra,India,21-02-2023
,554,Anjali,Patel,anjali.patel554@gmail.com,Female,Kolkata,West Bengal,India,23-09-2023
,555,Karan,Gupta,karan.gupta555@gmail.com,Male,Chennai,Tamil Nadu,India,19-09-2023
,556,Swathi,Patel,swathi.patel556@gmail.com,Female,Bengaluru,Karnataka,India,23-01-2025
,557,Kavya,Nair,kavya.nair557@gmail.com,Female,Hyderabad,Telangana,India,02-03-2024
,558,Swathi,Rao,swathi.rao558@gmail.com,Female,Bengaluru,Karnataka,India,10-04-2024
,559,Anjali,Gupta,anjali.gupta559@gmail.com,Female,Chennai,Tamil Nadu,India,20-06-2025
,560,Aishwarya,Patel,aishwarya.patel560@gmail.com,Female,Hyderabad,Telangana,India,10-11-2025
,561,Arjun,Verma,arjun.verma561@gmail.com,Male,Kolkata,West Bengal,India,16-11-2025
,562,Naveen,Gupta,naveen.gupta562@gmail.com,Male,Kolkata,West Bengal,India,27-02-2025
,563,Manoj,Reddy,manoj.reddy563@gmail.com,Male,Pune,Maharashtra,India,31-01-2023
,564,Sneha,Reddy,sneha.reddy564@gmail.com,Female,Bengaluru,Karnataka,India,19-10-2024
,565,Rahul,Verma,rahul.verma565@gmail.com,Male,Chennai,Tamil Nadu,India,10-01-2025
,566,Kavya,Verma,kavya.verma566@gmail.com,Female,Kolkata,West Bengal,India,29-09-2024
,567,Karan,Gupta,karan.gupta567@gmail.com,Male,Bengaluru,Karnataka,India,28-03-2025
,568,Divya,Nair,divya.nair568@gmail.com,Female,Hyderabad,Telangana,India,28-09-2023
,569,Anjali,Sharma,anjali.sharma569@gmail.com,Female,Pune,Maharashtra,India,20-12-2024
,570,Priya,Iyer,priya.iyer570@gmail.com,Female,Bengaluru,Karnataka,India,31-03-2025
,571,Sneha,Reddy,sneha.reddy571@gmail.com,Female,Pune,Maharashtra,India,24-08-2023
,572,Deepika,Patel,deepika.patel572@gmail.com,Female,Kolkata,West Bengal,India,24-03-2023
,573,Priya,Das,priya.das573@gmail.com,Female,Bengaluru,Karnataka,India,01-06-2025
,574,Vikram,Reddy,vikram.reddy574@gmail.com,Male,Hyderabad,Telangana,India,22-03-2023
,575,Anjali,Das,anjali.das575@gmail.com,Female,Bengaluru,Karnataka,India,16-10-2025
,576,Neha,Das,neha.das576@gmail.com,Female,Pune,Maharashtra,India,02-01-2023
,577,Vikram,Sharma,vikram.sharma577@gmail.com,Male,Chennai,Tamil Nadu,India,07-04-2023
,578,Rahul,Sharma,rahul.sharma578@gmail.com,Male,Pune,Maharashtra,India,06-03-2024
,579,Sneha,Nair,sneha.nair579@gmail.com,Female,Kolkata,West Bengal,India,17-03-2025
,580,Vikram,Rao,vikram.rao580@gmail.com,Male,Delhi,Delhi,India,15-12-2024
,581,Swathi,Kumar,swathi.kumar581@gmail.com,Female,Kolkata,West Bengal,India,27-10-2025
,582,Aishwarya,Sharma,aishwarya.sharma582@gmail.com,Female,Kolkata,West Bengal,India,26-02-2024
,583,Aishwarya,Reddy,aishwarya.reddy583@gmail.com,Female,Hyderabad,Telangana,India,23-01-2024
,584,Naveen,Gupta,naveen.gupta584@gmail.com,Male,Bengaluru,Karnataka,India,02-12-2023
,585,Naveen,Gupta,naveen.gupta585@gmail.com,Male,Bengaluru,Karnataka,India,02-05-2023
,586,Rohit,Kumar,rohit.kumar586@gmail.com,Male,Hyderabad,Telangana,India,09-07-2023
,587,Vikram,Reddy,vikram.reddy587@gmail.com,Male,Bengaluru,Karnataka,India,23-09-2025
,588,Kavya,Patel,kavya.patel588@gmail.com,Female,Delhi,Delhi,India,21-11-2025
,589,Anjali,Kumar,anjali.kumar589@gmail.com,Female,Kolkata,West Bengal,India,05-09-2024
,590,Arjun,Das,arjun.das590@gmail.com,Male,Chennai,Tamil Nadu,India,08-05-2024
,591,Sneha,Rao,sneha.rao591@gmail.com,Female,Hyderabad,Telangana,India,13-12-2023
,592,Manoj,Iyer,manoj.iyer592@gmail.com,Male,Hyderabad,Telangana,India,27-02-2024
,593,Vikram,Sharma,vikram.sharma593@gmail.com,Male,Pune,Maharashtra,India,23-09-2025
,594,Amit,Sharma,amit.sharma594@gmail.com,Male,Pune,Maharashtra,India,14-09-2024
,595,Rahul,Gupta,rahul.gupta595@gmail.com,Male,Hyderabad,Telangana,India,20-08-2023
,596,Rohit,Iyer,rohit.iyer596@gmail.com,Male,Hyderabad,Telangana,India,13-01-2025
,597,Anjali,Rao,anjali.rao597@gmail.com,Female,Delhi,Delhi,India,04-04-2023
,598,Ajay,Iyer,ajay.iyer598@gmail.com,Male,Delhi,Delhi,India,10-11-2024
,599,Sneha,Iyer,sneha.iyer599@gmail.com,Female,Hyderabad,Telangana,India,27-09-2025
,600,Naveen,Kumar,naveen.kumar600@gmail.com,Male,Delhi,Delhi,India,05-01-2025
,601,Vikram,Das,vikram.das601@gmail.com,Male,Kolkata,West Bengal,India,29-05-2024
,602,Rahul,Reddy,rahul.reddy602@gmail.com,Male,Kolkata,West Bengal,India,26-02-2023
,603,Suresh,Reddy,suresh.reddy603@gmail.com,Male,Pune,Maharashtra,India,23-01-2025
,604,Naveen,Reddy,naveen.reddy604@gmail.com,Male,Delhi,Delhi,India,27-09-2024
,605,Neha,Reddy,neha.reddy605@gmail.com,Female,Kolkata,West Bengal,India,30-12-2024
,606,Kavya,Kumar,kavya.kumar606@gmail.com,Female,Bengaluru,Karnataka,India,26-01-2025
,607,Kavya,Sharma,kavya.sharma607@gmail.com,Female,Delhi,Delhi,India,08-08-2023
,608,Priya,Patel,priya.patel608@gmail.com,Female,Hyderabad,Telangana,India,16-05-2025
,609,Anjali,Gupta,anjali.gupta609@gmail.com,Female,Chennai,Tamil Nadu,India,14-06-2023
,610,Karan,Reddy,karan.reddy610@gmail.com,Male,Bengaluru,Karnataka,India,26-06-2025
,611,Sneha,Sharma,sneha.sharma611@gmail.com,Female,Hyderabad,Telangana,India,08-09-2025
,612,Karan,Kumar,karan.kumar612@gmail.com,Male,Delhi,Delhi,India,07-03-2023
,613,Anjali,Gupta,anjali.gupta613@gmail.com,Female,Delhi,Delhi,India,24-04-2023
,614,Divya,Verma,divya.verma614@gmail.com,Female,Hyderabad,Telangana,India,19-01-2023
,615,Arjun,Nair,arjun.nair615@gmail.com,Male,Pune,Maharashtra,India,09-01-2023
,616,Deepika,Kumar,deepika.kumar616@gmail.com,Female,Chennai,Tamil Nadu,India,05-02-2024
,617,Sneha,Rao,sneha.rao617@gmail.com,Female,Pune,Maharashtra,India,24-11-2025
,618,Neha,Rao,neha.rao618@gmail.com,Female,Kolkata,West Bengal,India,13-11-2023
,619,Deepika,Das,deepika.das619@gmail.com,Female,Delhi,Delhi,India,03-05-2023
,620,Deepika,Gupta,deepika.gupta620@gmail.com,Female,Chennai,Tamil Nadu,India,12-05-2025
,621,Swathi,Reddy,swathi.reddy621@gmail.com,Female,Pune,Maharashtra,India,04-12-2024
,622,Karan,Patel,karan.patel622@gmail.com,Male,Kolkata,West Bengal,India,05-07-2025
,623,Arjun,Das,arjun.das623@gmail.com,Male,Pune,Maharashtra,India,02-05-2025
,624,Aishwarya,Patel,aishwarya.patel624@gmail.com,Female,Chennai,Tamil Nadu,India,22-06-2025
,625,Pooja,Verma,pooja.verma625@gmail.com,Female,Bengaluru,Karnataka,India,05-01-2024
,626,Naveen,Verma,naveen.verma626@gmail.com,Male,Bengaluru,Karnataka,India,03-06-2024
,627,Karan,Rao,karan.rao627@gmail.com,Male,Kolkata,West Bengal,India,30-05-2024
,628,Kavya,Rao,kavya.rao628@gmail.com,Female,Hyderabad,Telangana,India,08-04-2024
,629,Naveen,Das,naveen.das629@gmail.com,Male,Chennai,Tamil Nadu,India,14-06-2023
,630,Sneha,Iyer,sneha.iyer630@gmail.com,Female,Bengaluru,Karnataka,India,27-10-2025
,631,Naveen,Verma,naveen.verma631@gmail.com,Male,Hyderabad,Telangana,India,13-03-2025
,632,Karan,Das,karan.das632@gmail.com,Male,Hyderabad,Telangana,India,10-07-2023
,633,Rohit,Das,rohit.das633@gmail.com,Male,Delhi,Delhi,India,08-04-2025
,634,Amit,Kumar,amit.kumar634@gmail.com,Male,Delhi,Delhi,India,01-02-2023
,635,Ajay,Gupta,ajay.gupta635@gmail.com,Male,Delhi,Delhi,India,05-10-2023
,636,Sneha,Das,sneha.das636@gmail.com,Female,Bengaluru,Karnataka,India,23-08-2023
,637,Anjali,Kumar,anjali.kumar637@gmail.com,Female,Kolkata,West Bengal,India,30-11-2024
,638,Vikram,Verma,vikram.verma638@gmail.com,Male,Bengaluru,Karnataka,India,02-02-2025
,639,Swathi,Sharma,swathi.sharma639@gmail.com,Female,Chennai,Tamil Nadu,India,24-12-2024
,640,Rohit,Rao,rohit.rao640@gmail.com,Male,Pune,Maharashtra,India,20-08-2023
,641,Karan,Gupta,karan.gupta641@gmail.com,Male,Pune,Maharashtra,India,31-01-2024
,642,Priya,Das,priya.das642@gmail.com,Female,Hyderabad,Telangana,India,21-08-2023
,643,Ajay,Verma,ajay.verma643@gmail.com,Male,Delhi,Delhi,India,13-06-2024
,644,Arjun,Rao,arjun.rao644@gmail.com,Male,Pune,Maharashtra,India,18-02-2025
,645,Manoj,Gupta,manoj.gupta645@gmail.com,Male,Chennai,Tamil Nadu,India,04-07-2024
,646,Priya,Sharma,priya.sharma646@gmail.com,Female,Pune,Maharashtra,India,06-11-2023
,647,Aishwarya,Iyer,aishwarya.iyer647@gmail.com,Female,Delhi,Delhi,India,14-03-2023
,648,Arjun,Das,arjun.das648@gmail.com,Male,Kolkata,West Bengal,India,14-03-2025
,649,Anjali,Iyer,anjali.iyer649@gmail.com,Female,Hyderabad,Telangana,India,14-04-2024
,650,Rohit,Kumar,rohit.kumar650@gmail.com,Male,Chennai,Tamil Nadu,India,19-03-2024
,651,Anjali,Das,anjali.das651@gmail.com,Female,Chennai,Tamil Nadu,India,31-03-2023
,652,Arjun,Kumar,arjun.kumar652@gmail.com,Male,Kolkata,West Bengal,India,15-08-2025
,653,Deepika,Iyer,deepika.iyer653@gmail.com,Female,Hyderabad,Telangana,India,25-12-2024
,654,Priya,Kumar,priya.kumar654@gmail.com,Female,Chennai,Tamil Nadu,India,17-09-2025
,655,Kavya,Sharma,kavya.sharma655@gmail.com,Female,Bengaluru,Karnataka,India,29-07-2025
,656,Arjun,Reddy,arjun.reddy656@gmail.com,Male,Pune,Maharashtra,India,26-02-2025
,657,Sneha,Rao,sneha.rao657@gmail.com,Female,Pune,Maharashtra,India,31-12-2024
,658,Amit,Rao,amit.rao658@gmail.com,Male,Delhi,Delhi,India,13-02-2024
,659,Deepika,Verma,deepika.verma659@gmail.com,Female,Pune,Maharashtra,India,30-07-2024
,660,Arjun,Verma,arjun.verma660@gmail.com,Male,Pune,Maharashtra,India,30-11-2024
,661,Aishwarya,Patel,aishwarya.patel661@gmail.com,Female,Pune,Maharashtra,India,11-04-2025
,662,Priya,Kumar,priya.kumar662@gmail.com,Female,Kolkata,West Bengal,India,23-10-2024
,663,Aishwarya,Kumar,aishwarya.kumar663@gmail.com,Female,Bengaluru,Karnataka,India,25-04-2024
,664,Anjali,Reddy,anjali.reddy664@gmail.com,Female,Bengaluru,Karnataka,India,15-01-2023
,665,Neha,Iyer,neha.iyer665@gmail.com,Female,Hyderabad,Telangana,India,11-09-2024
,666,Manoj,Verma,manoj.verma666@gmail.com,Male,Bengaluru,Karnataka,India,09-09-2024
,667,Pooja,Das,pooja.das667@gmail.com,Female,Chennai,Tamil Nadu,India,28-11-2024
,668,Karan,Das,karan.das668@gmail.com,Male,Delhi,Delhi,India,02-01-2024
,669,Deepika,Kumar,deepika.kumar669@gmail.com,Female,Hyderabad,Telangana,India,01-01-2025
,670,Sneha,Iyer,sneha.iyer670@gmail.com,Female,Pune,Maharashtra,India,25-12-2023
,671,Pooja,Rao,pooja.rao671@gmail.com,Female,Delhi,Delhi,India,04-12-2023
,672,Kavya,Sharma,kavya.sharma672@gmail.com,Female,Bengaluru,Karnataka,India,08-04-2023
,673,Swathi,Patel,swathi.patel673@gmail.com,Female,Chennai,Tamil Nadu,India,01-08-2024
,674,Karan,Patel,karan.patel674@gmail.com,Male,Kolkata,West Bengal,India,27-04-2023
,675,Manoj,Sharma,manoj.sharma675@gmail.com,Male,Delhi,Delhi,India,31-05-2023
,676,Anjali,Sharma,anjali.sharma676@gmail.com,Female,Bengaluru,Karnataka,India,08-07-2024
,677,Rohit,Sharma,rohit.sharma677@gmail.com,Male,Bengaluru,Karnataka,India,20-10-2024
,678,Priya,Iyer,priya.iyer678@gmail.com,Female,Hyderabad,Telangana,India,22-11-2024
,679,Amit,Nair,amit.nair679@gmail.com,Male,Delhi,Delhi,India,28-06-2023
,680,Swathi,Das,swathi.das680@gmail.com,Female,Hyderabad,Telangana,India,10-06-2024
,681,Priya,Sharma,priya.sharma681@gmail.com,Female,Pune,Maharashtra,India,03-10-2024
,682,Suresh,Das,suresh.das682@gmail.com,Male,Kolkata,West Bengal,India,05-11-2024
,683,Rahul,Sharma,rahul.sharma683@gmail.com,Male,Bengaluru,Karnataka,India,07-03-2024
,684,Naveen,Verma,naveen.verma684@gmail.com,Male,Pune,Maharashtra,India,10-01-2025
,685,Divya,Rao,divya.rao685@gmail.com,Female,Kolkata,West Bengal,India,11-11-2023
,686,Kavya,Das,kavya.das686@gmail.com,Female,Pune,Maharashtra,India,05-09-2025
,687,Vikram,Rao,vikram.rao687@gmail.com,Male,Kolkata,West Bengal,India,17-07-2025
,688,Divya,Rao,divya.rao688@gmail.com,Female,Chennai,Tamil Nadu,India,15-07-2024
,689,Vikram,Sharma,vikram.sharma689@gmail.com,Male,Chennai,Tamil Nadu,India,01-09-2025
,690,Rohit,Reddy,rohit.reddy690@gmail.com,Male,Kolkata,West Bengal,India,12-04-2024
,691,Sneha,Sharma,sneha.sharma691@gmail.com,Female,Chennai,Tamil Nadu,India,02-10-2023
,692,Amit,Rao,amit.rao692@gmail.com,Male,Chennai,Tamil Nadu,India,24-02-2024
,693,Vikram,Das,vikram.das693@gmail.com,Male,Pune,Maharashtra,India,02-11-2023
,694,Arjun,Rao,arjun.rao694@gmail.com,Male,Delhi,Delhi,India,19-12-2024
,695,Ajay,Iyer,ajay.iyer695@gmail.com,Male,Bengaluru,Karnataka,India,05-12-2024
,696,Swathi,Patel,swathi.patel696@gmail.com,Female,Pune,Maharashtra,India,24-02-2023
,697,Amit,Verma,amit.verma697@gmail.com,Male,Kolkata,West Bengal,India,02-04-2025
,698,Priya,Patel,priya.patel698@gmail.com,Female,Chennai,Tamil Nadu,India,09-02-2025
,699,Neha,Patel,neha.patel699@gmail.com,Female,Delhi,Delhi,India,30-05-2024
,700,Vikram,Nair,vikram.nair700@gmail.com,Male,Bengaluru,Karnataka,India,18-04-2024
,701,Kavya,Kumar,kavya.kumar701@gmail.com,Female,Hyderabad,Telangana,India,24-07-2024
,702,Swathi,Patel,swathi.patel702@gmail.com,Female,Chennai,Tamil Nadu,India,17-11-2023
,703,Pooja,Reddy,pooja.reddy703@gmail.com,Female,Pune,Maharashtra,India,01-08-2024
,704,Rohit,Sharma,rohit.sharma704@gmail.com,Male,Hyderabad,Telangana,India,26-05-2024
,705,Rohit,Das,rohit.das705@gmail.com,Male,Chennai,Tamil Nadu,India,16-07-2025
,706,Manoj,Sharma,manoj.sharma706@gmail.com,Male,Bengaluru,Karnataka,India,08-01-2025
,707,Ajay,Reddy,ajay.reddy707@gmail.com,Male,Hyderabad,Telangana,India,14-10-2023
,708,Priya,Verma,priya.verma708@gmail.com,Female,Bengaluru,Karnataka,India,20-01-2023
,709,Vikram,Reddy,vikram.reddy709@gmail.com,Male,Chennai,Tamil Nadu,India,21-12-2024
,710,Arjun,Iyer,arjun.iyer710@gmail.com,Male,Kolkata,West Bengal,India,24-03-2025
,711,Suresh,Kumar,suresh.kumar711@gmail.com,Male,Kolkata,West Bengal,India,23-03-2025
,712,Priya,Das,priya.das712@gmail.com,Female,Bengaluru,Karnataka,India,17-02-2024
,713,Amit,Reddy,amit.reddy713@gmail.com,Male,Chennai,Tamil Nadu,India,19-04-2024
,714,Sneha,Sharma,sneha.sharma714@gmail.com,Female,Delhi,Delhi,India,10-10-2024
,715,Rahul,Verma,rahul.verma715@gmail.com,Male,Hyderabad,Telangana,India,06-10-2023
,716,Priya,Reddy,priya.reddy716@gmail.com,Female,Bengaluru,Karnataka,India,30-10-2023
,717,Naveen,Kumar,naveen.kumar717@gmail.com,Male,Hyderabad,Telangana,India,08-06-2023
,718,Kavya,Patel,kavya.patel718@gmail.com,Female,Kolkata,West Bengal,India,29-05-2023
,719,Anjali,Sharma,anjali.sharma719@gmail.com,Female,Pune,Maharashtra,India,04-07-2024
,720,Amit,Patel,amit.patel720@gmail.com,Male,Chennai,Tamil Nadu,India,09-04-2023
,721,Aishwarya,Kumar,aishwarya.kumar721@gmail.com,Female,Pune,Maharashtra,India,22-01-2023
,722,Priya,Iyer,priya.iyer722@gmail.com,Female,Chennai,Tamil Nadu,India,31-07-2024
,723,Neha,Gupta,neha.gupta723@gmail.com,Female,Hyderabad,Telangana,India,14-05-2025
,724,Aishwarya,Nair,aishwarya.nair724@gmail.com,Female,Hyderabad,Telangana,India,06-11-2023
,725,Neha,Nair,neha.nair725@gmail.com,Female,Bengaluru,Karnataka,India,11-01-2023
,726,Manoj,Rao,manoj.rao726@gmail.com,Male,Pune,Maharashtra,India,11-02-2025
,727,Karan,Verma,karan.verma727@gmail.com,Male,Delhi,Delhi,India,10-03-2023
,728,Suresh,Rao,suresh.rao728@gmail.com,Male,Pune,Maharashtra,India,25-06-2025
,729,Swathi,Das,swathi.das729@gmail.com,Female,Delhi,Delhi,India,27-08-2025
,730,Aishwarya,Kumar,aishwarya.kumar730@gmail.com,Female,Chennai,Tamil Nadu,India,17-02-2025
,731,Suresh,Kumar,suresh.kumar731@gmail.com,Male,Kolkata,West Bengal,India,12-05-2023
,732,Aishwarya,Gupta,aishwarya.gupta732@gmail.com,Female,Chennai,Tamil Nadu,India,21-10-2024
,733,Naveen,Patel,naveen.patel733@gmail.com,Male,Chennai,Tamil Nadu,India,26-06-2024
,734,Swathi,Kumar,swathi.kumar734@gmail.com,Female,Chennai,Tamil Nadu,India,03-09-2025
,735,Arjun,Verma,arjun.verma735@gmail.com,Male,Chennai,Tamil Nadu,India,15-01-2025
,736,Naveen,Reddy,naveen.reddy736@gmail.com,Male,Pune,Maharashtra,India,03-05-2024
,737,Arjun,Iyer,arjun.iyer737@gmail.com,Male,Bengaluru,Karnataka,India,30-03-2023
,738,Neha,Kumar,neha.kumar738@gmail.com,Female,Hyderabad,Telangana,India,09-09-2023
,739,Anjali,Gupta,anjali.gupta739@gmail.com,Female,Hyderabad,Telangana,India,30-07-2023
,740,Divya,Rao,divya.rao740@gmail.com,Female,Chennai,Tamil Nadu,India,11-09-2024
,741,Sneha,Gupta,sneha.gupta741@gmail.com,Female,Hyderabad,Telangana,India,17-08-2024
,742,Sneha,Iyer,sneha.iyer742@gmail.com,Female,Kolkata,West Bengal,India,06-09-2025
,743,Naveen,Reddy,naveen.reddy743@gmail.com,Male,Delhi,Delhi,India,25-09-2023
,744,Swathi,Rao,swathi.rao744@gmail.com,Female,Kolkata,West Bengal,India,01-05-2024
,745,Aishwarya,Kumar,aishwarya.kumar745@gmail.com,Female,Hyderabad,Telangana,India,01-06-2024
,746,Naveen,Patel,naveen.patel746@gmail.com,Male,Delhi,Delhi,India,15-06-2024
,747,Manoj,Reddy,manoj.reddy747@gmail.com,Male,Pune,Maharashtra,India,16-07-2024
,748,Pooja,Patel,pooja.patel748@gmail.com,Female,Pune,Maharashtra,India,16-06-2025
,749,Naveen,Iyer,naveen.iyer749@gmail.com,Male,Delhi,Delhi,India,18-02-2024
,750,Suresh,Gupta,suresh.gupta750@gmail.com,Male,Chennai,Tamil Nadu,India,31-01-2025
,751,Ajay,Nair,ajay.nair751@gmail.com,Male,Pune,Maharashtra,India,27-03-2023
,752,Neha,Nair,neha.nair752@gmail.com,Female,Kolkata,West Bengal,India,09-06-2024
,753,Kavya,Nair,kavya.nair753@gmail.com,Female,Chennai,Tamil Nadu,India,23-09-2023
,754,Manoj,Kumar,manoj.kumar754@gmail.com,Male,Delhi,Delhi,India,21-02-2024
,755,Sneha,Verma,sneha.verma755@gmail.com,Female,Hyderabad,Telangana,India,16-02-2025
,756,Aishwarya,Nair,aishwarya.nair756@gmail.com,Female,Hyderabad,Telangana,India,22-02-2023
,757,Manoj,Das,manoj.das757@gmail.com,Male,Hyderabad,Telangana,India,04-08-2025
,758,Neha,Iyer,neha.iyer758@gmail.com,Female,Bengaluru,Karnataka,India,14-05-2023
,759,Neha,Iyer,neha.iyer759@gmail.com,Female,Bengaluru,Karnataka,India,14-11-2025
,760,Karan,Patel,karan.patel760@gmail.com,Male,Hyderabad,Telangana,India,25-03-2023
,761,Aishwarya,Kumar,aishwarya.kumar761@gmail.com,Female,Hyderabad,Telangana,India,30-07-2025
,762,Rahul,Patel,rahul.patel762@gmail.com,Male,Delhi,Delhi,India,01-02-2023
,763,Ajay,Verma,ajay.verma763@gmail.com,Male,Bengaluru,Karnataka,India,19-07-2025
,764,Karan,Kumar,karan.kumar764@gmail.com,Male,Hyderabad,Telangana,India,23-04-2023
,765,Deepika,Reddy,deepika.reddy765@gmail.com,Female,Hyderabad,Telangana,India,13-04-2023
,766,Rohit,Kumar,rohit.kumar766@gmail.com,Male,Bengaluru,Karnataka,India,27-11-2025
,767,Arjun,Rao,arjun.rao767@gmail.com,Male,Pune,Maharashtra,India,30-11-2025
,768,Sneha,Kumar,sneha.kumar768@gmail.com,Female,Hyderabad,Telangana,India,06-06-2024
,769,Aishwarya,Nair,aishwarya.nair769@gmail.com,Female,Chennai,Tamil Nadu,India,10-05-2025
,770,Vikram,Gupta,vikram.gupta770@gmail.com,Male,Bengaluru,Karnataka,India,17-02-2025
,771,Aishwarya,Gupta,aishwarya.gupta771@gmail.com,Female,Pune,Maharashtra,India,18-02-2024
,772,Amit,Patel,amit.patel772@gmail.com,Male,Chennai,Tamil Nadu,India,04-02-2025
,773,Swathi,Das,swathi.das773@gmail.com,Female,Bengaluru,Karnataka,India,19-01-2025
,774,Kavya,Iyer,kavya.iyer774@gmail.com,Female,Kolkata,West Bengal,India,15-04-2023
,775,Priya,Rao,priya.rao775@gmail.com,Female,Delhi,Delhi,India,17-04-2025
,776,Priya,Gupta,priya.gupta776@gmail.com,Female,Bengaluru,Karnataka,India,18-06-2025
,777,Kavya,Patel,kavya.patel777@gmail.com,Female,Chennai,Tamil Nadu,India,20-07-2025
,778,Swathi,Patel,swathi.patel778@gmail.com,Female,Bengaluru,Karnataka,India,29-04-2023
,779,Suresh,Verma,suresh.verma779@gmail.com,Male,Delhi,Delhi,India,08-10-2023
,780,Manoj,Iyer,manoj.iyer780@gmail.com,Male,Bengaluru,Karnataka,India,30-01-2023
,781,Ajay,Patel,ajay.patel781@gmail.com,Male,Kolkata,West Bengal,India,26-08-2024
,782,Naveen,Reddy,naveen.reddy782@gmail.com,Male,Bengaluru,Karnataka,India,28-02-2024
,783,Ajay,Verma,ajay.verma783@gmail.com,Male,Bengaluru,Karnataka,India,07-07-2023
,784,Suresh,Patel,suresh.patel784@gmail.com,Male,Kolkata,West Bengal,India,11-06-2024
,785,Neha,Reddy,neha.reddy785@gmail.com,Female,Delhi,Delhi,India,01-10-2023
,786,Arjun,Iyer,arjun.iyer786@gmail.com,Male,Pune,Maharashtra,India,21-04-2024
,787,Aishwarya,Reddy,aishwarya.reddy787@gmail.com,Female,Pune,Maharashtra,India,12-06-2024
,788,Aishwarya,Patel,aishwarya.patel788@gmail.com,Female,Bengaluru,Karnataka,India,17-04-2024
,789,Priya,Kumar,priya.kumar789@gmail.com,Female,Hyderabad,Telangana,India,16-11-2023
,790,Kavya,Rao,kavya.rao790@gmail.com,Female,Kolkata,West Bengal,India,11-07-2023
,791,Ajay,Reddy,ajay.reddy791@gmail.com,Male,Kolkata,West Bengal,India,12-01-2024
,792,Divya,Nair,divya.nair792@gmail.com,Female,Delhi,Delhi,India,21-03-2023
,793,Sneha,Patel,sneha.patel793@gmail.com,Female,Kolkata,West Bengal,India,09-12-2025
,794,Vikram,Iyer,vikram.iyer794@gmail.com,Male,Pune,Maharashtra,India,06-02-2023
,795,Sneha,Patel,sneha.patel795@gmail.com,Female,Hyderabad,Telangana,India,27-07-2024
,796,Deepika,Das,deepika.das796@gmail.com,Female,Chennai,Tamil Nadu,India,01-07-2023
,797,Arjun,Iyer,arjun.iyer797@gmail.com,Male,Pune,Maharashtra,India,10-04-2024
,798,Priya,Das,priya.das798@gmail.com,Female,Chennai,Tamil Nadu,India,26-07-2023
,799,Rohit,Patel,rohit.patel799@gmail.com,Male,Bengaluru,Karnataka,India,06-09-2024
,800,Arjun,Kumar,arjun.kumar800@gmail.com,Male,Pune,Maharashtra,India,09-07-2025
,801,Kavya,Kumar,kavya.kumar801@gmail.com,Female,Kolkata,West Bengal,India,15-01-2025
,802,Rahul,Gupta,rahul.gupta802@gmail.com,Male,Delhi,Delhi,India,20-07-2025
,803,Naveen,Verma,naveen.verma803@gmail.com,Male,Bengaluru,Karnataka,India,16-03-2025
,804,Priya,Sharma,priya.sharma804@gmail.com,Female,Delhi,Delhi,India,17-11-2025
,805,Suresh,Reddy,suresh.reddy805@gmail.com,Male,Hyderabad,Telangana,India,23-12-2024
,806,Rohit,Reddy,rohit.reddy806@gmail.com,Male,Pune,Maharashtra,India,14-12-2023
,807,Rohit,Sharma,rohit.sharma807@gmail.com,Male,Kolkata,West Bengal,India,10-09-2025
,808,Anjali,Gupta,anjali.gupta808@gmail.com,Female,Delhi,Delhi,India,07-08-2023
,809,Rahul,Reddy,rahul.reddy809@gmail.com,Male,Hyderabad,Telangana,India,07-07-2024
,810,Rohit,Iyer,rohit.iyer810@gmail.com,Male,Bengaluru,Karnataka,India,02-12-2023
,811,Naveen,Gupta,naveen.gupta811@gmail.com,Male,Pune,Maharashtra,India,09-02-2024
,812,Neha,Rao,neha.rao812@gmail.com,Female,Bengaluru,Karnataka,India,18-09-2023
,813,Naveen,Rao,naveen.rao813@gmail.com,Male,Bengaluru,Karnataka,India,14-07-2023
,814,Rahul,Sharma,rahul.sharma814@gmail.com,Male,Hyderabad,Telangana,India,07-03-2024
,815,Rahul,Reddy,rahul.reddy815@gmail.com,Male,Bengaluru,Karnataka,India,25-06-2024
,816,Suresh,Nair,suresh.nair816@gmail.com,Male,Chennai,Tamil Nadu,India,27-11-2025
,817,Vikram,Das,vikram.das817@gmail.com,Male,Delhi,Delhi,India,22-06-2023
,818,Karan,Patel,karan.patel818@gmail.com,Male,Chennai,Tamil Nadu,India,16-11-2025
,819,Karan,Verma,karan.verma819@gmail.com,Male,Chennai,Tamil Nadu,India,21-11-2024
,820,Amit,Patel,amit.patel820@gmail.com,Male,Chennai,Tamil Nadu,India,24-12-2023
,821,Divya,Verma,divya.verma821@gmail.com,Female,Hyderabad,Telangana,India,10-01-2024
,822,Rohit,Nair,rohit.nair822@gmail.com,Male,Hyderabad,Telangana,India,08-03-2023
,823,Karan,Reddy,karan.reddy823@gmail.com,Male,Kolkata,West Bengal,India,13-11-2025
,824,Arjun,Kumar,arjun.kumar824@gmail.com,Male,Bengaluru,Karnataka,India,22-02-2024
,825,Karan,Kumar,karan.kumar825@gmail.com,Male,Kolkata,West Bengal,India,17-05-2023
,826,Ajay,Sharma,ajay.sharma826@gmail.com,Male,Hyderabad,Telangana,India,12-12-2025
,827,Sneha,Das,sneha.das827@gmail.com,Female,Kolkata,West Bengal,India,09-05-2023
,828,Amit,Kumar,amit.kumar828@gmail.com,Male,Hyderabad,Telangana,India,09-07-2023
,829,Deepika,Reddy,deepika.reddy829@gmail.com,Female,Hyderabad,Telangana,India,13-10-2025
,830,Vikram,Gupta,vikram.gupta830@gmail.com,Male,Delhi,Delhi,India,12-08-2025
,831,Suresh,Nair,suresh.nair831@gmail.com,Male,Kolkata,West Bengal,India,16-11-2025
,832,Deepika,Rao,deepika.rao832@gmail.com,Female,Kolkata,West Bengal,India,26-08-2023
,833,Vikram,Patel,vikram.patel833@gmail.com,Male,Bengaluru,Karnataka,India,10-02-2024
,834,Aishwarya,Patel,aishwarya.patel834@gmail.com,Female,Hyderabad,Telangana,India,13-04-2023
,835,Neha,Kumar,neha.kumar835@gmail.com,Female,Hyderabad,Telangana,India,11-04-2025
,836,Karan,Kumar,karan.kumar836@gmail.com,Male,Kolkata,West Bengal,India,23-05-2025
,837,Priya,Gupta,priya.gupta837@gmail.com,Female,Hyderabad,Telangana,India,03-02-2023
,838,Ajay,Nair,ajay.nair838@gmail.com,Male,Hyderabad,Telangana,India,05-09-2024
,839,Anjali,Kumar,anjali.kumar839@gmail.com,Female,Chennai,Tamil Nadu,India,13-03-2024
,840,Rohit,Nair,rohit.nair840@gmail.com,Male,Hyderabad,Telangana,India,08-03-2023
,841,Divya,Verma,divya.verma841@gmail.com,Female,Pune,Maharashtra,India,19-01-2024
,842,Neha,Rao,neha.rao842@gmail.com,Female,Bengaluru,Karnataka,India,05-09-2023
,843,Amit,Nair,amit.nair843@gmail.com,Male,Bengaluru,Karnataka,India,09-03-2025
,844,Divya,Reddy,divya.reddy844@gmail.com,Female,Pune,Maharashtra,India,09-12-2023
,845,Rohit,Das,rohit.das845@gmail.com,Male,Hyderabad,Telangana,India,23-09-2024
,846,Divya,Rao,divya.rao846@gmail.com,Female,Chennai,Tamil Nadu,India,23-01-2024
,847,Suresh,Rao,suresh.rao847@gmail.com,Male,Delhi,Delhi,India,01-01-2023
,848,Rahul,Patel,rahul.patel848@gmail.com,Male,Hyderabad,Telangana,India,28-05-2024
,849,Sneha,Rao,sneha.rao849@gmail.com,Female,Kolkata,West Bengal,India,18-11-2025
,850,Anjali,Gupta,anjali.gupta850@gmail.com,Female,Kolkata,West Bengal,India,02-05-2025
,851,Naveen,Das,naveen.das851@gmail.com,Male,Pune,Maharashtra,India,28-06-2025
,852,Pooja,Kumar,pooja.kumar852@gmail.com,Female,Pune,Maharashtra,India,08-02-2025
,853,Ajay,Iyer,ajay.iyer853@gmail.com,Male,Pune,Maharashtra,India,06-02-2023
,854,Rahul,Rao,rahul.rao854@gmail.com,Male,Hyderabad,Telangana,India,05-07-2025
,855,Aishwarya,Reddy,aishwarya.reddy855@gmail.com,Female,Kolkata,West Bengal,India,28-07-2025
,856,Rohit,Iyer,rohit.iyer856@gmail.com,Male,Bengaluru,Karnataka,India,15-01-2023
,857,Anjali,Patel,anjali.patel857@gmail.com,Female,Chennai,Tamil Nadu,India,06-11-2025
,858,Suresh,Reddy,suresh.reddy858@gmail.com,Male,Kolkata,West Bengal,India,29-07-2024
,859,Vikram,Rao,vikram.rao859@gmail.com,Male,Delhi,Delhi,India,11-05-2025
,860,Sneha,Nair,sneha.nair860@gmail.com,Female,Hyderabad,Telangana,India,07-01-2025
,861,Divya,Reddy,divya.reddy861@gmail.com,Female,Chennai,Tamil Nadu,India,12-10-2025
,862,Naveen,Kumar,naveen.kumar862@gmail.com,Male,Bengaluru,Karnataka,India,16-02-2024
,863,Arjun,Gupta,arjun.gupta863@gmail.com,Male,Kolkata,West Bengal,India,02-12-2025
,864,Vikram,Sharma,vikram.sharma864@gmail.com,Male,Chennai,Tamil Nadu,India,01-09-2024
,865,Divya,Reddy,divya.reddy865@gmail.com,Female,Pune,Maharashtra,India,25-09-2024
,866,Kavya,Das,kavya.das866@gmail.com,Female,Pune,Maharashtra,India,16-06-2025
,867,Sneha,Gupta,sneha.gupta867@gmail.com,Female,Pune,Maharashtra,India,17-03-2025
,868,Neha,Iyer,neha.iyer868@gmail.com,Female,Pune,Maharashtra,India,19-08-2023
,869,Manoj,Iyer,manoj.iyer869@gmail.com,Male,Chennai,Tamil Nadu,India,16-04-2025
,870,Rohit,Sharma,rohit.sharma870@gmail.com,Male,Bengaluru,Karnataka,India,25-07-2024
,871,Aishwarya,Nair,aishwarya.nair871@gmail.com,Female,Delhi,Delhi,India,17-07-2024
,872,Divya,Nair,divya.nair872@gmail.com,Female,Chennai,Tamil Nadu,India,13-08-2024
,873,Vikram,Iyer,vikram.iyer873@gmail.com,Male,Delhi,Delhi,India,26-03-2023
,874,Divya,Das,divya.das874@gmail.com,Female,Pune,Maharashtra,India,27-06-2024
,875,Rahul,Rao,rahul.rao875@gmail.com,Male,Delhi,Delhi,India,25-04-2025
,876,Vikram,Reddy,vikram.reddy876@gmail.com,Male,Kolkata,West Bengal,India,28-12-2023
,877,Suresh,Nair,suresh.nair877@gmail.com,Male,Kolkata,West Bengal,India,30-11-2024
,878,Neha,Iyer,neha.iyer878@gmail.com,Female,Pune,Maharashtra,India,17-12-2024
,879,Arjun,Rao,arjun.rao879@gmail.com,Male,Kolkata,West Bengal,India,03-12-2025
,880,Pooja,Reddy,pooja.reddy880@gmail.com,Female,Bengaluru,Karnataka,India,24-11-2024
,881,Suresh,Verma,suresh.verma881@gmail.com,Male,Chennai,Tamil Nadu,India,07-01-2023
,882,Manoj,Nair,manoj.nair882@gmail.com,Male,Hyderabad,Telangana,India,14-03-2024
,883,Anjali,Reddy,anjali.reddy883@gmail.com,Female,Bengaluru,Karnataka,India,03-05-2024
,884,Vikram,Sharma,vikram.sharma884@gmail.com,Male,Kolkata,West Bengal,India,19-02-2025
,885,Anjali,Nair,anjali.nair885@gmail.com,Female,Chennai,Tamil Nadu,India,17-07-2024
,886,Manoj,Das,manoj.das886@gmail.com,Male,Chennai,Tamil Nadu,India,13-07-2024
,887,Karan,Gupta,karan.gupta887@gmail.com,Male,Delhi,Delhi,India,06-01-2025
,888,Rohit,Sharma,rohit.sharma888@gmail.com,Male,Kolkata,West Bengal,India,25-11-2025
,889,Rahul,Kumar,rahul.kumar889@gmail.com,Male,Bengaluru,Karnataka,India,08-01-2023
,890,Anjali,Iyer,anjali.iyer890@gmail.com,Female,Pune,Maharashtra,India,27-10-2025
,891,Ajay,Das,ajay.das891@gmail.com,Male,Chennai,Tamil Nadu,India,08-03-2023
,892,Naveen,Iyer,naveen.iyer892@gmail.com,Male,Delhi,Delhi,India,17-09-2025
,893,Vikram,Kumar,vikram.kumar893@gmail.com,Male,Pune,Maharashtra,India,22-12-2025
,894,Karan,Rao,karan.rao894@gmail.com,Male,Bengaluru,Karnataka,India,30-07-2024
,895,Karan,Reddy,karan.reddy895@gmail.com,Male,Delhi,Delhi,India,30-10-2025
,896,Neha,Kumar,neha.kumar896@gmail.com,Female,Delhi,Delhi,India,14-07-2024
,897,Manoj,Verma,manoj.verma897@gmail.com,Male,Hyderabad,Telangana,India,10-03-2025
,898,Kavya,Sharma,kavya.sharma898@gmail.com,Female,Pune,Maharashtra,India,24-12-2025
,899,Pooja,Verma,pooja.verma899@gmail.com,Female,Kolkata,West Bengal,India,05-09-2025
,900,Suresh,Iyer,suresh.iyer900@gmail.com,Male,Kolkata,West Bengal,India,20-07-2025
,901,Rohit,Das,rohit.das901@gmail.com,Male,Bengaluru,Karnataka,India,18-08-2023
,902,Anjali,Gupta,anjali.gupta902@gmail.com,Female,Bengaluru,Karnataka,India,06-06-2023
,903,Ajay,Patel,ajay.patel903@gmail.com,Male,Kolkata,West Bengal,India,07-02-2024
,904,Kavya,Rao,kavya.rao904@gmail.com,Female,Kolkata,West Bengal,India,29-08-2024
,905,Manoj,Sharma,manoj.sharma905@gmail.com,Male,Delhi,Delhi,India,25-12-2024
,906,Suresh,Sharma,suresh.sharma906@gmail.com,Male,Kolkata,West Bengal,India,24-06-2024
,907,Anjali,Das,anjali.das907@gmail.com,Female,Kolkata,West Bengal,India,08-10-2024
,908,Pooja,Verma,pooja.verma908@gmail.com,Female,Delhi,Delhi,India,25-12-2023
,909,Neha,Sharma,neha.sharma909@gmail.com,Female,Kolkata,West Bengal,India,20-07-2025
,910,Rohit,Verma,rohit.verma910@gmail.com,Male,Bengaluru,Karnataka,India,15-01-2025
,911,Swathi,Verma,swathi.verma911@gmail.com,Female,Pune,Maharashtra,India,14-10-2024
,912,Anjali,Verma,anjali.verma912@gmail.com,Female,Chennai,Tamil Nadu,India,29-05-2024
,913,Kavya,Kumar,kavya.kumar913@gmail.com,Female,Pune,Maharashtra,India,13-02-2023
,914,Vikram,Rao,vikram.rao914@gmail.com,Male,Hyderabad,Telangana,India,25-02-2025
,915,Suresh,Reddy,suresh.reddy915@gmail.com,Male,Bengaluru,Karnataka,India,27-01-2023
,916,Karan,Das,karan.das916@gmail.com,Male,Chennai,Tamil Nadu,India,15-02-2025
,917,Amit,Verma,amit.verma917@gmail.com,Male,Hyderabad,Telangana,India,30-03-2023
,918,Manoj,Rao,manoj.rao918@gmail.com,Male,Delhi,Delhi,India,24-10-2024
,919,Deepika,Rao,deepika.rao919@gmail.com,Female,Hyderabad,Telangana,India,19-09-2025
,920,Amit,Patel,amit.patel920@gmail.com,Male,Bengaluru,Karnataka,India,27-12-2024
,921,Sneha,Verma,sneha.verma921@gmail.com,Female,Chennai,Tamil Nadu,India,16-09-2023
,922,Ajay,Iyer,ajay.iyer922@gmail.com,Male,Chennai,Tamil Nadu,India,19-06-2025
,923,Manoj,Sharma,manoj.sharma923@gmail.com,Male,Hyderabad,Telangana,India,13-12-2023
,924,Kavya,Iyer,kavya.iyer924@gmail.com,Female,Kolkata,West Bengal,India,24-08-2025
,925,Rahul,Iyer,rahul.iyer925@gmail.com,Male,Chennai,Tamil Nadu,India,20-02-2025
,926,Karan,Patel,karan.patel926@gmail.com,Male,Delhi,Delhi,India,14-03-2025
,927,Amit,Patel,amit.patel927@gmail.com,Male,Delhi,Delhi,India,14-02-2024
,928,Amit,Iyer,amit.iyer928@gmail.com,Male,Delhi,Delhi,India,03-04-2025
,929,Karan,Sharma,karan.sharma929@gmail.com,Male,Chennai,Tamil Nadu,India,27-04-2025
,930,Priya,Reddy,priya.reddy930@gmail.com,Female,Hyderabad,Telangana,India,07-02-2023
,931,Sneha,Verma,sneha.verma931@gmail.com,Female,Bengaluru,Karnataka,India,21-10-2023
,932,Manoj,Rao,manoj.rao932@gmail.com,Male,Pune,Maharashtra,India,05-08-2023
,933,Priya,Verma,priya.verma933@gmail.com,Female,Delhi,Delhi,India,25-06-2023
,934,Amit,Rao,amit.rao934@gmail.com,Male,Chennai,Tamil Nadu,India,18-08-2024
,935,Neha,Sharma,neha.sharma935@gmail.com,Female,Chennai,Tamil Nadu,India,03-03-2024
,936,Arjun,Rao,arjun.rao936@gmail.com,Male,Hyderabad,Telangana,India,03-03-2024
,937,Karan,Nair,karan.nair937@gmail.com,Male,Delhi,Delhi,India,26-06-2023
,938,Sneha,Verma,sneha.verma938@gmail.com,Female,Kolkata,West Bengal,India,04-05-2024
,939,Rahul,Kumar,rahul.kumar939@gmail.com,Male,Pune,Maharashtra,India,11-09-2024
,940,Pooja,Reddy,pooja.reddy940@gmail.com,Female,Hyderabad,Telangana,India,16-11-2024
,941,Amit,Verma,amit.verma941@gmail.com,Male,Delhi,Delhi,India,31-03-2023
,942,Manoj,Patel,manoj.patel942@gmail.com,Male,Chennai,Tamil Nadu,India,28-02-2025
,943,Neha,Das,neha.das943@gmail.com,Female,Chennai,Tamil Nadu,India,07-03-2024
,944,Amit,Sharma,amit.sharma944@gmail.com,Male,Kolkata,West Bengal,India,04-03-2023
,945,Suresh,Sharma,suresh.sharma945@gmail.com,Male,Bengaluru,Karnataka,India,23-08-2024
,946,Pooja,Reddy,pooja.reddy946@gmail.com,Female,Pune,Maharashtra,India,07-09-2024
,947,Priya,Kumar,priya.kumar947@gmail.com,Female,Hyderabad,Telangana,India,13-07-2023
,948,Ajay,Reddy,ajay.reddy948@gmail.com,Male,Kolkata,West Bengal,India,27-08-2025
,949,Pooja,Patel,pooja.patel949@gmail.com,Female,Delhi,Delhi,India,24-04-2025
,950,Rohit,Patel,rohit.patel950@gmail.com,Male,Chennai,Tamil Nadu,India,31-12-2024
,951,Priya,Patel,priya.patel951@gmail.com,Female,Pune,Maharashtra,India,12-06-2023
,952,Rahul,Sharma,rahul.sharma952@gmail.com,Male,Pune,Maharashtra,India,20-05-2025
,953,Divya,Verma,divya.verma953@gmail.com,Female,Chennai,Tamil Nadu,India,07-09-2023
,954,Anjali,Patel,anjali.patel954@gmail.com,Female,Chennai,Tamil Nadu,India,20-04-2023
,955,Suresh,Rao,suresh.rao955@gmail.com,Male,Kolkata,West Bengal,India,03-07-2023
,956,Karan,Gupta,karan.gupta956@gmail.com,Male,Delhi,Delhi,India,16-06-2024
,957,Sneha,Reddy,sneha.reddy957@gmail.com,Female,Chennai,Tamil Nadu,India,16-06-2025
,958,Vikram,Nair,vikram.nair958@gmail.com,Male,Bengaluru,Karnataka,India,30-11-2024
,959,Priya,Verma,priya.verma959@gmail.com,Female,Kolkata,West Bengal,India,04-03-2024
,960,Deepika,Das,deepika.das960@gmail.com,Female,Bengaluru,Karnataka,India,23-05-2023
,961,Suresh,Gupta,suresh.gupta961@gmail.com,Male,Delhi,Delhi,India,11-05-2023
,962,Naveen,Sharma,naveen.sharma962@gmail.com,Male,Delhi,Delhi,India,10-01-2025
,963,Arjun,Rao,arjun.rao963@gmail.com,Male,Delhi,Delhi,India,08-10-2025
,964,Swathi,Reddy,swathi.reddy964@gmail.com,Female,Delhi,Delhi,India,06-06-2024
,965,Neha,Nair,neha.nair965@gmail.com,Female,Kolkata,West Bengal,India,21-12-2023
,966,Sneha,Iyer,sneha.iyer966@gmail.com,Female,Pune,Maharashtra,India,22-10-2024
,967,Amit,Nair,amit.nair967@gmail.com,Male,Bengaluru,Karnataka,India,07-08-2023
,968,Rohit,Kumar,rohit.kumar968@gmail.com,Male,Pune,Maharashtra,India,21-01-2023
,969,Rahul,Verma,rahul.verma969@gmail.com,Male,Bengaluru,Karnataka,India,30-09-2024
,970,Anjali,Sharma,anjali.sharma970@gmail.com,Female,Bengaluru,Karnataka,India,12-09-2025
,971,Amit,Nair,amit.nair971@gmail.com,Male,Pune,Maharashtra,India,02-07-2023
,972,Amit,Verma,amit.verma972@gmail.com,Male,Pune,Maharashtra,India,31-01-2023
,973,Anjali,Kumar,anjali.kumar973@gmail.com,Female,Pune,Maharashtra,India,28-12-2023
,974,Rohit,Gupta,rohit.gupta974@gmail.com,Male,Pune,Maharashtra,India,20-01-2025
,975,Naveen,Verma,naveen.verma975@gmail.com,Male,Bengaluru,Karnataka,India,06-12-2023
,976,Neha,Sharma,neha.sharma976@gmail.com,Female,Bengaluru,Karnataka,India,02-02-2024
,977,Suresh,Kumar,suresh.kumar977@gmail.com,Male,Bengaluru,Karnataka,India,24-08-2025
,978,Priya,Sharma,priya.sharma978@gmail.com,Female,Delhi,Delhi,India,11-02-2025
,979,Kavya,Gupta,kavya.gupta979@gmail.com,Female,Delhi,Delhi,India,25-08-2025
,980,Swathi,Verma,swathi.verma980@gmail.com,Female,Delhi,Delhi,India,30-07-2025
,981,Sneha,Nair,sneha.nair981@gmail.com,Female,Delhi,Delhi,India,20-09-2025
,982,Anjali,Patel,anjali.patel982@gmail.com,Female,Hyderabad,Telangana,India,20-06-2025
,983,Rahul,Patel,rahul.patel983@gmail.com,Male,Delhi,Delhi,India,28-06-2024
,984,Swathi,Iyer,swathi.iyer984@gmail.com,Female,Bengaluru,Karnataka,India,24-11-2024
,985,Rahul,Rao,rahul.rao985@gmail.com,Male,Bengaluru,Karnataka,India,18-09-2025
,986,Manoj,Das,manoj.das986@gmail.com,Male,Hyderabad,Telangana,India,14-08-2023
,987,Suresh,Rao,suresh.rao987@gmail.com,Male,Delhi,Delhi,India,05-05-2024
,988,Naveen,Kumar,naveen.kumar988@gmail.com,Male,Bengaluru,Karnataka,India,27-07-2023
,989,Ajay,Gupta,ajay.gupta989@gmail.com,Male,Hyderabad,Telangana,India,01-08-2025
,990,Rahul,Iyer,rahul.iyer990@gmail.com,Male,Kolkata,West Bengal,India,12-10-2024
,991,Karan,Gupta,karan.gupta991@gmail.com,Male,Kolkata,West Bengal,India,09-01-2025
,992,Rahul,Iyer,rahul.iyer992@gmail.com,Male,Hyderabad,Telangana,India,10-06-2024
,993,Naveen,Sharma,naveen.sharma993@gmail.com,Male,Kolkata,West Bengal,India,20-11-2025
,994,Ajay,Sharma,ajay.sharma994@gmail.com,Male,Chennai,Tamil Nadu,India,24-04-2024
,995,Deepika,Reddy,deepika.reddy995@gmail.com,Female,Kolkata,West Bengal,India,16-01-2025
,996,Suresh,Kumar,suresh.kumar996@gmail.com,Male,Kolkata,West Bengal,India,27-03-2023
,997,Anjali,Patel,anjali.patel997@gmail.com,Female,Delhi,Delhi,India,27-07-2025
,998,Ajay,Patel,ajay.patel998@gmail.com,Male,Delhi,Delhi,India,07-08-2024
,999,Anjali,Patel,anjali.patel999@gmail.com,Female,Pune,Maharashtra,India,05-10-2024
,1000,Rahul,Nair,rahul.nair1000@gmail.com,Male,Delhi,Delhi,India,05-12-2023
,1001,Rohit,Iyer,rohit.iyer1001@gmail.com,Male,Bengaluru,Karnataka,India,15-05-2023
,1002,Divya,Rao,divya.rao1002@gmail.com,Female,Kolkata,West Bengal,India,04-10-2025
,1003,Manoj,Patel,manoj.patel1003@gmail.com,Male,Bengaluru,Karnataka,India,21-08-2025
,1004,Vikram,Iyer,vikram.iyer1004@gmail.com,Male,Pune,Maharashtra,India,08-04-2024
,1005,Priya,Nair,priya.nair1005@gmail.com,Female,Bengaluru,Karnataka,India,03-12-2024
,1006,Priya,Das,priya.das1006@gmail.com,Female,Pune,Maharashtra,India,28-11-2023
,1007,Amit,Reddy,amit.reddy1007@gmail.com,Male,Chennai,Tamil Nadu,India,12-06-2024
,1008,Swathi,Rao,swathi.rao1008@gmail.com,Female,Chennai,Tamil Nadu,India,02-03-2025
,1009,Vikram,Patel,vikram.patel1009@gmail.com,Male,Chennai,Tamil Nadu,India,04-09-2023
,1010,Neha,Reddy,neha.reddy1010@gmail.com,Female,Bengaluru,Karnataka,India,05-12-2025
,1011,Manoj,Kumar,manoj.kumar1011@gmail.com,Male,Delhi,Delhi,India,10-12-2023
,1012,Suresh,Reddy,suresh.reddy1012@gmail.com,Male,Delhi,Delhi,India,15-07-2025
,1013,Pooja,Das,pooja.das1013@gmail.com,Female,Kolkata,West Bengal,India,01-04-2024
,1014,Vikram,Nair,vikram.nair1014@gmail.com,Male,Delhi,Delhi,India,16-04-2023
,1015,Sneha,Sharma,sneha.sharma1015@gmail.com,Female,Pune,Maharashtra,India,25-05-2023
,1016,Anjali,Reddy,anjali.reddy1016@gmail.com,Female,Hyderabad,Telangana,India,31-05-2023
,1017,Pooja,Rao,pooja.rao1017@gmail.com,Female,Chennai,Tamil Nadu,India,27-08-2023
,1018,Kavya,Iyer,kavya.iyer1018@gmail.com,Female,Kolkata,West Bengal,India,22-12-2025
,1019,Aishwarya,Rao,aishwarya.rao1019@gmail.com,Female,Bengaluru,Karnataka,India,11-06-2025
,1020,Manoj,Gupta,manoj.gupta1020@gmail.com,Male,Chennai,Tamil Nadu,India,21-02-2025
,1021,Vikram,Patel,vikram.patel1021@gmail.com,Male,Hyderabad,Telangana,India,20-01-2025
,1022,Sneha,Sharma,sneha.sharma1022@gmail.com,Female,Chennai,Tamil Nadu,India,24-08-2025
,1023,Rohit,Sharma,rohit.sharma1023@gmail.com,Male,Hyderabad,Telangana,India,31-08-2025
,1024,Anjali,Iyer,anjali.iyer1024@gmail.com,Female,Pune,Maharashtra,India,21-04-2024
,1025,Sneha,Patel,sneha.patel1025@gmail.com,Female,Chennai,Tamil Nadu,India,17-04-2025
,1026,Anjali,Patel,anjali.patel1026@gmail.com,Female,Pune,Maharashtra,India,06-01-2025
,1027,Swathi,Kumar,swathi.kumar1027@gmail.com,Female,Bengaluru,Karnataka,India,31-03-2024
,1028,Vikram,Verma,vikram.verma1028@gmail.com,Male,Delhi,Delhi,India,10-11-2025
,1029,Suresh,Das,suresh.das1029@gmail.com,Male,Hyderabad,Telangana,India,09-06-2023
,1030,Deepika,Iyer,deepika.iyer1030@gmail.com,Female,Pune,Maharashtra,India,29-12-2024
,1031,Neha,Kumar,neha.kumar1031@gmail.com,Female,Bengaluru,Karnataka,India,13-09-2025
,1032,Arjun,Nair,arjun.nair1032@gmail.com,Male,Pune,Maharashtra,India,28-08-2023
,1033,Aishwarya,Patel,aishwarya.patel1033@gmail.com,Female,Kolkata,West Bengal,India,24-05-2024
,1034,Rohit,Gupta,rohit.gupta1034@gmail.com,Male,Kolkata,West Bengal,India,07-06-2024
,1035,Rahul,Das,rahul.das1035@gmail.com,Male,Hyderabad,Telangana,India,04-04-2023
,1036,Amit,Das,amit.das1036@gmail.com,Male,Chennai,Tamil Nadu,India,24-04-2025
,1037,Priya,Verma,priya.verma1037@gmail.com,Female,Delhi,Delhi,India,21-12-2023
,1038,Karan,Sharma,karan.sharma1038@gmail.com,Male,Bengaluru,Karnataka,India,15-04-2024
,1039,Vikram,Patel,vikram.patel1039@gmail.com,Male,Delhi,Delhi,India,19-02-2023
,1040,Rahul,Verma,rahul.verma1040@gmail.com,Male,Bengaluru,Karnataka,India,01-11-2023
,1041,Divya,Verma,divya.verma1041@gmail.com,Female,Chennai,Tamil Nadu,India,15-12-2024
,1042,Pooja,Nair,pooja.nair1042@gmail.com,Female,Kolkata,West Bengal,India,07-09-2025
,1043,Divya,Sharma,divya.sharma1043@gmail.com,Female,Delhi,Delhi,India,24-06-2024
,1044,Vikram,Verma,vikram.verma1044@gmail.com,Male,Delhi,Delhi,India,18-04-2023
,1045,Anjali,Kumar,anjali.kumar1045@gmail.com,Female,Pune,Maharashtra,India,24-10-2025
,1046,Anjali,Patel,anjali.patel1046@gmail.com,Female,Chennai,Tamil Nadu,India,15-04-2023
,1047,Suresh,Nair,suresh.nair1047@gmail.com,Male,Pune,Maharashtra,India,04-02-2023
,1048,Vikram,Verma,vikram.verma1048@gmail.com,Male,Hyderabad,Telangana,India,12-07-2023
,1049,Manoj,Reddy,manoj.reddy1049@gmail.com,Male,Bengaluru,Karnataka,India,15-07-2025
,1050,Kavya,Das,kavya.das1050@gmail.com,Female,Delhi,Delhi,India,24-08-2025
,1051,Anjali,Sharma,anjali.sharma1051@gmail.com,Female,Bengaluru,Karnataka,India,17-03-2024
,1052,Ajay,Patel,ajay.patel1052@gmail.com,Male,Pune,Maharashtra,India,23-10-2025
,1053,Aishwarya,Rao,aishwarya.rao1053@gmail.com,Female,Pune,Maharashtra,India,27-04-2023
,1054,Karan,Sharma,karan.sharma1054@gmail.com,Male,Bengaluru,Karnataka,India,16-11-2025
,1055,Kavya,Iyer,kavya.iyer1055@gmail.com,Female,Chennai,Tamil Nadu,India,29-01-2024
,1056,Karan,Gupta,karan.gupta1056@gmail.com,Male,Kolkata,West Bengal,India,18-06-2024
,1057,Arjun,Sharma,arjun.sharma1057@gmail.com,Male,Bengaluru,Karnataka,India,06-08-2025
,1058,Pooja,Nair,pooja.nair1058@gmail.com,Female,Pune,Maharashtra,India,06-12-2025
,1059,Priya,Das,priya.das1059@gmail.com,Female,Pune,Maharashtra,India,02-07-2023
,1060,Priya,Kumar,priya.kumar1060@gmail.com,Female,Chennai,Tamil Nadu,India,29-04-2024
,1061,Arjun,Patel,arjun.patel1061@gmail.com,Male,Hyderabad,Telangana,India,03-03-2023
,1062,Rohit,Verma,rohit.verma1062@gmail.com,Male,Chennai,Tamil Nadu,India,03-12-2025
,1063,Swathi,Rao,swathi.rao1063@gmail.com,Female,Pune,Maharashtra,India,03-06-2023
,1064,Rahul,Das,rahul.das1064@gmail.com,Male,Hyderabad,Telangana,India,14-06-2025
,1065,Sneha,Gupta,sneha.gupta1065@gmail.com,Female,Kolkata,West Bengal,India,17-11-2025
,1066,Ajay,Kumar,ajay.kumar1066@gmail.com,Male,Hyderabad,Telangana,India,06-05-2025
,1067,Aishwarya,Iyer,aishwarya.iyer1067@gmail.com,Female,Kolkata,West Bengal,India,06-10-2024
,1068,Rahul,Iyer,rahul.iyer1068@gmail.com,Male,Delhi,Delhi,India,24-07-2024
,1069,Amit,Rao,amit.rao1069@gmail.com,Male,Bengaluru,Karnataka,India,10-05-2023
,1070,Deepika,Sharma,deepika.sharma1070@gmail.com,Female,Pune,Maharashtra,India,21-05-2023
,1071,Neha,Rao,neha.rao1071@gmail.com,Female,Delhi,Delhi,India,24-10-2023
,1072,Sneha,Sharma,sneha.sharma1072@gmail.com,Female,Delhi,Delhi,India,12-08-2024
,1073,Naveen,Verma,naveen.verma1073@gmail.com,Male,Kolkata,West Bengal,India,25-05-2023
,1074,Anjali,Rao,anjali.rao1074@gmail.com,Female,Chennai,Tamil Nadu,India,12-04-2025
,1075,Karan,Reddy,karan.reddy1075@gmail.com,Male,Hyderabad,Telangana,India,22-05-2025
,1076,Divya,Verma,divya.verma1076@gmail.com,Female,Bengaluru,Karnataka,India,27-07-2025
,1077,Rahul,Gupta,rahul.gupta1077@gmail.com,Male,Kolkata,West Bengal,India,02-03-2025
,1078,Kavya,Reddy,kavya.reddy1078@gmail.com,Female,Chennai,Tamil Nadu,India,14-08-2024
,1079,Neha,Patel,neha.patel1079@gmail.com,Female,Kolkata,West Bengal,India,23-09-2023
,1080,Ajay,Verma,ajay.verma1080@gmail.com,Male,Chennai,Tamil Nadu,India,24-11-2024
,1081,Amit,Gupta,amit.gupta1081@gmail.com,Male,Chennai,Tamil Nadu,India,18-08-2025
,1082,Manoj,Kumar,manoj.kumar1082@gmail.com,Male,Pune,Maharashtra,India,20-12-2023
,1083,Kavya,Nair,kavya.nair1083@gmail.com,Female,Delhi,Delhi,India,01-01-2023
,1084,Manoj,Kumar,manoj.kumar1084@gmail.com,Male,Delhi,Delhi,India,04-06-2024
,1085,Amit,Kumar,amit.kumar1085@gmail.com,Male,Bengaluru,Karnataka,India,12-10-2024
,1086,Divya,Gupta,divya.gupta1086@gmail.com,Female,Pune,Maharashtra,India,23-12-2024
,1087,Neha,Gupta,neha.gupta1087@gmail.com,Female,Delhi,Delhi,India,10-04-2024
,1088,Suresh,Das,suresh.das1088@gmail.com,Male,Bengaluru,Karnataka,India,17-04-2023
,1089,Arjun,Gupta,arjun.gupta1089@gmail.com,Male,Pune,Maharashtra,India,30-10-2025
,1090,Neha,Nair,neha.nair1090@gmail.com,Female,Pune,Maharashtra,India,01-10-2023
,1091,Naveen,Kumar,naveen.kumar1091@gmail.com,Male,Kolkata,West Bengal,India,23-04-2023
,1092,Anjali,Kumar,anjali.kumar1092@gmail.com,Female,Bengaluru,Karnataka,India,09-04-2023
,1093,Divya,Iyer,divya.iyer1093@gmail.com,Female,Hyderabad,Telangana,India,14-03-2024
,1094,Divya,Patel,divya.patel1094@gmail.com,Female,Delhi,Delhi,India,25-07-2023
,1095,Rohit,Sharma,rohit.sharma1095@gmail.com,Male,Delhi,Delhi,India,10-04-2024
,1096,Sneha,Das,sneha.das1096@gmail.com,Female,Delhi,Delhi,India,16-10-2025
,1097,Karan,Iyer,karan.iyer1097@gmail.com,Male,Kolkata,West Bengal,India,02-04-2025
,1098,Swathi,Nair,swathi.nair1098@gmail.com,Female,Pune,Maharashtra,India,21-08-2025
,1099,Divya,Gupta,divya.gupta1099@gmail.com,Female,Kolkata,West Bengal,India,22-12-2024
,1100,Manoj,Das,manoj.das1100@gmail.com,Male,Chennai,Tamil Nadu,India,21-05-2023
,1101,Swathi,Nair,swathi.nair1101@gmail.com,Female,Delhi,Delhi,India,10-04-2024
,1102,Karan,Kumar,karan.kumar1102@gmail.com,Male,Chennai,Tamil Nadu,India,13-01-2025
,1103,Manoj,Sharma,manoj.sharma1103@gmail.com,Male,Hyderabad,Telangana,India,04-06-2025
,1104,Arjun,Nair,arjun.nair1104@gmail.com,Male,Delhi,Delhi,India,12-01-2024
,1105,Aishwarya,Kumar,aishwarya.kumar1105@gmail.com,Female,Delhi,Delhi,India,31-03-2024
,1106,Karan,Kumar,karan.kumar1106@gmail.com,Male,Kolkata,West Bengal,India,06-06-2025
,1107,Suresh,Verma,suresh.verma1107@gmail.com,Male,Hyderabad,Telangana,India,18-02-2024
,1108,Pooja,Kumar,pooja.kumar1108@gmail.com,Female,Chennai,Tamil Nadu,India,18-01-2024
,1109,Aishwarya,Rao,aishwarya.rao1109@gmail.com,Female,Delhi,Delhi,India,21-10-2023
,1110,Aishwarya,Reddy,aishwarya.reddy1110@gmail.com,Female,Bengaluru,Karnataka,India,05-02-2023
,1111,Manoj,Kumar,manoj.kumar1111@gmail.com,Male,Delhi,Delhi,India,24-04-2023
,1112,Naveen,Sharma,naveen.sharma1112@gmail.com,Male,Chennai,Tamil Nadu,India,16-03-2024
,1113,Anjali,Rao,anjali.rao1113@gmail.com,Female,Bengaluru,Karnataka,India,22-10-2023
,1114,Ajay,Sharma,ajay.sharma1114@gmail.com,Male,Hyderabad,Telangana,India,07-10-2023
,1115,Deepika,Gupta,deepika.gupta1115@gmail.com,Female,Bengaluru,Karnataka,India,10-05-2025
,1116,Naveen,Iyer,naveen.iyer1116@gmail.com,Male,Delhi,Delhi,India,09-07-2023
,1117,Rohit,Reddy,rohit.reddy1117@gmail.com,Male,Kolkata,West Bengal,India,30-04-2024
,1118,Kavya,Rao,kavya.rao1118@gmail.com,Female,Bengaluru,Karnataka,India,20-04-2024
,1119,Karan,Das,karan.das1119@gmail.com,Male,Kolkata,West Bengal,India,13-08-2023
,1120,Deepika,Patel,deepika.patel1120@gmail.com,Female,Pune,Maharashtra,India,19-05-2025
,1121,Ajay,Sharma,ajay.sharma1121@gmail.com,Male,Hyderabad,Telangana,India,26-06-2023
,1122,Naveen,Nair,naveen.nair1122@gmail.com,Male,Bengaluru,Karnataka,India,17-10-2024
,1123,Anjali,Patel,anjali.patel1123@gmail.com,Female,Chennai,Tamil Nadu,India,19-11-2024
,1124,Kavya,Patel,kavya.patel1124@gmail.com,Female,Bengaluru,Karnataka,India,27-11-2023
,1125,Divya,Das,divya.das1125@gmail.com,Female,Hyderabad,Telangana,India,12-09-2024
,1126,Anjali,Patel,anjali.patel1126@gmail.com,Female,Hyderabad,Telangana,India,24-06-2023
,1127,Karan,Das,karan.das1127@gmail.com,Male,Pune,Maharashtra,India,12-09-2023
,1128,Anjali,Nair,anjali.nair1128@gmail.com,Female,Hyderabad,Telangana,India,19-06-2025
,1129,Swathi,Gupta,swathi.gupta1129@gmail.com,Female,Hyderabad,Telangana,India,27-11-2025
,1130,Ajay,Das,ajay.das1130@gmail.com,Male,Chennai,Tamil Nadu,India,24-10-2023
,1131,Karan,Verma,karan.verma1131@gmail.com,Male,Pune,Maharashtra,India,24-02-2025
,1132,Suresh,Verma,suresh.verma1132@gmail.com,Male,Pune,Maharashtra,India,20-05-2025
,1133,Divya,Nair,divya.nair1133@gmail.com,Female,Kolkata,West Bengal,India,08-11-2023
,1134,Deepika,Rao,deepika.rao1134@gmail.com,Female,Delhi,Delhi,India,27-03-2023
,1135,Divya,Rao,divya.rao1135@gmail.com,Female,Kolkata,West Bengal,India,02-04-2025
,1136,Deepika,Gupta,deepika.gupta1136@gmail.com,Female,Bengaluru,Karnataka,India,09-01-2023
,1137,Rohit,Nair,rohit.nair1137@gmail.com,Male,Pune,Maharashtra,India,25-03-2024
,1138,Anjali,Rao,anjali.rao1138@gmail.com,Female,Chennai,Tamil Nadu,India,04-04-2025
,1139,Vikram,Verma,vikram.verma1139@gmail.com,Male,Bengaluru,Karnataka,India,24-02-2023
,1140,Swathi,Iyer,swathi.iyer1140@gmail.com,Female,Hyderabad,Telangana,India,16-07-2024
,1141,Aishwarya,Sharma,aishwarya.sharma1141@gmail.com,Female,Pune,Maharashtra,India,25-12-2025
,1142,Swathi,Verma,swathi.verma1142@gmail.com,Female,Pune,Maharashtra,India,05-06-2024
,1143,Deepika,Das,deepika.das1143@gmail.com,Female,Chennai,Tamil Nadu,India,17-06-2024
,1144,Rohit,Nair,rohit.nair1144@gmail.com,Male,Delhi,Delhi,India,13-01-2025
,1145,Vikram,Kumar,vikram.kumar1145@gmail.com,Male,Pune,Maharashtra,India,10-10-2025
,1146,Suresh,Sharma,suresh.sharma1146@gmail.com,Male,Delhi,Delhi,India,31-01-2024
,1147,Amit,Reddy,amit.reddy1147@gmail.com,Male,Bengaluru,Karnataka,India,29-09-2024
,1148,Karan,Sharma,karan.sharma1148@gmail.com,Male,Hyderabad,Telangana,India,24-06-2024
,1149,Rahul,Reddy,rahul.reddy1149@gmail.com,Male,Chennai,Tamil Nadu,India,03-07-2023
,1150,Suresh,Patel,suresh.patel1150@gmail.com,Male,Delhi,Delhi,India,14-10-2025
,1151,Neha,Verma,neha.verma1151@gmail.com,Female,Kolkata,West Bengal,India,03-01-2024
,1152,Vikram,Sharma,vikram.sharma1152@gmail.com,Male,Delhi,Delhi,India,25-04-2023
,1153,Rahul,Sharma,rahul.sharma1153@gmail.com,Male,Delhi,Delhi,India,02-11-2024
,1154,Rahul,Iyer,rahul.iyer1154@gmail.com,Male,Bengaluru,Karnataka,India,08-08-2023
,1155,Karan,Das,karan.das1155@gmail.com,Male,Pune,Maharashtra,India,10-02-2024
,1156,Sneha,Nair,sneha.nair1156@gmail.com,Female,Pune,Maharashtra,India,11-03-2025
,1157,Pooja,Iyer,pooja.iyer1157@gmail.com,Female,Bengaluru,Karnataka,India,16-09-2025
,1158,Arjun,Reddy,arjun.reddy1158@gmail.com,Male,Bengaluru,Karnataka,India,08-11-2023
,1159,Priya,Iyer,priya.iyer1159@gmail.com,Female,Chennai,Tamil Nadu,India,10-03-2023
,1160,Aishwarya,Das,aishwarya.das1160@gmail.com,Female,Delhi,Delhi,India,13-07-2025
,1161,Priya,Das,priya.das1161@gmail.com,Female,Kolkata,West Bengal,India,21-11-2024
,1162,Aishwarya,Reddy,aishwarya.reddy1162@gmail.com,Female,Delhi,Delhi,India,23-11-2025
,1163,Ajay,Reddy,ajay.reddy1163@gmail.com,Male,Kolkata,West Bengal,India,24-02-2025
,1164,Amit,Rao,amit.rao1164@gmail.com,Male,Kolkata,West Bengal,India,20-11-2025
,1165,Rohit,Nair,rohit.nair1165@gmail.com,Male,Kolkata,West Bengal,India,23-01-2024
,1166,Neha,Kumar,neha.kumar1166@gmail.com,Female,Hyderabad,Telangana,India,27-11-2023
,1167,Neha,Patel,neha.patel1167@gmail.com,Female,Pune,Maharashtra,India,08-03-2024
,1168,Manoj,Kumar,manoj.kumar1168@gmail.com,Male,Pune,Maharashtra,India,21-06-2024
,1169,Anjali,Das,anjali.das1169@gmail.com,Female,Chennai,Tamil Nadu,India,27-09-2025
,1170,Sneha,Iyer,sneha.iyer1170@gmail.com,Female,Delhi,Delhi,India,02-11-2023
,1171,Sneha,Das,sneha.das1171@gmail.com,Female,Hyderabad,Telangana,India,25-08-2024
,1172,Priya,Verma,priya.verma1172@gmail.com,Female,Chennai,Tamil Nadu,India,01-10-2023
,1173,Suresh,Gupta,suresh.gupta1173@gmail.com,Male,Delhi,Delhi,India,10-06-2025
,1174,Pooja,Verma,pooja.verma1174@gmail.com,Female,Kolkata,West Bengal,India,08-07-2025
,1175,Sneha,Sharma,sneha.sharma1175@gmail.com,Female,Hyderabad,Telangana,India,04-09-2024
,1176,Rahul,Gupta,rahul.gupta1176@gmail.com,Male,Pune,Maharashtra,India,28-01-2025
,1177,Naveen,Rao,naveen.rao1177@gmail.com,Male,Chennai,Tamil Nadu,India,23-05-2025
,1178,Swathi,Kumar,swathi.kumar1178@gmail.com,Female,Hyderabad,Telangana,India,26-08-2025
,1179,Amit,Reddy,amit.reddy1179@gmail.com,Male,Kolkata,West Bengal,India,27-08-2024
,1180,Manoj,Rao,manoj.rao1180@gmail.com,Male,Kolkata,West Bengal,India,26-09-2023
,1181,Neha,Patel,neha.patel1181@gmail.com,Female,Pune,Maharashtra,India,03-11-2025
,1182,Ajay,Iyer,ajay.iyer1182@gmail.com,Male,Delhi,Delhi,India,27-06-2023
,1183,Amit,Patel,amit.patel1183@gmail.com,Male,Hyderabad,Telangana,India,18-08-2025
,1184,Vikram,Kumar,vikram.kumar1184@gmail.com,Male,Chennai,Tamil Nadu,India,15-01-2024
,1185,Rahul,Reddy,rahul.reddy1185@gmail.com,Male,Chennai,Tamil Nadu,India,17-06-2024
,1186,Anjali,Reddy,anjali.reddy1186@gmail.com,Female,Bengaluru,Karnataka,India,28-08-2025
,1187,Vikram,Gupta,vikram.gupta1187@gmail.com,Male,Delhi,Delhi,India,28-03-2024
,1188,Manoj,Gupta,manoj.gupta1188@gmail.com,Male,Delhi,Delhi,India,23-02-2025
,1189,Kavya,Verma,kavya.verma1189@gmail.com,Female,Hyderabad,Telangana,India,19-08-2025
,1190,Priya,Nair,priya.nair1190@gmail.com,Female,Bengaluru,Karnataka,India,06-08-2025
,1191,Aishwarya,Patel,aishwarya.patel1191@gmail.com,Female,Pune,Maharashtra,India,25-11-2023
,1192,Naveen,Kumar,naveen.kumar1192@gmail.com,Male,Hyderabad,Telangana,India,10-12-2023
,1193,Ajay,Iyer,ajay.iyer1193@gmail.com,Male,Hyderabad,Telangana,India,02-07-2024
,1194,Sneha,Rao,sneha.rao1194@gmail.com,Female,Hyderabad,Telangana,India,03-11-2024
,1195,Rohit,Verma,rohit.verma1195@gmail.com,Male,Pune,Maharashtra,India,16-02-2025
,1196,Arjun,Iyer,arjun.iyer1196@gmail.com,Male,Chennai,Tamil Nadu,India,01-08-2024
,1197,Neha,Das,neha.das1197@gmail.com,Female,Chennai,Tamil Nadu,India,31-12-2023
,1198,Priya,Kumar,priya.kumar1198@gmail.com,Female,Bengaluru,Karnataka,India,27-07-2025
,1199,Vikram,Iyer,vikram.iyer1199@gmail.com,Male,Kolkata,West Bengal,India,26-01-2025
,1200,Swathi,Patel,swathi.patel1200@gmail.com,Female,Chennai,Tamil Nadu,India,25-12-2023
,1201,Kavya,Das,kavya.das1201@gmail.com,Female,Bengaluru,Karnataka,India,06-09-2024
,1202,Kavya,Das,kavya.das1202@gmail.com,Female,Delhi,Delhi,India,11-05-2025
,1203,Karan,Rao,karan.rao1203@gmail.com,Male,Delhi,Delhi,India,26-02-2024
,1204,Karan,Verma,karan.verma1204@gmail.com,Male,Kolkata,West Bengal,India,10-08-2024
,1205,Karan,Das,karan.das1205@gmail.com,Male,Kolkata,West Bengal,India,04-01-2023
,1206,Priya,Nair,priya.nair1206@gmail.com,Female,Delhi,Delhi,India,28-07-2024
,1207,Deepika,Sharma,deepika.sharma1207@gmail.com,Female,Chennai,Tamil Nadu,India,01-05-2025
,1208,Deepika,Rao,deepika.rao1208@gmail.com,Female,Bengaluru,Karnataka,India,27-01-2023
,1209,Arjun,Patel,arjun.patel1209@gmail.com,Male,Delhi,Delhi,India,07-03-2024
,1210,Vikram,Das,vikram.das1210@gmail.com,Male,Kolkata,West Bengal,India,21-11-2025
,1211,Neha,Nair,neha.nair1211@gmail.com,Female,Kolkata,West Bengal,India,25-02-2023
,1212,Manoj,Nair,manoj.nair1212@gmail.com,Male,Delhi,Delhi,India,07-07-2024
,1213,Suresh,Kumar,suresh.kumar1213@gmail.com,Male,Kolkata,West Bengal,India,15-02-2023
,1214,Amit,Nair,amit.nair1214@gmail.com,Male,Chennai,Tamil Nadu,India,24-12-2025
,1215,Anjali,Kumar,anjali.kumar1215@gmail.com,Female,Kolkata,West Bengal,India,18-01-2025
,1216,Rohit,Kumar,rohit.kumar1216@gmail.com,Male,Pune,Maharashtra,India,18-10-2023
,1217,Arjun,Reddy,arjun.reddy1217@gmail.com,Male,Bengaluru,Karnataka,India,15-08-2023
,1218,Arjun,Gupta,arjun.gupta1218@gmail.com,Male,Chennai,Tamil Nadu,India,16-07-2023
,1219,Neha,Iyer,neha.iyer1219@gmail.com,Female,Chennai,Tamil Nadu,India,31-01-2023
,1220,Karan,Nair,karan.nair1220@gmail.com,Male,Bengaluru,Karnataka,India,29-04-2024
,1221,Karan,Kumar,karan.kumar1221@gmail.com,Male,Bengaluru,Karnataka,India,09-07-2023
,1222,Deepika,Nair,deepika.nair1222@gmail.com,Female,Hyderabad,Telangana,India,18-11-2024
,1223,Priya,Patel,priya.patel1223@gmail.com,Female,Kolkata,West Bengal,India,11-04-2023
,1224,Aishwarya,Patel,aishwarya.patel1224@gmail.com,Female,Delhi,Delhi,India,06-01-2024
,1225,Rahul,Gupta,rahul.gupta1225@gmail.com,Male,Delhi,Delhi,India,10-11-2024
,1226,Rohit,Verma,rohit.verma1226@gmail.com,Male,Hyderabad,Telangana,India,23-09-2024
,1227,Naveen,Iyer,naveen.iyer1227@gmail.com,Male,Bengaluru,Karnataka,India,13-11-2023
,1228,Vikram,Nair,vikram.nair1228@gmail.com,Male,Pune,Maharashtra,India,06-08-2023
,1229,Anjali,Das,anjali.das1229@gmail.com,Female,Delhi,Delhi,India,16-10-2025
,1230,Arjun,Sharma,arjun.sharma1230@gmail.com,Male,Pune,Maharashtra,India,04-11-2025
,1231,Rohit,Sharma,rohit.sharma1231@gmail.com,Male,Delhi,Delhi,India,02-12-2025
,1232,Naveen,Nair,naveen.nair1232@gmail.com,Male,Bengaluru,Karnataka,India,13-04-2024
,1233,Suresh,Gupta,suresh.gupta1233@gmail.com,Male,Kolkata,West Bengal,India,18-07-2025
,1234,Karan,Iyer,karan.iyer1234@gmail.com,Male,Delhi,Delhi,India,01-04-2024
,1235,Sneha,Patel,sneha.patel1235@gmail.com,Female,Hyderabad,Telangana,India,29-06-2023
,1236,Divya,Kumar,divya.kumar1236@gmail.com,Female,Bengaluru,Karnataka,India,29-06-2024
,1237,Kavya,Sharma,kavya.sharma1237@gmail.com,Female,Hyderabad,Telangana,India,03-05-2025
,1238,Sneha,Reddy,sneha.reddy1238@gmail.com,Female,Delhi,Delhi,India,25-05-2023
,1239,Naveen,Patel,naveen.patel1239@gmail.com,Male,Pune,Maharashtra,India,24-07-2023
,1240,Aishwarya,Iyer,aishwarya.iyer1240@gmail.com,Female,Pune,Maharashtra,India,02-02-2024
,1241,Ajay,Das,ajay.das1241@gmail.com,Male,Hyderabad,Telangana,India,20-08-2024
,1242,Manoj,Iyer,manoj.iyer1242@gmail.com,Male,Bengaluru,Karnataka,India,17-10-2023
,1243,Ajay,Nair,ajay.nair1243@gmail.com,Male,Bengaluru,Karnataka,India,21-02-2023
,1244,Manoj,Sharma,manoj.sharma1244@gmail.com,Male,Kolkata,West Bengal,India,03-06-2023
,1245,Rohit,Patel,rohit.patel1245@gmail.com,Male,Delhi,Delhi,India,28-03-2024
,1246,Divya,Reddy,divya.reddy1246@gmail.com,Female,Kolkata,West Bengal,India,21-01-2025
,1247,Pooja,Reddy,pooja.reddy1247@gmail.com,Female,Hyderabad,Telangana,India,15-06-2025
,1248,Amit,Reddy,amit.reddy1248@gmail.com,Male,Delhi,Delhi,India,01-06-2025
,1249,Arjun,Gupta,arjun.gupta1249@gmail.com,Male,Kolkata,West Bengal,India,28-08-2023
,1250,Suresh,Verma,suresh.verma1250@gmail.com,Male,Kolkata,West Bengal,India,28-03-2024
,1251,Arjun,Sharma,arjun.sharma1251@gmail.com,Male,Pune,Maharashtra,India,22-06-2023
,1252,Deepika,Kumar,deepika.kumar1252@gmail.com,Female,Kolkata,West Bengal,India,24-06-2025
,1253,Vikram,Rao,vikram.rao1253@gmail.com,Male,Bengaluru,Karnataka,India,16-09-2025
,1254,Anjali,Kumar,anjali.kumar1254@gmail.com,Female,Pune,Maharashtra,India,11-11-2025
,1255,Manoj,Gupta,manoj.gupta1255@gmail.com,Male,Kolkata,West Bengal,India,26-10-2025
,1256,Naveen,Sharma,naveen.sharma1256@gmail.com,Male,Hyderabad,Telangana,India,30-05-2025
,1257,Amit,Rao,amit.rao1257@gmail.com,Male,Pune,Maharashtra,India,18-07-2024
,1258,Ajay,Kumar,ajay.kumar1258@gmail.com,Male,Chennai,Tamil Nadu,India,02-09-2025
,1259,Naveen,Rao,naveen.rao1259@gmail.com,Male,Hyderabad,Telangana,India,17-08-2024
,1260,Neha,Sharma,neha.sharma1260@gmail.com,Female,Pune,Maharashtra,India,15-09-2025
,1261,Kavya,Iyer,kavya.iyer1261@gmail.com,Female,Pune,Maharashtra,India,19-09-2024
,1262,Divya,Verma,divya.verma1262@gmail.com,Female,Pune,Maharashtra,India,29-02-2024
,1263,Suresh,Gupta,suresh.gupta1263@gmail.com,Male,Kolkata,West Bengal,India,20-01-2025
,1264,Vikram,Rao,vikram.rao1264@gmail.com,Male,Delhi,Delhi,India,30-11-2024
,1265,Neha,Sharma,neha.sharma1265@gmail.com,Female,Hyderabad,Telangana,India,10-12-2025
,1266,Kavya,Kumar,kavya.kumar1266@gmail.com,Female,Pune,Maharashtra,India,25-08-2025
,1267,Arjun,Iyer,arjun.iyer1267@gmail.com,Male,Delhi,Delhi,India,26-01-2025
,1268,Vikram,Iyer,vikram.iyer1268@gmail.com,Male,Delhi,Delhi,India,26-09-2023
,1269,Neha,Iyer,neha.iyer1269@gmail.com,Female,Pune,Maharashtra,India,12-05-2025
,1270,Rohit,Reddy,rohit.reddy1270@gmail.com,Male,Kolkata,West Bengal,India,11-01-2024
,1271,Rohit,Gupta,rohit.gupta1271@gmail.com,Male,Delhi,Delhi,India,17-05-2024
,1272,Priya,Reddy,priya.reddy1272@gmail.com,Female,Delhi,Delhi,India,24-05-2025
,1273,Kavya,Reddy,kavya.reddy1273@gmail.com,Female,Pune,Maharashtra,India,08-11-2025
,1274,Rahul,Gupta,rahul.gupta1274@gmail.com,Male,Hyderabad,Telangana,India,11-11-2025
,1275,Deepika,Gupta,deepika.gupta1275@gmail.com,Female,Delhi,Delhi,India,13-03-2025
,1276,Anjali,Nair,anjali.nair1276@gmail.com,Female,Delhi,Delhi,India,31-01-2025
,1277,Rohit,Kumar,rohit.kumar1277@gmail.com,Male,Bengaluru,Karnataka,India,13-03-2023
,1278,Karan,Sharma,karan.sharma1278@gmail.com,Male,Chennai,Tamil Nadu,India,19-04-2024
,1279,Sneha,Patel,sneha.patel1279@gmail.com,Female,Kolkata,West Bengal,India,07-05-2024
,1280,Ajay,Das,ajay.das1280@gmail.com,Male,Chennai,Tamil Nadu,India,21-10-2024
,1281,Amit,Das,amit.das1281@gmail.com,Male,Pune,Maharashtra,India,22-11-2025
,1282,Naveen,Iyer,naveen.iyer1282@gmail.com,Male,Delhi,Delhi,India,01-05-2024
,1283,Ajay,Gupta,ajay.gupta1283@gmail.com,Male,Hyderabad,Telangana,India,13-01-2025
,1284,Karan,Verma,karan.verma1284@gmail.com,Male,Pune,Maharashtra,India,29-03-2025
,1285,Suresh,Patel,suresh.patel1285@gmail.com,Male,Pune,Maharashtra,India,07-05-2024
,1286,Priya,Rao,priya.rao1286@gmail.com,Female,Chennai,Tamil Nadu,India,14-09-2024
,1287,Swathi,Iyer,swathi.iyer1287@gmail.com,Female,Hyderabad,Telangana,India,28-01-2023
,1288,Suresh,Iyer,suresh.iyer1288@gmail.com,Male,Bengaluru,Karnataka,India,25-12-2023
,1289,Aishwarya,Nair,aishwarya.nair1289@gmail.com,Female,Bengaluru,Karnataka,India,03-08-2023
,1290,Swathi,Verma,swathi.verma1290@gmail.com,Female,Pune,Maharashtra,India,03-08-2025
,1291,Amit,Verma,amit.verma1291@gmail.com,Male,Delhi,Delhi,India,06-07-2023
,1292,Rohit,Sharma,rohit.sharma1292@gmail.com,Male,Hyderabad,Telangana,India,20-04-2025
,1293,Pooja,Kumar,pooja.kumar1293@gmail.com,Female,Chennai,Tamil Nadu,India,24-01-2025
,1294,Rahul,Rao,rahul.rao1294@gmail.com,Male,Chennai,Tamil Nadu,India,08-10-2025
,1295,Rohit,Gupta,rohit.gupta1295@gmail.com,Male,Chennai,Tamil Nadu,India,05-03-2024
,1296,Suresh,Kumar,suresh.kumar1296@gmail.com,Male,Pune,Maharashtra,India,15-07-2024
,1297,Sneha,Das,sneha.das1297@gmail.com,Female,Kolkata,West Bengal,India,26-01-2025
,1298,Rohit,Rao,rohit.rao1298@gmail.com,Male,Kolkata,West Bengal,India,01-11-2024
,1299,Rohit,Verma,rohit.verma1299@gmail.com,Male,Pune,Maharashtra,India,27-11-2023
,1300,Priya,Kumar,priya.kumar1300@gmail.com,Female,Bengaluru,Karnataka,India,03-04-2025
,1301,Arjun,Patel,arjun.patel1301@gmail.com,Male,Kolkata,West Bengal,India,24-12-2025
,1302,Divya,Nair,divya.nair1302@gmail.com,Female,Pune,Maharashtra,India,21-04-2024
,1303,Ajay,Reddy,ajay.reddy1303@gmail.com,Male,Pune,Maharashtra,India,30-04-2023
,1304,Suresh,Patel,suresh.patel1304@gmail.com,Male,Pune,Maharashtra,India,02-04-2025
,1305,Ajay,Rao,ajay.rao1305@gmail.com,Male,Hyderabad,Telangana,India,09-02-2024
,1306,Rahul,Reddy,rahul.reddy1306@gmail.com,Male,Kolkata,West Bengal,India,17-01-2024
,1307,Aishwarya,Reddy,aishwarya.reddy1307@gmail.com,Female,Kolkata,West Bengal,India,18-12-2023
,1308,Pooja,Rao,pooja.rao1308@gmail.com,Female,Chennai,Tamil Nadu,India,02-10-2023
,1309,Deepika,Verma,deepika.verma1309@gmail.com,Female,Bengaluru,Karnataka,India,14-07-2024
,1310,Pooja,Patel,pooja.patel1310@gmail.com,Female,Chennai,Tamil Nadu,India,31-03-2024
,1311,Divya,Das,divya.das1311@gmail.com,Female,Bengaluru,Karnataka,India,15-01-2025
,1312,Swathi,Rao,swathi.rao1312@gmail.com,Female,Bengaluru,Karnataka,India,02-05-2023
,1313,Rahul,Das,rahul.das1313@gmail.com,Male,Chennai,Tamil Nadu,India,09-03-2023
,1314,Vikram,Verma,vikram.verma1314@gmail.com,Male,Bengaluru,Karnataka,India,02-12-2025
,1315,Amit,Das,amit.das1315@gmail.com,Male,Bengaluru,Karnataka,India,20-06-2025
,1316,Ajay,Rao,ajay.rao1316@gmail.com,Male,Bengaluru,Karnataka,India,09-01-2024
,1317,Rohit,Kumar,rohit.kumar1317@gmail.com,Male,Chennai,Tamil Nadu,India,23-02-2023
,1318,Rohit,Kumar,rohit.kumar1318@gmail.com,Male,Delhi,Delhi,India,28-05-2023
,1319,Manoj,Verma,manoj.verma1319@gmail.com,Male,Delhi,Delhi,India,24-11-2023
,1320,Pooja,Gupta,pooja.gupta1320@gmail.com,Female,Kolkata,West Bengal,India,28-06-2023
,1321,Ajay,Das,ajay.das1321@gmail.com,Male,Pune,Maharashtra,India,12-01-2023
,1322,Vikram,Patel,vikram.patel1322@gmail.com,Male,Pune,Maharashtra,India,07-07-2023
,1323,Deepika,Das,deepika.das1323@gmail.com,Female,Bengaluru,Karnataka,India,21-02-2025
,1324,Neha,Iyer,neha.iyer1324@gmail.com,Female,Bengaluru,Karnataka,India,27-03-2024
,1325,Pooja,Rao,pooja.rao1325@gmail.com,Female,Bengaluru,Karnataka,India,30-09-2023
,1326,Neha,Sharma,neha.sharma1326@gmail.com,Female,Bengaluru,Karnataka,India,14-07-2023
,1327,Ajay,Kumar,ajay.kumar1327@gmail.com,Male,Hyderabad,Telangana,India,10-11-2025
,1328,Aishwarya,Iyer,aishwarya.iyer1328@gmail.com,Female,Delhi,Delhi,India,01-01-2025
,1329,Kavya,Reddy,kavya.reddy1329@gmail.com,Female,Pune,Maharashtra,India,13-10-2025
,1330,Anjali,Rao,anjali.rao1330@gmail.com,Female,Bengaluru,Karnataka,India,20-05-2025
,1331,Ajay,Rao,ajay.rao1331@gmail.com,Male,Bengaluru,Karnataka,India,10-02-2024
,1332,Rohit,Das,rohit.das1332@gmail.com,Male,Delhi,Delhi,India,24-06-2024
,1333,Divya,Verma,divya.verma1333@gmail.com,Female,Hyderabad,Telangana,India,31-07-2024
,1334,Deepika,Das,deepika.das1334@gmail.com,Female,Bengaluru,Karnataka,India,08-10-2024
,1335,Priya,Gupta,priya.gupta1335@gmail.com,Female,Pune,Maharashtra,India,10-10-2023
,1336,Arjun,Gupta,arjun.gupta1336@gmail.com,Male,Kolkata,West Bengal,India,15-07-2023
,1337,Swathi,Nair,swathi.nair1337@gmail.com,Female,Kolkata,West Bengal,India,13-06-2025
,1338,Rahul,Reddy,rahul.reddy1338@gmail.com,Male,Hyderabad,Telangana,India,19-12-2023
,1339,Rohit,Patel,rohit.patel1339@gmail.com,Male,Kolkata,West Bengal,India,07-06-2025
,1340,Pooja,Reddy,pooja.reddy1340@gmail.com,Female,Delhi,Delhi,India,10-01-2024
,1341,Arjun,Iyer,arjun.iyer1341@gmail.com,Male,Chennai,Tamil Nadu,India,31-01-2024
,1342,Aishwarya,Iyer,aishwarya.iyer1342@gmail.com,Female,Delhi,Delhi,India,04-02-2023
,1343,Ajay,Sharma,ajay.sharma1343@gmail.com,Male,Kolkata,West Bengal,India,28-07-2023
,1344,Kavya,Gupta,kavya.gupta1344@gmail.com,Female,Kolkata,West Bengal,India,12-04-2024
,1345,Rohit,Kumar,rohit.kumar1345@gmail.com,Male,Delhi,Delhi,India,09-09-2025
,1346,Arjun,Gupta,arjun.gupta1346@gmail.com,Male,Bengaluru,Karnataka,India,01-06-2024
,1347,Amit,Das,amit.das1347@gmail.com,Male,Delhi,Delhi,India,09-02-2024
,1348,Karan,Verma,karan.verma1348@gmail.com,Male,Pune,Maharashtra,India,01-06-2024
,1349,Vikram,Iyer,vikram.iyer1349@gmail.com,Male,Bengaluru,Karnataka,India,27-05-2024
,1350,Vikram,Iyer,vikram.iyer1350@gmail.com,Male,Bengaluru,Karnataka,India,30-01-2025
,1351,Suresh,Verma,suresh.verma1351@gmail.com,Male,Bengaluru,Karnataka,India,17-01-2023
,1352,Rohit,Verma,rohit.verma1352@gmail.com,Male,Hyderabad,Telangana,India,01-10-2025
,1353,Karan,Patel,karan.patel1353@gmail.com,Male,Pune,Maharashtra,India,17-03-2023
,1354,Neha,Nair,neha.nair1354@gmail.com,Female,Kolkata,West Bengal,India,28-12-2025
,1355,Kavya,Gupta,kavya.gupta1355@gmail.com,Female,Hyderabad,Telangana,India,29-05-2023
,1356,Neha,Das,neha.das1356@gmail.com,Female,Chennai,Tamil Nadu,India,01-09-2025
,1357,Anjali,Nair,anjali.nair1357@gmail.com,Female,Hyderabad,Telangana,India,08-03-2024
,1358,Naveen,Patel,naveen.patel1358@gmail.com,Male,Hyderabad,Telangana,India,16-05-2024
,1359,Rahul,Kumar,rahul.kumar1359@gmail.com,Male,Hyderabad,Telangana,India,19-01-2023
,1360,Vikram,Iyer,vikram.iyer1360@gmail.com,Male,Kolkata,West Bengal,India,20-11-2023
,1361,Ajay,Reddy,ajay.reddy1361@gmail.com,Male,Pune,Maharashtra,India,07-06-2025
,1362,Arjun,Nair,arjun.nair1362@gmail.com,Male,Kolkata,West Bengal,India,06-01-2023
,1363,Priya,Nair,priya.nair1363@gmail.com,Female,Hyderabad,Telangana,India,27-10-2024
,1364,Rohit,Verma,rohit.verma1364@gmail.com,Male,Bengaluru,Karnataka,India,10-04-2023
,1365,Vikram,Sharma,vikram.sharma1365@gmail.com,Male,Pune,Maharashtra,India,18-09-2024
,1366,Rahul,Verma,rahul.verma1366@gmail.com,Male,Kolkata,West Bengal,India,20-05-2023
,1367,Priya,Kumar,priya.kumar1367@gmail.com,Female,Kolkata,West Bengal,India,03-01-2024
,1368,Aishwarya,Nair,aishwarya.nair1368@gmail.com,Female,Delhi,Delhi,India,30-08-2023
,1369,Pooja,Iyer,pooja.iyer1369@gmail.com,Female,Hyderabad,Telangana,India,23-02-2025
,1370,Suresh,Patel,suresh.patel1370@gmail.com,Male,Hyderabad,Telangana,India,14-02-2024
,1371,Swathi,Nair,swathi.nair1371@gmail.com,Female,Hyderabad,Telangana,India,29-11-2025
,1372,Sneha,Das,sneha.das1372@gmail.com,Female,Delhi,Delhi,India,08-07-2025
,1373,Kavya,Reddy,kavya.reddy1373@gmail.com,Female,Hyderabad,Telangana,India,09-03-2025
,1374,Divya,Reddy,divya.reddy1374@gmail.com,Female,Chennai,Tamil Nadu,India,29-11-2025
,1375,Suresh,Reddy,suresh.reddy1375@gmail.com,Male,Pune,Maharashtra,India,02-05-2024
,1376,Naveen,Sharma,naveen.sharma1376@gmail.com,Male,Hyderabad,Telangana,India,17-06-2023
,1377,Manoj,Iyer,manoj.iyer1377@gmail.com,Male,Kolkata,West Bengal,India,12-09-2024
,1378,Sneha,Verma,sneha.verma1378@gmail.com,Female,Delhi,Delhi,India,09-04-2025
,1379,Aishwarya,Sharma,aishwarya.sharma1379@gmail.com,Female,Hyderabad,Telangana,India,15-01-2025
,1380,Ajay,Verma,ajay.verma1380@gmail.com,Male,Delhi,Delhi,India,25-02-2023
,1381,Naveen,Patel,naveen.patel1381@gmail.com,Male,Kolkata,West Bengal,India,16-06-2023
,1382,Naveen,Patel,naveen.patel1382@gmail.com,Male,Chennai,Tamil Nadu,India,26-11-2025
,1383,Arjun,Gupta,arjun.gupta1383@gmail.com,Male,Hyderabad,Telangana,India,22-06-2025
,1384,Deepika,Patel,deepika.patel1384@gmail.com,Female,Pune,Maharashtra,India,07-04-2023
,1385,Naveen,Nair,naveen.nair1385@gmail.com,Male,Pune,Maharashtra,India,30-04-2023
,1386,Rahul,Nair,rahul.nair1386@gmail.com,Male,Delhi,Delhi,India,16-03-2024
,1387,Swathi,Gupta,swathi.gupta1387@gmail.com,Female,Bengaluru,Karnataka,India,14-06-2025
,1388,Vikram,Iyer,vikram.iyer1388@gmail.com,Male,Chennai,Tamil Nadu,India,28-10-2024
,1389,Aishwarya,Gupta,aishwarya.gupta1389@gmail.com,Female,Kolkata,West Bengal,India,08-11-2025
,1390,Rahul,Rao,rahul.rao1390@gmail.com,Male,Hyderabad,Telangana,India,28-11-2024
,1391,Rohit,Verma,rohit.verma1391@gmail.com,Male,Pune,Maharashtra,India,07-11-2025
,1392,Pooja,Kumar,pooja.kumar1392@gmail.com,Female,Bengaluru,Karnataka,India,24-04-2025
,1393,Deepika,Das,deepika.das1393@gmail.com,Female,Bengaluru,Karnataka,India,08-06-2025
,1394,Pooja,Das,pooja.das1394@gmail.com,Female,Bengaluru,Karnataka,India,04-10-2023
,1395,Naveen,Sharma,naveen.sharma1395@gmail.com,Male,Delhi,Delhi,India,11-06-2024
,1396,Rohit,Gupta,rohit.gupta1396@gmail.com,Male,Kolkata,West Bengal,India,02-02-2024
,1397,Swathi,Reddy,swathi.reddy1397@gmail.com,Female,Kolkata,West Bengal,India,16-07-2023
,1398,Sneha,Reddy,sneha.reddy1398@gmail.com,Female,Hyderabad,Telangana,India,18-12-2025
,1399,Priya,Patel,priya.patel1399@gmail.com,Female,Hyderabad,Telangana,India,11-03-2025
,1400,Kavya,Kumar,kavya.kumar1400@gmail.com,Female,Kolkata,West Bengal,India,08-08-2024
,1401,Deepika,Nair,deepika.nair1401@gmail.com,Female,Chennai,Tamil Nadu,India,21-03-2025
,1402,Suresh,Reddy,suresh.reddy1402@gmail.com,Male,Chennai,Tamil Nadu,India,22-11-2024
,1403,Priya,Verma,priya.verma1403@gmail.com,Female,Bengaluru,Karnataka,India,05-06-2023
,1404,Rohit,Gupta,rohit.gupta1404@gmail.com,Male,Hyderabad,Telangana,India,31-08-2025
,1405,Pooja,Das,pooja.das1405@gmail.com,Female,Pune,Maharashtra,India,12-01-2024
,1406,Arjun,Verma,arjun.verma1406@gmail.com,Male,Bengaluru,Karnataka,India,21-12-2025
,1407,Ajay,Kumar,ajay.kumar1407@gmail.com,Male,Delhi,Delhi,India,10-12-2025
,1408,Arjun,Rao,arjun.rao1408@gmail.com,Male,Bengaluru,Karnataka,India,04-11-2024
,1409,Pooja,Verma,pooja.verma1409@gmail.com,Female,Pune,Maharashtra,India,26-02-2024
,1410,Priya,Nair,priya.nair1410@gmail.com,Female,Bengaluru,Karnataka,India,17-02-2025
,1411,Priya,Iyer,priya.iyer1411@gmail.com,Female,Kolkata,West Bengal,India,07-02-2025
,1412,Rahul,Patel,rahul.patel1412@gmail.com,Male,Hyderabad,Telangana,India,02-06-2024
,1413,Amit,Das,amit.das1413@gmail.com,Male,Delhi,Delhi,India,04-08-2025
,1414,Deepika,Rao,deepika.rao1414@gmail.com,Female,Delhi,Delhi,India,19-05-2024
,1415,Pooja,Patel,pooja.patel1415@gmail.com,Female,Delhi,Delhi,India,01-02-2025
,1416,Rahul,Das,rahul.das1416@gmail.com,Male,Delhi,Delhi,India,20-09-2025
,1417,Suresh,Reddy,suresh.reddy1417@gmail.com,Male,Chennai,Tamil Nadu,India,05-08-2025
,1418,Divya,Nair,divya.nair1418@gmail.com,Female,Bengaluru,Karnataka,India,27-01-2024
,1419,Manoj,Kumar,manoj.kumar1419@gmail.com,Male,Chennai,Tamil Nadu,India,07-06-2025
,1420,Vikram,Das,vikram.das1420@gmail.com,Male,Kolkata,West Bengal,India,29-10-2024
,1421,Naveen,Kumar,naveen.kumar1421@gmail.com,Male,Chennai,Tamil Nadu,India,29-07-2023
,1422,Rohit,Gupta,rohit.gupta1422@gmail.com,Male,Kolkata,West Bengal,India,16-06-2024
,1423,Neha,Rao,neha.rao1423@gmail.com,Female,Hyderabad,Telangana,India,09-07-2025
,1424,Swathi,Das,swathi.das1424@gmail.com,Female,Pune,Maharashtra,India,13-08-2023
,1425,Rahul,Patel,rahul.patel1425@gmail.com,Male,Kolkata,West Bengal,India,19-09-2023
,1426,Arjun,Patel,arjun.patel1426@gmail.com,Male,Hyderabad,Telangana,India,15-11-2024
,1427,Rohit,Iyer,rohit.iyer1427@gmail.com,Male,Hyderabad,Telangana,India,06-04-2023
,1428,Amit,Reddy,amit.reddy1428@gmail.com,Male,Hyderabad,Telangana,India,05-06-2023
,1429,Ajay,Sharma,ajay.sharma1429@gmail.com,Male,Delhi,Delhi,India,11-09-2025
,1430,Aishwarya,Verma,aishwarya.verma1430@gmail.com,Female,Hyderabad,Telangana,India,20-04-2024
,1431,Amit,Das,amit.das1431@gmail.com,Male,Hyderabad,Telangana,India,02-05-2024
,1432,Pooja,Iyer,pooja.iyer1432@gmail.com,Female,Hyderabad,Telangana,India,20-03-2025
,1433,Naveen,Sharma,naveen.sharma1433@gmail.com,Male,Pune,Maharashtra,India,18-03-2023
,1434,Kavya,Patel,kavya.patel1434@gmail.com,Female,Pune,Maharashtra,India,25-01-2023
,1435,Rahul,Sharma,rahul.sharma1435@gmail.com,Male,Hyderabad,Telangana,India,30-09-2025
,1436,Divya,Verma,divya.verma1436@gmail.com,Female,Chennai,Tamil Nadu,India,14-02-2025
,1437,Priya,Nair,priya.nair1437@gmail.com,Female,Kolkata,West Bengal,India,19-06-2024
,1438,Deepika,Verma,deepika.verma1438@gmail.com,Female,Hyderabad,Telangana,India,15-12-2025
,1439,Sneha,Iyer,sneha.iyer1439@gmail.com,Female,Delhi,Delhi,India,08-04-2025
,1440,Ajay,Nair,ajay.nair1440@gmail.com,Male,Chennai,Tamil Nadu,India,20-02-2023
,1441,Manoj,Iyer,manoj.iyer1441@gmail.com,Male,Pune,Maharashtra,India,04-04-2023
,1442,Deepika,Gupta,deepika.gupta1442@gmail.com,Female,Kolkata,West Bengal,India,06-01-2023
,1443,Kavya,Kumar,kavya.kumar1443@gmail.com,Female,Chennai,Tamil Nadu,India,17-08-2025
,1444,Sneha,Gupta,sneha.gupta1444@gmail.com,Female,Kolkata,West Bengal,India,18-04-2023
,1445,Pooja,Rao,pooja.rao1445@gmail.com,Female,Bengaluru,Karnataka,India,29-03-2025
,1446,Suresh,Iyer,suresh.iyer1446@gmail.com,Male,Chennai,Tamil Nadu,India,27-10-2023
,1447,Pooja,Rao,pooja.rao1447@gmail.com,Female,Delhi,Delhi,India,15-08-2024
,1448,Arjun,Kumar,arjun.kumar1448@gmail.com,Male,Kolkata,West Bengal,India,03-05-2023
,1449,Amit,Reddy,amit.reddy1449@gmail.com,Male,Pune,Maharashtra,India,02-05-2024
,1450,Kavya,Rao,kavya.rao1450@gmail.com,Female,Chennai,Tamil Nadu,India,28-10-2024
,1451,Rahul,Patel,rahul.patel1451@gmail.com,Male,Hyderabad,Telangana,India,22-11-2025
,1452,Divya,Reddy,divya.reddy1452@gmail.com,Female,Hyderabad,Telangana,India,25-12-2023
,1453,Divya,Sharma,divya.sharma1453@gmail.com,Female,Chennai,Tamil Nadu,India,08-07-2024
,1454,Priya,Verma,priya.verma1454@gmail.com,Female,Bengaluru,Karnataka,India,02-01-2023
,1455,Aishwarya,Verma,aishwarya.verma1455@gmail.com,Female,Pune,Maharashtra,India,05-11-2024
,1456,Arjun,Nair,arjun.nair1456@gmail.com,Male,Bengaluru,Karnataka,India,13-09-2024
,1457,Manoj,Verma,manoj.verma1457@gmail.com,Male,Hyderabad,Telangana,India,04-11-2025
,1458,Ajay,Verma,ajay.verma1458@gmail.com,Male,Bengaluru,Karnataka,India,12-11-2023
,1459,Kavya,Sharma,kavya.sharma1459@gmail.com,Female,Delhi,Delhi,India,12-06-2024
,1460,Arjun,Iyer,arjun.iyer1460@gmail.com,Male,Kolkata,West Bengal,India,04-12-2025
,1461,Anjali,Reddy,anjali.reddy1461@gmail.com,Female,Pune,Maharashtra,India,15-03-2025
,1462,Manoj,Iyer,manoj.iyer1462@gmail.com,Male,Pune,Maharashtra,India,30-05-2024
,1463,Arjun,Das,arjun.das1463@gmail.com,Male,Pune,Maharashtra,India,08-11-2023
,1464,Amit,Verma,amit.verma1464@gmail.com,Male,Bengaluru,Karnataka,India,19-09-2024
,1465,Vikram,Kumar,vikram.kumar1465@gmail.com,Male,Delhi,Delhi,India,31-07-2024
,1466,Aishwarya,Reddy,aishwarya.reddy1466@gmail.com,Female,Hyderabad,Telangana,India,07-08-2023
,1467,Rohit,Nair,rohit.nair1467@gmail.com,Male,Bengaluru,Karnataka,India,28-11-2023
,1468,Rahul,Sharma,rahul.sharma1468@gmail.com,Male,Delhi,Delhi,India,01-04-2025
,1469,Arjun,Patel,arjun.patel1469@gmail.com,Male,Hyderabad,Telangana,India,18-04-2023
,1470,Swathi,Verma,swathi.verma1470@gmail.com,Female,Delhi,Delhi,India,23-03-2025
,1471,Kavya,Patel,kavya.patel1471@gmail.com,Female,Chennai,Tamil Nadu,India,11-06-2025
,1472,Swathi,Rao,swathi.rao1472@gmail.com,Female,Pune,Maharashtra,India,18-09-2023
,1473,Sneha,Gupta,sneha.gupta1473@gmail.com,Female,Hyderabad,Telangana,India,31-07-2024
,1474,Sneha,Patel,sneha.patel1474@gmail.com,Female,Hyderabad,Telangana,India,28-10-2024
,1475,Pooja,Patel,pooja.patel1475@gmail.com,Female,Kolkata,West Bengal,India,11-09-2025
,1476,Neha,Das,neha.das1476@gmail.com,Female,Delhi,Delhi,India,01-09-2023
,1477,Sneha,Das,sneha.das1477@gmail.com,Female,Hyderabad,Telangana,India,25-05-2025
,1478,Swathi,Gupta,swathi.gupta1478@gmail.com,Female,Hyderabad,Telangana,India,31-07-2023
,1479,Naveen,Reddy,naveen.reddy1479@gmail.com,Male,Chennai,Tamil Nadu,India,04-06-2025
,1480,Amit,Iyer,amit.iyer1480@gmail.com,Male,Hyderabad,Telangana,India,03-12-2024
,1481,Sneha,Rao,sneha.rao1481@gmail.com,Female,Kolkata,West Bengal,India,22-06-2023
,1482,Anjali,Gupta,anjali.gupta1482@gmail.com,Female,Hyderabad,Telangana,India,20-11-2025
,1483,Vikram,Kumar,vikram.kumar1483@gmail.com,Male,Hyderabad,Telangana,India,16-08-2025
,1484,Deepika,Iyer,deepika.iyer1484@gmail.com,Female,Chennai,Tamil Nadu,India,12-10-2023
,1485,Vikram,Rao,vikram.rao1485@gmail.com,Male,Delhi,Delhi,India,26-04-2025
,1486,Vikram,Rao,vikram.rao1486@gmail.com,Male,Hyderabad,Telangana,India,05-02-2025
,1487,Suresh,Sharma,suresh.sharma1487@gmail.com,Male,Hyderabad,Telangana,India,21-04-2025
,1488,Rahul,Verma,rahul.verma1488@gmail.com,Male,Kolkata,West Bengal,India,29-03-2024
,1489,Neha,Patel,neha.patel1489@gmail.com,Female,Hyderabad,Telangana,India,31-01-2025
,1490,Neha,Kumar,neha.kumar1490@gmail.com,Female,Hyderabad,Telangana,India,09-08-2023
,1491,Rahul,Gupta,rahul.gupta1491@gmail.com,Male,Chennai,Tamil Nadu,India,24-08-2023
,1492,Neha,Kumar,neha.kumar1492@gmail.com,Female,Chennai,Tamil Nadu,India,06-05-2025
,1493,Karan,Das,karan.das1493@gmail.com,Male,Chennai,Tamil Nadu,India,22-05-2025
,1494,Pooja,Nair,pooja.nair1494@gmail.com,Female,Pune,Maharashtra,India,07-10-2025
,1495,Priya,Iyer,priya.iyer1495@gmail.com,Female,Chennai,Tamil Nadu,India,12-11-2025
,1496,Amit,Reddy,amit.reddy1496@gmail.com,Male,Delhi,Delhi,India,09-12-2024
,1497,Sneha,Patel,sneha.patel1497@gmail.com,Female,Bengaluru,Karnataka,India,17-10-2025
,1498,Swathi,Rao,swathi.rao1498@gmail.com,Female,Hyderabad,Telangana,India,27-12-2025
,1499,Amit,Verma,amit.verma1499@gmail.com,Male,Bengaluru,Karnataka,India,29-02-2024
,1500,Suresh,Reddy,suresh.reddy1500@gmail.com,Male,Chennai,Tamil Nadu,India,10-09-2024
,1501,Sneha,Reddy,sneha.reddy1501@gmail.com,Female,Chennai,Tamil Nadu,India,26-10-2024
,1502,Kavya,Verma,kavya.verma1502@gmail.com,Female,Delhi,Delhi,India,11-06-2023
,1503,Divya,Sharma,divya.sharma1503@gmail.com,Female,Kolkata,West Bengal,India,05-04-2025
,1504,Divya,Iyer,divya.iyer1504@gmail.com,Female,Bengaluru,Karnataka,India,30-06-2024
,1505,Ajay,Reddy,ajay.reddy1505@gmail.com,Male,Bengaluru,Karnataka,India,17-07-2025
,1506,Anjali,Das,anjali.das1506@gmail.com,Female,Kolkata,West Bengal,India,15-03-2025
,1507,Karan,Gupta,karan.gupta1507@gmail.com,Male,Pune,Maharashtra,India,14-07-2024
,1508,Rahul,Rao,rahul.rao1508@gmail.com,Male,Pune,Maharashtra,India,25-02-2025
,1509,Manoj,Kumar,manoj.kumar1509@gmail.com,Male,Delhi,Delhi,India,20-01-2023
,1510,Neha,Kumar,neha.kumar1510@gmail.com,Female,Pune,Maharashtra,India,19-10-2025
,1511,Manoj,Patel,manoj.patel1511@gmail.com,Male,Pune,Maharashtra,India,02-03-2024
,1512,Aishwarya,Iyer,aishwarya.iyer1512@gmail.com,Female,Chennai,Tamil Nadu,India,30-12-2024
,1513,Sneha,Sharma,sneha.sharma1513@gmail.com,Female,Chennai,Tamil Nadu,India,02-03-2023
,1514,Divya,Iyer,divya.iyer1514@gmail.com,Female,Bengaluru,Karnataka,India,10-06-2025
,1515,Ajay,Sharma,ajay.sharma1515@gmail.com,Male,Hyderabad,Telangana,India,22-03-2024
,1516,Swathi,Sharma,swathi.sharma1516@gmail.com,Female,Kolkata,West Bengal,India,14-06-2024
,1517,Anjali,Iyer,anjali.iyer1517@gmail.com,Female,Kolkata,West Bengal,India,26-02-2024
,1518,Aishwarya,Iyer,aishwarya.iyer1518@gmail.com,Female,Chennai,Tamil Nadu,India,12-01-2024
,1519,Vikram,Nair,vikram.nair1519@gmail.com,Male,Pune,Maharashtra,India,15-02-2023
,1520,Vikram,Kumar,vikram.kumar1520@gmail.com,Male,Kolkata,West Bengal,India,31-01-2024
,1521,Arjun,Nair,arjun.nair1521@gmail.com,Male,Kolkata,West Bengal,India,07-08-2024
,1522,Rohit,Das,rohit.das1522@gmail.com,Male,Bengaluru,Karnataka,India,17-07-2023
,1523,Pooja,Rao,pooja.rao1523@gmail.com,Female,Hyderabad,Telangana,India,07-07-2024
,1524,Pooja,Rao,pooja.rao1524@gmail.com,Female,Pune,Maharashtra,India,06-06-2024
,1525,Karan,Kumar,karan.kumar1525@gmail.com,Male,Bengaluru,Karnataka,India,19-10-2024
,1526,Suresh,Gupta,suresh.gupta1526@gmail.com,Male,Pune,Maharashtra,India,18-02-2023
,1527,Pooja,Sharma,pooja.sharma1527@gmail.com,Female,Chennai,Tamil Nadu,India,11-07-2024
,1528,Karan,Kumar,karan.kumar1528@gmail.com,Male,Delhi,Delhi,India,22-01-2025
,1529,Sneha,Rao,sneha.rao1529@gmail.com,Female,Bengaluru,Karnataka,India,24-05-2025
,1530,Sneha,Das,sneha.das1530@gmail.com,Female,Hyderabad,Telangana,India,18-10-2025
,1531,Divya,Rao,divya.rao1531@gmail.com,Female,Chennai,Tamil Nadu,India,29-03-2023
,1532,Neha,Das,neha.das1532@gmail.com,Female,Pune,Maharashtra,India,07-01-2024
,1533,Swathi,Kumar,swathi.kumar1533@gmail.com,Female,Bengaluru,Karnataka,India,15-05-2024
,1534,Deepika,Verma,deepika.verma1534@gmail.com,Female,Bengaluru,Karnataka,India,22-05-2024
,1535,Amit,Patel,amit.patel1535@gmail.com,Male,Kolkata,West Bengal,India,08-12-2025
,1536,Arjun,Rao,arjun.rao1536@gmail.com,Male,Kolkata,West Bengal,India,09-10-2025
,1537,Swathi,Kumar,swathi.kumar1537@gmail.com,Female,Kolkata,West Bengal,India,29-04-2023
,1538,Karan,Nair,karan.nair1538@gmail.com,Male,Chennai,Tamil Nadu,India,02-09-2025
,1539,Amit,Kumar,amit.kumar1539@gmail.com,Male,Delhi,Delhi,India,25-06-2023
,1540,Divya,Verma,divya.verma1540@gmail.com,Female,Hyderabad,Telangana,India,01-11-2023
,1541,Rahul,Rao,rahul.rao1541@gmail.com,Male,Chennai,Tamil Nadu,India,01-11-2023
,1542,Anjali,Gupta,anjali.gupta1542@gmail.com,Female,Bengaluru,Karnataka,India,15-11-2024
,1543,Sneha,Iyer,sneha.iyer1543@gmail.com,Female,Pune,Maharashtra,India,26-03-2025
,1544,Rohit,Sharma,rohit.sharma1544@gmail.com,Male,Hyderabad,Telangana,India,27-09-2025
,1545,Karan,Rao,karan.rao1545@gmail.com,Male,Chennai,Tamil Nadu,India,29-08-2023
,1546,Kavya,Das,kavya.das1546@gmail.com,Female,Delhi,Delhi,India,21-11-2024
,1547,Rahul,Patel,rahul.patel1547@gmail.com,Male,Chennai,Tamil Nadu,India,12-10-2024
,1548,Sneha,Nair,sneha.nair1548@gmail.com,Female,Delhi,Delhi,India,30-03-2023
,1549,Neha,Iyer,neha.iyer1549@gmail.com,Female,Hyderabad,Telangana,India,07-07-2024
,1550,Pooja,Rao,pooja.rao1550@gmail.com,Female,Delhi,Delhi,India,20-01-2024
,1551,Anjali,Verma,anjali.verma1551@gmail.com,Female,Bengaluru,Karnataka,India,06-12-2024
,1552,Kavya,Verma,kavya.verma1552@gmail.com,Female,Kolkata,West Bengal,India,18-06-2023
,1553,Manoj,Reddy,manoj.reddy1553@gmail.com,Male,Delhi,Delhi,India,14-12-2025
,1554,Swathi,Das,swathi.das1554@gmail.com,Female,Kolkata,West Bengal,India,02-06-2024
,1555,Priya,Nair,priya.nair1555@gmail.com,Female,Chennai,Tamil Nadu,India,08-07-2024
,1556,Vikram,Reddy,vikram.reddy1556@gmail.com,Male,Hyderabad,Telangana,India,29-02-2024
,1557,Karan,Reddy,karan.reddy1557@gmail.com,Male,Delhi,Delhi,India,06-07-2024
,1558,Ajay,Nair,ajay.nair1558@gmail.com,Male,Pune,Maharashtra,India,07-01-2023
,1559,Neha,Sharma,neha.sharma1559@gmail.com,Female,Chennai,Tamil Nadu,India,02-08-2023
,1560,Deepika,Sharma,deepika.sharma1560@gmail.com,Female,Hyderabad,Telangana,India,06-10-2023
,1561,Swathi,Reddy,swathi.reddy1561@gmail.com,Female,Bengaluru,Karnataka,India,15-11-2025
,1562,Anjali,Rao,anjali.rao1562@gmail.com,Female,Hyderabad,Telangana,India,23-07-2024
,1563,Sneha,Patel,sneha.patel1563@gmail.com,Female,Delhi,Delhi,India,30-07-2025
,1564,Deepika,Verma,deepika.verma1564@gmail.com,Female,Chennai,Tamil Nadu,India,31-12-2025
,1565,Naveen,Patel,naveen.patel1565@gmail.com,Male,Bengaluru,Karnataka,India,03-02-2023
,1566,Rohit,Patel,rohit.patel1566@gmail.com,Male,Pune,Maharashtra,India,12-04-2024
,1567,Amit,Nair,amit.nair1567@gmail.com,Male,Bengaluru,Karnataka,India,12-03-2023
,1568,Ajay,Iyer,ajay.iyer1568@gmail.com,Male,Kolkata,West Bengal,India,08-03-2024
,1569,Pooja,Patel,pooja.patel1569@gmail.com,Female,Bengaluru,Karnataka,India,07-08-2025
,1570,Anjali,Sharma,anjali.sharma1570@gmail.com,Female,Pune,Maharashtra,India,03-03-2024
,1571,Sneha,Patel,sneha.patel1571@gmail.com,Female,Hyderabad,Telangana,India,07-08-2023
,1572,Rohit,Rao,rohit.rao1572@gmail.com,Male,Chennai,Tamil Nadu,India,31-10-2023
,1573,Vikram,Das,vikram.das1573@gmail.com,Male,Delhi,Delhi,India,08-10-2025
,1574,Deepika,Sharma,deepika.sharma1574@gmail.com,Female,Bengaluru,Karnataka,India,06-11-2024
,1575,Neha,Verma,neha.verma1575@gmail.com,Female,Hyderabad,Telangana,India,06-05-2024
,1576,Aishwarya,Nair,aishwarya.nair1576@gmail.com,Female,Bengaluru,Karnataka,India,24-05-2025
,1577,Divya,Gupta,divya.gupta1577@gmail.com,Female,Chennai,Tamil Nadu,India,05-07-2023
,1578,Priya,Kumar,priya.kumar1578@gmail.com,Female,Kolkata,West Bengal,India,22-08-2023
,1579,Swathi,Iyer,swathi.iyer1579@gmail.com,Female,Bengaluru,Karnataka,India,03-09-2023
,1580,Priya,Patel,priya.patel1580@gmail.com,Female,Chennai,Tamil Nadu,India,01-02-2023
,1581,Amit,Gupta,amit.gupta1581@gmail.com,Male,Hyderabad,Telangana,India,25-10-2024
,1582,Karan,Patel,karan.patel1582@gmail.com,Male,Hyderabad,Telangana,India,05-06-2024
,1583,Swathi,Nair,swathi.nair1583@gmail.com,Female,Delhi,Delhi,India,23-04-2024
,1584,Rohit,Verma,rohit.verma1584@gmail.com,Male,Pune,Maharashtra,India,29-07-2025
,1585,Amit,Nair,amit.nair1585@gmail.com,Male,Kolkata,West Bengal,India,17-03-2024
,1586,Ajay,Das,ajay.das1586@gmail.com,Male,Hyderabad,Telangana,India,24-09-2023
,1587,Manoj,Sharma,manoj.sharma1587@gmail.com,Male,Hyderabad,Telangana,India,17-04-2025
,1588,Naveen,Verma,naveen.verma1588@gmail.com,Male,Chennai,Tamil Nadu,India,13-04-2024
,1589,Divya,Patel,divya.patel1589@gmail.com,Female,Chennai,Tamil Nadu,India,27-10-2024
,1590,Ajay,Das,ajay.das1590@gmail.com,Male,Bengaluru,Karnataka,India,26-11-2025
,1591,Sneha,Kumar,sneha.kumar1591@gmail.com,Female,Chennai,Tamil Nadu,India,08-02-2023
,1592,Vikram,Nair,vikram.nair1592@gmail.com,Male,Chennai,Tamil Nadu,India,25-12-2023
,1593,Priya,Iyer,priya.iyer1593@gmail.com,Female,Delhi,Delhi,India,21-10-2024
,1594,Arjun,Gupta,arjun.gupta1594@gmail.com,Male,Chennai,Tamil Nadu,India,01-11-2023
,1595,Pooja,Das,pooja.das1595@gmail.com,Female,Kolkata,West Bengal,India,18-07-2024
,1596,Anjali,Gupta,anjali.gupta1596@gmail.com,Female,Pune,Maharashtra,India,17-06-2025
,1597,Manoj,Reddy,manoj.reddy1597@gmail.com,Male,Chennai,Tamil Nadu,India,29-01-2024
,1598,Anjali,Patel,anjali.patel1598@gmail.com,Female,Kolkata,West Bengal,India,11-11-2024
,1599,Suresh,Gupta,suresh.gupta1599@gmail.com,Male,Hyderabad,Telangana,India,30-08-2025
,1600,Anjali,Kumar,anjali.kumar1600@gmail.com,Female,Delhi,Delhi,India,21-05-2025
,1601,Anjali,Rao,anjali.rao1601@gmail.com,Female,Pune,Maharashtra,India,28-02-2024
,1602,Pooja,Reddy,pooja.reddy1602@gmail.com,Female,Bengaluru,Karnataka,India,06-01-2025
,1603,Aishwarya,Rao,aishwarya.rao1603@gmail.com,Female,Chennai,Tamil Nadu,India,28-02-2024
,1604,Arjun,Kumar,arjun.kumar1604@gmail.com,Male,Kolkata,West Bengal,India,27-06-2024
,1605,Suresh,Reddy,suresh.reddy1605@gmail.com,Male,Delhi,Delhi,India,16-06-2024
,1606,Karan,Verma,karan.verma1606@gmail.com,Male,Pune,Maharashtra,India,19-10-2025
,1607,Deepika,Patel,deepika.patel1607@gmail.com,Female,Pune,Maharashtra,India,27-07-2024
,1608,Priya,Das,priya.das1608@gmail.com,Female,Kolkata,West Bengal,India,21-08-2023
,1609,Amit,Reddy,amit.reddy1609@gmail.com,Male,Chennai,Tamil Nadu,India,12-06-2024
,1610,Manoj,Nair,manoj.nair1610@gmail.com,Male,Bengaluru,Karnataka,India,10-05-2024
,1611,Aishwarya,Kumar,aishwarya.kumar1611@gmail.com,Female,Hyderabad,Telangana,India,05-04-2023
,1612,Pooja,Verma,pooja.verma1612@gmail.com,Female,Hyderabad,Telangana,India,30-12-2024
,1613,Sneha,Patel,sneha.patel1613@gmail.com,Female,Chennai,Tamil Nadu,India,25-10-2024
,1614,Pooja,Gupta,pooja.gupta1614@gmail.com,Female,Chennai,Tamil Nadu,India,27-06-2023
,1615,Amit,Verma,amit.verma1615@gmail.com,Male,Chennai,Tamil Nadu,India,21-02-2025
,1616,Deepika,Reddy,deepika.reddy1616@gmail.com,Female,Kolkata,West Bengal,India,11-06-2025
,1617,Pooja,Patel,pooja.patel1617@gmail.com,Female,Kolkata,West Bengal,India,04-12-2023
,1618,Anjali,Das,anjali.das1618@gmail.com,Female,Delhi,Delhi,India,23-12-2023
,1619,Karan,Kumar,karan.kumar1619@gmail.com,Male,Chennai,Tamil Nadu,India,18-11-2025
,1620,Anjali,Rao,anjali.rao1620@gmail.com,Female,Kolkata,West Bengal,India,08-05-2025
,1621,Anjali,Sharma,anjali.sharma1621@gmail.com,Female,Pune,Maharashtra,India,26-06-2023
,1622,Rohit,Reddy,rohit.reddy1622@gmail.com,Male,Delhi,Delhi,India,03-05-2023
,1623,Arjun,Gupta,arjun.gupta1623@gmail.com,Male,Pune,Maharashtra,India,11-08-2023
,1624,Suresh,Reddy,suresh.reddy1624@gmail.com,Male,Chennai,Tamil Nadu,India,27-08-2024
,1625,Anjali,Reddy,anjali.reddy1625@gmail.com,Female,Hyderabad,Telangana,India,04-12-2023
,1626,Neha,Reddy,neha.reddy1626@gmail.com,Female,Bengaluru,Karnataka,India,12-09-2024
,1627,Anjali,Rao,anjali.rao1627@gmail.com,Female,Pune,Maharashtra,India,06-05-2024
,1628,Divya,Verma,divya.verma1628@gmail.com,Female,Chennai,Tamil Nadu,India,06-11-2024
,1629,Sneha,Rao,sneha.rao1629@gmail.com,Female,Chennai,Tamil Nadu,India,29-08-2023
,1630,Deepika,Verma,deepika.verma1630@gmail.com,Female,Bengaluru,Karnataka,India,03-11-2024
,1631,Neha,Sharma,neha.sharma1631@gmail.com,Female,Chennai,Tamil Nadu,India,20-07-2023
,1632,Arjun,Nair,arjun.nair1632@gmail.com,Male,Pune,Maharashtra,India,11-10-2024
,1633,Arjun,Gupta,arjun.gupta1633@gmail.com,Male,Kolkata,West Bengal,India,13-09-2023
,1634,Divya,Kumar,divya.kumar1634@gmail.com,Female,Kolkata,West Bengal,India,11-11-2023
,1635,Swathi,Sharma,swathi.sharma1635@gmail.com,Female,Pune,Maharashtra,India,14-09-2024
,1636,Aishwarya,Verma,aishwarya.verma1636@gmail.com,Female,Kolkata,West Bengal,India,06-10-2024
,1637,Rohit,Rao,rohit.rao1637@gmail.com,Male,Hyderabad,Telangana,India,30-12-2024
,1638,Swathi,Gupta,swathi.gupta1638@gmail.com,Female,Bengaluru,Karnataka,India,25-05-2023
,1639,Sneha,Patel,sneha.patel1639@gmail.com,Female,Kolkata,West Bengal,India,31-05-2025
,1640,Amit,Rao,amit.rao1640@gmail.com,Male,Pune,Maharashtra,India,05-01-2024
,1641,Aishwarya,Rao,aishwarya.rao1641@gmail.com,Female,Delhi,Delhi,India,01-10-2023
,1642,Rahul,Reddy,rahul.reddy1642@gmail.com,Male,Kolkata,West Bengal,India,24-06-2025
,1643,Karan,Sharma,karan.sharma1643@gmail.com,Male,Bengaluru,Karnataka,India,22-01-2023
,1644,Arjun,Nair,arjun.nair1644@gmail.com,Male,Chennai,Tamil Nadu,India,02-11-2023
,1645,Naveen,Das,naveen.das1645@gmail.com,Male,Hyderabad,Telangana,India,07-09-2025
,1646,Priya,Patel,priya.patel1646@gmail.com,Female,Kolkata,West Bengal,India,09-10-2024
,1647,Aishwarya,Iyer,aishwarya.iyer1647@gmail.com,Female,Delhi,Delhi,India,15-01-2025
,1648,Anjali,Das,anjali.das1648@gmail.com,Female,Hyderabad,Telangana,India,22-09-2023
,1649,Priya,Iyer,priya.iyer1649@gmail.com,Female,Chennai,Tamil Nadu,India,01-11-2023
,1650,Rohit,Iyer,rohit.iyer1650@gmail.com,Male,Kolkata,West Bengal,India,25-03-2025
,1651,Deepika,Sharma,deepika.sharma1651@gmail.com,Female,Kolkata,West Bengal,India,07-10-2025
,1652,Rahul,Iyer,rahul.iyer1652@gmail.com,Male,Delhi,Delhi,India,01-07-2023
,1653,Divya,Patel,divya.patel1653@gmail.com,Female,Pune,Maharashtra,India,05-07-2025
,1654,Ajay,Rao,ajay.rao1654@gmail.com,Male,Chennai,Tamil Nadu,India,29-06-2025
,1655,Aishwarya,Das,aishwarya.das1655@gmail.com,Female,Chennai,Tamil Nadu,India,11-12-2024
,1656,Kavya,Nair,kavya.nair1656@gmail.com,Female,Delhi,Delhi,India,26-04-2025
,1657,Naveen,Kumar,naveen.kumar1657@gmail.com,Male,Kolkata,West Bengal,India,16-09-2023
,1658,Kavya,Patel,kavya.patel1658@gmail.com,Female,Bengaluru,Karnataka,India,07-05-2024
,1659,Rohit,Sharma,rohit.sharma1659@gmail.com,Male,Hyderabad,Telangana,India,14-07-2024
,1660,Priya,Sharma,priya.sharma1660@gmail.com,Female,Chennai,Tamil Nadu,India,07-05-2025
,1661,Aishwarya,Nair,aishwarya.nair1661@gmail.com,Female,Chennai,Tamil Nadu,India,06-09-2024
,1662,Ajay,Iyer,ajay.iyer1662@gmail.com,Male,Hyderabad,Telangana,India,08-08-2024
,1663,Priya,Verma,priya.verma1663@gmail.com,Female,Hyderabad,Telangana,India,22-10-2024
,1664,Naveen,Sharma,naveen.sharma1664@gmail.com,Male,Kolkata,West Bengal,India,27-09-2025
,1665,Karan,Gupta,karan.gupta1665@gmail.com,Male,Pune,Maharashtra,India,16-08-2023
,1666,Priya,Das,priya.das1666@gmail.com,Female,Pune,Maharashtra,India,16-12-2024
,1667,Deepika,Verma,deepika.verma1667@gmail.com,Female,Pune,Maharashtra,India,07-11-2024
,1668,Pooja,Reddy,pooja.reddy1668@gmail.com,Female,Bengaluru,Karnataka,India,17-02-2023
,1669,Ajay,Rao,ajay.rao1669@gmail.com,Male,Kolkata,West Bengal,India,04-10-2024
,1670,Naveen,Verma,naveen.verma1670@gmail.com,Male,Delhi,Delhi,India,03-02-2025
,1671,Suresh,Rao,suresh.rao1671@gmail.com,Male,Pune,Maharashtra,India,09-11-2024
,1672,Aishwarya,Sharma,aishwarya.sharma1672@gmail.com,Female,Delhi,Delhi,India,28-12-2025
,1673,Aishwarya,Kumar,aishwarya.kumar1673@gmail.com,Female,Delhi,Delhi,India,22-02-2025
,1674,Priya,Kumar,priya.kumar1674@gmail.com,Female,Hyderabad,Telangana,India,20-02-2023
,1675,Pooja,Sharma,pooja.sharma1675@gmail.com,Female,Pune,Maharashtra,India,12-04-2023
,1676,Karan,Rao,karan.rao1676@gmail.com,Male,Kolkata,West Bengal,India,19-12-2025
,1677,Sneha,Das,sneha.das1677@gmail.com,Female,Pune,Maharashtra,India,27-05-2023
,1678,Divya,Verma,divya.verma1678@gmail.com,Female,Bengaluru,Karnataka,India,09-06-2023
,1679,Swathi,Patel,swathi.patel1679@gmail.com,Female,Bengaluru,Karnataka,India,26-12-2025
,1680,Aishwarya,Kumar,aishwarya.kumar1680@gmail.com,Female,Kolkata,West Bengal,India,29-08-2025
,1681,Neha,Das,neha.das1681@gmail.com,Female,Chennai,Tamil Nadu,India,12-02-2024
,1682,Amit,Rao,amit.rao1682@gmail.com,Male,Chennai,Tamil Nadu,India,28-04-2023
,1683,Ajay,Kumar,ajay.kumar1683@gmail.com,Male,Bengaluru,Karnataka,India,16-04-2025
,1684,Deepika,Gupta,deepika.gupta1684@gmail.com,Female,Hyderabad,Telangana,India,30-01-2024
,1685,Rahul,Rao,rahul.rao1685@gmail.com,Male,Bengaluru,Karnataka,India,20-09-2023
,1686,Swathi,Das,swathi.das1686@gmail.com,Female,Kolkata,West Bengal,India,24-12-2023
,1687,Amit,Das,amit.das1687@gmail.com,Male,Pune,Maharashtra,India,17-10-2024
,1688,Amit,Nair,amit.nair1688@gmail.com,Male,Pune,Maharashtra,India,30-04-2024
,1689,Manoj,Verma,manoj.verma1689@gmail.com,Male,Hyderabad,Telangana,India,04-03-2024
,1690,Karan,Verma,karan.verma1690@gmail.com,Male,Bengaluru,Karnataka,India,01-04-2024
,1691,Ajay,Das,ajay.das1691@gmail.com,Male,Delhi,Delhi,India,26-10-2024
,1692,Divya,Iyer,divya.iyer1692@gmail.com,Female,Bengaluru,Karnataka,India,03-04-2025
,1693,Anjali,Kumar,anjali.kumar1693@gmail.com,Female,Hyderabad,Telangana,India,06-07-2025
,1694,Naveen,Verma,naveen.verma1694@gmail.com,Male,Kolkata,West Bengal,India,18-07-2023
,1695,Aishwarya,Iyer,aishwarya.iyer1695@gmail.com,Female,Delhi,Delhi,India,31-05-2023
,1696,Rohit,Reddy,rohit.reddy1696@gmail.com,Male,Delhi,Delhi,India,24-04-2025
,1697,Swathi,Nair,swathi.nair1697@gmail.com,Female,Kolkata,West Bengal,India,08-10-2023
,1698,Swathi,Reddy,swathi.reddy1698@gmail.com,Female,Hyderabad,Telangana,India,12-08-2024
,1699,Manoj,Rao,manoj.rao1699@gmail.com,Male,Bengaluru,Karnataka,India,03-11-2024
,1700,Kavya,Das,kavya.das1700@gmail.com,Female,Kolkata,West Bengal,India,29-04-2024
,1701,Ajay,Nair,ajay.nair1701@gmail.com,Male,Chennai,Tamil Nadu,India,09-10-2025
,1702,Aishwarya,Reddy,aishwarya.reddy1702@gmail.com,Female,Bengaluru,Karnataka,India,11-04-2024
,1703,Divya,Verma,divya.verma1703@gmail.com,Female,Delhi,Delhi,India,19-09-2024
,1704,Ajay,Reddy,ajay.reddy1704@gmail.com,Male,Kolkata,West Bengal,India,04-08-2025
,1705,Priya,Nair,priya.nair1705@gmail.com,Female,Delhi,Delhi,India,16-03-2023
,1706,Kavya,Sharma,kavya.sharma1706@gmail.com,Female,Chennai,Tamil Nadu,India,16-09-2023
,1707,Rohit,Nair,rohit.nair1707@gmail.com,Male,Pune,Maharashtra,India,04-03-2024
,1708,Deepika,Patel,deepika.patel1708@gmail.com,Female,Chennai,Tamil Nadu,India,22-06-2024
,1709,Amit,Patel,amit.patel1709@gmail.com,Male,Pune,Maharashtra,India,22-10-2025
,1710,Amit,Gupta,amit.gupta1710@gmail.com,Male,Delhi,Delhi,India,12-08-2023
,1711,Suresh,Rao,suresh.rao1711@gmail.com,Male,Hyderabad,Telangana,India,16-06-2025
,1712,Priya,Das,priya.das1712@gmail.com,Female,Kolkata,West Bengal,India,13-07-2025
,1713,Manoj,Sharma,manoj.sharma1713@gmail.com,Male,Bengaluru,Karnataka,India,09-08-2025
,1714,Deepika,Gupta,deepika.gupta1714@gmail.com,Female,Chennai,Tamil Nadu,India,16-08-2025
,1715,Vikram,Kumar,vikram.kumar1715@gmail.com,Male,Pune,Maharashtra,India,06-02-2023
,1716,Rahul,Iyer,rahul.iyer1716@gmail.com,Male,Delhi,Delhi,India,09-12-2025
,1717,Sneha,Iyer,sneha.iyer1717@gmail.com,Female,Delhi,Delhi,India,05-09-2023
,1718,Priya,Nair,priya.nair1718@gmail.com,Female,Delhi,Delhi,India,24-12-2025
,1719,Suresh,Patel,suresh.patel1719@gmail.com,Male,Delhi,Delhi,India,27-10-2024
,1720,Naveen,Nair,naveen.nair1720@gmail.com,Male,Kolkata,West Bengal,India,05-12-2023
,1721,Rahul,Reddy,rahul.reddy1721@gmail.com,Male,Bengaluru,Karnataka,India,08-04-2024
,1722,Rohit,Kumar,rohit.kumar1722@gmail.com,Male,Hyderabad,Telangana,India,04-05-2023
,1723,Neha,Reddy,neha.reddy1723@gmail.com,Female,Chennai,Tamil Nadu,India,13-10-2025
,1724,Vikram,Rao,vikram.rao1724@gmail.com,Male,Delhi,Delhi,India,19-02-2024
,1725,Neha,Patel,neha.patel1725@gmail.com,Female,Kolkata,West Bengal,India,11-07-2025
,1726,Vikram,Sharma,vikram.sharma1726@gmail.com,Male,Pune,Maharashtra,India,05-03-2025
,1727,Suresh,Das,suresh.das1727@gmail.com,Male,Hyderabad,Telangana,India,07-06-2023
,1728,Rahul,Verma,rahul.verma1728@gmail.com,Male,Pune,Maharashtra,India,10-09-2023
,1729,Priya,Verma,priya.verma1729@gmail.com,Female,Kolkata,West Bengal,India,07-03-2023
,1730,Amit,Reddy,amit.reddy1730@gmail.com,Male,Chennai,Tamil Nadu,India,19-12-2025
,1731,Manoj,Das,manoj.das1731@gmail.com,Male,Hyderabad,Telangana,India,19-03-2025
,1732,Vikram,Kumar,vikram.kumar1732@gmail.com,Male,Bengaluru,Karnataka,India,26-11-2024
,1733,Anjali,Iyer,anjali.iyer1733@gmail.com,Female,Pune,Maharashtra,India,09-11-2025
,1734,Priya,Gupta,priya.gupta1734@gmail.com,Female,Bengaluru,Karnataka,India,10-04-2024
,1735,Pooja,Das,pooja.das1735@gmail.com,Female,Kolkata,West Bengal,India,20-01-2025
,1736,Naveen,Reddy,naveen.reddy1736@gmail.com,Male,Delhi,Delhi,India,18-08-2023
,1737,Arjun,Sharma,arjun.sharma1737@gmail.com,Male,Bengaluru,Karnataka,India,09-10-2025
,1738,Amit,Rao,amit.rao1738@gmail.com,Male,Pune,Maharashtra,India,18-01-2025
,1739,Kavya,Iyer,kavya.iyer1739@gmail.com,Female,Delhi,Delhi,India,16-06-2024
,1740,Rohit,Reddy,rohit.reddy1740@gmail.com,Male,Hyderabad,Telangana,India,23-06-2024
,1741,Divya,Kumar,divya.kumar1741@gmail.com,Female,Bengaluru,Karnataka,India,09-02-2023
,1742,Deepika,Iyer,deepika.iyer1742@gmail.com,Female,Kolkata,West Bengal,India,06-01-2023
,1743,Rahul,Iyer,rahul.iyer1743@gmail.com,Male,Hyderabad,Telangana,India,25-02-2024
,1744,Anjali,Verma,anjali.verma1744@gmail.com,Female,Chennai,Tamil Nadu,India,17-07-2025
,1745,Amit,Kumar,amit.kumar1745@gmail.com,Male,Bengaluru,Karnataka,India,24-01-2024
,1746,Aishwarya,Verma,aishwarya.verma1746@gmail.com,Female,Kolkata,West Bengal,India,03-02-2023
,1747,Manoj,Gupta,manoj.gupta1747@gmail.com,Male,Delhi,Delhi,India,25-08-2023
,1748,Ajay,Kumar,ajay.kumar1748@gmail.com,Male,Delhi,Delhi,India,15-02-2024
,1749,Pooja,Patel,pooja.patel1749@gmail.com,Female,Pune,Maharashtra,India,09-04-2025
,1750,Suresh,Patel,suresh.patel1750@gmail.com,Male,Pune,Maharashtra,India,20-02-2025
,1751,Sneha,Nair,sneha.nair1751@gmail.com,Female,Chennai,Tamil Nadu,India,13-01-2024
,1752,Arjun,Gupta,arjun.gupta1752@gmail.com,Male,Bengaluru,Karnataka,India,18-10-2023
,1753,Ajay,Rao,ajay.rao1753@gmail.com,Male,Bengaluru,Karnataka,India,28-02-2024
,1754,Arjun,Reddy,arjun.reddy1754@gmail.com,Male,Hyderabad,Telangana,India,07-06-2023
,1755,Divya,Kumar,divya.kumar1755@gmail.com,Female,Kolkata,West Bengal,India,29-06-2023
,1756,Rahul,Das,rahul.das1756@gmail.com,Male,Chennai,Tamil Nadu,India,06-02-2023
,1757,Rahul,Das,rahul.das1757@gmail.com,Male,Chennai,Tamil Nadu,India,14-06-2023
,1758,Rohit,Patel,rohit.patel1758@gmail.com,Male,Chennai,Tamil Nadu,India,12-05-2025
,1759,Divya,Nair,divya.nair1759@gmail.com,Female,Chennai,Tamil Nadu,India,16-05-2025
,1760,Naveen,Sharma,naveen.sharma1760@gmail.com,Male,Pune,Maharashtra,India,24-02-2024
,1761,Arjun,Das,arjun.das1761@gmail.com,Male,Hyderabad,Telangana,India,19-06-2025
,1762,Suresh,Iyer,suresh.iyer1762@gmail.com,Male,Bengaluru,Karnataka,India,28-05-2023
,1763,Neha,Nair,neha.nair1763@gmail.com,Female,Kolkata,West Bengal,India,03-07-2024
,1764,Neha,Gupta,neha.gupta1764@gmail.com,Female,Kolkata,West Bengal,India,11-10-2025
,1765,Ajay,Iyer,ajay.iyer1765@gmail.com,Male,Pune,Maharashtra,India,22-10-2025
,1766,Ajay,Reddy,ajay.reddy1766@gmail.com,Male,Chennai,Tamil Nadu,India,23-09-2024
,1767,Sneha,Iyer,sneha.iyer1767@gmail.com,Female,Hyderabad,Telangana,India,03-06-2023
,1768,Arjun,Iyer,arjun.iyer1768@gmail.com,Male,Hyderabad,Telangana,India,13-12-2024
,1769,Aishwarya,Gupta,aishwarya.gupta1769@gmail.com,Female,Chennai,Tamil Nadu,India,23-11-2024
,1770,Deepika,Reddy,deepika.reddy1770@gmail.com,Female,Hyderabad,Telangana,India,07-02-2023
,1771,Rohit,Gupta,rohit.gupta1771@gmail.com,Male,Bengaluru,Karnataka,India,21-12-2024
,1772,Divya,Nair,divya.nair1772@gmail.com,Female,Hyderabad,Telangana,India,11-01-2023
,1773,Arjun,Patel,arjun.patel1773@gmail.com,Male,Pune,Maharashtra,India,05-04-2024
,1774,Divya,Nair,divya.nair1774@gmail.com,Female,Bengaluru,Karnataka,India,18-06-2025
,1775,Manoj,Das,manoj.das1775@gmail.com,Male,Bengaluru,Karnataka,India,15-11-2024
,1776,Arjun,Rao,arjun.rao1776@gmail.com,Male,Chennai,Tamil Nadu,India,17-05-2023
,1777,Divya,Nair,divya.nair1777@gmail.com,Female,Kolkata,West Bengal,India,30-09-2025
,1778,Neha,Rao,neha.rao1778@gmail.com,Female,Pune,Maharashtra,India,18-02-2024
,1779,Aishwarya,Patel,aishwarya.patel1779@gmail.com,Female,Bengaluru,Karnataka,India,19-09-2025
,1780,Anjali,Iyer,anjali.iyer1780@gmail.com,Female,Kolkata,West Bengal,India,25-08-2023
,1781,Ajay,Verma,ajay.verma1781@gmail.com,Male,Hyderabad,Telangana,India,01-11-2025
,1782,Sneha,Verma,sneha.verma1782@gmail.com,Female,Delhi,Delhi,India,01-01-2025
,1783,Kavya,Iyer,kavya.iyer1783@gmail.com,Female,Delhi,Delhi,India,05-09-2025
,1784,Pooja,Reddy,pooja.reddy1784@gmail.com,Female,Hyderabad,Telangana,India,16-09-2023
,1785,Arjun,Patel,arjun.patel1785@gmail.com,Male,Chennai,Tamil Nadu,India,15-10-2025
,1786,Karan,Iyer,karan.iyer1786@gmail.com,Male,Pune,Maharashtra,India,17-08-2025
,1787,Rahul,Nair,rahul.nair1787@gmail.com,Male,Pune,Maharashtra,India,25-04-2024
,1788,Sneha,Gupta,sneha.gupta1788@gmail.com,Female,Chennai,Tamil Nadu,India,14-04-2023
,1789,Anjali,Patel,anjali.patel1789@gmail.com,Female,Kolkata,West Bengal,India,08-10-2023
,1790,Anjali,Iyer,anjali.iyer1790@gmail.com,Female,Delhi,Delhi,India,16-10-2023
,1791,Naveen,Kumar,naveen.kumar1791@gmail.com,Male,Pune,Maharashtra,India,07-08-2024
,1792,Rohit,Iyer,rohit.iyer1792@gmail.com,Male,Delhi,Delhi,India,16-04-2024
,1793,Pooja,Iyer,pooja.iyer1793@gmail.com,Female,Bengaluru,Karnataka,India,09-06-2024
,1794,Arjun,Patel,arjun.patel1794@gmail.com,Male,Chennai,Tamil Nadu,India,19-03-2024
,1795,Anjali,Verma,anjali.verma1795@gmail.com,Female,Pune,Maharashtra,India,23-07-2025
,1796,Aishwarya,Nair,aishwarya.nair1796@gmail.com,Female,Bengaluru,Karnataka,India,17-01-2024
,1797,Vikram,Nair,vikram.nair1797@gmail.com,Male,Delhi,Delhi,India,16-09-2025
,1798,Rahul,Verma,rahul.verma1798@gmail.com,Male,Hyderabad,Telangana,India,25-11-2023
,1799,Rahul,Patel,rahul.patel1799@gmail.com,Male,Bengaluru,Karnataka,India,08-04-2023
,1800,Sneha,Verma,sneha.verma1800@gmail.com,Female,Hyderabad,Telangana,India,02-12-2025
,1801,Sneha,Sharma,sneha.sharma1801@gmail.com,Female,Chennai,Tamil Nadu,India,14-09-2023
,1802,Ajay,Das,ajay.das1802@gmail.com,Male,Kolkata,West Bengal,India,02-07-2025
,1803,Sneha,Kumar,sneha.kumar1803@gmail.com,Female,Kolkata,West Bengal,India,26-06-2023
,1804,Suresh,Verma,suresh.verma1804@gmail.com,Male,Pune,Maharashtra,India,18-04-2023
,1805,Vikram,Das,vikram.das1805@gmail.com,Male,Kolkata,West Bengal,India,07-04-2023
,1806,Divya,Verma,divya.verma1806@gmail.com,Female,Kolkata,West Bengal,India,26-08-2025
,1807,Manoj,Iyer,manoj.iyer1807@gmail.com,Male,Delhi,Delhi,India,15-03-2024
,1808,Arjun,Sharma,arjun.sharma1808@gmail.com,Male,Chennai,Tamil Nadu,India,02-10-2023
,1809,Amit,Verma,amit.verma1809@gmail.com,Male,Bengaluru,Karnataka,India,20-06-2024
,1810,Kavya,Verma,kavya.verma1810@gmail.com,Female,Delhi,Delhi,India,19-11-2024
,1811,Naveen,Das,naveen.das1811@gmail.com,Male,Delhi,Delhi,India,07-01-2024
,1812,Manoj,Nair,manoj.nair1812@gmail.com,Male,Chennai,Tamil Nadu,India,25-11-2025
,1813,Rahul,Verma,rahul.verma1813@gmail.com,Male,Bengaluru,Karnataka,India,01-01-2024
,1814,Rahul,Verma,rahul.verma1814@gmail.com,Male,Pune,Maharashtra,India,28-05-2024
,1815,Aishwarya,Nair,aishwarya.nair1815@gmail.com,Female,Pune,Maharashtra,India,02-09-2025
,1816,Manoj,Patel,manoj.patel1816@gmail.com,Male,Delhi,Delhi,India,13-07-2025
,1817,Rohit,Nair,rohit.nair1817@gmail.com,Male,Hyderabad,Telangana,India,19-02-2025
,1818,Anjali,Sharma,anjali.sharma1818@gmail.com,Female,Chennai,Tamil Nadu,India,20-10-2024
,1819,Priya,Reddy,priya.reddy1819@gmail.com,Female,Delhi,Delhi,India,05-11-2025
,1820,Divya,Rao,divya.rao1820@gmail.com,Female,Chennai,Tamil Nadu,India,17-10-2025
,1821,Sneha,Gupta,sneha.gupta1821@gmail.com,Female,Delhi,Delhi,India,08-06-2024
,1822,Naveen,Sharma,naveen.sharma1822@gmail.com,Male,Chennai,Tamil Nadu,India,02-04-2024
,1823,Swathi,Patel,swathi.patel1823@gmail.com,Female,Pune,Maharashtra,India,05-11-2024
,1824,Anjali,Gupta,anjali.gupta1824@gmail.com,Female,Kolkata,West Bengal,India,30-01-2025
,1825,Vikram,Verma,vikram.verma1825@gmail.com,Male,Chennai,Tamil Nadu,India,20-02-2023
,1826,Vikram,Kumar,vikram.kumar1826@gmail.com,Male,Chennai,Tamil Nadu,India,23-06-2025
,1827,Pooja,Reddy,pooja.reddy1827@gmail.com,Female,Hyderabad,Telangana,India,17-01-2025
,1828,Rahul,Iyer,rahul.iyer1828@gmail.com,Male,Chennai,Tamil Nadu,India,31-07-2023
,1829,Karan,Rao,karan.rao1829@gmail.com,Male,Pune,Maharashtra,India,06-03-2023
,1830,Deepika,Iyer,deepika.iyer1830@gmail.com,Female,Hyderabad,Telangana,India,12-05-2025
,1831,Priya,Rao,priya.rao1831@gmail.com,Female,Pune,Maharashtra,India,30-07-2024
,1832,Ajay,Sharma,ajay.sharma1832@gmail.com,Male,Hyderabad,Telangana,India,16-03-2025
,1833,Rohit,Kumar,rohit.kumar1833@gmail.com,Male,Bengaluru,Karnataka,India,26-06-2023
,1834,Naveen,Rao,naveen.rao1834@gmail.com,Male,Hyderabad,Telangana,India,02-01-2025
,1835,Arjun,Verma,arjun.verma1835@gmail.com,Male,Hyderabad,Telangana,India,04-03-2023
,1836,Neha,Das,neha.das1836@gmail.com,Female,Delhi,Delhi,India,21-10-2025
,1837,Amit,Nair,amit.nair1837@gmail.com,Male,Hyderabad,Telangana,India,01-12-2025
,1838,Manoj,Reddy,manoj.reddy1838@gmail.com,Male,Delhi,Delhi,India,07-12-2024
,1839,Rahul,Rao,rahul.rao1839@gmail.com,Male,Bengaluru,Karnataka,India,30-01-2024
,1840,Vikram,Iyer,vikram.iyer1840@gmail.com,Male,Hyderabad,Telangana,India,30-11-2024
,1841,Arjun,Das,arjun.das1841@gmail.com,Male,Kolkata,West Bengal,India,05-01-2025
,1842,Rahul,Verma,rahul.verma1842@gmail.com,Male,Chennai,Tamil Nadu,India,21-06-2025
,1843,Manoj,Das,manoj.das1843@gmail.com,Male,Pune,Maharashtra,India,08-01-2024
,1844,Anjali,Iyer,anjali.iyer1844@gmail.com,Female,Kolkata,West Bengal,India,05-04-2023
,1845,Arjun,Verma,arjun.verma1845@gmail.com,Male,Delhi,Delhi,India,14-02-2025
,1846,Swathi,Verma,swathi.verma1846@gmail.com,Female,Pune,Maharashtra,India,21-12-2023
,1847,Ajay,Rao,ajay.rao1847@gmail.com,Male,Pune,Maharashtra,India,07-06-2024
,1848,Kavya,Iyer,kavya.iyer1848@gmail.com,Female,Chennai,Tamil Nadu,India,18-07-2024
,1849,Pooja,Rao,pooja.rao1849@gmail.com,Female,Bengaluru,Karnataka,India,25-11-2023
,1850,Vikram,Iyer,vikram.iyer1850@gmail.com,Male,Pune,Maharashtra,India,15-02-2025
,1851,Vikram,Iyer,vikram.iyer1851@gmail.com,Male,Delhi,Delhi,India,01-07-2024
,1852,Sneha,Verma,sneha.verma1852@gmail.com,Female,Delhi,Delhi,India,22-09-2025
,1853,Rohit,Sharma,rohit.sharma1853@gmail.com,Male,Kolkata,West Bengal,India,27-05-2025
,1854,Kavya,Rao,kavya.rao1854@gmail.com,Female,Chennai,Tamil Nadu,India,10-01-2024
,1855,Ajay,Reddy,ajay.reddy1855@gmail.com,Male,Kolkata,West Bengal,India,26-09-2024
,1856,Sneha,Das,sneha.das1856@gmail.com,Female,Chennai,Tamil Nadu,India,10-08-2025
,1857,Anjali,Nair,anjali.nair1857@gmail.com,Female,Chennai,Tamil Nadu,India,15-02-2023
,1858,Neha,Sharma,neha.sharma1858@gmail.com,Female,Pune,Maharashtra,India,08-11-2025
,1859,Rohit,Reddy,rohit.reddy1859@gmail.com,Male,Hyderabad,Telangana,India,10-05-2024
,1860,Swathi,Verma,swathi.verma1860@gmail.com,Female,Kolkata,West Bengal,India,21-11-2023
,1861,Pooja,Rao,pooja.rao1861@gmail.com,Female,Bengaluru,Karnataka,India,05-06-2024
,1862,Suresh,Kumar,suresh.kumar1862@gmail.com,Male,Pune,Maharashtra,India,07-06-2023
,1863,Swathi,Nair,swathi.nair1863@gmail.com,Female,Chennai,Tamil Nadu,India,11-11-2025
,1864,Sneha,Sharma,sneha.sharma1864@gmail.com,Female,Pune,Maharashtra,India,29-05-2023
,1865,Naveen,Sharma,naveen.sharma1865@gmail.com,Male,Hyderabad,Telangana,India,13-06-2024
,1866,Amit,Kumar,amit.kumar1866@gmail.com,Male,Delhi,Delhi,India,26-11-2024
,1867,Deepika,Rao,deepika.rao1867@gmail.com,Female,Bengaluru,Karnataka,India,02-08-2023
,1868,Rohit,Gupta,rohit.gupta1868@gmail.com,Male,Delhi,Delhi,India,24-10-2025
,1869,Ajay,Patel,ajay.patel1869@gmail.com,Male,Pune,Maharashtra,India,19-07-2024
,1870,Manoj,Patel,manoj.patel1870@gmail.com,Male,Delhi,Delhi,India,13-03-2024
,1871,Neha,Gupta,neha.gupta1871@gmail.com,Female,Chennai,Tamil Nadu,India,27-01-2025
,1872,Aishwarya,Kumar,aishwarya.kumar1872@gmail.com,Female,Bengaluru,Karnataka,India,18-01-2023
,1873,Ajay,Verma,ajay.verma1873@gmail.com,Male,Bengaluru,Karnataka,India,15-01-2025
,1874,Priya,Patel,priya.patel1874@gmail.com,Female,Chennai,Tamil Nadu,India,01-03-2024
,1875,Rohit,Rao,rohit.rao1875@gmail.com,Male,Chennai,Tamil Nadu,India,27-11-2025
,1876,Arjun,Kumar,arjun.kumar1876@gmail.com,Male,Bengaluru,Karnataka,India,25-12-2024
,1877,Naveen,Iyer,naveen.iyer1877@gmail.com,Male,Kolkata,West Bengal,India,01-01-2024
,1878,Sneha,Kumar,sneha.kumar1878@gmail.com,Female,Hyderabad,Telangana,India,14-02-2024
,1879,Swathi,Rao,swathi.rao1879@gmail.com,Female,Delhi,Delhi,India,18-04-2023
,1880,Ajay,Kumar,ajay.kumar1880@gmail.com,Male,Kolkata,West Bengal,India,08-06-2023
,1881,Rohit,Nair,rohit.nair1881@gmail.com,Male,Pune,Maharashtra,India,22-05-2023
,1882,Ajay,Rao,ajay.rao1882@gmail.com,Male,Hyderabad,Telangana,India,21-07-2024
,1883,Anjali,Patel,anjali.patel1883@gmail.com,Female,Bengaluru,Karnataka,India,20-12-2025
,1884,Suresh,Nair,suresh.nair1884@gmail.com,Male,Delhi,Delhi,India,01-05-2023
,1885,Anjali,Sharma,anjali.sharma1885@gmail.com,Female,Kolkata,West Bengal,India,27-10-2023
,1886,Aishwarya,Nair,aishwarya.nair1886@gmail.com,Female,Delhi,Delhi,India,06-08-2025
,1887,Neha,Kumar,neha.kumar1887@gmail.com,Female,Hyderabad,Telangana,India,02-12-2025
,1888,Priya,Rao,priya.rao1888@gmail.com,Female,Bengaluru,Karnataka,India,29-09-2023
,1889,Kavya,Kumar,kavya.kumar1889@gmail.com,Female,Delhi,Delhi,India,11-12-2024
,1890,Anjali,Gupta,anjali.gupta1890@gmail.com,Female,Hyderabad,Telangana,India,15-03-2024
,1891,Aishwarya,Rao,aishwarya.rao1891@gmail.com,Female,Delhi,Delhi,India,29-07-2024
,1892,Neha,Kumar,neha.kumar1892@gmail.com,Female,Pune,Maharashtra,India,03-04-2024
,1893,Deepika,Rao,deepika.rao1893@gmail.com,Female,Pune,Maharashtra,India,28-05-2025
,1894,Sneha,Gupta,sneha.gupta1894@gmail.com,Female,Delhi,Delhi,India,13-09-2025
,1895,Rohit,Reddy,rohit.reddy1895@gmail.com,Male,Chennai,Tamil Nadu,India,11-01-2024
,1896,Kavya,Patel,kavya.patel1896@gmail.com,Female,Bengaluru,Karnataka,India,10-01-2024
,1897,Anjali,Das,anjali.das1897@gmail.com,Female,Pune,Maharashtra,India,21-06-2023
,1898,Ajay,Nair,ajay.nair1898@gmail.com,Male,Chennai,Tamil Nadu,India,22-06-2025
,1899,Rohit,Iyer,rohit.iyer1899@gmail.com,Male,Pune,Maharashtra,India,28-08-2023
,1900,Rahul,Nair,rahul.nair1900@gmail.com,Male,Delhi,Delhi,India,03-02-2025
,1901,Divya,Rao,divya.rao1901@gmail.com,Female,Pune,Maharashtra,India,12-02-2023
,1902,Arjun,Verma,arjun.verma1902@gmail.com,Male,Kolkata,West Bengal,India,09-11-2025
,1903,Rohit,Iyer,rohit.iyer1903@gmail.com,Male,Bengaluru,Karnataka,India,05-06-2025
,1904,Arjun,Patel,arjun.patel1904@gmail.com,Male,Pune,Maharashtra,India,10-08-2024
,1905,Deepika,Kumar,deepika.kumar1905@gmail.com,Female,Hyderabad,Telangana,India,10-10-2023
,1906,Deepika,Reddy,deepika.reddy1906@gmail.com,Female,Kolkata,West Bengal,India,07-10-2025
,1907,Kavya,Verma,kavya.verma1907@gmail.com,Female,Pune,Maharashtra,India,27-05-2025
,1908,Deepika,Gupta,deepika.gupta1908@gmail.com,Female,Delhi,Delhi,India,02-06-2023
,1909,Arjun,Rao,arjun.rao1909@gmail.com,Male,Pune,Maharashtra,India,27-04-2023
,1910,Arjun,Iyer,arjun.iyer1910@gmail.com,Male,Chennai,Tamil Nadu,India,21-02-2024
,1911,Anjali,Rao,anjali.rao1911@gmail.com,Female,Pune,Maharashtra,India,02-02-2024
,1912,Karan,Patel,karan.patel1912@gmail.com,Male,Kolkata,West Bengal,India,11-10-2023
,1913,Naveen,Verma,naveen.verma1913@gmail.com,Male,Kolkata,West Bengal,India,14-10-2025
,1914,Sneha,Rao,sneha.rao1914@gmail.com,Female,Hyderabad,Telangana,India,17-10-2024
,1915,Aishwarya,Sharma,aishwarya.sharma1915@gmail.com,Female,Hyderabad,Telangana,India,01-11-2025
,1916,Suresh,Das,suresh.das1916@gmail.com,Male,Pune,Maharashtra,India,02-04-2023
,1917,Anjali,Nair,anjali.nair1917@gmail.com,Female,Chennai,Tamil Nadu,India,21-04-2023
,1918,Naveen,Sharma,naveen.sharma1918@gmail.com,Male,Bengaluru,Karnataka,India,30-11-2023
,1919,Suresh,Sharma,suresh.sharma1919@gmail.com,Male,Bengaluru,Karnataka,India,31-03-2024
,1920,Naveen,Nair,naveen.nair1920@gmail.com,Male,Chennai,Tamil Nadu,India,28-12-2023
,1921,Suresh,Iyer,suresh.iyer1921@gmail.com,Male,Delhi,Delhi,India,14-03-2024
,1922,Sneha,Patel,sneha.patel1922@gmail.com,Female,Delhi,Delhi,India,11-04-2025
,1923,Manoj,Das,manoj.das1923@gmail.com,Male,Hyderabad,Telangana,India,24-03-2024
,1924,Ajay,Reddy,ajay.reddy1924@gmail.com,Male,Hyderabad,Telangana,India,13-09-2025
,1925,Suresh,Das,suresh.das1925@gmail.com,Male,Pune,Maharashtra,India,17-08-2025
,1926,Suresh,Kumar,suresh.kumar1926@gmail.com,Male,Chennai,Tamil Nadu,India,03-05-2024
,1927,Swathi,Sharma,swathi.sharma1927@gmail.com,Female,Delhi,Delhi,India,27-10-2023
,1928,Aishwarya,Sharma,aishwarya.sharma1928@gmail.com,Female,Kolkata,West Bengal,India,21-09-2025
,1929,Neha,Gupta,neha.gupta1929@gmail.com,Female,Hyderabad,Telangana,India,19-03-2024
,1930,Amit,Patel,amit.patel1930@gmail.com,Male,Hyderabad,Telangana,India,19-07-2023
,1931,Rahul,Sharma,rahul.sharma1931@gmail.com,Male,Chennai,Tamil Nadu,India,05-04-2024
,1932,Arjun,Kumar,arjun.kumar1932@gmail.com,Male,Kolkata,West Bengal,India,20-04-2025
,1933,Naveen,Kumar,naveen.kumar1933@gmail.com,Male,Kolkata,West Bengal,India,05-11-2025
,1934,Naveen,Nair,naveen.nair1934@gmail.com,Male,Hyderabad,Telangana,India,18-01-2024
,1935,Anjali,Verma,anjali.verma1935@gmail.com,Female,Kolkata,West Bengal,India,25-06-2025
,1936,Naveen,Iyer,naveen.iyer1936@gmail.com,Male,Pune,Maharashtra,India,01-02-2025
,1937,Manoj,Verma,manoj.verma1937@gmail.com,Male,Chennai,Tamil Nadu,India,11-01-2024
,1938,Swathi,Patel,swathi.patel1938@gmail.com,Female,Hyderabad,Telangana,India,24-10-2023
,1939,Anjali,Patel,anjali.patel1939@gmail.com,Female,Pune,Maharashtra,India,19-11-2025
,1940,Ajay,Nair,ajay.nair1940@gmail.com,Male,Pune,Maharashtra,India,16-10-2025
,1941,Priya,Nair,priya.nair1941@gmail.com,Female,Hyderabad,Telangana,India,02-04-2024
,1942,Neha,Iyer,neha.iyer1942@gmail.com,Female,Pune,Maharashtra,India,07-10-2025
,1943,Karan,Kumar,karan.kumar1943@gmail.com,Male,Pune,Maharashtra,India,14-08-2024
,1944,Karan,Verma,karan.verma1944@gmail.com,Male,Delhi,Delhi,India,25-02-2024
,1945,Anjali,Verma,anjali.verma1945@gmail.com,Female,Chennai,Tamil Nadu,India,22-10-2023
,1946,Vikram,Rao,vikram.rao1946@gmail.com,Male,Pune,Maharashtra,India,24-12-2023
,1947,Kavya,Iyer,kavya.iyer1947@gmail.com,Female,Chennai,Tamil Nadu,India,22-04-2024
,1948,Rahul,Rao,rahul.rao1948@gmail.com,Male,Delhi,Delhi,India,01-07-2023
,1949,Pooja,Rao,pooja.rao1949@gmail.com,Female,Kolkata,West Bengal,India,07-01-2024
,1950,Suresh,Reddy,suresh.reddy1950@gmail.com,Male,Delhi,Delhi,India,05-11-2023
,1951,Naveen,Nair,naveen.nair1951@gmail.com,Male,Delhi,Delhi,India,02-08-2024
,1952,Aishwarya,Rao,aishwarya.rao1952@gmail.com,Female,Kolkata,West Bengal,India,13-02-2023
,1953,Sneha,Das,sneha.das1953@gmail.com,Female,Hyderabad,Telangana,India,24-06-2024
,1954,Sneha,Rao,sneha.rao1954@gmail.com,Female,Kolkata,West Bengal,India,08-11-2023
,1955,Ajay,Reddy,ajay.reddy1955@gmail.com,Male,Delhi,Delhi,India,03-10-2024
,1956,Aishwarya,Sharma,aishwarya.sharma1956@gmail.com,Female,Bengaluru,Karnataka,India,16-02-2024
,1957,Amit,Sharma,amit.sharma1957@gmail.com,Male,Bengaluru,Karnataka,India,01-02-2024
,1958,Priya,Verma,priya.verma1958@gmail.com,Female,Bengaluru,Karnataka,India,02-01-2025
,1959,Sneha,Rao,sneha.rao1959@gmail.com,Female,Hyderabad,Telangana,India,23-09-2023
,1960,Swathi,Verma,swathi.verma1960@gmail.com,Female,Hyderabad,Telangana,India,12-11-2025
,1961,Arjun,Iyer,arjun.iyer1961@gmail.com,Male,Delhi,Delhi,India,26-04-2024
,1962,Arjun,Patel,arjun.patel1962@gmail.com,Male,Pune,Maharashtra,India,10-09-2023
,1963,Karan,Kumar,karan.kumar1963@gmail.com,Male,Chennai,Tamil Nadu,India,19-02-2023
,1964,Sneha,Kumar,sneha.kumar1964@gmail.com,Female,Chennai,Tamil Nadu,India,11-01-2025
,1965,Rohit,Gupta,rohit.gupta1965@gmail.com,Male,Chennai,Tamil Nadu,India,22-12-2024
,1966,Suresh,Das,suresh.das1966@gmail.com,Male,Kolkata,West Bengal,India,20-06-2024
,1967,Karan,Gupta,karan.gupta1967@gmail.com,Male,Delhi,Delhi,India,02-11-2023
,1968,Sneha,Kumar,sneha.kumar1968@gmail.com,Female,Delhi,Delhi,India,03-09-2025
,1969,Aishwarya,Verma,aishwarya.verma1969@gmail.com,Female,Chennai,Tamil Nadu,India,15-11-2023
,1970,Deepika,Gupta,deepika.gupta1970@gmail.com,Female,Hyderabad,Telangana,India,27-02-2024
,1971,Karan,Iyer,karan.iyer1971@gmail.com,Male,Chennai,Tamil Nadu,India,14-01-2025
,1972,Vikram,Gupta,vikram.gupta1972@gmail.com,Male,Chennai,Tamil Nadu,India,18-01-2023
,1973,Naveen,Iyer,naveen.iyer1973@gmail.com,Male,Hyderabad,Telangana,India,15-08-2024
,1974,Sneha,Reddy,sneha.reddy1974@gmail.com,Female,Hyderabad,Telangana,India,25-09-2023
,1975,Pooja,Verma,pooja.verma1975@gmail.com,Female,Hyderabad,Telangana,India,13-02-2023
,1976,Vikram,Patel,vikram.patel1976@gmail.com,Male,Delhi,Delhi,India,04-02-2024
,1977,Neha,Kumar,neha.kumar1977@gmail.com,Female,Chennai,Tamil Nadu,India,10-12-2023
,1978,Deepika,Iyer,deepika.iyer1978@gmail.com,Female,Chennai,Tamil Nadu,India,06-11-2025
,1979,Vikram,Iyer,vikram.iyer1979@gmail.com,Male,Bengaluru,Karnataka,India,26-11-2024
,1980,Sneha,Rao,sneha.rao1980@gmail.com,Female,Kolkata,West Bengal,India,06-01-2024
,1981,Ajay,Gupta,ajay.gupta1981@gmail.com,Male,Hyderabad,Telangana,India,26-02-2024
,1982,Swathi,Sharma,swathi.sharma1982@gmail.com,Female,Delhi,Delhi,India,07-08-2024
,1983,Swathi,Reddy,swathi.reddy1983@gmail.com,Female,Delhi,Delhi,India,02-09-2024
,1984,Anjali,Gupta,anjali.gupta1984@gmail.com,Female,Chennai,Tamil Nadu,India,09-06-2025
,1985,Aishwarya,Iyer,aishwarya.iyer1985@gmail.com,Female,Kolkata,West Bengal,India,09-12-2024
,1986,Rahul,Verma,rahul.verma1986@gmail.com,Male,Delhi,Delhi,India,25-06-2024
,1987,Sneha,Verma,sneha.verma1987@gmail.com,Female,Bengaluru,Karnataka,India,28-01-2024
,1988,Aishwarya,Verma,aishwarya.verma1988@gmail.com,Female,Kolkata,West Bengal,India,27-03-2023
,1989,Manoj,Patel,manoj.patel1989@gmail.com,Male,Kolkata,West Bengal,India,27-11-2024
,1990,Arjun,Kumar,arjun.kumar1990@gmail.com,Male,Kolkata,West Bengal,India,17-06-2025
,1991,Arjun,Verma,arjun.verma1991@gmail.com,Male,Bengaluru,Karnataka,India,30-08-2025
,1992,Amit,Rao,amit.rao1992@gmail.com,Male,Delhi,Delhi,India,27-08-2023
,1993,Anjali,Gupta,anjali.gupta1993@gmail.com,Female,Kolkata,West Bengal,India,21-09-2023
,1994,Divya,Rao,divya.rao1994@gmail.com,Female,Chennai,Tamil Nadu,India,17-04-2023
,1995,Aishwarya,Das,aishwarya.das1995@gmail.com,Female,Pune,Maharashtra,India,22-08-2024
,1996,Neha,Kumar,neha.kumar1996@gmail.com,Female,Kolkata,West Bengal,India,03-09-2023
,1997,Manoj,Rao,manoj.rao1997@gmail.com,Male,Delhi,Delhi,India,13-08-2024
,1998,Divya,Verma,divya.verma1998@gmail.com,Female,Delhi,Delhi,India,06-09-2025
,1999,Deepika,Das,deepika.das1999@gmail.com,Female,Hyderabad,Telangana,India,29-10-2024
,2000,Anjali,Rao,anjali.rao2000@gmail.com,Female,Chennai,Tamil Nadu,India,29-06-2025
,2001,Pooja,Gupta,pooja.gupta2001@gmail.com,Female,Bengaluru,Karnataka,India,19-08-2023
,2002,Karan,Reddy,karan.reddy2002@gmail.com,Male,Kolkata,West Bengal,India,07-01-2025
,2003,Naveen,Kumar,naveen.kumar2003@gmail.com,Male,Pune,Maharashtra,India,13-09-2024
,2004,Sneha,Patel,sneha.patel2004@gmail.com,Female,Bengaluru,Karnataka,India,25-10-2025
,2005,Manoj,Gupta,manoj.gupta2005@gmail.com,Male,Hyderabad,Telangana,India,13-11-2023
,2006,Naveen,Kumar,naveen.kumar2006@gmail.com,Male,Delhi,Delhi,India,09-10-2023
,2007,Rahul,Das,rahul.das2007@gmail.com,Male,Delhi,Delhi,India,05-10-2025
,2008,Manoj,Gupta,manoj.gupta2008@gmail.com,Male,Delhi,Delhi,India,01-04-2025
,2009,Ajay,Sharma,ajay.sharma2009@gmail.com,Male,Delhi,Delhi,India,16-01-2025
,2010,Arjun,Sharma,arjun.sharma2010@gmail.com,Male,Chennai,Tamil Nadu,India,13-07-2023
,2011,Anjali,Gupta,anjali.gupta2011@gmail.com,Female,Kolkata,West Bengal,India,19-09-2025
,2012,Suresh,Iyer,suresh.iyer2012@gmail.com,Male,Bengaluru,Karnataka,India,02-03-2025
,2013,Amit,Kumar,amit.kumar2013@gmail.com,Male,Chennai,Tamil Nadu,India,20-11-2025
,2014,Manoj,Das,manoj.das2014@gmail.com,Male,Hyderabad,Telangana,India,27-12-2025
,2015,Pooja,Patel,pooja.patel2015@gmail.com,Female,Chennai,Tamil Nadu,India,13-03-2024
,2016,Priya,Nair,priya.nair2016@gmail.com,Female,Chennai,Tamil Nadu,India,04-11-2023
,2017,Naveen,Rao,naveen.rao2017@gmail.com,Male,Kolkata,West Bengal,India,06-05-2023
,2018,Aishwarya,Iyer,aishwarya.iyer2018@gmail.com,Female,Delhi,Delhi,India,22-11-2025
,2019,Amit,Nair,amit.nair2019@gmail.com,Male,Delhi,Delhi,India,14-06-2024
,2020,Divya,Gupta,divya.gupta2020@gmail.com,Female,Pune,Maharashtra,India,16-03-2024
,2021,Pooja,Iyer,pooja.iyer2021@gmail.com,Female,Bengaluru,Karnataka,India,28-09-2024
,2022,Aishwarya,Rao,aishwarya.rao2022@gmail.com,Female,Pune,Maharashtra,India,23-11-2023
,2023,Neha,Rao,neha.rao2023@gmail.com,Female,Delhi,Delhi,India,17-10-2024
,2024,Ajay,Das,ajay.das2024@gmail.com,Male,Hyderabad,Telangana,India,17-06-2025
,2025,Divya,Iyer,divya.iyer2025@gmail.com,Female,Kolkata,West Bengal,India,28-04-2025
,2026,Aishwarya,Kumar,aishwarya.kumar2026@gmail.com,Female,Bengaluru,Karnataka,India,26-01-2025
,2027,Amit,Sharma,amit.sharma2027@gmail.com,Male,Bengaluru,Karnataka,India,10-10-2024
,2028,Anjali,Iyer,anjali.iyer2028@gmail.com,Female,Hyderabad,Telangana,India,27-09-2023
,2029,Kavya,Patel,kavya.patel2029@gmail.com,Female,Pune,Maharashtra,India,15-01-2023
,2030,Pooja,Sharma,pooja.sharma2030@gmail.com,Female,Bengaluru,Karnataka,India,24-08-2024
,2031,Kavya,Nair,kavya.nair2031@gmail.com,Female,Bengaluru,Karnataka,India,04-01-2023
,2032,Naveen,Patel,naveen.patel2032@gmail.com,Male,Delhi,Delhi,India,16-06-2023
,2033,Neha,Reddy,neha.reddy2033@gmail.com,Female,Chennai,Tamil Nadu,India,09-06-2023
,2034,Arjun,Reddy,arjun.reddy2034@gmail.com,Male,Bengaluru,Karnataka,India,09-05-2024
,2035,Amit,Rao,amit.rao2035@gmail.com,Male,Kolkata,West Bengal,India,16-06-2023
,2036,Karan,Reddy,karan.reddy2036@gmail.com,Male,Delhi,Delhi,India,29-06-2023
,2037,Anjali,Verma,anjali.verma2037@gmail.com,Female,Bengaluru,Karnataka,India,15-10-2023
,2038,Suresh,Das,suresh.das2038@gmail.com,Male,Pune,Maharashtra,India,21-07-2023
,2039,Naveen,Gupta,naveen.gupta2039@gmail.com,Male,Pune,Maharashtra,India,28-03-2023
,2040,Rahul,Rao,rahul.rao2040@gmail.com,Male,Kolkata,West Bengal,India,16-09-2023
,2041,Suresh,Gupta,suresh.gupta2041@gmail.com,Male,Kolkata,West Bengal,India,09-03-2024
,2042,Arjun,Reddy,arjun.reddy2042@gmail.com,Male,Kolkata,West Bengal,India,21-03-2023
,2043,Pooja,Reddy,pooja.reddy2043@gmail.com,Female,Chennai,Tamil Nadu,India,19-02-2023
,2044,Vikram,Sharma,vikram.sharma2044@gmail.com,Male,Hyderabad,Telangana,India,11-01-2025
,2045,Priya,Reddy,priya.reddy2045@gmail.com,Female,Chennai,Tamil Nadu,India,09-01-2025
,2046,Suresh,Rao,suresh.rao2046@gmail.com,Male,Hyderabad,Telangana,India,30-09-2025
,2047,Karan,Rao,karan.rao2047@gmail.com,Male,Hyderabad,Telangana,India,27-04-2025
,2048,Rohit,Nair,rohit.nair2048@gmail.com,Male,Delhi,Delhi,India,28-03-2024
,2049,Kavya,Iyer,kavya.iyer2049@gmail.com,Female,Bengaluru,Karnataka,India,18-11-2025
,2050,Rahul,Rao,rahul.rao2050@gmail.com,Male,Bengaluru,Karnataka,India,21-07-2023
,2051,Swathi,Reddy,swathi.reddy2051@gmail.com,Female,Kolkata,West Bengal,India,16-10-2025
,2052,Rohit,Verma,rohit.verma2052@gmail.com,Male,Delhi,Delhi,India,10-01-2024
,2053,Pooja,Reddy,pooja.reddy2053@gmail.com,Female,Chennai,Tamil Nadu,India,02-10-2023
,2054,Manoj,Das,manoj.das2054@gmail.com,Male,Chennai,Tamil Nadu,India,29-09-2023
,2055,Rahul,Gupta,rahul.gupta2055@gmail.com,Male,Kolkata,West Bengal,India,05-06-2024
,2056,Pooja,Nair,pooja.nair2056@gmail.com,Female,Delhi,Delhi,India,03-09-2024
,2057,Amit,Kumar,amit.kumar2057@gmail.com,Male,Chennai,Tamil Nadu,India,01-06-2023
,2058,Neha,Verma,neha.verma2058@gmail.com,Female,Delhi,Delhi,India,09-11-2025
,2059,Naveen,Kumar,naveen.kumar2059@gmail.com,Male,Chennai,Tamil Nadu,India,03-03-2024
,2060,Arjun,Patel,arjun.patel2060@gmail.com,Male,Hyderabad,Telangana,India,20-10-2023
,2061,Aishwarya,Reddy,aishwarya.reddy2061@gmail.com,Female,Hyderabad,Telangana,India,24-05-2025
,2062,Rahul,Nair,rahul.nair2062@gmail.com,Male,Delhi,Delhi,India,16-02-2023
,2063,Arjun,Reddy,arjun.reddy2063@gmail.com,Male,Delhi,Delhi,India,05-09-2024
,2064,Aishwarya,Patel,aishwarya.patel2064@gmail.com,Female,Delhi,Delhi,India,30-11-2025
,2065,Karan,Patel,karan.patel2065@gmail.com,Male,Hyderabad,Telangana,India,25-03-2023
,2066,Manoj,Iyer,manoj.iyer2066@gmail.com,Male,Kolkata,West Bengal,India,01-02-2025
,2067,Manoj,Reddy,manoj.reddy2067@gmail.com,Male,Delhi,Delhi,India,02-06-2023
,2068,Suresh,Verma,suresh.verma2068@gmail.com,Male,Bengaluru,Karnataka,India,21-11-2025
,2069,Pooja,Sharma,pooja.sharma2069@gmail.com,Female,Chennai,Tamil Nadu,India,16-08-2025
,2070,Neha,Gupta,neha.gupta2070@gmail.com,Female,Chennai,Tamil Nadu,India,14-02-2025
,2071,Manoj,Nair,manoj.nair2071@gmail.com,Male,Delhi,Delhi,India,11-05-2025
,2072,Rahul,Nair,rahul.nair2072@gmail.com,Male,Chennai,Tamil Nadu,India,27-07-2024
,2073,Priya,Nair,priya.nair2073@gmail.com,Female,Delhi,Delhi,India,13-02-2024
,2074,Manoj,Patel,manoj.patel2074@gmail.com,Male,Delhi,Delhi,India,30-01-2024
,2075,Vikram,Kumar,vikram.kumar2075@gmail.com,Male,Kolkata,West Bengal,India,01-09-2023
,2076,Rahul,Verma,rahul.verma2076@gmail.com,Male,Pune,Maharashtra,India,18-05-2023
,2077,Priya,Sharma,priya.sharma2077@gmail.com,Female,Bengaluru,Karnataka,India,31-10-2024
,2078,Anjali,Sharma,anjali.sharma2078@gmail.com,Female,Delhi,Delhi,India,25-01-2023
,2079,Deepika,Rao,deepika.rao2079@gmail.com,Female,Kolkata,West Bengal,India,06-05-2025
,2080,Manoj,Kumar,manoj.kumar2080@gmail.com,Male,Bengaluru,Karnataka,India,02-06-2024
,2081,Rohit,Iyer,rohit.iyer2081@gmail.com,Male,Hyderabad,Telangana,India,15-08-2025
,2082,Karan,Verma,karan.verma2082@gmail.com,Male,Chennai,Tamil Nadu,India,26-07-2024
,2083,Ajay,Kumar,ajay.kumar2083@gmail.com,Male,Chennai,Tamil Nadu,India,17-09-2025
,2084,Swathi,Patel,swathi.patel2084@gmail.com,Female,Delhi,Delhi,India,30-09-2024
,2085,Amit,Nair,amit.nair2085@gmail.com,Male,Kolkata,West Bengal,India,25-11-2024
,2086,Neha,Rao,neha.rao2086@gmail.com,Female,Bengaluru,Karnataka,India,15-12-2025
,2087,Neha,Rao,neha.rao2087@gmail.com,Female,Bengaluru,Karnataka,India,13-12-2025
,2088,Kavya,Iyer,kavya.iyer2088@gmail.com,Female,Pune,Maharashtra,India,26-04-2025
,2089,Priya,Rao,priya.rao2089@gmail.com,Female,Bengaluru,Karnataka,India,26-09-2023
,2090,Priya,Verma,priya.verma2090@gmail.com,Female,Bengaluru,Karnataka,India,17-02-2025
,2091,Suresh,Kumar,suresh.kumar2091@gmail.com,Male,Delhi,Delhi,India,11-06-2024
,2092,Manoj,Patel,manoj.patel2092@gmail.com,Male,Bengaluru,Karnataka,India,27-10-2024
,2093,Naveen,Das,naveen.das2093@gmail.com,Male,Delhi,Delhi,India,24-09-2025
,2094,Divya,Sharma,divya.sharma2094@gmail.com,Female,Kolkata,West Bengal,India,21-12-2024
,2095,Aishwarya,Iyer,aishwarya.iyer2095@gmail.com,Female,Pune,Maharashtra,India,30-01-2024
,2096,Anjali,Patel,anjali.patel2096@gmail.com,Female,Pune,Maharashtra,India,04-10-2025
,2097,Swathi,Verma,swathi.verma2097@gmail.com,Female,Hyderabad,Telangana,India,05-04-2024
,2098,Ajay,Verma,ajay.verma2098@gmail.com,Male,Hyderabad,Telangana,India,11-04-2025
,2099,Sneha,Verma,sneha.verma2099@gmail.com,Female,Kolkata,West Bengal,India,01-01-2025
,2100,Manoj,Sharma,manoj.sharma2100@gmail.com,Male,Hyderabad,Telangana,India,30-01-2024
,2101,Swathi,Kumar,swathi.kumar2101@gmail.com,Female,Bengaluru,Karnataka,India,11-10-2023
,2102,Divya,Kumar,divya.kumar2102@gmail.com,Female,Chennai,Tamil Nadu,India,04-11-2024
,2103,Karan,Verma,karan.verma2103@gmail.com,Male,Pune,Maharashtra,India,30-10-2024
,2104,Karan,Das,karan.das2104@gmail.com,Male,Bengaluru,Karnataka,India,14-04-2023
,2105,Neha,Patel,neha.patel2105@gmail.com,Female,Bengaluru,Karnataka,India,07-09-2023
,2106,Kavya,Nair,kavya.nair2106@gmail.com,Female,Kolkata,West Bengal,India,25-09-2023
,2107,Vikram,Reddy,vikram.reddy2107@gmail.com,Male,Delhi,Delhi,India,25-08-2025
,2108,Arjun,Iyer,arjun.iyer2108@gmail.com,Male,Bengaluru,Karnataka,India,04-06-2024
,2109,Vikram,Iyer,vikram.iyer2109@gmail.com,Male,Chennai,Tamil Nadu,India,27-11-2025
,2110,Naveen,Sharma,naveen.sharma2110@gmail.com,Male,Pune,Maharashtra,India,10-01-2023
,2111,Ajay,Verma,ajay.verma2111@gmail.com,Male,Bengaluru,Karnataka,India,30-12-2023
,2112,Priya,Sharma,priya.sharma2112@gmail.com,Female,Kolkata,West Bengal,India,31-05-2024
,2113,Manoj,Das,manoj.das2113@gmail.com,Male,Hyderabad,Telangana,India,23-11-2024
,2114,Sneha,Gupta,sneha.gupta2114@gmail.com,Female,Pune,Maharashtra,India,11-05-2023
,2115,Naveen,Das,naveen.das2115@gmail.com,Male,Bengaluru,Karnataka,India,04-05-2023
,2116,Kavya,Reddy,kavya.reddy2116@gmail.com,Female,Delhi,Delhi,India,16-08-2024
,2117,Swathi,Verma,swathi.verma2117@gmail.com,Female,Delhi,Delhi,India,19-08-2023
,2118,Swathi,Gupta,swathi.gupta2118@gmail.com,Female,Pune,Maharashtra,India,02-01-2025
,2119,Pooja,Iyer,pooja.iyer2119@gmail.com,Female,Kolkata,West Bengal,India,03-06-2025
,2120,Rohit,Kumar,rohit.kumar2120@gmail.com,Male,Delhi,Delhi,India,04-03-2025
,2121,Kavya,Patel,kavya.patel2121@gmail.com,Female,Delhi,Delhi,India,23-12-2023
,2122,Anjali,Kumar,anjali.kumar2122@gmail.com,Female,Hyderabad,Telangana,India,09-05-2023
,2123,Anjali,Iyer,anjali.iyer2123@gmail.com,Female,Bengaluru,Karnataka,India,08-06-2025
,2124,Neha,Rao,neha.rao2124@gmail.com,Female,Bengaluru,Karnataka,India,15-12-2025
,2125,Sneha,Sharma,sneha.sharma2125@gmail.com,Female,Kolkata,West Bengal,India,10-07-2023
,2126,Swathi,Sharma,swathi.sharma2126@gmail.com,Female,Bengaluru,Karnataka,India,22-09-2023
,2127,Karan,Rao,karan.rao2127@gmail.com,Male,Pune,Maharashtra,India,07-12-2025
,2128,Karan,Rao,karan.rao2128@gmail.com,Male,Hyderabad,Telangana,India,08-01-2023
,2129,Priya,Iyer,priya.iyer2129@gmail.com,Female,Chennai,Tamil Nadu,India,23-05-2023
,2130,Aishwarya,Rao,aishwarya.rao2130@gmail.com,Female,Pune,Maharashtra,India,18-04-2024
,2131,Suresh,Verma,suresh.verma2131@gmail.com,Male,Bengaluru,Karnataka,India,31-08-2023
,2132,Pooja,Nair,pooja.nair2132@gmail.com,Female,Kolkata,West Bengal,India,11-03-2025
,2133,Naveen,Patel,naveen.patel2133@gmail.com,Male,Kolkata,West Bengal,India,29-04-2023
,2134,Aishwarya,Das,aishwarya.das2134@gmail.com,Female,Delhi,Delhi,India,01-12-2024
,2135,Neha,Gupta,neha.gupta2135@gmail.com,Female,Kolkata,West Bengal,India,31-01-2023
,2136,Anjali,Rao,anjali.rao2136@gmail.com,Female,Kolkata,West Bengal,India,18-09-2025
,2137,Pooja,Gupta,pooja.gupta2137@gmail.com,Female,Hyderabad,Telangana,India,14-03-2025
,2138,Anjali,Kumar,anjali.kumar2138@gmail.com,Female,Bengaluru,Karnataka,India,27-10-2025
,2139,Arjun,Nair,arjun.nair2139@gmail.com,Male,Delhi,Delhi,India,30-06-2024
,2140,Deepika,Verma,deepika.verma2140@gmail.com,Female,Pune,Maharashtra,India,25-02-2024
,2141,Divya,Sharma,divya.sharma2141@gmail.com,Female,Delhi,Delhi,India,19-05-2024
,2142,Anjali,Reddy,anjali.reddy2142@gmail.com,Female,Bengaluru,Karnataka,India,20-09-2025
,2143,Vikram,Das,vikram.das2143@gmail.com,Male,Pune,Maharashtra,India,15-10-2024
,2144,Vikram,Das,vikram.das2144@gmail.com,Male,Kolkata,West Bengal,India,21-06-2023
,2145,Swathi,Rao,swathi.rao2145@gmail.com,Female,Pune,Maharashtra,India,28-02-2025
,2146,Priya,Patel,priya.patel2146@gmail.com,Female,Hyderabad,Telangana,India,12-01-2023
,2147,Anjali,Iyer,anjali.iyer2147@gmail.com,Female,Chennai,Tamil Nadu,India,20-07-2025
,2148,Divya,Verma,divya.verma2148@gmail.com,Female,Bengaluru,Karnataka,India,05-08-2025
,2149,Rohit,Sharma,rohit.sharma2149@gmail.com,Male,Pune,Maharashtra,India,07-07-2024
,2150,Deepika,Gupta,deepika.gupta2150@gmail.com,Female,Hyderabad,Telangana,India,24-08-2024
,2151,Manoj,Sharma,manoj.sharma2151@gmail.com,Male,Pune,Maharashtra,India,19-11-2023
,2152,Anjali,Kumar,anjali.kumar2152@gmail.com,Female,Bengaluru,Karnataka,India,13-02-2025
,2153,Naveen,Iyer,naveen.iyer2153@gmail.com,Male,Pune,Maharashtra,India,17-12-2025
,2154,Amit,Sharma,amit.sharma2154@gmail.com,Male,Delhi,Delhi,India,11-06-2025
,2155,Swathi,Reddy,swathi.reddy2155@gmail.com,Female,Bengaluru,Karnataka,India,03-06-2025
,2156,Rohit,Iyer,rohit.iyer2156@gmail.com,Male,Kolkata,West Bengal,India,25-05-2023
,2157,Anjali,Iyer,anjali.iyer2157@gmail.com,Female,Chennai,Tamil Nadu,India,07-11-2023
,2158,Vikram,Reddy,vikram.reddy2158@gmail.com,Male,Bengaluru,Karnataka,India,07-11-2023
,2159,Rahul,Das,rahul.das2159@gmail.com,Male,Pune,Maharashtra,India,16-02-2023
,2160,Vikram,Kumar,vikram.kumar2160@gmail.com,Male,Pune,Maharashtra,India,06-01-2023
,2161,Sneha,Das,sneha.das2161@gmail.com,Female,Pune,Maharashtra,India,19-01-2025
,2162,Kavya,Nair,kavya.nair2162@gmail.com,Female,Pune,Maharashtra,India,28-03-2024
,2163,Suresh,Das,suresh.das2163@gmail.com,Male,Hyderabad,Telangana,India,21-08-2025
,2164,Anjali,Iyer,anjali.iyer2164@gmail.com,Female,Bengaluru,Karnataka,India,14-07-2023
,2165,Pooja,Nair,pooja.nair2165@gmail.com,Female,Kolkata,West Bengal,India,07-01-2025
,2166,Anjali,Rao,anjali.rao2166@gmail.com,Female,Hyderabad,Telangana,India,05-01-2024
,2167,Rohit,Rao,rohit.rao2167@gmail.com,Male,Pune,Maharashtra,India,28-12-2024
,2168,Arjun,Sharma,arjun.sharma2168@gmail.com,Male,Pune,Maharashtra,India,25-07-2025
,2169,Priya,Kumar,priya.kumar2169@gmail.com,Female,Delhi,Delhi,India,25-11-2024
,2170,Sneha,Reddy,sneha.reddy2170@gmail.com,Female,Chennai,Tamil Nadu,India,05-09-2025
,2171,Suresh,Iyer,suresh.iyer2171@gmail.com,Male,Pune,Maharashtra,India,31-08-2025
,2172,Swathi,Kumar,swathi.kumar2172@gmail.com,Female,Chennai,Tamil Nadu,India,06-03-2024
,2173,Neha,Sharma,neha.sharma2173@gmail.com,Female,Kolkata,West Bengal,India,08-08-2023
,2174,Divya,Nair,divya.nair2174@gmail.com,Female,Chennai,Tamil Nadu,India,11-03-2023
,2175,Aishwarya,Verma,aishwarya.verma2175@gmail.com,Female,Chennai,Tamil Nadu,India,14-03-2024
,2176,Neha,Sharma,neha.sharma2176@gmail.com,Female,Hyderabad,Telangana,India,12-05-2025
,2177,Karan,Rao,karan.rao2177@gmail.com,Male,Bengaluru,Karnataka,India,21-03-2024
,2178,Swathi,Rao,swathi.rao2178@gmail.com,Female,Pune,Maharashtra,India,29-09-2025
,2179,Neha,Iyer,neha.iyer2179@gmail.com,Female,Kolkata,West Bengal,India,01-05-2024
,2180,Karan,Sharma,karan.sharma2180@gmail.com,Male,Hyderabad,Telangana,India,31-10-2024
,2181,Deepika,Patel,deepika.patel2181@gmail.com,Female,Pune,Maharashtra,India,07-10-2025
,2182,Vikram,Patel,vikram.patel2182@gmail.com,Male,Delhi,Delhi,India,27-09-2024
,2183,Naveen,Verma,naveen.verma2183@gmail.com,Male,Kolkata,West Bengal,India,02-04-2024
,2184,Swathi,Nair,swathi.nair2184@gmail.com,Female,Hyderabad,Telangana,India,04-07-2025
,2185,Rohit,Nair,rohit.nair2185@gmail.com,Male,Pune,Maharashtra,India,20-01-2025
,2186,Anjali,Nair,anjali.nair2186@gmail.com,Female,Bengaluru,Karnataka,India,05-05-2023
,2187,Rahul,Rao,rahul.rao2187@gmail.com,Male,Chennai,Tamil Nadu,India,05-09-2024
,2188,Suresh,Iyer,suresh.iyer2188@gmail.com,Male,Bengaluru,Karnataka,India,28-05-2024
,2189,Naveen,Rao,naveen.rao2189@gmail.com,Male,Hyderabad,Telangana,India,15-01-2024
,2190,Rohit,Das,rohit.das2190@gmail.com,Male,Pune,Maharashtra,India,14-01-2024
,2191,Naveen,Sharma,naveen.sharma2191@gmail.com,Male,Pune,Maharashtra,India,21-06-2024
,2192,Kavya,Nair,kavya.nair2192@gmail.com,Female,Bengaluru,Karnataka,India,06-03-2023
,2193,Naveen,Das,naveen.das2193@gmail.com,Male,Hyderabad,Telangana,India,17-05-2025
,2194,Naveen,Nair,naveen.nair2194@gmail.com,Male,Chennai,Tamil Nadu,India,14-04-2025
,2195,Kavya,Nair,kavya.nair2195@gmail.com,Female,Chennai,Tamil Nadu,India,26-12-2023
,2196,Manoj,Reddy,manoj.reddy2196@gmail.com,Male,Hyderabad,Telangana,India,27-09-2023
,2197,Kavya,Gupta,kavya.gupta2197@gmail.com,Female,Bengaluru,Karnataka,India,29-05-2024
,2198,Amit,Verma,amit.verma2198@gmail.com,Male,Pune,Maharashtra,India,02-07-2024
,2199,Aishwarya,Reddy,aishwarya.reddy2199@gmail.com,Female,Hyderabad,Telangana,India,14-08-2024
,2200,Rohit,Verma,rohit.verma2200@gmail.com,Male,Kolkata,West Bengal,India,10-10-2024
,2201,Aishwarya,Reddy,aishwarya.reddy2201@gmail.com,Female,Pune,Maharashtra,India,31-03-2023
,2202,Deepika,Iyer,deepika.iyer2202@gmail.com,Female,Kolkata,West Bengal,India,03-08-2023
,2203,Amit,Kumar,amit.kumar2203@gmail.com,Male,Kolkata,West Bengal,India,18-11-2024
,2204,Vikram,Reddy,vikram.reddy2204@gmail.com,Male,Kolkata,West Bengal,India,21-07-2023
,2205,Suresh,Nair,suresh.nair2205@gmail.com,Male,Kolkata,West Bengal,India,25-04-2023
,2206,Rohit,Sharma,rohit.sharma2206@gmail.com,Male,Kolkata,West Bengal,India,17-07-2025
,2207,Aishwarya,Rao,aishwarya.rao2207@gmail.com,Female,Kolkata,West Bengal,India,14-10-2025
,2208,Pooja,Nair,pooja.nair2208@gmail.com,Female,Chennai,Tamil Nadu,India,31-12-2025
,2209,Divya,Kumar,divya.kumar2209@gmail.com,Female,Hyderabad,Telangana,India,03-04-2025
,2210,Rahul,Kumar,rahul.kumar2210@gmail.com,Male,Kolkata,West Bengal,India,20-01-2024
,2211,Kavya,Gupta,kavya.gupta2211@gmail.com,Female,Delhi,Delhi,India,13-05-2024
,2212,Manoj,Iyer,manoj.iyer2212@gmail.com,Male,Kolkata,West Bengal,India,20-01-2024
,2213,Karan,Iyer,karan.iyer2213@gmail.com,Male,Bengaluru,Karnataka,India,12-09-2024
,2214,Pooja,Nair,pooja.nair2214@gmail.com,Female,Hyderabad,Telangana,India,17-02-2024
,2215,Swathi,Verma,swathi.verma2215@gmail.com,Female,Hyderabad,Telangana,India,16-12-2025
,2216,Vikram,Rao,vikram.rao2216@gmail.com,Male,Hyderabad,Telangana,India,17-04-2023
,2217,Naveen,Nair,naveen.nair2217@gmail.com,Male,Kolkata,West Bengal,India,18-10-2025
,2218,Swathi,Gupta,swathi.gupta2218@gmail.com,Female,Pune,Maharashtra,India,11-04-2023
,2219,Ajay,Kumar,ajay.kumar2219@gmail.com,Male,Delhi,Delhi,India,30-05-2023
,2220,Manoj,Verma,manoj.verma2220@gmail.com,Male,Kolkata,West Bengal,India,20-08-2025
,2221,Neha,Verma,neha.verma2221@gmail.com,Female,Chennai,Tamil Nadu,India,20-10-2024
,2222,Naveen,Das,naveen.das2222@gmail.com,Male,Delhi,Delhi,India,11-07-2025
,2223,Vikram,Iyer,vikram.iyer2223@gmail.com,Male,Chennai,Tamil Nadu,India,17-04-2023
,2224,Karan,Patel,karan.patel2224@gmail.com,Male,Hyderabad,Telangana,India,22-11-2023
,2225,Rahul,Rao,rahul.rao2225@gmail.com,Male,Chennai,Tamil Nadu,India,25-08-2023
,2226,Manoj,Das,manoj.das2226@gmail.com,Male,Delhi,Delhi,India,05-06-2023
,2227,Anjali,Nair,anjali.nair2227@gmail.com,Female,Bengaluru,Karnataka,India,27-02-2023
,2228,Arjun,Reddy,arjun.reddy2228@gmail.com,Male,Chennai,Tamil Nadu,India,08-10-2024
,2229,Divya,Iyer,divya.iyer2229@gmail.com,Female,Chennai,Tamil Nadu,India,26-01-2023
,2230,Divya,Verma,divya.verma2230@gmail.com,Female,Delhi,Delhi,India,10-01-2023
,2231,Suresh,Reddy,suresh.reddy2231@gmail.com,Male,Hyderabad,Telangana,India,02-12-2023
,2232,Naveen,Kumar,naveen.kumar2232@gmail.com,Male,Chennai,Tamil Nadu,India,28-05-2023
,2233,Arjun,Iyer,arjun.iyer2233@gmail.com,Male,Bengaluru,Karnataka,India,26-08-2023
,2234,Neha,Sharma,neha.sharma2234@gmail.com,Female,Chennai,Tamil Nadu,India,29-09-2025
,2235,Suresh,Sharma,suresh.sharma2235@gmail.com,Male,Pune,Maharashtra,India,23-07-2023
,2236,Vikram,Patel,vikram.patel2236@gmail.com,Male,Chennai,Tamil Nadu,India,15-10-2023
,2237,Vikram,Patel,vikram.patel2237@gmail.com,Male,Pune,Maharashtra,India,15-04-2024
,2238,Suresh,Rao,suresh.rao2238@gmail.com,Male,Delhi,Delhi,India,18-01-2025
,2239,Pooja,Reddy,pooja.reddy2239@gmail.com,Female,Hyderabad,Telangana,India,27-10-2025
,2240,Deepika,Sharma,deepika.sharma2240@gmail.com,Female,Kolkata,West Bengal,India,29-08-2024
,2241,Arjun,Das,arjun.das2241@gmail.com,Male,Delhi,Delhi,India,04-08-2024
,2242,Neha,Verma,neha.verma2242@gmail.com,Female,Pune,Maharashtra,India,01-08-2024
,2243,Suresh,Rao,suresh.rao2243@gmail.com,Male,Kolkata,West Bengal,India,27-08-2023
,2244,Priya,Nair,priya.nair2244@gmail.com,Female,Bengaluru,Karnataka,India,01-02-2024
,2245,Suresh,Verma,suresh.verma2245@gmail.com,Male,Pune,Maharashtra,India,06-08-2023
,2246,Neha,Nair,neha.nair2246@gmail.com,Female,Bengaluru,Karnataka,India,27-05-2025
,2247,Arjun,Nair,arjun.nair2247@gmail.com,Male,Chennai,Tamil Nadu,India,10-12-2024
,2248,Priya,Sharma,priya.sharma2248@gmail.com,Female,Kolkata,West Bengal,India,06-09-2024
,2249,Arjun,Gupta,arjun.gupta2249@gmail.com,Male,Bengaluru,Karnataka,India,18-12-2025
,2250,Rohit,Reddy,rohit.reddy2250@gmail.com,Male,Kolkata,West Bengal,India,07-07-2023
,2251,Deepika,Gupta,deepika.gupta2251@gmail.com,Female,Hyderabad,Telangana,India,22-09-2025
,2252,Priya,Gupta,priya.gupta2252@gmail.com,Female,Kolkata,West Bengal,India,06-09-2025
,2253,Kavya,Rao,kavya.rao2253@gmail.com,Female,Chennai,Tamil Nadu,India,31-03-2023
,2254,Amit,Nair,amit.nair2254@gmail.com,Male,Delhi,Delhi,India,05-11-2023
,2255,Anjali,Nair,anjali.nair2255@gmail.com,Female,Delhi,Delhi,India,27-03-2025
,2256,Ajay,Rao,ajay.rao2256@gmail.com,Male,Chennai,Tamil Nadu,India,25-08-2023
,2257,Manoj,Sharma,manoj.sharma2257@gmail.com,Male,Kolkata,West Bengal,India,28-08-2023
,2258,Kavya,Iyer,kavya.iyer2258@gmail.com,Female,Kolkata,West Bengal,India,17-08-2023
,2259,Arjun,Gupta,arjun.gupta2259@gmail.com,Male,Hyderabad,Telangana,India,21-05-2025
,2260,Naveen,Kumar,naveen.kumar2260@gmail.com,Male,Hyderabad,Telangana,India,22-09-2023
,2261,Sneha,Reddy,sneha.reddy2261@gmail.com,Female,Kolkata,West Bengal,India,23-07-2025
,2262,Naveen,Iyer,naveen.iyer2262@gmail.com,Male,Chennai,Tamil Nadu,India,22-07-2023
,2263,Priya,Patel,priya.patel2263@gmail.com,Female,Hyderabad,Telangana,India,08-08-2023
,2264,Naveen,Patel,naveen.patel2264@gmail.com,Male,Bengaluru,Karnataka,India,28-11-2025
,2265,Deepika,Reddy,deepika.reddy2265@gmail.com,Female,Chennai,Tamil Nadu,India,03-09-2025
,2266,Deepika,Patel,deepika.patel2266@gmail.com,Female,Pune,Maharashtra,India,08-03-2025
,2267,Manoj,Iyer,manoj.iyer2267@gmail.com,Male,Chennai,Tamil Nadu,India,17-11-2025
,2268,Priya,Verma,priya.verma2268@gmail.com,Female,Chennai,Tamil Nadu,India,20-07-2025
,2269,Neha,Iyer,neha.iyer2269@gmail.com,Female,Hyderabad,Telangana,India,18-04-2023
,2270,Sneha,Nair,sneha.nair2270@gmail.com,Female,Pune,Maharashtra,India,08-02-2024
,2271,Anjali,Verma,anjali.verma2271@gmail.com,Female,Pune,Maharashtra,India,12-10-2024
,2272,Aishwarya,Rao,aishwarya.rao2272@gmail.com,Female,Chennai,Tamil Nadu,India,03-02-2024
,2273,Deepika,Sharma,deepika.sharma2273@gmail.com,Female,Chennai,Tamil Nadu,India,03-10-2023
,2274,Anjali,Nair,anjali.nair2274@gmail.com,Female,Delhi,Delhi,India,24-04-2023
,2275,Neha,Reddy,neha.reddy2275@gmail.com,Female,Chennai,Tamil Nadu,India,05-11-2025
,2276,Sneha,Sharma,sneha.sharma2276@gmail.com,Female,Pune,Maharashtra,India,30-05-2023
,2277,Neha,Kumar,neha.kumar2277@gmail.com,Female,Pune,Maharashtra,India,12-07-2023
,2278,Ajay,Gupta,ajay.gupta2278@gmail.com,Male,Bengaluru,Karnataka,India,25-10-2023
,2279,Deepika,Sharma,deepika.sharma2279@gmail.com,Female,Pune,Maharashtra,India,02-08-2025
,2280,Naveen,Verma,naveen.verma2280@gmail.com,Male,Chennai,Tamil Nadu,India,22-05-2025
,2281,Neha,Das,neha.das2281@gmail.com,Female,Kolkata,West Bengal,India,09-08-2025
,2282,Anjali,Das,anjali.das2282@gmail.com,Female,Bengaluru,Karnataka,India,14-04-2023
,2283,Arjun,Gupta,arjun.gupta2283@gmail.com,Male,Kolkata,West Bengal,India,04-10-2024
,2284,Rohit,Gupta,rohit.gupta2284@gmail.com,Male,Hyderabad,Telangana,India,06-11-2024
,2285,Neha,Reddy,neha.reddy2285@gmail.com,Female,Bengaluru,Karnataka,India,19-03-2024
,2286,Aishwarya,Reddy,aishwarya.reddy2286@gmail.com,Female,Bengaluru,Karnataka,India,28-12-2023
,2287,Priya,Sharma,priya.sharma2287@gmail.com,Female,Chennai,Tamil Nadu,India,21-09-2025
,2288,Aishwarya,Verma,aishwarya.verma2288@gmail.com,Female,Hyderabad,Telangana,India,06-11-2024
,2289,Arjun,Rao,arjun.rao2289@gmail.com,Male,Pune,Maharashtra,India,05-10-2023
,2290,Manoj,Reddy,manoj.reddy2290@gmail.com,Male,Hyderabad,Telangana,India,06-12-2024
,2291,Sneha,Das,sneha.das2291@gmail.com,Female,Bengaluru,Karnataka,India,27-03-2025
,2292,Swathi,Nair,swathi.nair2292@gmail.com,Female,Pune,Maharashtra,India,03-11-2024
,2293,Sneha,Gupta,sneha.gupta2293@gmail.com,Female,Chennai,Tamil Nadu,India,11-08-2023
,2294,Suresh,Nair,suresh.nair2294@gmail.com,Male,Chennai,Tamil Nadu,India,11-04-2025
,2295,Swathi,Verma,swathi.verma2295@gmail.com,Female,Kolkata,West Bengal,India,28-06-2023
,2296,Rohit,Gupta,rohit.gupta2296@gmail.com,Male,Bengaluru,Karnataka,India,22-10-2023
,2297,Suresh,Verma,suresh.verma2297@gmail.com,Male,Bengaluru,Karnataka,India,26-01-2023
,2298,Suresh,Patel,suresh.patel2298@gmail.com,Male,Chennai,Tamil Nadu,India,22-04-2023
,2299,Amit,Das,amit.das2299@gmail.com,Male,Pune,Maharashtra,India,14-03-2024
,2300,Swathi,Nair,swathi.nair2300@gmail.com,Female,Bengaluru,Karnataka,India,03-05-2025
,2301,Vikram,Kumar,vikram.kumar2301@gmail.com,Male,Hyderabad,Telangana,India,28-10-2025
,2302,Suresh,Gupta,suresh.gupta2302@gmail.com,Male,Kolkata,West Bengal,India,30-10-2025
,2303,Amit,Reddy,amit.reddy2303@gmail.com,Male,Pune,Maharashtra,India,08-04-2023
,2304,Suresh,Iyer,suresh.iyer2304@gmail.com,Male,Chennai,Tamil Nadu,India,15-03-2023
,2305,Sneha,Reddy,sneha.reddy2305@gmail.com,Female,Kolkata,West Bengal,India,16-11-2023
,2306,Vikram,Patel,vikram.patel2306@gmail.com,Male,Delhi,Delhi,India,02-02-2024
,2307,Kavya,Kumar,kavya.kumar2307@gmail.com,Female,Delhi,Delhi,India,07-10-2024
,2308,Rahul,Das,rahul.das2308@gmail.com,Male,Kolkata,West Bengal,India,16-12-2024
,2309,Swathi,Kumar,swathi.kumar2309@gmail.com,Female,Chennai,Tamil Nadu,India,03-05-2024
,2310,Anjali,Nair,anjali.nair2310@gmail.com,Female,Pune,Maharashtra,India,13-08-2025
,2311,Sneha,Kumar,sneha.kumar2311@gmail.com,Female,Hyderabad,Telangana,India,25-05-2023
,2312,Swathi,Reddy,swathi.reddy2312@gmail.com,Female,Hyderabad,Telangana,India,05-07-2024
,2313,Swathi,Nair,swathi.nair2313@gmail.com,Female,Hyderabad,Telangana,India,14-05-2023
,2314,Anjali,Gupta,anjali.gupta2314@gmail.com,Female,Kolkata,West Bengal,India,16-06-2025
,2315,Swathi,Iyer,swathi.iyer2315@gmail.com,Female,Delhi,Delhi,India,09-04-2024
,2316,Suresh,Iyer,suresh.iyer2316@gmail.com,Male,Pune,Maharashtra,India,29-12-2025
,2317,Vikram,Nair,vikram.nair2317@gmail.com,Male,Chennai,Tamil Nadu,India,28-12-2025
,2318,Priya,Sharma,priya.sharma2318@gmail.com,Female,Bengaluru,Karnataka,India,03-11-2023
,2319,Manoj,Gupta,manoj.gupta2319@gmail.com,Male,Chennai,Tamil Nadu,India,20-02-2025
,2320,Pooja,Iyer,pooja.iyer2320@gmail.com,Female,Bengaluru,Karnataka,India,22-06-2025
,2321,Amit,Nair,amit.nair2321@gmail.com,Male,Delhi,Delhi,India,01-04-2024
,2322,Vikram,Sharma,vikram.sharma2322@gmail.com,Male,Pune,Maharashtra,India,01-10-2025
,2323,Sneha,Verma,sneha.verma2323@gmail.com,Female,Chennai,Tamil Nadu,India,10-07-2023
,2324,Aishwarya,Kumar,aishwarya.kumar2324@gmail.com,Female,Delhi,Delhi,India,30-06-2025
,2325,Sneha,Iyer,sneha.iyer2325@gmail.com,Female,Pune,Maharashtra,India,22-05-2023
,2326,Rohit,Patel,rohit.patel2326@gmail.com,Male,Pune,Maharashtra,India,08-06-2025
,2327,Sneha,Sharma,sneha.sharma2327@gmail.com,Female,Kolkata,West Bengal,India,19-09-2023
,2328,Karan,Nair,karan.nair2328@gmail.com,Male,Kolkata,West Bengal,India,28-10-2024
,2329,Priya,Rao,priya.rao2329@gmail.com,Female,Pune,Maharashtra,India,09-12-2024
,2330,Neha,Kumar,neha.kumar2330@gmail.com,Female,Pune,Maharashtra,India,25-04-2024
,2331,Divya,Reddy,divya.reddy2331@gmail.com,Female,Hyderabad,Telangana,India,28-10-2025
,2332,Aishwarya,Kumar,aishwarya.kumar2332@gmail.com,Female,Kolkata,West Bengal,India,29-12-2023
,2333,Aishwarya,Iyer,aishwarya.iyer2333@gmail.com,Female,Pune,Maharashtra,India,20-01-2025
,2334,Manoj,Nair,manoj.nair2334@gmail.com,Male,Pune,Maharashtra,India,16-02-2024
,2335,Karan,Patel,karan.patel2335@gmail.com,Male,Chennai,Tamil Nadu,India,20-03-2025
,2336,Arjun,Verma,arjun.verma2336@gmail.com,Male,Kolkata,West Bengal,India,03-04-2023
,2337,Neha,Patel,neha.patel2337@gmail.com,Female,Chennai,Tamil Nadu,India,18-10-2024
,2338,Aishwarya,Verma,aishwarya.verma2338@gmail.com,Female,Kolkata,West Bengal,India,10-04-2023
,2339,Divya,Sharma,divya.sharma2339@gmail.com,Female,Hyderabad,Telangana,India,09-06-2025
,2340,Priya,Kumar,priya.kumar2340@gmail.com,Female,Bengaluru,Karnataka,India,10-12-2024
,2341,Neha,Reddy,neha.reddy2341@gmail.com,Female,Delhi,Delhi,India,27-08-2025
,2342,Pooja,Nair,pooja.nair2342@gmail.com,Female,Chennai,Tamil Nadu,India,26-12-2024
,2343,Deepika,Nair,deepika.nair2343@gmail.com,Female,Hyderabad,Telangana,India,05-01-2023
,2344,Arjun,Sharma,arjun.sharma2344@gmail.com,Male,Hyderabad,Telangana,India,03-09-2025
,2345,Swathi,Gupta,swathi.gupta2345@gmail.com,Female,Delhi,Delhi,India,31-07-2023
,2346,Ajay,Sharma,ajay.sharma2346@gmail.com,Male,Hyderabad,Telangana,India,20-10-2024
,2347,Priya,Das,priya.das2347@gmail.com,Female,Chennai,Tamil Nadu,India,31-03-2024
,2348,Kavya,Nair,kavya.nair2348@gmail.com,Female,Delhi,Delhi,India,28-08-2024
,2349,Suresh,Gupta,suresh.gupta2349@gmail.com,Male,Bengaluru,Karnataka,India,12-03-2024
,2350,Vikram,Gupta,vikram.gupta2350@gmail.com,Male,Kolkata,West Bengal,India,19-08-2025
,2351,Amit,Das,amit.das2351@gmail.com,Male,Delhi,Delhi,India,07-08-2025
,2352,Sneha,Verma,sneha.verma2352@gmail.com,Female,Chennai,Tamil Nadu,India,04-06-2023
,2353,Divya,Iyer,divya.iyer2353@gmail.com,Female,Hyderabad,Telangana,India,19-01-2024
,2354,Ajay,Sharma,ajay.sharma2354@gmail.com,Male,Delhi,Delhi,India,27-12-2023
,2355,Neha,Iyer,neha.iyer2355@gmail.com,Female,Bengaluru,Karnataka,India,01-11-2025
,2356,Aishwarya,Nair,aishwarya.nair2356@gmail.com,Female,Pune,Maharashtra,India,02-11-2023
,2357,Arjun,Reddy,arjun.reddy2357@gmail.com,Male,Chennai,Tamil Nadu,India,28-03-2023
,2358,Sneha,Rao,sneha.rao2358@gmail.com,Female,Delhi,Delhi,India,10-11-2024
,2359,Naveen,Nair,naveen.nair2359@gmail.com,Male,Bengaluru,Karnataka,India,12-07-2023
,2360,Suresh,Iyer,suresh.iyer2360@gmail.com,Male,Delhi,Delhi,India,14-08-2025
,2361,Arjun,Kumar,arjun.kumar2361@gmail.com,Male,Pune,Maharashtra,India,29-03-2024
,2362,Vikram,Verma,vikram.verma2362@gmail.com,Male,Chennai,Tamil Nadu,India,17-06-2025
,2363,Karan,Iyer,karan.iyer2363@gmail.com,Male,Delhi,Delhi,India,15-02-2024
,2364,Arjun,Patel,arjun.patel2364@gmail.com,Male,Delhi,Delhi,India,08-09-2023
,2365,Arjun,Gupta,arjun.gupta2365@gmail.com,Male,Chennai,Tamil Nadu,India,28-05-2025
,2366,Suresh,Rao,suresh.rao2366@gmail.com,Male,Bengaluru,Karnataka,India,18-08-2024
,2367,Ajay,Rao,ajay.rao2367@gmail.com,Male,Delhi,Delhi,India,21-07-2025
,2368,Neha,Sharma,neha.sharma2368@gmail.com,Female,Bengaluru,Karnataka,India,09-09-2024
,2369,Aishwarya,Reddy,aishwarya.reddy2369@gmail.com,Female,Kolkata,West Bengal,India,06-10-2025
,2370,Ajay,Nair,ajay.nair2370@gmail.com,Male,Pune,Maharashtra,India,27-05-2024
,2371,Kavya,Patel,kavya.patel2371@gmail.com,Female,Pune,Maharashtra,India,10-05-2025
,2372,Vikram,Gupta,vikram.gupta2372@gmail.com,Male,Chennai,Tamil Nadu,India,17-04-2025
,2373,Swathi,Patel,swathi.patel2373@gmail.com,Female,Pune,Maharashtra,India,31-01-2025
,2374,Anjali,Iyer,anjali.iyer2374@gmail.com,Female,Delhi,Delhi,India,20-06-2025
,2375,Vikram,Rao,vikram.rao2375@gmail.com,Male,Hyderabad,Telangana,India,04-05-2024
,2376,Suresh,Nair,suresh.nair2376@gmail.com,Male,Pune,Maharashtra,India,09-10-2024
,2377,Naveen,Iyer,naveen.iyer2377@gmail.com,Male,Kolkata,West Bengal,India,14-08-2023
,2378,Pooja,Patel,pooja.patel2378@gmail.com,Female,Bengaluru,Karnataka,India,30-10-2025
,2379,Aishwarya,Iyer,aishwarya.iyer2379@gmail.com,Female,Bengaluru,Karnataka,India,31-08-2024
,2380,Sneha,Gupta,sneha.gupta2380@gmail.com,Female,Chennai,Tamil Nadu,India,12-03-2023
,2381,Anjali,Kumar,anjali.kumar2381@gmail.com,Female,Hyderabad,Telangana,India,14-11-2024
,2382,Deepika,Das,deepika.das2382@gmail.com,Female,Kolkata,West Bengal,India,09-03-2025
,2383,Arjun,Kumar,arjun.kumar2383@gmail.com,Male,Pune,Maharashtra,India,04-07-2025
,2384,Priya,Iyer,priya.iyer2384@gmail.com,Female,Hyderabad,Telangana,India,10-12-2025
,2385,Kavya,Sharma,kavya.sharma2385@gmail.com,Female,Delhi,Delhi,India,15-09-2023
,2386,Ajay,Rao,ajay.rao2386@gmail.com,Male,Hyderabad,Telangana,India,10-10-2024
,2387,Suresh,Nair,suresh.nair2387@gmail.com,Male,Pune,Maharashtra,India,20-12-2025
,2388,Divya,Patel,divya.patel2388@gmail.com,Female,Hyderabad,Telangana,India,24-11-2025
,2389,Rohit,Rao,rohit.rao2389@gmail.com,Male,Pune,Maharashtra,India,08-10-2025
,2390,Suresh,Iyer,suresh.iyer2390@gmail.com,Male,Chennai,Tamil Nadu,India,06-12-2025
,2391,Manoj,Patel,manoj.patel2391@gmail.com,Male,Bengaluru,Karnataka,India,05-06-2024
,2392,Pooja,Das,pooja.das2392@gmail.com,Female,Chennai,Tamil Nadu,India,08-03-2023
,2393,Karan,Rao,karan.rao2393@gmail.com,Male,Chennai,Tamil Nadu,India,15-05-2024
,2394,Pooja,Rao,pooja.rao2394@gmail.com,Female,Bengaluru,Karnataka,India,03-11-2025
,2395,Suresh,Verma,suresh.verma2395@gmail.com,Male,Bengaluru,Karnataka,India,18-04-2024
,2396,Neha,Verma,neha.verma2396@gmail.com,Female,Pune,Maharashtra,India,23-01-2025
,2397,Arjun,Nair,arjun.nair2397@gmail.com,Male,Chennai,Tamil Nadu,India,16-04-2024
,2398,Kavya,Patel,kavya.patel2398@gmail.com,Female,Bengaluru,Karnataka,India,28-01-2023
,2399,Naveen,Iyer,naveen.iyer2399@gmail.com,Male,Bengaluru,Karnataka,India,17-04-2024
,2400,Manoj,Nair,manoj.nair2400@gmail.com,Male,Delhi,Delhi,India,22-03-2024
,2401,Neha,Verma,neha.verma2401@gmail.com,Female,Bengaluru,Karnataka,India,06-12-2025
,2402,Swathi,Patel,swathi.patel2402@gmail.com,Female,Chennai,Tamil Nadu,India,14-05-2024
,2403,Ajay,Iyer,ajay.iyer2403@gmail.com,Male,Bengaluru,Karnataka,India,11-08-2024
,2404,Amit,Sharma,amit.sharma2404@gmail.com,Male,Hyderabad,Telangana,India,12-03-2024
,2405,Neha,Gupta,neha.gupta2405@gmail.com,Female,Hyderabad,Telangana,India,06-09-2025
,2406,Kavya,Reddy,kavya.reddy2406@gmail.com,Female,Delhi,Delhi,India,28-07-2023
,2407,Divya,Gupta,divya.gupta2407@gmail.com,Female,Hyderabad,Telangana,India,27-01-2025
,2408,Aishwarya,Patel,aishwarya.patel2408@gmail.com,Female,Bengaluru,Karnataka,India,25-05-2023
,2409,Pooja,Nair,pooja.nair2409@gmail.com,Female,Bengaluru,Karnataka,India,30-01-2024
,2410,Karan,Reddy,karan.reddy2410@gmail.com,Male,Hyderabad,Telangana,India,22-12-2025
,2411,Kavya,Sharma,kavya.sharma2411@gmail.com,Female,Bengaluru,Karnataka,India,11-07-2025
,2412,Priya,Reddy,priya.reddy2412@gmail.com,Female,Kolkata,West Bengal,India,15-12-2023
,2413,Arjun,Rao,arjun.rao2413@gmail.com,Male,Hyderabad,Telangana,India,17-07-2025
,2414,Karan,Das,karan.das2414@gmail.com,Male,Bengaluru,Karnataka,India,17-10-2024
,2415,Divya,Sharma,divya.sharma2415@gmail.com,Female,Chennai,Tamil Nadu,India,29-03-2023
,2416,Pooja,Nair,pooja.nair2416@gmail.com,Female,Bengaluru,Karnataka,India,03-09-2023
,2417,Neha,Reddy,neha.reddy2417@gmail.com,Female,Delhi,Delhi,India,12-11-2023
,2418,Kavya,Patel,kavya.patel2418@gmail.com,Female,Bengaluru,Karnataka,India,15-08-2025
,2419,Amit,Reddy,amit.reddy2419@gmail.com,Male,Kolkata,West Bengal,India,12-06-2025
,2420,Neha,Kumar,neha.kumar2420@gmail.com,Female,Delhi,Delhi,India,14-12-2023
,2421,Kavya,Gupta,kavya.gupta2421@gmail.com,Female,Pune,Maharashtra,India,03-05-2023
,2422,Suresh,Reddy,suresh.reddy2422@gmail.com,Male,Pune,Maharashtra,India,01-07-2024
,2423,Naveen,Sharma,naveen.sharma2423@gmail.com,Male,Chennai,Tamil Nadu,India,28-12-2025
,2424,Karan,Nair,karan.nair2424@gmail.com,Male,Pune,Maharashtra,India,31-05-2024
,2425,Amit,Iyer,amit.iyer2425@gmail.com,Male,Pune,Maharashtra,India,10-05-2025
,2426,Ajay,Das,ajay.das2426@gmail.com,Male,Kolkata,West Bengal,India,27-08-2024
,2427,Rahul,Rao,rahul.rao2427@gmail.com,Male,Hyderabad,Telangana,India,09-07-2024
,2428,Kavya,Nair,kavya.nair2428@gmail.com,Female,Delhi,Delhi,India,21-12-2024
,2429,Ajay,Das,ajay.das2429@gmail.com,Male,Delhi,Delhi,India,16-09-2024
,2430,Naveen,Sharma,naveen.sharma2430@gmail.com,Male,Delhi,Delhi,India,16-02-2025
,2431,Anjali,Rao,anjali.rao2431@gmail.com,Female,Hyderabad,Telangana,India,19-08-2024
,2432,Deepika,Nair,deepika.nair2432@gmail.com,Female,Delhi,Delhi,India,29-08-2023
,2433,Pooja,Rao,pooja.rao2433@gmail.com,Female,Pune,Maharashtra,India,08-06-2025
,2434,Manoj,Iyer,manoj.iyer2434@gmail.com,Male,Delhi,Delhi,India,08-05-2025
,2435,Divya,Sharma,divya.sharma2435@gmail.com,Female,Chennai,Tamil Nadu,India,22-05-2025
,2436,Kavya,Rao,kavya.rao2436@gmail.com,Female,Delhi,Delhi,India,02-06-2025
,2437,Arjun,Das,arjun.das2437@gmail.com,Male,Pune,Maharashtra,India,06-10-2023
,2438,Aishwarya,Rao,aishwarya.rao2438@gmail.com,Female,Bengaluru,Karnataka,India,25-04-2025
,2439,Suresh,Reddy,suresh.reddy2439@gmail.com,Male,Bengaluru,Karnataka,India,15-02-2025
,2440,Karan,Sharma,karan.sharma2440@gmail.com,Male,Pune,Maharashtra,India,20-12-2024
,2441,Deepika,Nair,deepika.nair2441@gmail.com,Female,Pune,Maharashtra,India,07-08-2024
,2442,Pooja,Iyer,pooja.iyer2442@gmail.com,Female,Pune,Maharashtra,India,21-08-2025
,2443,Priya,Patel,priya.patel2443@gmail.com,Female,Hyderabad,Telangana,India,01-02-2023
,2444,Sneha,Verma,sneha.verma2444@gmail.com,Female,Chennai,Tamil Nadu,India,19-12-2025
,2445,Aishwarya,Sharma,aishwarya.sharma2445@gmail.com,Female,Kolkata,West Bengal,India,03-01-2023
,2446,Amit,Kumar,amit.kumar2446@gmail.com,Male,Pune,Maharashtra,India,30-10-2025
,2447,Karan,Nair,karan.nair2447@gmail.com,Male,Hyderabad,Telangana,India,21-05-2023
,2448,Swathi,Verma,swathi.verma2448@gmail.com,Female,Delhi,Delhi,India,27-04-2023
,2449,Aishwarya,Kumar,aishwarya.kumar2449@gmail.com,Female,Pune,Maharashtra,India,26-05-2024
,2450,Vikram,Reddy,vikram.reddy2450@gmail.com,Male,Chennai,Tamil Nadu,India,13-03-2024
,2451,Swathi,Das,swathi.das2451@gmail.com,Female,Pune,Maharashtra,India,06-06-2025
,2452,Swathi,Gupta,swathi.gupta2452@gmail.com,Female,Bengaluru,Karnataka,India,30-01-2025
,2453,Deepika,Gupta,deepika.gupta2453@gmail.com,Female,Pune,Maharashtra,India,25-12-2023
,2454,Manoj,Nair,manoj.nair2454@gmail.com,Male,Pune,Maharashtra,India,17-10-2024
,2455,Naveen,Verma,naveen.verma2455@gmail.com,Male,Chennai,Tamil Nadu,India,10-07-2025
,2456,Priya,Gupta,priya.gupta2456@gmail.com,Female,Chennai,Tamil Nadu,India,20-06-2025
,2457,Pooja,Gupta,pooja.gupta2457@gmail.com,Female,Pune,Maharashtra,India,08-08-2023
,2458,Anjali,Verma,anjali.verma2458@gmail.com,Female,Pune,Maharashtra,India,29-01-2024
,2459,Divya,Patel,divya.patel2459@gmail.com,Female,Pune,Maharashtra,India,07-01-2023
,2460,Manoj,Rao,manoj.rao2460@gmail.com,Male,Delhi,Delhi,India,10-01-2024
,2461,Priya,Patel,priya.patel2461@gmail.com,Female,Hyderabad,Telangana,India,29-10-2024
,2462,Naveen,Iyer,naveen.iyer2462@gmail.com,Male,Bengaluru,Karnataka,India,03-10-2025
,2463,Anjali,Sharma,anjali.sharma2463@gmail.com,Female,Hyderabad,Telangana,India,23-01-2025
,2464,Naveen,Patel,naveen.patel2464@gmail.com,Male,Hyderabad,Telangana,India,22-06-2023
,2465,Karan,Kumar,karan.kumar2465@gmail.com,Male,Hyderabad,Telangana,India,26-01-2024
,2466,Divya,Sharma,divya.sharma2466@gmail.com,Female,Hyderabad,Telangana,India,16-07-2023
,2467,Manoj,Gupta,manoj.gupta2467@gmail.com,Male,Pune,Maharashtra,India,28-12-2025
,2468,Anjali,Das,anjali.das2468@gmail.com,Female,Hyderabad,Telangana,India,24-11-2024
,2469,Divya,Nair,divya.nair2469@gmail.com,Female,Kolkata,West Bengal,India,26-01-2024
,2470,Sneha,Nair,sneha.nair2470@gmail.com,Female,Pune,Maharashtra,India,29-01-2025
,2471,Naveen,Verma,naveen.verma2471@gmail.com,Male,Delhi,Delhi,India,23-03-2023
,2472,Rohit,Gupta,rohit.gupta2472@gmail.com,Male,Pune,Maharashtra,India,01-09-2024
,2473,Rohit,Rao,rohit.rao2473@gmail.com,Male,Hyderabad,Telangana,India,19-10-2025
,2474,Priya,Rao,priya.rao2474@gmail.com,Female,Hyderabad,Telangana,India,06-12-2025
,2475,Sneha,Reddy,sneha.reddy2475@gmail.com,Female,Kolkata,West Bengal,India,12-03-2024
,2476,Rahul,Verma,rahul.verma2476@gmail.com,Male,Pune,Maharashtra,India,09-03-2023
,2477,Naveen,Nair,naveen.nair2477@gmail.com,Male,Delhi,Delhi,India,23-08-2023
,2478,Naveen,Iyer,naveen.iyer2478@gmail.com,Male,Pune,Maharashtra,India,15-02-2023
,2479,Pooja,Das,pooja.das2479@gmail.com,Female,Delhi,Delhi,India,26-06-2024
,2480,Suresh,Kumar,suresh.kumar2480@gmail.com,Male,Bengaluru,Karnataka,India,16-01-2025
,2481,Ajay,Verma,ajay.verma2481@gmail.com,Male,Pune,Maharashtra,India,01-03-2025
,2482,Suresh,Gupta,suresh.gupta2482@gmail.com,Male,Hyderabad,Telangana,India,12-10-2024
,2483,Ajay,Kumar,ajay.kumar2483@gmail.com,Male,Delhi,Delhi,India,07-04-2024
,2484,Rohit,Sharma,rohit.sharma2484@gmail.com,Male,Chennai,Tamil Nadu,India,05-07-2024
,2485,Arjun,Verma,arjun.verma2485@gmail.com,Male,Bengaluru,Karnataka,India,02-07-2024
,2486,Deepika,Nair,deepika.nair2486@gmail.com,Female,Hyderabad,Telangana,India,28-05-2023
,2487,Amit,Patel,amit.patel2487@gmail.com,Male,Chennai,Tamil Nadu,India,29-04-2023
,2488,Vikram,Gupta,vikram.gupta2488@gmail.com,Male,Delhi,Delhi,India,26-04-2025
,2489,Swathi,Nair,swathi.nair2489@gmail.com,Female,Bengaluru,Karnataka,India,23-11-2024
,2490,Vikram,Iyer,vikram.iyer2490@gmail.com,Male,Kolkata,West Bengal,India,19-12-2025
,2491,Manoj,Iyer,manoj.iyer2491@gmail.com,Male,Kolkata,West Bengal,India,14-01-2025
,2492,Swathi,Das,swathi.das2492@gmail.com,Female,Bengaluru,Karnataka,India,17-09-2024
,2493,Swathi,Patel,swathi.patel2493@gmail.com,Female,Chennai,Tamil Nadu,India,15-09-2024
,2494,Anjali,Nair,anjali.nair2494@gmail.com,Female,Hyderabad,Telangana,India,20-12-2023
,2495,Anjali,Gupta,anjali.gupta2495@gmail.com,Female,Hyderabad,Telangana,India,30-06-2023
,2496,Karan,Patel,karan.patel2496@gmail.com,Male,Delhi,Delhi,India,20-03-2023
,2497,Ajay,Sharma,ajay.sharma2497@gmail.com,Male,Kolkata,West Bengal,India,26-10-2025
,2498,Priya,Das,priya.das2498@gmail.com,Female,Delhi,Delhi,India,01-04-2023
,2499,Amit,Rao,amit.rao2499@gmail.com,Male,Chennai,Tamil Nadu,India,23-12-2024
,2500,Pooja,Kumar,pooja.kumar2500@gmail.com,Female,Bengaluru,Karnataka,India,13-12-2025
,2501,Divya,Verma,divya.verma2501@gmail.com,Female,Pune,Maharashtra,India,21-07-2024
,2502,Suresh,Sharma,suresh.sharma2502@gmail.com,Male,Hyderabad,Telangana,India,05-05-2024
,2503,Neha,Reddy,neha.reddy2503@gmail.com,Female,Delhi,Delhi,India,11-06-2023
,2504,Suresh,Rao,suresh.rao2504@gmail.com,Male,Kolkata,West Bengal,India,13-04-2024
,2505,Suresh,Gupta,suresh.gupta2505@gmail.com,Male,Hyderabad,Telangana,India,12-09-2025
,2506,Priya,Sharma,priya.sharma2506@gmail.com,Female,Bengaluru,Karnataka,India,23-12-2025
,2507,Pooja,Reddy,pooja.reddy2507@gmail.com,Female,Delhi,Delhi,India,01-04-2024
,2508,Arjun,Gupta,arjun.gupta2508@gmail.com,Male,Bengaluru,Karnataka,India,02-05-2025
,2509,Rohit,Verma,rohit.verma2509@gmail.com,Male,Bengaluru,Karnataka,India,15-11-2024
,2510,Pooja,Iyer,pooja.iyer2510@gmail.com,Female,Kolkata,West Bengal,India,23-10-2023
,2511,Rahul,Patel,rahul.patel2511@gmail.com,Male,Kolkata,West Bengal,India,20-08-2023
,2512,Neha,Rao,neha.rao2512@gmail.com,Female,Bengaluru,Karnataka,India,20-10-2024
,2513,Divya,Nair,divya.nair2513@gmail.com,Female,Chennai,Tamil Nadu,India,29-09-2025
,2514,Sneha,Gupta,sneha.gupta2514@gmail.com,Female,Pune,Maharashtra,India,11-11-2025
,2515,Anjali,Patel,anjali.patel2515@gmail.com,Female,Pune,Maharashtra,India,01-02-2024
,2516,Rahul,Gupta,rahul.gupta2516@gmail.com,Male,Chennai,Tamil Nadu,India,16-10-2024
,2517,Ajay,Iyer,ajay.iyer2517@gmail.com,Male,Chennai,Tamil Nadu,India,15-11-2025
,2518,Rohit,Patel,rohit.patel2518@gmail.com,Male,Pune,Maharashtra,India,29-09-2023
,2519,Pooja,Patel,pooja.patel2519@gmail.com,Female,Bengaluru,Karnataka,India,01-05-2024
,2520,Deepika,Verma,deepika.verma2520@gmail.com,Female,Bengaluru,Karnataka,India,29-11-2025
,2521,Karan,Iyer,karan.iyer2521@gmail.com,Male,Delhi,Delhi,India,09-05-2023
,2522,Ajay,Das,ajay.das2522@gmail.com,Male,Delhi,Delhi,India,07-11-2025
,2523,Suresh,Rao,suresh.rao2523@gmail.com,Male,Hyderabad,Telangana,India,19-07-2024
,2524,Naveen,Kumar,naveen.kumar2524@gmail.com,Male,Bengaluru,Karnataka,India,24-06-2023
,2525,Suresh,Gupta,suresh.gupta2525@gmail.com,Male,Hyderabad,Telangana,India,24-11-2025
,2526,Ajay,Kumar,ajay.kumar2526@gmail.com,Male,Bengaluru,Karnataka,India,23-03-2023
,2527,Ajay,Das,ajay.das2527@gmail.com,Male,Kolkata,West Bengal,India,21-07-2023
,2528,Rohit,Kumar,rohit.kumar2528@gmail.com,Male,Bengaluru,Karnataka,India,10-02-2025
,2529,Pooja,Kumar,pooja.kumar2529@gmail.com,Female,Pune,Maharashtra,India,20-05-2025
,2530,Naveen,Das,naveen.das2530@gmail.com,Male,Delhi,Delhi,India,04-09-2024
,2531,Swathi,Rao,swathi.rao2531@gmail.com,Female,Hyderabad,Telangana,India,23-06-2025
,2532,Anjali,Gupta,anjali.gupta2532@gmail.com,Female,Kolkata,West Bengal,India,25-11-2025
,2533,Vikram,Rao,vikram.rao2533@gmail.com,Male,Chennai,Tamil Nadu,India,28-03-2025
,2534,Kavya,Sharma,kavya.sharma2534@gmail.com,Female,Kolkata,West Bengal,India,28-07-2024
,2535,Pooja,Sharma,pooja.sharma2535@gmail.com,Female,Pune,Maharashtra,India,26-05-2025
,2536,Suresh,Reddy,suresh.reddy2536@gmail.com,Male,Delhi,Delhi,India,19-12-2025
,2537,Priya,Gupta,priya.gupta2537@gmail.com,Female,Delhi,Delhi,India,03-10-2024
,2538,Deepika,Reddy,deepika.reddy2538@gmail.com,Female,Bengaluru,Karnataka,India,27-09-2023
,2539,Divya,Patel,divya.patel2539@gmail.com,Female,Delhi,Delhi,India,02-07-2023
,2540,Sneha,Nair,sneha.nair2540@gmail.com,Female,Bengaluru,Karnataka,India,28-07-2023
,2541,Ajay,Patel,ajay.patel2541@gmail.com,Male,Kolkata,West Bengal,India,22-08-2025
,2542,Suresh,Das,suresh.das2542@gmail.com,Male,Hyderabad,Telangana,India,26-02-2025
,2543,Ajay,Patel,ajay.patel2543@gmail.com,Male,Pune,Maharashtra,India,02-01-2024
,2544,Kavya,Verma,kavya.verma2544@gmail.com,Female,Chennai,Tamil Nadu,India,01-03-2025
,2545,Pooja,Nair,pooja.nair2545@gmail.com,Female,Hyderabad,Telangana,India,05-04-2025
,2546,Divya,Iyer,divya.iyer2546@gmail.com,Female,Hyderabad,Telangana,India,31-03-2024
,2547,Arjun,Iyer,arjun.iyer2547@gmail.com,Male,Hyderabad,Telangana,India,25-03-2024
,2548,Ajay,Verma,ajay.verma2548@gmail.com,Male,Bengaluru,Karnataka,India,27-10-2025
,2549,Pooja,Verma,pooja.verma2549@gmail.com,Female,Chennai,Tamil Nadu,India,08-04-2025
,2550,Neha,Das,neha.das2550@gmail.com,Female,Delhi,Delhi,India,07-07-2025
,2551,Manoj,Kumar,manoj.kumar2551@gmail.com,Male,Kolkata,West Bengal,India,11-10-2023
,2552,Swathi,Kumar,swathi.kumar2552@gmail.com,Female,Hyderabad,Telangana,India,05-11-2024
,2553,Swathi,Iyer,swathi.iyer2553@gmail.com,Female,Chennai,Tamil Nadu,India,13-06-2025
,2554,Deepika,Iyer,deepika.iyer2554@gmail.com,Female,Delhi,Delhi,India,26-01-2023
,2555,Neha,Gupta,neha.gupta2555@gmail.com,Female,Chennai,Tamil Nadu,India,09-12-2023
,2556,Naveen,Rao,naveen.rao2556@gmail.com,Male,Chennai,Tamil Nadu,India,18-10-2025
,2557,Deepika,Nair,deepika.nair2557@gmail.com,Female,Bengaluru,Karnataka,India,08-04-2024
,2558,Manoj,Rao,manoj.rao2558@gmail.com,Male,Hyderabad,Telangana,India,08-01-2025
,2559,Swathi,Kumar,swathi.kumar2559@gmail.com,Female,Bengaluru,Karnataka,India,12-05-2024
,2560,Rohit,Sharma,rohit.sharma2560@gmail.com,Male,Pune,Maharashtra,India,30-03-2025
,2561,Swathi,Sharma,swathi.sharma2561@gmail.com,Female,Bengaluru,Karnataka,India,25-12-2025
,2562,Divya,Nair,divya.nair2562@gmail.com,Female,Pune,Maharashtra,India,05-12-2024
,2563,Rohit,Verma,rohit.verma2563@gmail.com,Male,Delhi,Delhi,India,26-12-2023
,2564,Pooja,Sharma,pooja.sharma2564@gmail.com,Female,Chennai,Tamil Nadu,India,29-06-2023
,2565,Vikram,Rao,vikram.rao2565@gmail.com,Male,Bengaluru,Karnataka,India,11-07-2025
,2566,Arjun,Verma,arjun.verma2566@gmail.com,Male,Hyderabad,Telangana,India,03-07-2023
,2567,Aishwarya,Kumar,aishwarya.kumar2567@gmail.com,Female,Bengaluru,Karnataka,India,24-01-2025
,2568,Divya,Gupta,divya.gupta2568@gmail.com,Female,Bengaluru,Karnataka,India,14-09-2024
,2569,Neha,Rao,neha.rao2569@gmail.com,Female,Delhi,Delhi,India,17-11-2023
,2570,Divya,Das,divya.das2570@gmail.com,Female,Bengaluru,Karnataka,India,05-03-2023
,2571,Suresh,Reddy,suresh.reddy2571@gmail.com,Male,Chennai,Tamil Nadu,India,04-05-2023
,2572,Rohit,Kumar,rohit.kumar2572@gmail.com,Male,Pune,Maharashtra,India,06-01-2023
,2573,Rahul,Verma,rahul.verma2573@gmail.com,Male,Hyderabad,Telangana,India,22-06-2025
,2574,Ajay,Nair,ajay.nair2574@gmail.com,Male,Bengaluru,Karnataka,India,14-04-2023
,2575,Manoj,Rao,manoj.rao2575@gmail.com,Male,Hyderabad,Telangana,India,07-02-2023
,2576,Kavya,Gupta,kavya.gupta2576@gmail.com,Female,Bengaluru,Karnataka,India,15-08-2024
,2577,Swathi,Das,swathi.das2577@gmail.com,Female,Kolkata,West Bengal,India,10-07-2025
,2578,Pooja,Rao,pooja.rao2578@gmail.com,Female,Delhi,Delhi,India,13-05-2023
,2579,Neha,Reddy,neha.reddy2579@gmail.com,Female,Delhi,Delhi,India,21-10-2025
,2580,Vikram,Sharma,vikram.sharma2580@gmail.com,Male,Bengaluru,Karnataka,India,25-06-2023
,2581,Rahul,Gupta,rahul.gupta2581@gmail.com,Male,Chennai,Tamil Nadu,India,10-07-2024
,2582,Pooja,Rao,pooja.rao2582@gmail.com,Female,Pune,Maharashtra,India,11-11-2024
,2583,Manoj,Nair,manoj.nair2583@gmail.com,Male,Delhi,Delhi,India,01-01-2023
,2584,Suresh,Rao,suresh.rao2584@gmail.com,Male,Pune,Maharashtra,India,22-01-2024
,2585,Priya,Gupta,priya.gupta2585@gmail.com,Female,Kolkata,West Bengal,India,16-04-2024
,2586,Manoj,Verma,manoj.verma2586@gmail.com,Male,Hyderabad,Telangana,India,03-06-2025
,2587,Aishwarya,Gupta,aishwarya.gupta2587@gmail.com,Female,Chennai,Tamil Nadu,India,26-04-2025
,2588,Naveen,Nair,naveen.nair2588@gmail.com,Male,Pune,Maharashtra,India,14-09-2023
,2589,Pooja,Verma,pooja.verma2589@gmail.com,Female,Hyderabad,Telangana,India,27-09-2024
,2590,Ajay,Sharma,ajay.sharma2590@gmail.com,Male,Delhi,Delhi,India,26-06-2023
,2591,Rahul,Nair,rahul.nair2591@gmail.com,Male,Kolkata,West Bengal,India,21-04-2023
,2592,Manoj,Patel,manoj.patel2592@gmail.com,Male,Pune,Maharashtra,India,07-06-2025
,2593,Deepika,Reddy,deepika.reddy2593@gmail.com,Female,Delhi,Delhi,India,02-11-2025
,2594,Deepika,Reddy,deepika.reddy2594@gmail.com,Female,Bengaluru,Karnataka,India,18-04-2025
,2595,Naveen,Sharma,naveen.sharma2595@gmail.com,Male,Delhi,Delhi,India,26-06-2023
,2596,Manoj,Verma,manoj.verma2596@gmail.com,Male,Pune,Maharashtra,India,15-12-2024
,2597,Rahul,Das,rahul.das2597@gmail.com,Male,Kolkata,West Bengal,India,14-07-2024
,2598,Sneha,Nair,sneha.nair2598@gmail.com,Female,Delhi,Delhi,India,24-03-2024
,2599,Deepika,Rao,deepika.rao2599@gmail.com,Female,Hyderabad,Telangana,India,22-04-2024
,2600,Anjali,Das,anjali.das2600@gmail.com,Female,Kolkata,West Bengal,India,28-05-2025
,2601,Priya,Reddy,priya.reddy2601@gmail.com,Female,Hyderabad,Telangana,India,07-04-2024
,2602,Vikram,Kumar,vikram.kumar2602@gmail.com,Male,Delhi,Delhi,India,27-06-2023
,2603,Rohit,Sharma,rohit.sharma2603@gmail.com,Male,Bengaluru,Karnataka,India,24-11-2023
,2604,Pooja,Gupta,pooja.gupta2604@gmail.com,Female,Bengaluru,Karnataka,India,07-06-2025
,2605,Karan,Patel,karan.patel2605@gmail.com,Male,Kolkata,West Bengal,India,29-04-2025
,2606,Arjun,Nair,arjun.nair2606@gmail.com,Male,Chennai,Tamil Nadu,India,14-05-2024
,2607,Suresh,Reddy,suresh.reddy2607@gmail.com,Male,Kolkata,West Bengal,India,06-02-2025
,2608,Kavya,Gupta,kavya.gupta2608@gmail.com,Female,Chennai,Tamil Nadu,India,14-12-2025
,2609,Rahul,Das,rahul.das2609@gmail.com,Male,Pune,Maharashtra,India,26-08-2024
,2610,Anjali,Sharma,anjali.sharma2610@gmail.com,Female,Delhi,Delhi,India,27-03-2023
,2611,Karan,Das,karan.das2611@gmail.com,Male,Bengaluru,Karnataka,India,20-10-2025
,2612,Amit,Kumar,amit.kumar2612@gmail.com,Male,Pune,Maharashtra,India,02-06-2023
,2613,Vikram,Reddy,vikram.reddy2613@gmail.com,Male,Chennai,Tamil Nadu,India,21-11-2025
,2614,Vikram,Iyer,vikram.iyer2614@gmail.com,Male,Chennai,Tamil Nadu,India,22-09-2025
,2615,Swathi,Reddy,swathi.reddy2615@gmail.com,Female,Bengaluru,Karnataka,India,11-08-2025
,2616,Rohit,Iyer,rohit.iyer2616@gmail.com,Male,Hyderabad,Telangana,India,07-06-2024
,2617,Aishwarya,Patel,aishwarya.patel2617@gmail.com,Female,Hyderabad,Telangana,India,01-02-2023
,2618,Suresh,Iyer,suresh.iyer2618@gmail.com,Male,Bengaluru,Karnataka,India,19-03-2025
,2619,Kavya,Reddy,kavya.reddy2619@gmail.com,Female,Delhi,Delhi,India,19-05-2024
,2620,Anjali,Nair,anjali.nair2620@gmail.com,Female,Pune,Maharashtra,India,02-01-2023
,2621,Deepika,Reddy,deepika.reddy2621@gmail.com,Female,Pune,Maharashtra,India,16-12-2023
,2622,Pooja,Das,pooja.das2622@gmail.com,Female,Hyderabad,Telangana,India,18-05-2023
,2623,Kavya,Nair,kavya.nair2623@gmail.com,Female,Hyderabad,Telangana,India,21-12-2023
,2624,Naveen,Reddy,naveen.reddy2624@gmail.com,Male,Pune,Maharashtra,India,10-08-2025
,2625,Sneha,Kumar,sneha.kumar2625@gmail.com,Female,Pune,Maharashtra,India,01-11-2025
,2626,Rahul,Sharma,rahul.sharma2626@gmail.com,Male,Chennai,Tamil Nadu,India,08-02-2025
,2627,Deepika,Reddy,deepika.reddy2627@gmail.com,Female,Chennai,Tamil Nadu,India,14-10-2025
,2628,Rahul,Reddy,rahul.reddy2628@gmail.com,Male,Delhi,Delhi,India,24-09-2024
,2629,Anjali,Kumar,anjali.kumar2629@gmail.com,Female,Pune,Maharashtra,India,04-09-2023
,2630,Arjun,Patel,arjun.patel2630@gmail.com,Male,Kolkata,West Bengal,India,02-12-2023
,2631,Kavya,Das,kavya.das2631@gmail.com,Female,Delhi,Delhi,India,13-11-2024
,2632,Rohit,Verma,rohit.verma2632@gmail.com,Male,Delhi,Delhi,India,16-10-2023
,2633,Divya,Reddy,divya.reddy2633@gmail.com,Female,Kolkata,West Bengal,India,18-09-2025
,2634,Sneha,Sharma,sneha.sharma2634@gmail.com,Female,Delhi,Delhi,India,11-07-2025
,2635,Aishwarya,Das,aishwarya.das2635@gmail.com,Female,Hyderabad,Telangana,India,11-11-2023
,2636,Rahul,Iyer,rahul.iyer2636@gmail.com,Male,Kolkata,West Bengal,India,18-10-2023
,2637,Vikram,Das,vikram.das2637@gmail.com,Male,Chennai,Tamil Nadu,India,09-11-2024
,2638,Amit,Rao,amit.rao2638@gmail.com,Male,Delhi,Delhi,India,10-10-2025
,2639,Neha,Reddy,neha.reddy2639@gmail.com,Female,Chennai,Tamil Nadu,India,03-12-2023
,2640,Manoj,Sharma,manoj.sharma2640@gmail.com,Male,Kolkata,West Bengal,India,07-02-2023
,2641,Deepika,Sharma,deepika.sharma2641@gmail.com,Female,Kolkata,West Bengal,India,13-08-2023
,2642,Amit,Verma,amit.verma2642@gmail.com,Male,Kolkata,West Bengal,India,02-03-2025
,2643,Karan,Iyer,karan.iyer2643@gmail.com,Male,Bengaluru,Karnataka,India,02-02-2025
,2644,Anjali,Verma,anjali.verma2644@gmail.com,Female,Bengaluru,Karnataka,India,01-03-2024
,2645,Swathi,Gupta,swathi.gupta2645@gmail.com,Female,Delhi,Delhi,India,22-04-2025
,2646,Kavya,Das,kavya.das2646@gmail.com,Female,Hyderabad,Telangana,India,01-06-2025
,2647,Suresh,Das,suresh.das2647@gmail.com,Male,Delhi,Delhi,India,03-05-2025
,2648,Suresh,Iyer,suresh.iyer2648@gmail.com,Male,Delhi,Delhi,India,30-03-2024
,2649,Neha,Sharma,neha.sharma2649@gmail.com,Female,Bengaluru,Karnataka,India,29-11-2025
,2650,Manoj,Rao,manoj.rao2650@gmail.com,Male,Kolkata,West Bengal,India,28-01-2023
,2651,Karan,Iyer,karan.iyer2651@gmail.com,Male,Bengaluru,Karnataka,India,09-08-2024
,2652,Neha,Rao,neha.rao2652@gmail.com,Female,Chennai,Tamil Nadu,India,01-12-2024
,2653,Arjun,Nair,arjun.nair2653@gmail.com,Male,Kolkata,West Bengal,India,21-10-2023
,2654,Anjali,Kumar,anjali.kumar2654@gmail.com,Female,Delhi,Delhi,India,02-05-2023
,2655,Naveen,Kumar,naveen.kumar2655@gmail.com,Male,Pune,Maharashtra,India,24-12-2024
,2656,Rohit,Gupta,rohit.gupta2656@gmail.com,Male,Delhi,Delhi,India,05-05-2024
,2657,Ajay,Nair,ajay.nair2657@gmail.com,Male,Bengaluru,Karnataka,India,27-11-2024
,2658,Anjali,Das,anjali.das2658@gmail.com,Female,Pune,Maharashtra,India,24-04-2024
,2659,Sneha,Patel,sneha.patel2659@gmail.com,Female,Kolkata,West Bengal,India,11-06-2024
,2660,Aishwarya,Sharma,aishwarya.sharma2660@gmail.com,Female,Bengaluru,Karnataka,India,28-07-2024
,2661,Naveen,Iyer,naveen.iyer2661@gmail.com,Male,Hyderabad,Telangana,India,16-02-2024
,2662,Amit,Kumar,amit.kumar2662@gmail.com,Male,Bengaluru,Karnataka,India,28-05-2023
,2663,Priya,Patel,priya.patel2663@gmail.com,Female,Pune,Maharashtra,India,10-04-2023
,2664,Arjun,Rao,arjun.rao2664@gmail.com,Male,Pune,Maharashtra,India,02-12-2023
,2665,Pooja,Kumar,pooja.kumar2665@gmail.com,Female,Kolkata,West Bengal,India,01-12-2023
,2666,Deepika,Kumar,deepika.kumar2666@gmail.com,Female,Bengaluru,Karnataka,India,26-12-2025
,2667,Vikram,Verma,vikram.verma2667@gmail.com,Male,Bengaluru,Karnataka,India,08-06-2024
,2668,Rohit,Rao,rohit.rao2668@gmail.com,Male,Pune,Maharashtra,India,11-12-2025
,2669,Rohit,Gupta,rohit.gupta2669@gmail.com,Male,Hyderabad,Telangana,India,03-03-2023
,2670,Neha,Nair,neha.nair2670@gmail.com,Female,Bengaluru,Karnataka,India,04-10-2025
,2671,Amit,Sharma,amit.sharma2671@gmail.com,Male,Kolkata,West Bengal,India,12-01-2024
,2672,Deepika,Sharma,deepika.sharma2672@gmail.com,Female,Delhi,Delhi,India,13-03-2024
,2673,Swathi,Sharma,swathi.sharma2673@gmail.com,Female,Bengaluru,Karnataka,India,23-05-2023
,2674,Manoj,Reddy,manoj.reddy2674@gmail.com,Male,Chennai,Tamil Nadu,India,14-07-2025
,2675,Naveen,Reddy,naveen.reddy2675@gmail.com,Male,Bengaluru,Karnataka,India,16-01-2025
,2676,Anjali,Kumar,anjali.kumar2676@gmail.com,Female,Delhi,Delhi,India,19-11-2024
,2677,Vikram,Sharma,vikram.sharma2677@gmail.com,Male,Kolkata,West Bengal,India,08-10-2023
,2678,Neha,Das,neha.das2678@gmail.com,Female,Kolkata,West Bengal,India,03-08-2023
,2679,Arjun,Patel,arjun.patel2679@gmail.com,Male,Chennai,Tamil Nadu,India,08-07-2023
,2680,Ajay,Sharma,ajay.sharma2680@gmail.com,Male,Kolkata,West Bengal,India,22-12-2024
,2681,Divya,Patel,divya.patel2681@gmail.com,Female,Hyderabad,Telangana,India,24-06-2025
,2682,Priya,Patel,priya.patel2682@gmail.com,Female,Chennai,Tamil Nadu,India,30-03-2025
,2683,Rahul,Reddy,rahul.reddy2683@gmail.com,Male,Kolkata,West Bengal,India,29-08-2023
,2684,Rahul,Gupta,rahul.gupta2684@gmail.com,Male,Chennai,Tamil Nadu,India,24-12-2025
,2685,Rohit,Patel,rohit.patel2685@gmail.com,Male,Chennai,Tamil Nadu,India,25-06-2023
,2686,Naveen,Nair,naveen.nair2686@gmail.com,Male,Chennai,Tamil Nadu,India,21-08-2024
,2687,Pooja,Gupta,pooja.gupta2687@gmail.com,Female,Kolkata,West Bengal,India,26-07-2024
,2688,Manoj,Sharma,manoj.sharma2688@gmail.com,Male,Bengaluru,Karnataka,India,17-08-2025
,2689,Vikram,Patel,vikram.patel2689@gmail.com,Male,Bengaluru,Karnataka,India,16-01-2023
,2690,Priya,Das,priya.das2690@gmail.com,Female,Pune,Maharashtra,India,31-05-2023
,2691,Amit,Sharma,amit.sharma2691@gmail.com,Male,Bengaluru,Karnataka,India,06-02-2025
,2692,Sneha,Patel,sneha.patel2692@gmail.com,Female,Chennai,Tamil Nadu,India,05-07-2023
,2693,Priya,Reddy,priya.reddy2693@gmail.com,Female,Pune,Maharashtra,India,24-08-2023
,2694,Amit,Reddy,amit.reddy2694@gmail.com,Male,Bengaluru,Karnataka,India,10-12-2025
,2695,Pooja,Sharma,pooja.sharma2695@gmail.com,Female,Hyderabad,Telangana,India,29-10-2024
,2696,Pooja,Verma,pooja.verma2696@gmail.com,Female,Kolkata,West Bengal,India,08-05-2025
,2697,Arjun,Rao,arjun.rao2697@gmail.com,Male,Chennai,Tamil Nadu,India,28-12-2025
,2698,Priya,Gupta,priya.gupta2698@gmail.com,Female,Chennai,Tamil Nadu,India,04-06-2024
,2699,Swathi,Rao,swathi.rao2699@gmail.com,Female,Hyderabad,Telangana,India,20-12-2025
,2700,Deepika,Das,deepika.das2700@gmail.com,Female,Chennai,Tamil Nadu,India,20-11-2025
,2701,Naveen,Kumar,naveen.kumar2701@gmail.com,Male,Hyderabad,Telangana,India,26-09-2023
,2702,Anjali,Patel,anjali.patel2702@gmail.com,Female,Kolkata,West Bengal,India,16-07-2023
,2703,Aishwarya,Gupta,aishwarya.gupta2703@gmail.com,Female,Hyderabad,Telangana,India,19-07-2025
,2704,Karan,Verma,karan.verma2704@gmail.com,Male,Hyderabad,Telangana,India,05-12-2025
,2705,Anjali,Sharma,anjali.sharma2705@gmail.com,Female,Hyderabad,Telangana,India,18-05-2025
,2706,Kavya,Gupta,kavya.gupta2706@gmail.com,Female,Hyderabad,Telangana,India,05-05-2023
,2707,Pooja,Patel,pooja.patel2707@gmail.com,Female,Chennai,Tamil Nadu,India,16-12-2024
,2708,Vikram,Verma,vikram.verma2708@gmail.com,Male,Delhi,Delhi,India,14-12-2023
,2709,Amit,Das,amit.das2709@gmail.com,Male,Bengaluru,Karnataka,India,12-05-2024
,2710,Rohit,Das,rohit.das2710@gmail.com,Male,Kolkata,West Bengal,India,16-12-2023
,2711,Priya,Reddy,priya.reddy2711@gmail.com,Female,Delhi,Delhi,India,23-06-2024
,2712,Anjali,Nair,anjali.nair2712@gmail.com,Female,Kolkata,West Bengal,India,31-05-2024
,2713,Amit,Gupta,amit.gupta2713@gmail.com,Male,Pune,Maharashtra,India,24-05-2024
,2714,Suresh,Kumar,suresh.kumar2714@gmail.com,Male,Delhi,Delhi,India,30-07-2023
,2715,Manoj,Reddy,manoj.reddy2715@gmail.com,Male,Hyderabad,Telangana,India,09-01-2024
,2716,Rohit,Gupta,rohit.gupta2716@gmail.com,Male,Bengaluru,Karnataka,India,29-02-2024
,2717,Vikram,Gupta,vikram.gupta2717@gmail.com,Male,Bengaluru,Karnataka,India,29-10-2024
,2718,Pooja,Das,pooja.das2718@gmail.com,Female,Chennai,Tamil Nadu,India,14-06-2024
,2719,Ajay,Reddy,ajay.reddy2719@gmail.com,Male,Bengaluru,Karnataka,India,21-11-2025
,2720,Swathi,Kumar,swathi.kumar2720@gmail.com,Female,Bengaluru,Karnataka,India,09-09-2023
,2721,Naveen,Rao,naveen.rao2721@gmail.com,Male,Delhi,Delhi,India,07-02-2024
,2722,Naveen,Iyer,naveen.iyer2722@gmail.com,Male,Hyderabad,Telangana,India,19-06-2024
,2723,Suresh,Rao,suresh.rao2723@gmail.com,Male,Hyderabad,Telangana,India,26-06-2025
,2724,Rahul,Das,rahul.das2724@gmail.com,Male,Delhi,Delhi,India,10-07-2024
,2725,Karan,Iyer,karan.iyer2725@gmail.com,Male,Pune,Maharashtra,India,05-03-2023
,2726,Neha,Nair,neha.nair2726@gmail.com,Female,Delhi,Delhi,India,14-11-2023
,2727,Suresh,Rao,suresh.rao2727@gmail.com,Male,Hyderabad,Telangana,India,10-06-2024
,2728,Manoj,Rao,manoj.rao2728@gmail.com,Male,Delhi,Delhi,India,27-03-2025
,2729,Amit,Kumar,amit.kumar2729@gmail.com,Male,Pune,Maharashtra,India,27-08-2025
,2730,Sneha,Nair,sneha.nair2730@gmail.com,Female,Bengaluru,Karnataka,India,27-04-2025
,2731,Arjun,Reddy,arjun.reddy2731@gmail.com,Male,Bengaluru,Karnataka,India,19-12-2023
,2732,Pooja,Nair,pooja.nair2732@gmail.com,Female,Hyderabad,Telangana,India,23-02-2025
,2733,Priya,Kumar,priya.kumar2733@gmail.com,Female,Pune,Maharashtra,India,06-11-2025
,2734,Amit,Iyer,amit.iyer2734@gmail.com,Male,Hyderabad,Telangana,India,17-06-2025
,2735,Swathi,Das,swathi.das2735@gmail.com,Female,Delhi,Delhi,India,02-05-2023
,2736,Divya,Gupta,divya.gupta2736@gmail.com,Female,Bengaluru,Karnataka,India,15-07-2025
,2737,Swathi,Reddy,swathi.reddy2737@gmail.com,Female,Chennai,Tamil Nadu,India,30-11-2023
,2738,Naveen,Verma,naveen.verma2738@gmail.com,Male,Hyderabad,Telangana,India,20-10-2024
,2739,Divya,Gupta,divya.gupta2739@gmail.com,Female,Hyderabad,Telangana,India,18-07-2025
,2740,Ajay,Verma,ajay.verma2740@gmail.com,Male,Bengaluru,Karnataka,India,16-10-2023
,2741,Naveen,Sharma,naveen.sharma2741@gmail.com,Male,Chennai,Tamil Nadu,India,18-02-2025
,2742,Ajay,Sharma,ajay.sharma2742@gmail.com,Male,Bengaluru,Karnataka,India,18-10-2024
,2743,Rohit,Nair,rohit.nair2743@gmail.com,Male,Delhi,Delhi,India,27-08-2023
,2744,Naveen,Gupta,naveen.gupta2744@gmail.com,Male,Bengaluru,Karnataka,India,01-12-2023
,2745,Divya,Patel,divya.patel2745@gmail.com,Female,Bengaluru,Karnataka,India,29-12-2025
,2746,Karan,Reddy,karan.reddy2746@gmail.com,Male,Kolkata,West Bengal,India,22-12-2025
,2747,Karan,Rao,karan.rao2747@gmail.com,Male,Bengaluru,Karnataka,India,02-03-2024
,2748,Karan,Nair,karan.nair2748@gmail.com,Male,Delhi,Delhi,India,01-05-2024
,2749,Anjali,Patel,anjali.patel2749@gmail.com,Female,Hyderabad,Telangana,India,29-06-2024
,2750,Neha,Patel,neha.patel2750@gmail.com,Female,Bengaluru,Karnataka,India,13-12-2024
,2751,Rohit,Verma,rohit.verma2751@gmail.com,Male,Hyderabad,Telangana,India,10-01-2023
,2752,Vikram,Sharma,vikram.sharma2752@gmail.com,Male,Pune,Maharashtra,India,09-09-2025
,2753,Manoj,Gupta,manoj.gupta2753@gmail.com,Male,Hyderabad,Telangana,India,25-05-2025
,2754,Aishwarya,Sharma,aishwarya.sharma2754@gmail.com,Female,Pune,Maharashtra,India,17-11-2023
,2755,Arjun,Rao,arjun.rao2755@gmail.com,Male,Bengaluru,Karnataka,India,26-04-2025
,2756,Neha,Verma,neha.verma2756@gmail.com,Female,Chennai,Tamil Nadu,India,06-12-2023
,2757,Rahul,Rao,rahul.rao2757@gmail.com,Male,Hyderabad,Telangana,India,15-10-2025
,2758,Swathi,Kumar,swathi.kumar2758@gmail.com,Female,Bengaluru,Karnataka,India,07-07-2024
,2759,Arjun,Kumar,arjun.kumar2759@gmail.com,Male,Pune,Maharashtra,India,18-08-2024
,2760,Sneha,Patel,sneha.patel2760@gmail.com,Female,Bengaluru,Karnataka,India,28-05-2024
,2761,Kavya,Sharma,kavya.sharma2761@gmail.com,Female,Hyderabad,Telangana,India,23-05-2024
,2762,Karan,Reddy,karan.reddy2762@gmail.com,Male,Bengaluru,Karnataka,India,11-03-2023
,2763,Pooja,Nair,pooja.nair2763@gmail.com,Female,Delhi,Delhi,India,10-05-2025
,2764,Kavya,Sharma,kavya.sharma2764@gmail.com,Female,Hyderabad,Telangana,India,14-02-2023
,2765,Naveen,Rao,naveen.rao2765@gmail.com,Male,Chennai,Tamil Nadu,India,13-10-2023
,2766,Suresh,Gupta,suresh.gupta2766@gmail.com,Male,Bengaluru,Karnataka,India,11-07-2024
,2767,Rohit,Iyer,rohit.iyer2767@gmail.com,Male,Hyderabad,Telangana,India,16-01-2024
,2768,Aishwarya,Kumar,aishwarya.kumar2768@gmail.com,Female,Bengaluru,Karnataka,India,16-11-2025
,2769,Manoj,Iyer,manoj.iyer2769@gmail.com,Male,Kolkata,West Bengal,India,06-02-2024
,2770,Karan,Das,karan.das2770@gmail.com,Male,Pune,Maharashtra,India,04-02-2025
,2771,Swathi,Nair,swathi.nair2771@gmail.com,Female,Kolkata,West Bengal,India,26-09-2025
,2772,Aishwarya,Rao,aishwarya.rao2772@gmail.com,Female,Chennai,Tamil Nadu,India,13-02-2025
,2773,Divya,Rao,divya.rao2773@gmail.com,Female,Kolkata,West Bengal,India,07-05-2024
,2774,Swathi,Nair,swathi.nair2774@gmail.com,Female,Pune,Maharashtra,India,24-02-2024
,2775,Aishwarya,Sharma,aishwarya.sharma2775@gmail.com,Female,Pune,Maharashtra,India,11-08-2023
,2776,Manoj,Gupta,manoj.gupta2776@gmail.com,Male,Pune,Maharashtra,India,24-03-2024
,2777,Suresh,Das,suresh.das2777@gmail.com,Male,Hyderabad,Telangana,India,30-05-2023
,2778,Swathi,Gupta,swathi.gupta2778@gmail.com,Female,Pune,Maharashtra,India,12-09-2024
,2779,Suresh,Nair,suresh.nair2779@gmail.com,Male,Kolkata,West Bengal,India,14-04-2024
,2780,Pooja,Sharma,pooja.sharma2780@gmail.com,Female,Hyderabad,Telangana,India,12-11-2023
,2781,Pooja,Verma,pooja.verma2781@gmail.com,Female,Bengaluru,Karnataka,India,23-01-2024
,2782,Suresh,Iyer,suresh.iyer2782@gmail.com,Male,Chennai,Tamil Nadu,India,26-10-2023
,2783,Anjali,Gupta,anjali.gupta2783@gmail.com,Female,Delhi,Delhi,India,24-10-2025
,2784,Vikram,Das,vikram.das2784@gmail.com,Male,Hyderabad,Telangana,India,21-10-2024
,2785,Sneha,Kumar,sneha.kumar2785@gmail.com,Female,Delhi,Delhi,India,10-06-2024
,2786,Kavya,Sharma,kavya.sharma2786@gmail.com,Female,Kolkata,West Bengal,India,11-03-2023
,2787,Arjun,Nair,arjun.nair2787@gmail.com,Male,Chennai,Tamil Nadu,India,24-07-2024
,2788,Neha,Iyer,neha.iyer2788@gmail.com,Female,Kolkata,West Bengal,India,22-03-2025
,2789,Manoj,Gupta,manoj.gupta2789@gmail.com,Male,Bengaluru,Karnataka,India,29-08-2023
,2790,Rahul,Rao,rahul.rao2790@gmail.com,Male,Pune,Maharashtra,India,17-03-2024
,2791,Pooja,Sharma,pooja.sharma2791@gmail.com,Female,Pune,Maharashtra,India,30-12-2023
,2792,Manoj,Kumar,manoj.kumar2792@gmail.com,Male,Bengaluru,Karnataka,India,15-05-2023
,2793,Vikram,Verma,vikram.verma2793@gmail.com,Male,Pune,Maharashtra,India,22-11-2024
,2794,Ajay,Das,ajay.das2794@gmail.com,Male,Hyderabad,Telangana,India,01-02-2025
,2795,Rohit,Gupta,rohit.gupta2795@gmail.com,Male,Delhi,Delhi,India,04-07-2023
,2796,Priya,Das,priya.das2796@gmail.com,Female,Chennai,Tamil Nadu,India,20-07-2023
,2797,Kavya,Reddy,kavya.reddy2797@gmail.com,Female,Bengaluru,Karnataka,India,14-05-2023
,2798,Rahul,Rao,rahul.rao2798@gmail.com,Male,Kolkata,West Bengal,India,23-05-2024
,2799,Vikram,Patel,vikram.patel2799@gmail.com,Male,Bengaluru,Karnataka,India,09-02-2024
,2800,Arjun,Iyer,arjun.iyer2800@gmail.com,Male,Delhi,Delhi,India,19-01-2024
,2801,Anjali,Nair,anjali.nair2801@gmail.com,Female,Chennai,Tamil Nadu,India,04-11-2023
,2802,Sneha,Reddy,sneha.reddy2802@gmail.com,Female,Hyderabad,Telangana,India,20-02-2025
,2803,Deepika,Sharma,deepika.sharma2803@gmail.com,Female,Pune,Maharashtra,India,27-12-2024
,2804,Ajay,Rao,ajay.rao2804@gmail.com,Male,Bengaluru,Karnataka,India,05-12-2023
,2805,Swathi,Das,swathi.das2805@gmail.com,Female,Chennai,Tamil Nadu,India,17-02-2024
,2806,Sneha,Verma,sneha.verma2806@gmail.com,Female,Pune,Maharashtra,India,17-02-2024
,2807,Rohit,Das,rohit.das2807@gmail.com,Male,Bengaluru,Karnataka,India,04-12-2025
,2808,Rahul,Rao,rahul.rao2808@gmail.com,Male,Bengaluru,Karnataka,India,15-10-2024
,2809,Amit,Das,amit.das2809@gmail.com,Male,Hyderabad,Telangana,India,19-02-2024
,2810,Vikram,Reddy,vikram.reddy2810@gmail.com,Male,Delhi,Delhi,India,20-08-2025
,2811,Aishwarya,Patel,aishwarya.patel2811@gmail.com,Female,Kolkata,West Bengal,India,13-11-2024
,2812,Arjun,Rao,arjun.rao2812@gmail.com,Male,Chennai,Tamil Nadu,India,28-10-2023
,2813,Rahul,Reddy,rahul.reddy2813@gmail.com,Male,Delhi,Delhi,India,06-09-2023
,2814,Rohit,Kumar,rohit.kumar2814@gmail.com,Male,Hyderabad,Telangana,India,06-09-2025
,2815,Suresh,Reddy,suresh.reddy2815@gmail.com,Male,Chennai,Tamil Nadu,India,31-05-2024
,2816,Neha,Gupta,neha.gupta2816@gmail.com,Female,Bengaluru,Karnataka,India,11-01-2023
,2817,Pooja,Gupta,pooja.gupta2817@gmail.com,Female,Kolkata,West Bengal,India,22-06-2023
,2818,Priya,Nair,priya.nair2818@gmail.com,Female,Kolkata,West Bengal,India,23-01-2024
,2819,Naveen,Das,naveen.das2819@gmail.com,Male,Kolkata,West Bengal,India,07-04-2025
,2820,Aishwarya,Reddy,aishwarya.reddy2820@gmail.com,Female,Hyderabad,Telangana,India,14-04-2025
,2821,Neha,Sharma,neha.sharma2821@gmail.com,Female,Hyderabad,Telangana,India,08-04-2025
,2822,Swathi,Kumar,swathi.kumar2822@gmail.com,Female,Bengaluru,Karnataka,India,06-10-2023
,2823,Swathi,Das,swathi.das2823@gmail.com,Female,Delhi,Delhi,India,01-08-2025
,2824,Priya,Patel,priya.patel2824@gmail.com,Female,Bengaluru,Karnataka,India,26-11-2023
,2825,Swathi,Gupta,swathi.gupta2825@gmail.com,Female,Delhi,Delhi,India,21-04-2023
,2826,Sneha,Kumar,sneha.kumar2826@gmail.com,Female,Delhi,Delhi,India,20-09-2023
,2827,Karan,Patel,karan.patel2827@gmail.com,Male,Chennai,Tamil Nadu,India,12-07-2024
,2828,Amit,Iyer,amit.iyer2828@gmail.com,Male,Pune,Maharashtra,India,01-04-2025
,2829,Karan,Das,karan.das2829@gmail.com,Male,Hyderabad,Telangana,India,04-06-2024
,2830,Priya,Patel,priya.patel2830@gmail.com,Female,Pune,Maharashtra,India,09-12-2023
,2831,Priya,Sharma,priya.sharma2831@gmail.com,Female,Kolkata,West Bengal,India,16-03-2023
,2832,Manoj,Patel,manoj.patel2832@gmail.com,Male,Hyderabad,Telangana,India,24-05-2025
,2833,Naveen,Gupta,naveen.gupta2833@gmail.com,Male,Pune,Maharashtra,India,20-10-2025
,2834,Sneha,Patel,sneha.patel2834@gmail.com,Female,Chennai,Tamil Nadu,India,07-03-2025
,2835,Aishwarya,Sharma,aishwarya.sharma2835@gmail.com,Female,Chennai,Tamil Nadu,India,08-12-2023
,2836,Ajay,Sharma,ajay.sharma2836@gmail.com,Male,Bengaluru,Karnataka,India,22-10-2024
,2837,Deepika,Patel,deepika.patel2837@gmail.com,Female,Kolkata,West Bengal,India,13-01-2025
,2838,Divya,Nair,divya.nair2838@gmail.com,Female,Pune,Maharashtra,India,17-12-2024
,2839,Anjali,Gupta,anjali.gupta2839@gmail.com,Female,Kolkata,West Bengal,India,04-03-2025
,2840,Karan,Sharma,karan.sharma2840@gmail.com,Male,Pune,Maharashtra,India,30-07-2025
,2841,Sneha,Sharma,sneha.sharma2841@gmail.com,Female,Delhi,Delhi,India,21-05-2025
,2842,Naveen,Reddy,naveen.reddy2842@gmail.com,Male,Pune,Maharashtra,India,13-04-2025
,2843,Vikram,Rao,vikram.rao2843@gmail.com,Male,Bengaluru,Karnataka,India,06-04-2025
,2844,Divya,Sharma,divya.sharma2844@gmail.com,Female,Delhi,Delhi,India,17-02-2024
,2845,Ajay,Nair,ajay.nair2845@gmail.com,Male,Pune,Maharashtra,India,18-10-2023
,2846,Karan,Rao,karan.rao2846@gmail.com,Male,Kolkata,West Bengal,India,05-10-2024
,2847,Kavya,Kumar,kavya.kumar2847@gmail.com,Female,Bengaluru,Karnataka,India,16-11-2024
,2848,Neha,Nair,neha.nair2848@gmail.com,Female,Hyderabad,Telangana,India,06-05-2024
,2849,Pooja,Patel,pooja.patel2849@gmail.com,Female,Hyderabad,Telangana,India,21-03-2023
,2850,Divya,Gupta,divya.gupta2850@gmail.com,Female,Delhi,Delhi,India,31-07-2025
,2851,Manoj,Iyer,manoj.iyer2851@gmail.com,Male,Kolkata,West Bengal,India,29-03-2025
,2852,Karan,Reddy,karan.reddy2852@gmail.com,Male,Chennai,Tamil Nadu,India,20-12-2023
,2853,Aishwarya,Nair,aishwarya.nair2853@gmail.com,Female,Kolkata,West Bengal,India,23-08-2024
,2854,Vikram,Rao,vikram.rao2854@gmail.com,Male,Delhi,Delhi,India,10-01-2023
,2855,Anjali,Das,anjali.das2855@gmail.com,Female,Pune,Maharashtra,India,25-11-2023
,2856,Naveen,Rao,naveen.rao2856@gmail.com,Male,Hyderabad,Telangana,India,09-11-2025
,2857,Anjali,Reddy,anjali.reddy2857@gmail.com,Female,Hyderabad,Telangana,India,27-05-2023
,2858,Neha,Das,neha.das2858@gmail.com,Female,Bengaluru,Karnataka,India,26-01-2023
,2859,Sneha,Rao,sneha.rao2859@gmail.com,Female,Bengaluru,Karnataka,India,06-10-2023
,2860,Aishwarya,Patel,aishwarya.patel2860@gmail.com,Female,Bengaluru,Karnataka,India,15-09-2025
,2861,Priya,Rao,priya.rao2861@gmail.com,Female,Kolkata,West Bengal,India,05-12-2024
,2862,Rahul,Patel,rahul.patel2862@gmail.com,Male,Hyderabad,Telangana,India,20-12-2024
,2863,Amit,Rao,amit.rao2863@gmail.com,Male,Hyderabad,Telangana,India,05-11-2024
,2864,Kavya,Rao,kavya.rao2864@gmail.com,Female,Pune,Maharashtra,India,19-12-2023
,2865,Neha,Rao,neha.rao2865@gmail.com,Female,Hyderabad,Telangana,India,12-04-2024
,2866,Swathi,Gupta,swathi.gupta2866@gmail.com,Female,Delhi,Delhi,India,30-04-2023
,2867,Manoj,Gupta,manoj.gupta2867@gmail.com,Male,Hyderabad,Telangana,India,03-12-2025
,2868,Sneha,Verma,sneha.verma2868@gmail.com,Female,Hyderabad,Telangana,India,05-07-2025
,2869,Neha,Verma,neha.verma2869@gmail.com,Female,Chennai,Tamil Nadu,India,08-11-2023
,2870,Neha,Reddy,neha.reddy2870@gmail.com,Female,Delhi,Delhi,India,24-02-2024
,2871,Anjali,Nair,anjali.nair2871@gmail.com,Female,Delhi,Delhi,India,19-06-2024
,2872,Aishwarya,Nair,aishwarya.nair2872@gmail.com,Female,Delhi,Delhi,India,07-12-2024
,2873,Anjali,Das,anjali.das2873@gmail.com,Female,Bengaluru,Karnataka,India,10-04-2024
,2874,Sneha,Rao,sneha.rao2874@gmail.com,Female,Hyderabad,Telangana,India,31-03-2024
,2875,Ajay,Kumar,ajay.kumar2875@gmail.com,Male,Pune,Maharashtra,India,28-01-2024
,2876,Divya,Gupta,divya.gupta2876@gmail.com,Female,Chennai,Tamil Nadu,India,26-07-2023
,2877,Vikram,Verma,vikram.verma2877@gmail.com,Male,Delhi,Delhi,India,11-12-2025
,2878,Anjali,Rao,anjali.rao2878@gmail.com,Female,Pune,Maharashtra,India,08-10-2024
,2879,Ajay,Verma,ajay.verma2879@gmail.com,Male,Kolkata,West Bengal,India,13-06-2024
,2880,Priya,Rao,priya.rao2880@gmail.com,Female,Bengaluru,Karnataka,India,22-03-2023
,2881,Ajay,Verma,ajay.verma2881@gmail.com,Male,Chennai,Tamil Nadu,India,21-05-2024
,2882,Karan,Nair,karan.nair2882@gmail.com,Male,Delhi,Delhi,India,10-02-2025
,2883,Divya,Iyer,divya.iyer2883@gmail.com,Female,Kolkata,West Bengal,India,29-07-2024
,2884,Anjali,Das,anjali.das2884@gmail.com,Female,Delhi,Delhi,India,23-04-2025
,2885,Karan,Iyer,karan.iyer2885@gmail.com,Male,Chennai,Tamil Nadu,India,29-11-2023
,2886,Vikram,Kumar,vikram.kumar2886@gmail.com,Male,Kolkata,West Bengal,India,14-02-2023
,2887,Naveen,Rao,naveen.rao2887@gmail.com,Male,Bengaluru,Karnataka,India,17-06-2023
,2888,Karan,Reddy,karan.reddy2888@gmail.com,Male,Bengaluru,Karnataka,India,01-08-2024
,2889,Sneha,Sharma,sneha.sharma2889@gmail.com,Female,Delhi,Delhi,India,29-01-2023
,2890,Suresh,Verma,suresh.verma2890@gmail.com,Male,Kolkata,West Bengal,India,13-12-2024
,2891,Swathi,Kumar,swathi.kumar2891@gmail.com,Female,Delhi,Delhi,India,30-11-2023
,2892,Naveen,Nair,naveen.nair2892@gmail.com,Male,Chennai,Tamil Nadu,India,04-06-2023
,2893,Manoj,Nair,manoj.nair2893@gmail.com,Male,Bengaluru,Karnataka,India,18-07-2024
,2894,Kavya,Rao,kavya.rao2894@gmail.com,Female,Kolkata,West Bengal,India,30-07-2025
,2895,Priya,Patel,priya.patel2895@gmail.com,Female,Pune,Maharashtra,India,17-01-2024
,2896,Amit,Sharma,amit.sharma2896@gmail.com,Male,Delhi,Delhi,India,18-08-2023
,2897,Arjun,Nair,arjun.nair2897@gmail.com,Male,Chennai,Tamil Nadu,India,02-05-2024
,2898,Aishwarya,Patel,aishwarya.patel2898@gmail.com,Female,Chennai,Tamil Nadu,India,13-06-2024
,2899,Suresh,Das,suresh.das2899@gmail.com,Male,Pune,Maharashtra,India,09-07-2023
,2900,Deepika,Das,deepika.das2900@gmail.com,Female,Hyderabad,Telangana,India,09-02-2023
,2901,Swathi,Sharma,swathi.sharma2901@gmail.com,Female,Bengaluru,Karnataka,India,25-10-2024
,2902,Ajay,Das,ajay.das2902@gmail.com,Male,Delhi,Delhi,India,19-06-2025
,2903,Sneha,Gupta,sneha.gupta2903@gmail.com,Female,Pune,Maharashtra,India,28-05-2024
,2904,Karan,Das,karan.das2904@gmail.com,Male,Hyderabad,Telangana,India,20-04-2023
,2905,Pooja,Rao,pooja.rao2905@gmail.com,Female,Bengaluru,Karnataka,India,21-05-2025
,2906,Sneha,Das,sneha.das2906@gmail.com,Female,Hyderabad,Telangana,India,24-01-2024
,2907,Deepika,Nair,deepika.nair2907@gmail.com,Female,Delhi,Delhi,India,02-12-2025
,2908,Swathi,Verma,swathi.verma2908@gmail.com,Female,Kolkata,West Bengal,India,02-02-2025
,2909,Naveen,Das,naveen.das2909@gmail.com,Male,Chennai,Tamil Nadu,India,25-02-2025
,2910,Anjali,Sharma,anjali.sharma2910@gmail.com,Female,Hyderabad,Telangana,India,22-06-2025
,2911,Pooja,Gupta,pooja.gupta2911@gmail.com,Female,Kolkata,West Bengal,India,21-03-2024
,2912,Rahul,Kumar,rahul.kumar2912@gmail.com,Male,Chennai,Tamil Nadu,India,05-02-2025
,2913,Priya,Kumar,priya.kumar2913@gmail.com,Female,Kolkata,West Bengal,India,03-12-2025
,2914,Karan,Patel,karan.patel2914@gmail.com,Male,Kolkata,West Bengal,India,18-12-2024
,2915,Naveen,Reddy,naveen.reddy2915@gmail.com,Male,Chennai,Tamil Nadu,India,11-06-2024
,2916,Priya,Iyer,priya.iyer2916@gmail.com,Female,Hyderabad,Telangana,India,15-06-2024
,2917,Rahul,Nair,rahul.nair2917@gmail.com,Male,Chennai,Tamil Nadu,India,25-11-2024
,2918,Karan,Patel,karan.patel2918@gmail.com,Male,Hyderabad,Telangana,India,19-12-2025
,2919,Vikram,Iyer,vikram.iyer2919@gmail.com,Male,Pune,Maharashtra,India,06-04-2024
,2920,Pooja,Reddy,pooja.reddy2920@gmail.com,Female,Hyderabad,Telangana,India,13-12-2023
,2921,Kavya,Verma,kavya.verma2921@gmail.com,Female,Chennai,Tamil Nadu,India,27-01-2023
,2922,Sneha,Kumar,sneha.kumar2922@gmail.com,Female,Kolkata,West Bengal,India,13-01-2024
,2923,Swathi,Nair,swathi.nair2923@gmail.com,Female,Hyderabad,Telangana,India,18-01-2023
,2924,Naveen,Patel,naveen.patel2924@gmail.com,Male,Bengaluru,Karnataka,India,14-11-2024
,2925,Manoj,Das,manoj.das2925@gmail.com,Male,Bengaluru,Karnataka,India,07-01-2025
,2926,Pooja,Patel,pooja.patel2926@gmail.com,Female,Kolkata,West Bengal,India,31-07-2023
,2927,Vikram,Sharma,vikram.sharma2927@gmail.com,Male,Pune,Maharashtra,India,15-01-2023
,2928,Naveen,Rao,naveen.rao2928@gmail.com,Male,Bengaluru,Karnataka,India,29-10-2024
,2929,Ajay,Sharma,ajay.sharma2929@gmail.com,Male,Bengaluru,Karnataka,India,16-02-2024
,2930,Sneha,Reddy,sneha.reddy2930@gmail.com,Female,Bengaluru,Karnataka,India,23-02-2024
,2931,Rohit,Rao,rohit.rao2931@gmail.com,Male,Pune,Maharashtra,India,17-03-2025
,2932,Rahul,Iyer,rahul.iyer2932@gmail.com,Male,Delhi,Delhi,India,28-08-2023
,2933,Swathi,Reddy,swathi.reddy2933@gmail.com,Female,Chennai,Tamil Nadu,India,12-01-2024
,2934,Neha,Iyer,neha.iyer2934@gmail.com,Female,Kolkata,West Bengal,India,17-05-2025
,2935,Kavya,Das,kavya.das2935@gmail.com,Female,Pune,Maharashtra,India,27-09-2024
,2936,Pooja,Sharma,pooja.sharma2936@gmail.com,Female,Delhi,Delhi,India,13-02-2024
,2937,Pooja,Verma,pooja.verma2937@gmail.com,Female,Delhi,Delhi,India,29-01-2024
,2938,Rohit,Reddy,rohit.reddy2938@gmail.com,Male,Bengaluru,Karnataka,India,31-01-2023
,2939,Priya,Patel,priya.patel2939@gmail.com,Female,Delhi,Delhi,India,20-10-2023
,2940,Karan,Gupta,karan.gupta2940@gmail.com,Male,Kolkata,West Bengal,India,24-10-2023
,2941,Aishwarya,Sharma,aishwarya.sharma2941@gmail.com,Female,Chennai,Tamil Nadu,India,28-10-2024
,2942,Suresh,Verma,suresh.verma2942@gmail.com,Male,Bengaluru,Karnataka,India,15-06-2023
,2943,Naveen,Gupta,naveen.gupta2943@gmail.com,Male,Bengaluru,Karnataka,India,10-01-2025
,2944,Aishwarya,Rao,aishwarya.rao2944@gmail.com,Female,Kolkata,West Bengal,India,12-11-2024
,2945,Sneha,Rao,sneha.rao2945@gmail.com,Female,Hyderabad,Telangana,India,29-06-2025
,2946,Pooja,Nair,pooja.nair2946@gmail.com,Female,Delhi,Delhi,India,20-01-2025
,2947,Ajay,Verma,ajay.verma2947@gmail.com,Male,Kolkata,West Bengal,India,11-02-2025
,2948,Aishwarya,Sharma,aishwarya.sharma2948@gmail.com,Female,Hyderabad,Telangana,India,14-09-2025
,2949,Rohit,Nair,rohit.nair2949@gmail.com,Male,Chennai,Tamil Nadu,India,30-11-2025
,2950,Swathi,Gupta,swathi.gupta2950@gmail.com,Female,Chennai,Tamil Nadu,India,09-03-2023
,2951,Arjun,Rao,arjun.rao2951@gmail.com,Male,Pune,Maharashtra,India,15-03-2024
,2952,Manoj,Reddy,manoj.reddy2952@gmail.com,Male,Delhi,Delhi,India,10-11-2023
,2953,Karan,Rao,karan.rao2953@gmail.com,Male,Pune,Maharashtra,India,20-09-2025
,2954,Rohit,Reddy,rohit.reddy2954@gmail.com,Male,Delhi,Delhi,India,01-07-2024
,2955,Vikram,Iyer,vikram.iyer2955@gmail.com,Male,Kolkata,West Bengal,India,19-10-2025
,2956,Suresh,Iyer,suresh.iyer2956@gmail.com,Male,Chennai,Tamil Nadu,India,20-11-2024
,2957,Sneha,Sharma,sneha.sharma2957@gmail.com,Female,Kolkata,West Bengal,India,06-04-2023
,2958,Arjun,Patel,arjun.patel2958@gmail.com,Male,Bengaluru,Karnataka,India,03-08-2025
,2959,Suresh,Reddy,suresh.reddy2959@gmail.com,Male,Chennai,Tamil Nadu,India,22-03-2025
,2960,Sneha,Rao,sneha.rao2960@gmail.com,Female,Kolkata,West Bengal,India,14-10-2024
,2961,Aishwarya,Nair,aishwarya.nair2961@gmail.com,Female,Chennai,Tamil Nadu,India,26-12-2023
,2962,Rahul,Nair,rahul.nair2962@gmail.com,Male,Bengaluru,Karnataka,India,09-09-2023
,2963,Priya,Gupta,priya.gupta2963@gmail.com,Female,Hyderabad,Telangana,India,13-05-2023
,2964,Kavya,Rao,kavya.rao2964@gmail.com,Female,Chennai,Tamil Nadu,India,09-06-2025
,2965,Amit,Nair,amit.nair2965@gmail.com,Male,Bengaluru,Karnataka,India,09-04-2025
,2966,Aishwarya,Sharma,aishwarya.sharma2966@gmail.com,Female,Bengaluru,Karnataka,India,22-03-2023
,2967,Arjun,Iyer,arjun.iyer2967@gmail.com,Male,Hyderabad,Telangana,India,25-05-2024
,2968,Naveen,Gupta,naveen.gupta2968@gmail.com,Male,Bengaluru,Karnataka,India,21-04-2023
,2969,Anjali,Reddy,anjali.reddy2969@gmail.com,Female,Bengaluru,Karnataka,India,14-05-2025
,2970,Anjali,Sharma,anjali.sharma2970@gmail.com,Female,Hyderabad,Telangana,India,18-04-2023
,2971,Aishwarya,Das,aishwarya.das2971@gmail.com,Female,Kolkata,West Bengal,India,09-04-2024
,2972,Deepika,Gupta,deepika.gupta2972@gmail.com,Female,Hyderabad,Telangana,India,28-05-2024
,2973,Suresh,Iyer,suresh.iyer2973@gmail.com,Male,Kolkata,West Bengal,India,21-03-2024
,2974,Swathi,Rao,swathi.rao2974@gmail.com,Female,Pune,Maharashtra,India,07-10-2024
,2975,Rahul,Reddy,rahul.reddy2975@gmail.com,Male,Delhi,Delhi,India,09-03-2024
,2976,Naveen,Verma,naveen.verma2976@gmail.com,Male,Delhi,Delhi,India,27-07-2023
,2977,Kavya,Kumar,kavya.kumar2977@gmail.com,Female,Kolkata,West Bengal,India,21-12-2024
,2978,Divya,Patel,divya.patel2978@gmail.com,Female,Bengaluru,Karnataka,India,18-09-2025
,2979,Arjun,Iyer,arjun.iyer2979@gmail.com,Male,Pune,Maharashtra,India,27-10-2023
,2980,Deepika,Kumar,deepika.kumar2980@gmail.com,Female,Pune,Maharashtra,India,28-04-2025
,2981,Arjun,Kumar,arjun.kumar2981@gmail.com,Male,Delhi,Delhi,India,23-04-2024
,2982,Deepika,Rao,deepika.rao2982@gmail.com,Female,Delhi,Delhi,India,22-05-2025
,2983,Rohit,Iyer,rohit.iyer2983@gmail.com,Male,Bengaluru,Karnataka,India,09-09-2024
,2984,Neha,Patel,neha.patel2984@gmail.com,Female,Pune,Maharashtra,India,27-10-2023
,2985,Deepika,Kumar,deepika.kumar2985@gmail.com,Female,Delhi,Delhi,India,11-11-2025
,2986,Pooja,Rao,pooja.rao2986@gmail.com,Female,Hyderabad,Telangana,India,24-08-2023
,2987,Naveen,Nair,naveen.nair2987@gmail.com,Male,Chennai,Tamil Nadu,India,09-02-2024
,2988,Pooja,Iyer,pooja.iyer2988@gmail.com,Female,Kolkata,West Bengal,India,07-07-2024
,2989,Priya,Das,priya.das2989@gmail.com,Female,Bengaluru,Karnataka,India,05-11-2024
,2990,Neha,Sharma,neha.sharma2990@gmail.com,Female,Kolkata,West Bengal,India,13-03-2024
,2991,Rahul,Kumar,rahul.kumar2991@gmail.com,Male,Delhi,Delhi,India,05-03-2024
,2992,Naveen,Reddy,naveen.reddy2992@gmail.com,Male,Chennai,Tamil Nadu,India,04-10-2024
,2993,Divya,Nair,divya.nair2993@gmail.com,Female,Pune,Maharashtra,India,17-02-2024
,2994,Naveen,Das,naveen.das2994@gmail.com,Male,Hyderabad,Telangana,India,23-05-2024
,2995,Manoj,Verma,manoj.verma2995@gmail.com,Male,Bengaluru,Karnataka,India,30-12-2025
,2996,Anjali,Rao,anjali.rao2996@gmail.com,Female,Pune,Maharashtra,India,08-07-2024
,2997,Kavya,Reddy,kavya.reddy2997@gmail.com,Female,Hyderabad,Telangana,India,27-09-2025
,2998,Priya,Kumar,priya.kumar2998@gmail.com,Female,Kolkata,West Bengal,India,24-09-2025
,2999,Priya,Nair,priya.nair2999@gmail.com,Female,Chennai,Tamil Nadu,India,13-02-2025
,3000,Anjali,Sharma,anjali.sharma3000@gmail.com,Female,Kolkata,West Bengal,India,20-09-2024
,3001,Neha,Sharma,neha.sharma3001@gmail.com,Female,Kolkata,West Bengal,India,26-10-2025
,3002,Anjali,Gupta,anjali.gupta3002@gmail.com,Female,Delhi,Delhi,India,17-07-2025
,3003,Divya,Iyer,divya.iyer3003@gmail.com,Female,Hyderabad,Telangana,India,04-06-2024
,3004,Naveen,Patel,naveen.patel3004@gmail.com,Male,Hyderabad,Telangana,India,06-06-2023
,3005,Manoj,Iyer,manoj.iyer3005@gmail.com,Male,Bengaluru,Karnataka,India,06-08-2023
,3006,Pooja,Nair,pooja.nair3006@gmail.com,Female,Hyderabad,Telangana,India,15-03-2023
,3007,Rahul,Verma,rahul.verma3007@gmail.com,Male,Bengaluru,Karnataka,India,21-04-2024
,3008,Rohit,Reddy,rohit.reddy3008@gmail.com,Male,Hyderabad,Telangana,India,06-12-2023
,3009,Manoj,Iyer,manoj.iyer3009@gmail.com,Male,Delhi,Delhi,India,19-07-2023
,3010,Manoj,Gupta,manoj.gupta3010@gmail.com,Male,Hyderabad,Telangana,India,10-12-2025
,3011,Aishwarya,Kumar,aishwarya.kumar3011@gmail.com,Female,Chennai,Tamil Nadu,India,27-04-2023
,3012,Karan,Rao,karan.rao3012@gmail.com,Male,Chennai,Tamil Nadu,India,21-07-2023
,3013,Kavya,Nair,kavya.nair3013@gmail.com,Female,Pune,Maharashtra,India,02-11-2025
,3014,Anjali,Gupta,anjali.gupta3014@gmail.com,Female,Delhi,Delhi,India,25-03-2024
,3015,Manoj,Patel,manoj.patel3015@gmail.com,Male,Bengaluru,Karnataka,India,01-06-2023
,3016,Rahul,Sharma,rahul.sharma3016@gmail.com,Male,Bengaluru,Karnataka,India,11-12-2025
,3017,Rahul,Reddy,rahul.reddy3017@gmail.com,Male,Kolkata,West Bengal,India,01-05-2023
,3018,Manoj,Sharma,manoj.sharma3018@gmail.com,Male,Chennai,Tamil Nadu,India,05-01-2023
,3019,Ajay,Reddy,ajay.reddy3019@gmail.com,Male,Delhi,Delhi,India,07-04-2023
,3020,Priya,Kumar,priya.kumar3020@gmail.com,Female,Bengaluru,Karnataka,India,24-12-2023
,3021,Amit,Kumar,amit.kumar3021@gmail.com,Male,Bengaluru,Karnataka,India,24-04-2023
,3022,Karan,Rao,karan.rao3022@gmail.com,Male,Pune,Maharashtra,India,12-07-2025
,3023,Amit,Rao,amit.rao3023@gmail.com,Male,Kolkata,West Bengal,India,27-08-2023
,3024,Deepika,Nair,deepika.nair3024@gmail.com,Female,Hyderabad,Telangana,India,10-05-2023
,3025,Aishwarya,Rao,aishwarya.rao3025@gmail.com,Female,Pune,Maharashtra,India,05-05-2024
,3026,Suresh,Das,suresh.das3026@gmail.com,Male,Chennai,Tamil Nadu,India,08-10-2025
,3027,Anjali,Verma,anjali.verma3027@gmail.com,Female,Kolkata,West Bengal,India,26-07-2025
,3028,Swathi,Reddy,swathi.reddy3028@gmail.com,Female,Bengaluru,Karnataka,India,31-01-2023
,3029,Arjun,Reddy,arjun.reddy3029@gmail.com,Male,Chennai,Tamil Nadu,India,24-05-2023
,3030,Deepika,Gupta,deepika.gupta3030@gmail.com,Female,Delhi,Delhi,India,06-05-2023
,3031,Naveen,Patel,naveen.patel3031@gmail.com,Male,Bengaluru,Karnataka,India,22-04-2025
,3032,Manoj,Das,manoj.das3032@gmail.com,Male,Pune,Maharashtra,India,06-05-2024
,3033,Manoj,Verma,manoj.verma3033@gmail.com,Male,Hyderabad,Telangana,India,20-01-2023
,3034,Manoj,Nair,manoj.nair3034@gmail.com,Male,Chennai,Tamil Nadu,India,09-08-2025
,3035,Karan,Sharma,karan.sharma3035@gmail.com,Male,Chennai,Tamil Nadu,India,06-04-2025
,3036,Deepika,Rao,deepika.rao3036@gmail.com,Female,Hyderabad,Telangana,India,30-01-2025
,3037,Karan,Iyer,karan.iyer3037@gmail.com,Male,Delhi,Delhi,India,17-02-2024
,3038,Ajay,Patel,ajay.patel3038@gmail.com,Male,Kolkata,West Bengal,India,25-02-2025
,3039,Anjali,Reddy,anjali.reddy3039@gmail.com,Female,Pune,Maharashtra,India,15-09-2024
,3040,Rohit,Kumar,rohit.kumar3040@gmail.com,Male,Chennai,Tamil Nadu,India,05-08-2023
,3041,Deepika,Patel,deepika.patel3041@gmail.com,Female,Kolkata,West Bengal,India,24-05-2025
,3042,Ajay,Reddy,ajay.reddy3042@gmail.com,Male,Chennai,Tamil Nadu,India,04-04-2024
,3043,Priya,Gupta,priya.gupta3043@gmail.com,Female,Bengaluru,Karnataka,India,19-03-2024
,3044,Divya,Nair,divya.nair3044@gmail.com,Female,Delhi,Delhi,India,30-11-2023
,3045,Suresh,Kumar,suresh.kumar3045@gmail.com,Male,Hyderabad,Telangana,India,04-06-2025
,3046,Swathi,Das,swathi.das3046@gmail.com,Female,Bengaluru,Karnataka,India,11-08-2025
,3047,Neha,Gupta,neha.gupta3047@gmail.com,Female,Bengaluru,Karnataka,India,08-04-2024
,3048,Vikram,Kumar,vikram.kumar3048@gmail.com,Male,Pune,Maharashtra,India,10-12-2025
,3049,Swathi,Kumar,swathi.kumar3049@gmail.com,Female,Bengaluru,Karnataka,India,27-09-2023
,3050,Kavya,Sharma,kavya.sharma3050@gmail.com,Female,Hyderabad,Telangana,India,07-07-2025
,3051,Pooja,Iyer,pooja.iyer3051@gmail.com,Female,Kolkata,West Bengal,India,02-03-2025
,3052,Vikram,Verma,vikram.verma3052@gmail.com,Male,Bengaluru,Karnataka,India,28-05-2025
,3053,Priya,Sharma,priya.sharma3053@gmail.com,Female,Kolkata,West Bengal,India,10-08-2023
,3054,Priya,Iyer,priya.iyer3054@gmail.com,Female,Hyderabad,Telangana,India,24-05-2025
,3055,Aishwarya,Patel,aishwarya.patel3055@gmail.com,Female,Chennai,Tamil Nadu,India,06-04-2024
,3056,Sneha,Patel,sneha.patel3056@gmail.com,Female,Chennai,Tamil Nadu,India,19-03-2023
,3057,Anjali,Iyer,anjali.iyer3057@gmail.com,Female,Pune,Maharashtra,India,21-08-2025
,3058,Karan,Kumar,karan.kumar3058@gmail.com,Male,Pune,Maharashtra,India,03-02-2024
,3059,Vikram,Iyer,vikram.iyer3059@gmail.com,Male,Bengaluru,Karnataka,India,17-08-2024
,3060,Manoj,Kumar,manoj.kumar3060@gmail.com,Male,Hyderabad,Telangana,India,20-09-2024
,3061,Amit,Das,amit.das3061@gmail.com,Male,Kolkata,West Bengal,India,03-06-2024
,3062,Deepika,Sharma,deepika.sharma3062@gmail.com,Female,Chennai,Tamil Nadu,India,12-11-2025
,3063,Suresh,Sharma,suresh.sharma3063@gmail.com,Male,Pune,Maharashtra,India,19-07-2025
,3064,Ajay,Kumar,ajay.kumar3064@gmail.com,Male,Bengaluru,Karnataka,India,01-04-2025
,3065,Manoj,Iyer,manoj.iyer3065@gmail.com,Male,Pune,Maharashtra,India,17-04-2023
,3066,Ajay,Verma,ajay.verma3066@gmail.com,Male,Delhi,Delhi,India,03-09-2025
,3067,Anjali,Rao,anjali.rao3067@gmail.com,Female,Bengaluru,Karnataka,India,10-02-2024
,3068,Manoj,Kumar,manoj.kumar3068@gmail.com,Male,Hyderabad,Telangana,India,18-10-2023
,3069,Suresh,Reddy,suresh.reddy3069@gmail.com,Male,Delhi,Delhi,India,04-01-2023
,3070,Anjali,Patel,anjali.patel3070@gmail.com,Female,Delhi,Delhi,India,08-10-2025
,3071,Amit,Patel,amit.patel3071@gmail.com,Male,Delhi,Delhi,India,28-05-2023
,3072,Priya,Patel,priya.patel3072@gmail.com,Female,Pune,Maharashtra,India,21-12-2023
,3073,Kavya,Das,kavya.das3073@gmail.com,Female,Pune,Maharashtra,India,15-05-2023
,3074,Arjun,Kumar,arjun.kumar3074@gmail.com,Male,Hyderabad,Telangana,India,31-03-2024
,3075,Priya,Gupta,priya.gupta3075@gmail.com,Female,Kolkata,West Bengal,India,11-02-2024
,3076,Suresh,Nair,suresh.nair3076@gmail.com,Male,Kolkata,West Bengal,India,27-01-2023
,3077,Anjali,Iyer,anjali.iyer3077@gmail.com,Female,Chennai,Tamil Nadu,India,16-07-2025
,3078,Manoj,Das,manoj.das3078@gmail.com,Male,Delhi,Delhi,India,05-04-2024
,3079,Swathi,Nair,swathi.nair3079@gmail.com,Female,Kolkata,West Bengal,India,13-04-2023
,3080,Amit,Gupta,amit.gupta3080@gmail.com,Male,Delhi,Delhi,India,25-01-2024
,3081,Pooja,Kumar,pooja.kumar3081@gmail.com,Female,Pune,Maharashtra,India,06-10-2024
,3082,Suresh,Nair,suresh.nair3082@gmail.com,Male,Chennai,Tamil Nadu,India,13-08-2023
,3083,Amit,Iyer,amit.iyer3083@gmail.com,Male,Kolkata,West Bengal,India,11-12-2024
,3084,Vikram,Sharma,vikram.sharma3084@gmail.com,Male,Delhi,Delhi,India,26-05-2025
,3085,Neha,Nair,neha.nair3085@gmail.com,Female,Kolkata,West Bengal,India,22-06-2025
,3086,Swathi,Kumar,swathi.kumar3086@gmail.com,Female,Bengaluru,Karnataka,India,30-12-2025
,3087,Priya,Das,priya.das3087@gmail.com,Female,Bengaluru,Karnataka,India,24-03-2024
,3088,Sneha,Rao,sneha.rao3088@gmail.com,Female,Kolkata,West Bengal,India,20-03-2025
,3089,Pooja,Verma,pooja.verma3089@gmail.com,Female,Kolkata,West Bengal,India,18-05-2023
,3090,Manoj,Reddy,manoj.reddy3090@gmail.com,Male,Bengaluru,Karnataka,India,28-03-2024
,3091,Deepika,Patel,deepika.patel3091@gmail.com,Female,Bengaluru,Karnataka,India,23-11-2023
,3092,Pooja,Patel,pooja.patel3092@gmail.com,Female,Chennai,Tamil Nadu,India,18-03-2025
,3093,Rohit,Kumar,rohit.kumar3093@gmail.com,Male,Kolkata,West Bengal,India,28-06-2024
,3094,Arjun,Gupta,arjun.gupta3094@gmail.com,Male,Hyderabad,Telangana,India,14-09-2024
,3095,Kavya,Nair,kavya.nair3095@gmail.com,Female,Delhi,Delhi,India,25-08-2025
,3096,Suresh,Patel,suresh.patel3096@gmail.com,Male,Bengaluru,Karnataka,India,15-04-2023
,3097,Ajay,Reddy,ajay.reddy3097@gmail.com,Male,Bengaluru,Karnataka,India,15-10-2024
,3098,Vikram,Nair,vikram.nair3098@gmail.com,Male,Bengaluru,Karnataka,India,08-11-2025
,3099,Amit,Das,amit.das3099@gmail.com,Male,Kolkata,West Bengal,India,20-01-2025
,3100,Ajay,Reddy,ajay.reddy3100@gmail.com,Male,Delhi,Delhi,India,27-07-2023
,3101,Manoj,Iyer,manoj.iyer3101@gmail.com,Male,Kolkata,West Bengal,India,10-03-2024
,3102,Priya,Kumar,priya.kumar3102@gmail.com,Female,Kolkata,West Bengal,India,07-01-2024
,3103,Ajay,Das,ajay.das3103@gmail.com,Male,Kolkata,West Bengal,India,22-09-2024
,3104,Rohit,Patel,rohit.patel3104@gmail.com,Male,Hyderabad,Telangana,India,30-08-2023
,3105,Arjun,Iyer,arjun.iyer3105@gmail.com,Male,Kolkata,West Bengal,India,28-11-2023
,3106,Rohit,Gupta,rohit.gupta3106@gmail.com,Male,Delhi,Delhi,India,06-09-2024
,3107,Aishwarya,Das,aishwarya.das3107@gmail.com,Female,Delhi,Delhi,India,05-03-2023
,3108,Suresh,Gupta,suresh.gupta3108@gmail.com,Male,Bengaluru,Karnataka,India,29-04-2023
,3109,Suresh,Kumar,suresh.kumar3109@gmail.com,Male,Kolkata,West Bengal,India,19-11-2025
,3110,Anjali,Verma,anjali.verma3110@gmail.com,Female,Kolkata,West Bengal,India,16-06-2023
,3111,Suresh,Kumar,suresh.kumar3111@gmail.com,Male,Chennai,Tamil Nadu,India,29-12-2025
,3112,Karan,Sharma,karan.sharma3112@gmail.com,Male,Delhi,Delhi,India,24-09-2025
,3113,Anjali,Gupta,anjali.gupta3113@gmail.com,Female,Hyderabad,Telangana,India,13-07-2024
,3114,Divya,Verma,divya.verma3114@gmail.com,Female,Chennai,Tamil Nadu,India,24-07-2024
,3115,Kavya,Verma,kavya.verma3115@gmail.com,Female,Hyderabad,Telangana,India,06-04-2025
,3116,Rohit,Nair,rohit.nair3116@gmail.com,Male,Chennai,Tamil Nadu,India,21-10-2025
,3117,Karan,Iyer,karan.iyer3117@gmail.com,Male,Delhi,Delhi,India,16-09-2023
,3118,Ajay,Iyer,ajay.iyer3118@gmail.com,Male,Chennai,Tamil Nadu,India,30-12-2025
,3119,Divya,Rao,divya.rao3119@gmail.com,Female,Delhi,Delhi,India,24-03-2025
,3120,Rahul,Iyer,rahul.iyer3120@gmail.com,Male,Bengaluru,Karnataka,India,10-01-2024
,3121,Naveen,Gupta,naveen.gupta3121@gmail.com,Male,Chennai,Tamil Nadu,India,02-10-2025
,3122,Rahul,Gupta,rahul.gupta3122@gmail.com,Male,Pune,Maharashtra,India,29-07-2025
,3123,Suresh,Gupta,suresh.gupta3123@gmail.com,Male,Hyderabad,Telangana,India,21-09-2024
,3124,Kavya,Das,kavya.das3124@gmail.com,Female,Hyderabad,Telangana,India,03-11-2023
,3125,Divya,Kumar,divya.kumar3125@gmail.com,Female,Delhi,Delhi,India,01-08-2025
,3126,Naveen,Kumar,naveen.kumar3126@gmail.com,Male,Pune,Maharashtra,India,31-01-2023
,3127,Naveen,Sharma,naveen.sharma3127@gmail.com,Male,Bengaluru,Karnataka,India,25-04-2025
,3128,Kavya,Sharma,kavya.sharma3128@gmail.com,Female,Kolkata,West Bengal,India,28-08-2024
,3129,Swathi,Reddy,swathi.reddy3129@gmail.com,Female,Pune,Maharashtra,India,30-04-2024
,3130,Divya,Sharma,divya.sharma3130@gmail.com,Female,Kolkata,West Bengal,India,03-08-2023
,3131,Divya,Patel,divya.patel3131@gmail.com,Female,Pune,Maharashtra,India,06-05-2024
,3132,Swathi,Kumar,swathi.kumar3132@gmail.com,Female,Chennai,Tamil Nadu,India,07-09-2025
,3133,Rahul,Patel,rahul.patel3133@gmail.com,Male,Chennai,Tamil Nadu,India,07-05-2024
,3134,Manoj,Kumar,manoj.kumar3134@gmail.com,Male,Delhi,Delhi,India,09-09-2024
,3135,Manoj,Patel,manoj.patel3135@gmail.com,Male,Hyderabad,Telangana,India,21-11-2025
,3136,Deepika,Gupta,deepika.gupta3136@gmail.com,Female,Chennai,Tamil Nadu,India,06-07-2025
,3137,Neha,Sharma,neha.sharma3137@gmail.com,Female,Hyderabad,Telangana,India,12-10-2023
,3138,Pooja,Reddy,pooja.reddy3138@gmail.com,Female,Bengaluru,Karnataka,India,02-04-2024
,3139,Manoj,Sharma,manoj.sharma3139@gmail.com,Male,Kolkata,West Bengal,India,19-01-2024
,3140,Manoj,Rao,manoj.rao3140@gmail.com,Male,Chennai,Tamil Nadu,India,04-12-2024
,3141,Sneha,Reddy,sneha.reddy3141@gmail.com,Female,Kolkata,West Bengal,India,24-12-2023
,3142,Neha,Reddy,neha.reddy3142@gmail.com,Female,Kolkata,West Bengal,India,29-06-2024
,3143,Rohit,Das,rohit.das3143@gmail.com,Male,Pune,Maharashtra,India,17-05-2025
,3144,Anjali,Iyer,anjali.iyer3144@gmail.com,Female,Bengaluru,Karnataka,India,13-10-2024
,3145,Rohit,Verma,rohit.verma3145@gmail.com,Male,Bengaluru,Karnataka,India,01-02-2024
,3146,Aishwarya,Verma,aishwarya.verma3146@gmail.com,Female,Kolkata,West Bengal,India,13-04-2024
,3147,Sneha,Verma,sneha.verma3147@gmail.com,Female,Bengaluru,Karnataka,India,05-10-2025
,3148,Rohit,Kumar,rohit.kumar3148@gmail.com,Male,Bengaluru,Karnataka,India,10-07-2025
,3149,Vikram,Reddy,vikram.reddy3149@gmail.com,Male,Hyderabad,Telangana,India,08-07-2024
,3150,Naveen,Nair,naveen.nair3150@gmail.com,Male,Pune,Maharashtra,India,28-02-2025
,3151,Anjali,Sharma,anjali.sharma3151@gmail.com,Female,Kolkata,West Bengal,India,21-09-2024
,3152,Priya,Sharma,priya.sharma3152@gmail.com,Female,Pune,Maharashtra,India,26-09-2024
,3153,Sneha,Sharma,sneha.sharma3153@gmail.com,Female,Bengaluru,Karnataka,India,11-08-2025
,3154,Vikram,Das,vikram.das3154@gmail.com,Male,Kolkata,West Bengal,India,29-05-2025
,3155,Pooja,Gupta,pooja.gupta3155@gmail.com,Female,Delhi,Delhi,India,10-06-2024
,3156,Manoj,Iyer,manoj.iyer3156@gmail.com,Male,Kolkata,West Bengal,India,13-10-2025
,3157,Deepika,Nair,deepika.nair3157@gmail.com,Female,Delhi,Delhi,India,21-06-2025
,3158,Deepika,Reddy,deepika.reddy3158@gmail.com,Female,Pune,Maharashtra,India,10-01-2025
,3159,Ajay,Das,ajay.das3159@gmail.com,Male,Chennai,Tamil Nadu,India,05-03-2024
,3160,Manoj,Iyer,manoj.iyer3160@gmail.com,Male,Bengaluru,Karnataka,India,07-12-2023
,3161,Priya,Kumar,priya.kumar3161@gmail.com,Female,Bengaluru,Karnataka,India,22-03-2024
,3162,Pooja,Das,pooja.das3162@gmail.com,Female,Delhi,Delhi,India,12-05-2024
,3163,Amit,Das,amit.das3163@gmail.com,Male,Hyderabad,Telangana,India,27-01-2023
,3164,Anjali,Kumar,anjali.kumar3164@gmail.com,Female,Hyderabad,Telangana,India,10-08-2025
,3165,Karan,Nair,karan.nair3165@gmail.com,Male,Chennai,Tamil Nadu,India,21-03-2025
,3166,Arjun,Rao,arjun.rao3166@gmail.com,Male,Bengaluru,Karnataka,India,23-01-2023
,3167,Rahul,Das,rahul.das3167@gmail.com,Male,Bengaluru,Karnataka,India,22-04-2025
,3168,Priya,Gupta,priya.gupta3168@gmail.com,Female,Bengaluru,Karnataka,India,09-02-2023
,3169,Ajay,Gupta,ajay.gupta3169@gmail.com,Male,Pune,Maharashtra,India,13-12-2024
,3170,Manoj,Reddy,manoj.reddy3170@gmail.com,Male,Hyderabad,Telangana,India,27-01-2025
,3171,Divya,Reddy,divya.reddy3171@gmail.com,Female,Chennai,Tamil Nadu,India,04-11-2025
,3172,Neha,Sharma,neha.sharma3172@gmail.com,Female,Bengaluru,Karnataka,India,02-02-2025
,3173,Aishwarya,Nair,aishwarya.nair3173@gmail.com,Female,Delhi,Delhi,India,05-05-2023
,3174,Amit,Patel,amit.patel3174@gmail.com,Male,Bengaluru,Karnataka,India,19-12-2024
,3175,Anjali,Gupta,anjali.gupta3175@gmail.com,Female,Kolkata,West Bengal,India,04-04-2023
,3176,Rahul,Reddy,rahul.reddy3176@gmail.com,Male,Pune,Maharashtra,India,11-04-2024
,3177,Rahul,Kumar,rahul.kumar3177@gmail.com,Male,Bengaluru,Karnataka,India,18-10-2024
,3178,Priya,Patel,priya.patel3178@gmail.com,Female,Hyderabad,Telangana,India,09-02-2024
,3179,Divya,Kumar,divya.kumar3179@gmail.com,Female,Bengaluru,Karnataka,India,26-07-2025
,3180,Rahul,Verma,rahul.verma3180@gmail.com,Male,Kolkata,West Bengal,India,22-05-2025
,3181,Kavya,Kumar,kavya.kumar3181@gmail.com,Female,Chennai,Tamil Nadu,India,18-08-2024
,3182,Aishwarya,Iyer,aishwarya.iyer3182@gmail.com,Female,Chennai,Tamil Nadu,India,14-01-2024
,3183,Pooja,Nair,pooja.nair3183@gmail.com,Female,Bengaluru,Karnataka,India,02-08-2024
,3184,Vikram,Reddy,vikram.reddy3184@gmail.com,Male,Bengaluru,Karnataka,India,20-06-2023
,3185,Sneha,Sharma,sneha.sharma3185@gmail.com,Female,Pune,Maharashtra,India,09-08-2025
,3186,Divya,Verma,divya.verma3186@gmail.com,Female,Delhi,Delhi,India,21-09-2023
,3187,Divya,Gupta,divya.gupta3187@gmail.com,Female,Bengaluru,Karnataka,India,06-04-2025
,3188,Naveen,Gupta,naveen.gupta3188@gmail.com,Male,Bengaluru,Karnataka,India,31-03-2024
,3189,Neha,Reddy,neha.reddy3189@gmail.com,Female,Delhi,Delhi,India,16-03-2025
,3190,Neha,Verma,neha.verma3190@gmail.com,Female,Kolkata,West Bengal,India,20-08-2023
,3191,Priya,Sharma,priya.sharma3191@gmail.com,Female,Bengaluru,Karnataka,India,10-10-2025
,3192,Neha,Rao,neha.rao3192@gmail.com,Female,Chennai,Tamil Nadu,India,17-05-2024
,3193,Priya,Nair,priya.nair3193@gmail.com,Female,Hyderabad,Telangana,India,10-09-2024
,3194,Aishwarya,Verma,aishwarya.verma3194@gmail.com,Female,Chennai,Tamil Nadu,India,17-01-2024
,3195,Karan,Sharma,karan.sharma3195@gmail.com,Male,Delhi,Delhi,India,16-04-2023
,3196,Divya,Patel,divya.patel3196@gmail.com,Female,Delhi,Delhi,India,02-11-2024
,3197,Suresh,Rao,suresh.rao3197@gmail.com,Male,Chennai,Tamil Nadu,India,27-04-2023
,3198,Anjali,Nair,anjali.nair3198@gmail.com,Female,Chennai,Tamil Nadu,India,15-04-2024
,3199,Pooja,Verma,pooja.verma3199@gmail.com,Female,Delhi,Delhi,India,27-05-2023
,3200,Kavya,Nair,kavya.nair3200@gmail.com,Female,Chennai,Tamil Nadu,India,03-03-2025
,3201,Rohit,Nair,rohit.nair3201@gmail.com,Male,Bengaluru,Karnataka,India,10-02-2023
,3202,Pooja,Das,pooja.das3202@gmail.com,Female,Chennai,Tamil Nadu,India,31-07-2024
,3203,Sneha,Gupta,sneha.gupta3203@gmail.com,Female,Pune,Maharashtra,India,12-05-2025
,3204,Suresh,Gupta,suresh.gupta3204@gmail.com,Male,Hyderabad,Telangana,India,05-05-2025
,3205,Aishwarya,Nair,aishwarya.nair3205@gmail.com,Female,Pune,Maharashtra,India,08-07-2023
,3206,Sneha,Sharma,sneha.sharma3206@gmail.com,Female,Chennai,Tamil Nadu,India,08-01-2023
,3207,Manoj,Patel,manoj.patel3207@gmail.com,Male,Pune,Maharashtra,India,27-04-2025
,3208,Suresh,Kumar,suresh.kumar3208@gmail.com,Male,Delhi,Delhi,India,23-01-2024
,3209,Priya,Das,priya.das3209@gmail.com,Female,Chennai,Tamil Nadu,India,15-06-2024
,3210,Kavya,Patel,kavya.patel3210@gmail.com,Female,Hyderabad,Telangana,India,29-09-2024
,3211,Neha,Das,neha.das3211@gmail.com,Female,Chennai,Tamil Nadu,India,15-04-2025
,3212,Naveen,Gupta,naveen.gupta3212@gmail.com,Male,Delhi,Delhi,India,14-02-2024
,3213,Neha,Kumar,neha.kumar3213@gmail.com,Female,Bengaluru,Karnataka,India,16-05-2023
,3214,Divya,Nair,divya.nair3214@gmail.com,Female,Hyderabad,Telangana,India,27-08-2023
,3215,Deepika,Gupta,deepika.gupta3215@gmail.com,Female,Pune,Maharashtra,India,17-02-2024
,3216,Amit,Iyer,amit.iyer3216@gmail.com,Male,Hyderabad,Telangana,India,06-06-2025
,3217,Pooja,Reddy,pooja.reddy3217@gmail.com,Female,Hyderabad,Telangana,India,26-01-2024
,3218,Manoj,Patel,manoj.patel3218@gmail.com,Male,Chennai,Tamil Nadu,India,15-12-2025
,3219,Divya,Sharma,divya.sharma3219@gmail.com,Female,Hyderabad,Telangana,India,15-10-2024
,3220,Amit,Iyer,amit.iyer3220@gmail.com,Male,Bengaluru,Karnataka,India,22-12-2024
,3221,Aishwarya,Rao,aishwarya.rao3221@gmail.com,Female,Hyderabad,Telangana,India,29-11-2023
,3222,Deepika,Sharma,deepika.sharma3222@gmail.com,Female,Delhi,Delhi,India,16-04-2023
,3223,Rohit,Sharma,rohit.sharma3223@gmail.com,Male,Pune,Maharashtra,India,31-03-2024
,3224,Neha,Reddy,neha.reddy3224@gmail.com,Female,Bengaluru,Karnataka,India,10-01-2023
,3225,Rohit,Verma,rohit.verma3225@gmail.com,Male,Bengaluru,Karnataka,India,01-08-2024
,3226,Aishwarya,Gupta,aishwarya.gupta3226@gmail.com,Female,Kolkata,West Bengal,India,11-09-2023
,3227,Deepika,Kumar,deepika.kumar3227@gmail.com,Female,Pune,Maharashtra,India,03-10-2024
,3228,Sneha,Rao,sneha.rao3228@gmail.com,Female,Chennai,Tamil Nadu,India,11-02-2024
,3229,Naveen,Verma,naveen.verma3229@gmail.com,Male,Delhi,Delhi,India,15-10-2023
,3230,Anjali,Sharma,anjali.sharma3230@gmail.com,Female,Bengaluru,Karnataka,India,14-10-2024
,3231,Naveen,Iyer,naveen.iyer3231@gmail.com,Male,Pune,Maharashtra,India,18-01-2023
,3232,Deepika,Patel,deepika.patel3232@gmail.com,Female,Kolkata,West Bengal,India,06-06-2024
,3233,Priya,Kumar,priya.kumar3233@gmail.com,Female,Kolkata,West Bengal,India,15-09-2023
,3234,Ajay,Verma,ajay.verma3234@gmail.com,Male,Bengaluru,Karnataka,India,22-10-2023
,3235,Karan,Verma,karan.verma3235@gmail.com,Male,Bengaluru,Karnataka,India,23-08-2024
,3236,Swathi,Nair,swathi.nair3236@gmail.com,Female,Kolkata,West Bengal,India,16-10-2023
,3237,Priya,Das,priya.das3237@gmail.com,Female,Delhi,Delhi,India,16-12-2023
,3238,Rohit,Nair,rohit.nair3238@gmail.com,Male,Pune,Maharashtra,India,13-10-2023
,3239,Swathi,Verma,swathi.verma3239@gmail.com,Female,Delhi,Delhi,India,05-04-2024
,3240,Sneha,Reddy,sneha.reddy3240@gmail.com,Female,Kolkata,West Bengal,India,09-04-2024
,3241,Rahul,Nair,rahul.nair3241@gmail.com,Male,Hyderabad,Telangana,India,25-10-2023
,3242,Sneha,Iyer,sneha.iyer3242@gmail.com,Female,Delhi,Delhi,India,01-10-2023
,3243,Aishwarya,Das,aishwarya.das3243@gmail.com,Female,Pune,Maharashtra,India,11-04-2025
,3244,Neha,Rao,neha.rao3244@gmail.com,Female,Kolkata,West Bengal,India,29-02-2024
,3245,Aishwarya,Reddy,aishwarya.reddy3245@gmail.com,Female,Hyderabad,Telangana,India,25-03-2023
,3246,Kavya,Nair,kavya.nair3246@gmail.com,Female,Bengaluru,Karnataka,India,15-06-2023
,3247,Sneha,Rao,sneha.rao3247@gmail.com,Female,Chennai,Tamil Nadu,India,15-01-2024
,3248,Sneha,Reddy,sneha.reddy3248@gmail.com,Female,Kolkata,West Bengal,India,07-07-2024
,3249,Neha,Das,neha.das3249@gmail.com,Female,Delhi,Delhi,India,19-02-2024
,3250,Manoj,Rao,manoj.rao3250@gmail.com,Male,Chennai,Tamil Nadu,India,14-08-2023
,3251,Suresh,Verma,suresh.verma3251@gmail.com,Male,Delhi,Delhi,India,01-01-2023
,3252,Suresh,Nair,suresh.nair3252@gmail.com,Male,Delhi,Delhi,India,08-05-2025
,3253,Vikram,Kumar,vikram.kumar3253@gmail.com,Male,Hyderabad,Telangana,India,08-02-2025
,3254,Pooja,Verma,pooja.verma3254@gmail.com,Female,Hyderabad,Telangana,India,27-12-2024
,3255,Amit,Kumar,amit.kumar3255@gmail.com,Male,Pune,Maharashtra,India,12-12-2025
,3256,Neha,Das,neha.das3256@gmail.com,Female,Hyderabad,Telangana,India,15-03-2023
,3257,Rahul,Patel,rahul.patel3257@gmail.com,Male,Delhi,Delhi,India,13-01-2023
,3258,Rohit,Reddy,rohit.reddy3258@gmail.com,Male,Delhi,Delhi,India,12-04-2023
,3259,Kavya,Patel,kavya.patel3259@gmail.com,Female,Kolkata,West Bengal,India,24-02-2025
,3260,Swathi,Patel,swathi.patel3260@gmail.com,Female,Hyderabad,Telangana,India,25-01-2023
,3261,Pooja,Das,pooja.das3261@gmail.com,Female,Bengaluru,Karnataka,India,11-12-2024
,3262,Neha,Nair,neha.nair3262@gmail.com,Female,Delhi,Delhi,India,15-05-2023
,3263,Rahul,Kumar,rahul.kumar3263@gmail.com,Male,Bengaluru,Karnataka,India,17-02-2025
,3264,Ajay,Nair,ajay.nair3264@gmail.com,Male,Kolkata,West Bengal,India,09-08-2024
,3265,Aishwarya,Nair,aishwarya.nair3265@gmail.com,Female,Delhi,Delhi,India,07-04-2025
,3266,Anjali,Iyer,anjali.iyer3266@gmail.com,Female,Kolkata,West Bengal,India,05-05-2023
,3267,Anjali,Verma,anjali.verma3267@gmail.com,Female,Pune,Maharashtra,India,20-04-2025
,3268,Priya,Reddy,priya.reddy3268@gmail.com,Female,Chennai,Tamil Nadu,India,08-07-2025
,3269,Rohit,Iyer,rohit.iyer3269@gmail.com,Male,Hyderabad,Telangana,India,06-12-2025
,3270,Kavya,Nair,kavya.nair3270@gmail.com,Female,Chennai,Tamil Nadu,India,07-03-2025
,3271,Vikram,Reddy,vikram.reddy3271@gmail.com,Male,Hyderabad,Telangana,India,15-05-2024
,3272,Vikram,Gupta,vikram.gupta3272@gmail.com,Male,Kolkata,West Bengal,India,17-05-2024
,3273,Suresh,Rao,suresh.rao3273@gmail.com,Male,Bengaluru,Karnataka,India,16-09-2023
,3274,Amit,Verma,amit.verma3274@gmail.com,Male,Pune,Maharashtra,India,18-10-2024
,3275,Kavya,Sharma,kavya.sharma3275@gmail.com,Female,Kolkata,West Bengal,India,04-12-2025
,3276,Anjali,Das,anjali.das3276@gmail.com,Female,Bengaluru,Karnataka,India,29-03-2024
,3277,Rohit,Das,rohit.das3277@gmail.com,Male,Chennai,Tamil Nadu,India,13-09-2024
,3278,Kavya,Patel,kavya.patel3278@gmail.com,Female,Delhi,Delhi,India,04-12-2023
,3279,Neha,Iyer,neha.iyer3279@gmail.com,Female,Delhi,Delhi,India,21-04-2024
,3280,Amit,Gupta,amit.gupta3280@gmail.com,Male,Kolkata,West Bengal,India,02-01-2023
,3281,Kavya,Sharma,kavya.sharma3281@gmail.com,Female,Kolkata,West Bengal,India,04-09-2023
,3282,Vikram,Reddy,vikram.reddy3282@gmail.com,Male,Kolkata,West Bengal,India,27-01-2023
,3283,Manoj,Iyer,manoj.iyer3283@gmail.com,Male,Chennai,Tamil Nadu,India,26-03-2025
,3284,Aishwarya,Sharma,aishwarya.sharma3284@gmail.com,Female,Kolkata,West Bengal,India,10-01-2025
,3285,Sneha,Rao,sneha.rao3285@gmail.com,Female,Bengaluru,Karnataka,India,29-07-2023
,3286,Neha,Nair,neha.nair3286@gmail.com,Female,Bengaluru,Karnataka,India,30-06-2023
,3287,Swathi,Kumar,swathi.kumar3287@gmail.com,Female,Hyderabad,Telangana,India,31-10-2024
,3288,Rohit,Patel,rohit.patel3288@gmail.com,Male,Pune,Maharashtra,India,03-10-2023
,3289,Sneha,Nair,sneha.nair3289@gmail.com,Female,Kolkata,West Bengal,India,01-04-2025
,3290,Arjun,Das,arjun.das3290@gmail.com,Male,Delhi,Delhi,India,29-03-2025
,3291,Rahul,Verma,rahul.verma3291@gmail.com,Male,Kolkata,West Bengal,India,15-06-2025
,3292,Sneha,Reddy,sneha.reddy3292@gmail.com,Female,Bengaluru,Karnataka,India,22-09-2025
,3293,Rohit,Patel,rohit.patel3293@gmail.com,Male,Bengaluru,Karnataka,India,25-04-2025
,3294,Karan,Kumar,karan.kumar3294@gmail.com,Male,Delhi,Delhi,India,01-02-2025
,3295,Amit,Verma,amit.verma3295@gmail.com,Male,Delhi,Delhi,India,25-10-2024
,3296,Swathi,Iyer,swathi.iyer3296@gmail.com,Female,Delhi,Delhi,India,27-06-2023
,3297,Anjali,Gupta,anjali.gupta3297@gmail.com,Female,Kolkata,West Bengal,India,25-04-2024
,3298,Divya,Nair,divya.nair3298@gmail.com,Female,Kolkata,West Bengal,India,06-06-2025
,3299,Pooja,Iyer,pooja.iyer3299@gmail.com,Female,Bengaluru,Karnataka,India,24-02-2023
,3300,Anjali,Nair,anjali.nair3300@gmail.com,Female,Delhi,Delhi,India,28-02-2024
,3301,Naveen,Sharma,naveen.sharma3301@gmail.com,Male,Delhi,Delhi,India,13-11-2024
,3302,Naveen,Reddy,naveen.reddy3302@gmail.com,Male,Bengaluru,Karnataka,India,13-09-2025
,3303,Rahul,Iyer,rahul.iyer3303@gmail.com,Male,Chennai,Tamil Nadu,India,24-12-2025
,3304,Pooja,Reddy,pooja.reddy3304@gmail.com,Female,Bengaluru,Karnataka,India,26-06-2025
,3305,Karan,Gupta,karan.gupta3305@gmail.com,Male,Hyderabad,Telangana,India,06-11-2023
,3306,Neha,Nair,neha.nair3306@gmail.com,Female,Chennai,Tamil Nadu,India,26-05-2024
,3307,Manoj,Kumar,manoj.kumar3307@gmail.com,Male,Chennai,Tamil Nadu,India,19-07-2023
,3308,Neha,Patel,neha.patel3308@gmail.com,Female,Chennai,Tamil Nadu,India,04-05-2024
,3309,Kavya,Iyer,kavya.iyer3309@gmail.com,Female,Delhi,Delhi,India,27-08-2024
,3310,Deepika,Gupta,deepika.gupta3310@gmail.com,Female,Delhi,Delhi,India,01-09-2025
,3311,Pooja,Gupta,pooja.gupta3311@gmail.com,Female,Delhi,Delhi,India,15-02-2024
,3312,Swathi,Iyer,swathi.iyer3312@gmail.com,Female,Chennai,Tamil Nadu,India,28-09-2024
,3313,Karan,Reddy,karan.reddy3313@gmail.com,Male,Hyderabad,Telangana,India,28-02-2023
,3314,Suresh,Reddy,suresh.reddy3314@gmail.com,Male,Hyderabad,Telangana,India,29-05-2024
,3315,Karan,Verma,karan.verma3315@gmail.com,Male,Kolkata,West Bengal,India,14-10-2025
,3316,Ajay,Nair,ajay.nair3316@gmail.com,Male,Delhi,Delhi,India,18-01-2025
,3317,Rahul,Kumar,rahul.kumar3317@gmail.com,Male,Pune,Maharashtra,India,02-08-2025
,3318,Naveen,Reddy,naveen.reddy3318@gmail.com,Male,Pune,Maharashtra,India,14-09-2024
,3319,Rohit,Reddy,rohit.reddy3319@gmail.com,Male,Delhi,Delhi,India,12-04-2023
,3320,Priya,Reddy,priya.reddy3320@gmail.com,Female,Pune,Maharashtra,India,13-08-2024
,3321,Priya,Iyer,priya.iyer3321@gmail.com,Female,Hyderabad,Telangana,India,27-10-2025
,3322,Divya,Kumar,divya.kumar3322@gmail.com,Female,Pune,Maharashtra,India,24-11-2025
,3323,Deepika,Verma,deepika.verma3323@gmail.com,Female,Pune,Maharashtra,India,05-10-2025
,3324,Neha,Iyer,neha.iyer3324@gmail.com,Female,Kolkata,West Bengal,India,09-07-2023
,3325,Rahul,Das,rahul.das3325@gmail.com,Male,Chennai,Tamil Nadu,India,17-04-2025
,3326,Priya,Iyer,priya.iyer3326@gmail.com,Female,Bengaluru,Karnataka,India,31-12-2023
,3327,Rahul,Iyer,rahul.iyer3327@gmail.com,Male,Chennai,Tamil Nadu,India,24-04-2023
,3328,Aishwarya,Kumar,aishwarya.kumar3328@gmail.com,Female,Delhi,Delhi,India,25-07-2025
,3329,Priya,Gupta,priya.gupta3329@gmail.com,Female,Kolkata,West Bengal,India,03-04-2024
,3330,Divya,Reddy,divya.reddy3330@gmail.com,Female,Pune,Maharashtra,India,17-11-2024
,3331,Vikram,Iyer,vikram.iyer3331@gmail.com,Male,Delhi,Delhi,India,01-07-2024
,3332,Manoj,Rao,manoj.rao3332@gmail.com,Male,Bengaluru,Karnataka,India,26-06-2024
,3333,Karan,Patel,karan.patel3333@gmail.com,Male,Delhi,Delhi,India,22-11-2023
,3334,Divya,Iyer,divya.iyer3334@gmail.com,Female,Chennai,Tamil Nadu,India,27-05-2023
,3335,Arjun,Das,arjun.das3335@gmail.com,Male,Hyderabad,Telangana,India,06-06-2024
,3336,Manoj,Gupta,manoj.gupta3336@gmail.com,Male,Delhi,Delhi,India,15-02-2025
,3337,Neha,Nair,neha.nair3337@gmail.com,Female,Pune,Maharashtra,India,15-01-2025
,3338,Rohit,Gupta,rohit.gupta3338@gmail.com,Male,Hyderabad,Telangana,India,16-08-2025
,3339,Rohit,Das,rohit.das3339@gmail.com,Male,Delhi,Delhi,India,18-06-2024
,3340,Neha,Iyer,neha.iyer3340@gmail.com,Female,Hyderabad,Telangana,India,08-12-2024
,3341,Pooja,Verma,pooja.verma3341@gmail.com,Female,Kolkata,West Bengal,India,25-04-2023
,3342,Vikram,Reddy,vikram.reddy3342@gmail.com,Male,Kolkata,West Bengal,India,30-10-2024
,3343,Swathi,Rao,swathi.rao3343@gmail.com,Female,Pune,Maharashtra,India,04-07-2024
,3344,Suresh,Reddy,suresh.reddy3344@gmail.com,Male,Pune,Maharashtra,India,25-07-2025
,3345,Amit,Iyer,amit.iyer3345@gmail.com,Male,Hyderabad,Telangana,India,05-07-2025
,3346,Pooja,Gupta,pooja.gupta3346@gmail.com,Female,Pune,Maharashtra,India,19-08-2023
,3347,Anjali,Nair,anjali.nair3347@gmail.com,Female,Chennai,Tamil Nadu,India,21-02-2025
,3348,Neha,Sharma,neha.sharma3348@gmail.com,Female,Hyderabad,Telangana,India,20-12-2024
,3349,Naveen,Sharma,naveen.sharma3349@gmail.com,Male,Bengaluru,Karnataka,India,03-12-2024
,3350,Arjun,Reddy,arjun.reddy3350@gmail.com,Male,Hyderabad,Telangana,India,14-01-2025
,3351,Aishwarya,Rao,aishwarya.rao3351@gmail.com,Female,Kolkata,West Bengal,India,24-03-2023
,3352,Neha,Verma,neha.verma3352@gmail.com,Female,Hyderabad,Telangana,India,12-12-2024
,3353,Naveen,Sharma,naveen.sharma3353@gmail.com,Male,Kolkata,West Bengal,India,14-03-2024
,3354,Swathi,Nair,swathi.nair3354@gmail.com,Female,Hyderabad,Telangana,India,25-09-2025
,3355,Aishwarya,Gupta,aishwarya.gupta3355@gmail.com,Female,Delhi,Delhi,India,23-11-2023
,3356,Neha,Verma,neha.verma3356@gmail.com,Female,Pune,Maharashtra,India,25-12-2025
,3357,Anjali,Rao,anjali.rao3357@gmail.com,Female,Delhi,Delhi,India,10-11-2025
,3358,Arjun,Rao,arjun.rao3358@gmail.com,Male,Kolkata,West Bengal,India,27-10-2024
,3359,Anjali,Iyer,anjali.iyer3359@gmail.com,Female,Kolkata,West Bengal,India,06-07-2023
,3360,Pooja,Nair,pooja.nair3360@gmail.com,Female,Bengaluru,Karnataka,India,10-12-2025
,3361,Amit,Rao,amit.rao3361@gmail.com,Male,Kolkata,West Bengal,India,27-03-2023
,3362,Vikram,Reddy,vikram.reddy3362@gmail.com,Male,Hyderabad,Telangana,India,03-08-2023
,3363,Naveen,Nair,naveen.nair3363@gmail.com,Male,Chennai,Tamil Nadu,India,14-10-2023
,3364,Divya,Verma,divya.verma3364@gmail.com,Female,Delhi,Delhi,India,04-03-2023
,3365,Naveen,Iyer,naveen.iyer3365@gmail.com,Male,Hyderabad,Telangana,India,04-08-2024
,3366,Pooja,Das,pooja.das3366@gmail.com,Female,Chennai,Tamil Nadu,India,21-07-2024
,3367,Aishwarya,Kumar,aishwarya.kumar3367@gmail.com,Female,Hyderabad,Telangana,India,24-09-2025
,3368,Rohit,Rao,rohit.rao3368@gmail.com,Male,Delhi,Delhi,India,01-02-2023
,3369,Manoj,Nair,manoj.nair3369@gmail.com,Male,Chennai,Tamil Nadu,India,07-04-2025
,3370,Manoj,Reddy,manoj.reddy3370@gmail.com,Male,Hyderabad,Telangana,India,30-08-2025
,3371,Rahul,Patel,rahul.patel3371@gmail.com,Male,Pune,Maharashtra,India,23-03-2025
,3372,Aishwarya,Reddy,aishwarya.reddy3372@gmail.com,Female,Kolkata,West Bengal,India,12-07-2024
,3373,Amit,Reddy,amit.reddy3373@gmail.com,Male,Kolkata,West Bengal,India,29-11-2024
,3374,Neha,Patel,neha.patel3374@gmail.com,Female,Pune,Maharashtra,India,11-12-2025
,3375,Arjun,Gupta,arjun.gupta3375@gmail.com,Male,Kolkata,West Bengal,India,19-07-2024
,3376,Priya,Gupta,priya.gupta3376@gmail.com,Female,Hyderabad,Telangana,India,22-12-2024
,3377,Karan,Kumar,karan.kumar3377@gmail.com,Male,Hyderabad,Telangana,India,28-02-2024
,3378,Kavya,Kumar,kavya.kumar3378@gmail.com,Female,Delhi,Delhi,India,02-12-2025
,3379,Kavya,Patel,kavya.patel3379@gmail.com,Female,Kolkata,West Bengal,India,16-08-2025
,3380,Amit,Patel,amit.patel3380@gmail.com,Male,Hyderabad,Telangana,India,25-12-2024
,3381,Priya,Rao,priya.rao3381@gmail.com,Female,Hyderabad,Telangana,India,22-08-2023
,3382,Deepika,Verma,deepika.verma3382@gmail.com,Female,Kolkata,West Bengal,India,04-08-2025
,3383,Arjun,Gupta,arjun.gupta3383@gmail.com,Male,Hyderabad,Telangana,India,30-06-2023
,3384,Karan,Iyer,karan.iyer3384@gmail.com,Male,Bengaluru,Karnataka,India,08-10-2023
,3385,Sneha,Patel,sneha.patel3385@gmail.com,Female,Kolkata,West Bengal,India,27-06-2025
,3386,Manoj,Rao,manoj.rao3386@gmail.com,Male,Kolkata,West Bengal,India,22-09-2023
,3387,Divya,Patel,divya.patel3387@gmail.com,Female,Delhi,Delhi,India,30-05-2025
,3388,Rohit,Das,rohit.das3388@gmail.com,Male,Pune,Maharashtra,India,30-03-2025
,3389,Suresh,Nair,suresh.nair3389@gmail.com,Male,Chennai,Tamil Nadu,India,23-02-2025
,3390,Rahul,Das,rahul.das3390@gmail.com,Male,Hyderabad,Telangana,India,02-09-2023
,3391,Arjun,Reddy,arjun.reddy3391@gmail.com,Male,Hyderabad,Telangana,India,26-08-2024
,3392,Suresh,Sharma,suresh.sharma3392@gmail.com,Male,Kolkata,West Bengal,India,25-10-2023
,3393,Ajay,Rao,ajay.rao3393@gmail.com,Male,Bengaluru,Karnataka,India,03-01-2023
,3394,Rahul,Sharma,rahul.sharma3394@gmail.com,Male,Bengaluru,Karnataka,India,26-02-2025
,3395,Rohit,Gupta,rohit.gupta3395@gmail.com,Male,Hyderabad,Telangana,India,20-10-2024
,3396,Manoj,Iyer,manoj.iyer3396@gmail.com,Male,Bengaluru,Karnataka,India,01-04-2024
,3397,Aishwarya,Rao,aishwarya.rao3397@gmail.com,Female,Hyderabad,Telangana,India,19-01-2023
,3398,Deepika,Rao,deepika.rao3398@gmail.com,Female,Bengaluru,Karnataka,India,22-11-2024
,3399,Divya,Verma,divya.verma3399@gmail.com,Female,Pune,Maharashtra,India,23-07-2024
,3400,Arjun,Reddy,arjun.reddy3400@gmail.com,Male,Bengaluru,Karnataka,India,21-01-2025
,3401,Manoj,Das,manoj.das3401@gmail.com,Male,Bengaluru,Karnataka,India,18-03-2024
,3402,Aishwarya,Kumar,aishwarya.kumar3402@gmail.com,Female,Bengaluru,Karnataka,India,24-01-2023
,3403,Ajay,Patel,ajay.patel3403@gmail.com,Male,Chennai,Tamil Nadu,India,01-04-2024
,3404,Rahul,Reddy,rahul.reddy3404@gmail.com,Male,Delhi,Delhi,India,15-07-2023
,3405,Rohit,Das,rohit.das3405@gmail.com,Male,Chennai,Tamil Nadu,India,31-03-2023
,3406,Anjali,Patel,anjali.patel3406@gmail.com,Female,Bengaluru,Karnataka,India,20-10-2024
,3407,Vikram,Gupta,vikram.gupta3407@gmail.com,Male,Bengaluru,Karnataka,India,05-12-2024
,3408,Deepika,Das,deepika.das3408@gmail.com,Female,Chennai,Tamil Nadu,India,16-12-2024
,3409,Divya,Sharma,divya.sharma3409@gmail.com,Female,Chennai,Tamil Nadu,India,02-10-2024
,3410,Rohit,Nair,rohit.nair3410@gmail.com,Male,Kolkata,West Bengal,India,31-03-2023
,3411,Pooja,Nair,pooja.nair3411@gmail.com,Female,Kolkata,West Bengal,India,14-04-2023
,3412,Rahul,Verma,rahul.verma3412@gmail.com,Male,Hyderabad,Telangana,India,25-03-2025
,3413,Sneha,Sharma,sneha.sharma3413@gmail.com,Female,Kolkata,West Bengal,India,30-08-2023
,3414,Suresh,Reddy,suresh.reddy3414@gmail.com,Male,Bengaluru,Karnataka,India,12-10-2025
,3415,Priya,Rao,priya.rao3415@gmail.com,Female,Hyderabad,Telangana,India,08-07-2023
,3416,Kavya,Das,kavya.das3416@gmail.com,Female,Delhi,Delhi,India,23-08-2024
,3417,Manoj,Gupta,manoj.gupta3417@gmail.com,Male,Kolkata,West Bengal,India,13-12-2024
,3418,Arjun,Iyer,arjun.iyer3418@gmail.com,Male,Pune,Maharashtra,India,21-10-2024
,3419,Vikram,Verma,vikram.verma3419@gmail.com,Male,Bengaluru,Karnataka,India,14-07-2025
,3420,Amit,Patel,amit.patel3420@gmail.com,Male,Hyderabad,Telangana,India,25-07-2024
,3421,Naveen,Kumar,naveen.kumar3421@gmail.com,Male,Chennai,Tamil Nadu,India,03-12-2023
,3422,Arjun,Rao,arjun.rao3422@gmail.com,Male,Chennai,Tamil Nadu,India,04-12-2025
,3423,Naveen,Rao,naveen.rao3423@gmail.com,Male,Hyderabad,Telangana,India,02-09-2024
,3424,Kavya,Patel,kavya.patel3424@gmail.com,Female,Bengaluru,Karnataka,India,08-10-2025
,3425,Vikram,Sharma,vikram.sharma3425@gmail.com,Male,Chennai,Tamil Nadu,India,20-10-2025
,3426,Manoj,Reddy,manoj.reddy3426@gmail.com,Male,Hyderabad,Telangana,India,10-02-2023
,3427,Ajay,Patel,ajay.patel3427@gmail.com,Male,Bengaluru,Karnataka,India,18-10-2023
,3428,Deepika,Rao,deepika.rao3428@gmail.com,Female,Pune,Maharashtra,India,12-02-2023
,3429,Divya,Gupta,divya.gupta3429@gmail.com,Female,Chennai,Tamil Nadu,India,17-03-2023
,3430,Neha,Kumar,neha.kumar3430@gmail.com,Female,Kolkata,West Bengal,India,25-02-2024
,3431,Karan,Patel,karan.patel3431@gmail.com,Male,Bengaluru,Karnataka,India,18-04-2023
,3432,Divya,Gupta,divya.gupta3432@gmail.com,Female,Bengaluru,Karnataka,India,24-10-2024
,3433,Kavya,Reddy,kavya.reddy3433@gmail.com,Female,Hyderabad,Telangana,India,23-08-2025
,3434,Sneha,Das,sneha.das3434@gmail.com,Female,Hyderabad,Telangana,India,13-04-2024
,3435,Pooja,Das,pooja.das3435@gmail.com,Female,Delhi,Delhi,India,20-04-2025
,3436,Kavya,Kumar,kavya.kumar3436@gmail.com,Female,Chennai,Tamil Nadu,India,15-10-2024
,3437,Rahul,Das,rahul.das3437@gmail.com,Male,Bengaluru,Karnataka,India,17-09-2025
,3438,Rohit,Patel,rohit.patel3438@gmail.com,Male,Kolkata,West Bengal,India,11-03-2024
,3439,Divya,Kumar,divya.kumar3439@gmail.com,Female,Bengaluru,Karnataka,India,27-12-2024
,3440,Sneha,Kumar,sneha.kumar3440@gmail.com,Female,Hyderabad,Telangana,India,17-08-2025
,3441,Rahul,Sharma,rahul.sharma3441@gmail.com,Male,Delhi,Delhi,India,20-08-2025
,3442,Vikram,Das,vikram.das3442@gmail.com,Male,Bengaluru,Karnataka,India,17-10-2023
,3443,Rahul,Reddy,rahul.reddy3443@gmail.com,Male,Delhi,Delhi,India,01-09-2024
,3444,Kavya,Kumar,kavya.kumar3444@gmail.com,Female,Kolkata,West Bengal,India,23-10-2025
,3445,Aishwarya,Iyer,aishwarya.iyer3445@gmail.com,Female,Chennai,Tamil Nadu,India,12-10-2024
,3446,Manoj,Reddy,manoj.reddy3446@gmail.com,Male,Bengaluru,Karnataka,India,13-05-2023
,3447,Deepika,Sharma,deepika.sharma3447@gmail.com,Female,Bengaluru,Karnataka,India,23-08-2023
,3448,Anjali,Reddy,anjali.reddy3448@gmail.com,Female,Delhi,Delhi,India,20-07-2024
,3449,Divya,Nair,divya.nair3449@gmail.com,Female,Chennai,Tamil Nadu,India,11-09-2025
,3450,Swathi,Reddy,swathi.reddy3450@gmail.com,Female,Delhi,Delhi,India,25-01-2024
,3451,Aishwarya,Kumar,aishwarya.kumar3451@gmail.com,Female,Pune,Maharashtra,India,07-08-2024
,3452,Karan,Sharma,karan.sharma3452@gmail.com,Male,Kolkata,West Bengal,India,13-02-2023
,3453,Neha,Reddy,neha.reddy3453@gmail.com,Female,Pune,Maharashtra,India,29-12-2023
,3454,Pooja,Das,pooja.das3454@gmail.com,Female,Pune,Maharashtra,India,25-11-2025
,3455,Swathi,Nair,swathi.nair3455@gmail.com,Female,Kolkata,West Bengal,India,29-12-2023
,3456,Anjali,Iyer,anjali.iyer3456@gmail.com,Female,Kolkata,West Bengal,India,15-05-2023
,3457,Vikram,Das,vikram.das3457@gmail.com,Male,Chennai,Tamil Nadu,India,05-06-2025
,3458,Sneha,Kumar,sneha.kumar3458@gmail.com,Female,Chennai,Tamil Nadu,India,01-10-2023
,3459,Suresh,Sharma,suresh.sharma3459@gmail.com,Male,Pune,Maharashtra,India,27-01-2025
,3460,Rohit,Verma,rohit.verma3460@gmail.com,Male,Delhi,Delhi,India,25-03-2024
,3461,Vikram,Kumar,vikram.kumar3461@gmail.com,Male,Delhi,Delhi,India,16-06-2025
,3462,Manoj,Rao,manoj.rao3462@gmail.com,Male,Bengaluru,Karnataka,India,30-03-2024
,3463,Suresh,Verma,suresh.verma3463@gmail.com,Male,Hyderabad,Telangana,India,23-04-2024
,3464,Amit,Patel,amit.patel3464@gmail.com,Male,Hyderabad,Telangana,India,05-11-2025
,3465,Manoj,Sharma,manoj.sharma3465@gmail.com,Male,Delhi,Delhi,India,12-11-2023
,3466,Karan,Patel,karan.patel3466@gmail.com,Male,Kolkata,West Bengal,India,23-12-2025
,3467,Divya,Iyer,divya.iyer3467@gmail.com,Female,Chennai,Tamil Nadu,India,07-01-2023
,3468,Divya,Iyer,divya.iyer3468@gmail.com,Female,Kolkata,West Bengal,India,21-06-2025
,3469,Kavya,Reddy,kavya.reddy3469@gmail.com,Female,Hyderabad,Telangana,India,22-12-2023
,3470,Neha,Rao,neha.rao3470@gmail.com,Female,Delhi,Delhi,India,28-09-2024
,3471,Arjun,Rao,arjun.rao3471@gmail.com,Male,Bengaluru,Karnataka,India,11-05-2025
,3472,Naveen,Kumar,naveen.kumar3472@gmail.com,Male,Chennai,Tamil Nadu,India,25-02-2024
,3473,Suresh,Nair,suresh.nair3473@gmail.com,Male,Kolkata,West Bengal,India,07-11-2024
,3474,Kavya,Sharma,kavya.sharma3474@gmail.com,Female,Kolkata,West Bengal,India,03-05-2023
,3475,Karan,Nair,karan.nair3475@gmail.com,Male,Bengaluru,Karnataka,India,22-03-2023
,3476,Suresh,Sharma,suresh.sharma3476@gmail.com,Male,Pune,Maharashtra,India,31-10-2023
,3477,Suresh,Das,suresh.das3477@gmail.com,Male,Kolkata,West Bengal,India,07-01-2023
,3478,Divya,Rao,divya.rao3478@gmail.com,Female,Chennai,Tamil Nadu,India,14-05-2024
,3479,Naveen,Kumar,naveen.kumar3479@gmail.com,Male,Delhi,Delhi,India,14-09-2023
,3480,Kavya,Nair,kavya.nair3480@gmail.com,Female,Bengaluru,Karnataka,India,22-10-2024
,3481,Manoj,Reddy,manoj.reddy3481@gmail.com,Male,Delhi,Delhi,India,28-12-2023
,3482,Swathi,Iyer,swathi.iyer3482@gmail.com,Female,Pune,Maharashtra,India,19-03-2024
,3483,Arjun,Sharma,arjun.sharma3483@gmail.com,Male,Delhi,Delhi,India,26-05-2025
,3484,Amit,Reddy,amit.reddy3484@gmail.com,Male,Delhi,Delhi,India,01-11-2023
,3485,Aishwarya,Sharma,aishwarya.sharma3485@gmail.com,Female,Pune,Maharashtra,India,06-05-2025
,3486,Amit,Reddy,amit.reddy3486@gmail.com,Male,Kolkata,West Bengal,India,09-09-2025
,3487,Divya,Iyer,divya.iyer3487@gmail.com,Female,Delhi,Delhi,India,26-12-2024
,3488,Aishwarya,Verma,aishwarya.verma3488@gmail.com,Female,Chennai,Tamil Nadu,India,08-07-2024
,3489,Divya,Gupta,divya.gupta3489@gmail.com,Female,Chennai,Tamil Nadu,India,10-07-2023
,3490,Vikram,Das,vikram.das3490@gmail.com,Male,Hyderabad,Telangana,India,17-10-2025
,3491,Rohit,Rao,rohit.rao3491@gmail.com,Male,Bengaluru,Karnataka,India,09-01-2024
,3492,Neha,Nair,neha.nair3492@gmail.com,Female,Pune,Maharashtra,India,29-11-2025
,3493,Anjali,Reddy,anjali.reddy3493@gmail.com,Female,Delhi,Delhi,India,12-01-2024
,3494,Anjali,Sharma,anjali.sharma3494@gmail.com,Female,Bengaluru,Karnataka,India,09-06-2025
,3495,Naveen,Patel,naveen.patel3495@gmail.com,Male,Hyderabad,Telangana,India,18-01-2025
,3496,Pooja,Das,pooja.das3496@gmail.com,Female,Kolkata,West Bengal,India,27-07-2024
,3497,Priya,Kumar,priya.kumar3497@gmail.com,Female,Hyderabad,Telangana,India,28-09-2024
,3498,Pooja,Sharma,pooja.sharma3498@gmail.com,Female,Delhi,Delhi,India,18-11-2025
,3499,Priya,Iyer,priya.iyer3499@gmail.com,Female,Delhi,Delhi,India,13-06-2025
,3500,Manoj,Rao,manoj.rao3500@gmail.com,Male,Chennai,Tamil Nadu,India,15-10-2023
,3501,Ajay,Nair,ajay.nair3501@gmail.com,Male,Hyderabad,Telangana,India,26-01-2024
,3502,Amit,Das,amit.das3502@gmail.com,Male,Bengaluru,Karnataka,India,17-12-2025
,3503,Neha,Kumar,neha.kumar3503@gmail.com,Female,Chennai,Tamil Nadu,India,12-02-2023
,3504,Priya,Patel,priya.patel3504@gmail.com,Female,Delhi,Delhi,India,05-08-2023
,3505,Divya,Das,divya.das3505@gmail.com,Female,Pune,Maharashtra,India,25-06-2024
,3506,Sneha,Patel,sneha.patel3506@gmail.com,Female,Pune,Maharashtra,India,10-01-2024
,3507,Rahul,Nair,rahul.nair3507@gmail.com,Male,Bengaluru,Karnataka,India,18-07-2025
,3508,Neha,Reddy,neha.reddy3508@gmail.com,Female,Pune,Maharashtra,India,30-07-2023
,3509,Rahul,Gupta,rahul.gupta3509@gmail.com,Male,Pune,Maharashtra,India,03-12-2023
,3510,Manoj,Nair,manoj.nair3510@gmail.com,Male,Hyderabad,Telangana,India,19-10-2025
,3511,Rohit,Reddy,rohit.reddy3511@gmail.com,Male,Bengaluru,Karnataka,India,12-09-2025
,3512,Rohit,Reddy,rohit.reddy3512@gmail.com,Male,Kolkata,West Bengal,India,28-03-2023
,3513,Anjali,Rao,anjali.rao3513@gmail.com,Female,Hyderabad,Telangana,India,12-04-2024
,3514,Kavya,Rao,kavya.rao3514@gmail.com,Female,Pune,Maharashtra,India,19-01-2024
,3515,Swathi,Reddy,swathi.reddy3515@gmail.com,Female,Pune,Maharashtra,India,10-01-2025
,3516,Pooja,Das,pooja.das3516@gmail.com,Female,Bengaluru,Karnataka,India,02-01-2023
,3517,Deepika,Kumar,deepika.kumar3517@gmail.com,Female,Chennai,Tamil Nadu,India,29-05-2024
,3518,Sneha,Reddy,sneha.reddy3518@gmail.com,Female,Bengaluru,Karnataka,India,06-09-2025
,3519,Deepika,Verma,deepika.verma3519@gmail.com,Female,Bengaluru,Karnataka,India,27-08-2025
,3520,Pooja,Sharma,pooja.sharma3520@gmail.com,Female,Bengaluru,Karnataka,India,26-09-2024
,3521,Pooja,Patel,pooja.patel3521@gmail.com,Female,Hyderabad,Telangana,India,23-09-2025
,3522,Deepika,Iyer,deepika.iyer3522@gmail.com,Female,Kolkata,West Bengal,India,28-11-2024
,3523,Arjun,Reddy,arjun.reddy3523@gmail.com,Male,Pune,Maharashtra,India,16-04-2023
,3524,Neha,Kumar,neha.kumar3524@gmail.com,Female,Kolkata,West Bengal,India,08-07-2024
,3525,Suresh,Nair,suresh.nair3525@gmail.com,Male,Pune,Maharashtra,India,06-11-2024
,3526,Karan,Iyer,karan.iyer3526@gmail.com,Male,Chennai,Tamil Nadu,India,26-04-2025
,3527,Kavya,Kumar,kavya.kumar3527@gmail.com,Female,Bengaluru,Karnataka,India,02-10-2024
,3528,Karan,Das,karan.das3528@gmail.com,Male,Kolkata,West Bengal,India,15-06-2023
,3529,Aishwarya,Das,aishwarya.das3529@gmail.com,Female,Kolkata,West Bengal,India,19-12-2025
,3530,Aishwarya,Kumar,aishwarya.kumar3530@gmail.com,Female,Pune,Maharashtra,India,11-11-2024
,3531,Aishwarya,Rao,aishwarya.rao3531@gmail.com,Female,Kolkata,West Bengal,India,10-10-2024
,3532,Ajay,Iyer,ajay.iyer3532@gmail.com,Male,Bengaluru,Karnataka,India,24-10-2025
,3533,Ajay,Iyer,ajay.iyer3533@gmail.com,Male,Pune,Maharashtra,India,25-02-2025
,3534,Priya,Rao,priya.rao3534@gmail.com,Female,Pune,Maharashtra,India,04-09-2025
,3535,Divya,Rao,divya.rao3535@gmail.com,Female,Chennai,Tamil Nadu,India,25-12-2025
,3536,Sneha,Sharma,sneha.sharma3536@gmail.com,Female,Kolkata,West Bengal,India,05-01-2023
,3537,Naveen,Das,naveen.das3537@gmail.com,Male,Pune,Maharashtra,India,01-02-2024
,3538,Rohit,Rao,rohit.rao3538@gmail.com,Male,Delhi,Delhi,India,22-11-2023
,3539,Divya,Kumar,divya.kumar3539@gmail.com,Female,Kolkata,West Bengal,India,09-01-2025
,3540,Sneha,Rao,sneha.rao3540@gmail.com,Female,Pune,Maharashtra,India,05-04-2023
,3541,Anjali,Das,anjali.das3541@gmail.com,Female,Bengaluru,Karnataka,India,24-03-2025
,3542,Kavya,Nair,kavya.nair3542@gmail.com,Female,Kolkata,West Bengal,India,06-09-2023
,3543,Anjali,Rao,anjali.rao3543@gmail.com,Female,Pune,Maharashtra,India,11-09-2024
,3544,Divya,Gupta,divya.gupta3544@gmail.com,Female,Kolkata,West Bengal,India,27-09-2024
,3545,Aishwarya,Rao,aishwarya.rao3545@gmail.com,Female,Pune,Maharashtra,India,14-12-2024
,3546,Suresh,Gupta,suresh.gupta3546@gmail.com,Male,Kolkata,West Bengal,India,03-05-2023
,3547,Arjun,Patel,arjun.patel3547@gmail.com,Male,Kolkata,West Bengal,India,24-01-2025
,3548,Arjun,Reddy,arjun.reddy3548@gmail.com,Male,Bengaluru,Karnataka,India,13-12-2024
,3549,Swathi,Reddy,swathi.reddy3549@gmail.com,Female,Hyderabad,Telangana,India,30-06-2025
,3550,Neha,Rao,neha.rao3550@gmail.com,Female,Hyderabad,Telangana,India,18-04-2024
,3551,Pooja,Das,pooja.das3551@gmail.com,Female,Hyderabad,Telangana,India,07-04-2023
,3552,Kavya,Iyer,kavya.iyer3552@gmail.com,Female,Hyderabad,Telangana,India,07-08-2025
,3553,Suresh,Gupta,suresh.gupta3553@gmail.com,Male,Bengaluru,Karnataka,India,18-07-2025
,3554,Sneha,Gupta,sneha.gupta3554@gmail.com,Female,Chennai,Tamil Nadu,India,07-09-2023
,3555,Deepika,Reddy,deepika.reddy3555@gmail.com,Female,Delhi,Delhi,India,09-02-2023
,3556,Karan,Gupta,karan.gupta3556@gmail.com,Male,Chennai,Tamil Nadu,India,30-06-2024
,3557,Ajay,Gupta,ajay.gupta3557@gmail.com,Male,Delhi,Delhi,India,10-08-2024
,3558,Rohit,Verma,rohit.verma3558@gmail.com,Male,Kolkata,West Bengal,India,06-07-2025
,3559,Neha,Kumar,neha.kumar3559@gmail.com,Female,Pune,Maharashtra,India,03-06-2023
,3560,Priya,Das,priya.das3560@gmail.com,Female,Pune,Maharashtra,India,26-04-2025
,3561,Sneha,Patel,sneha.patel3561@gmail.com,Female,Chennai,Tamil Nadu,India,23-10-2024
,3562,Rahul,Verma,rahul.verma3562@gmail.com,Male,Delhi,Delhi,India,25-02-2023
,3563,Amit,Patel,amit.patel3563@gmail.com,Male,Hyderabad,Telangana,India,01-05-2025
,3564,Karan,Gupta,karan.gupta3564@gmail.com,Male,Pune,Maharashtra,India,07-10-2025
,3565,Suresh,Sharma,suresh.sharma3565@gmail.com,Male,Pune,Maharashtra,India,19-10-2023
,3566,Naveen,Nair,naveen.nair3566@gmail.com,Male,Hyderabad,Telangana,India,05-08-2023
,3567,Naveen,Gupta,naveen.gupta3567@gmail.com,Male,Hyderabad,Telangana,India,31-12-2024
,3568,Swathi,Rao,swathi.rao3568@gmail.com,Female,Hyderabad,Telangana,India,20-05-2023
,3569,Rahul,Gupta,rahul.gupta3569@gmail.com,Male,Delhi,Delhi,India,24-06-2023
,3570,Divya,Verma,divya.verma3570@gmail.com,Female,Hyderabad,Telangana,India,17-08-2023
,3571,Aishwarya,Patel,aishwarya.patel3571@gmail.com,Female,Kolkata,West Bengal,India,04-01-2023
,3572,Manoj,Sharma,manoj.sharma3572@gmail.com,Male,Kolkata,West Bengal,India,28-10-2025
,3573,Naveen,Iyer,naveen.iyer3573@gmail.com,Male,Delhi,Delhi,India,18-06-2024
,3574,Rohit,Das,rohit.das3574@gmail.com,Male,Pune,Maharashtra,India,30-03-2023
,3575,Vikram,Patel,vikram.patel3575@gmail.com,Male,Chennai,Tamil Nadu,India,20-02-2025
,3576,Divya,Sharma,divya.sharma3576@gmail.com,Female,Hyderabad,Telangana,India,15-04-2024
,3577,Ajay,Iyer,ajay.iyer3577@gmail.com,Male,Delhi,Delhi,India,21-05-2023
,3578,Kavya,Gupta,kavya.gupta3578@gmail.com,Female,Delhi,Delhi,India,05-05-2024
,3579,Neha,Rao,neha.rao3579@gmail.com,Female,Delhi,Delhi,India,20-05-2024
,3580,Rahul,Patel,rahul.patel3580@gmail.com,Male,Bengaluru,Karnataka,India,23-05-2025
,3581,Amit,Reddy,amit.reddy3581@gmail.com,Male,Hyderabad,Telangana,India,06-03-2023
,3582,Priya,Iyer,priya.iyer3582@gmail.com,Female,Bengaluru,Karnataka,India,11-07-2024
,3583,Divya,Kumar,divya.kumar3583@gmail.com,Female,Kolkata,West Bengal,India,09-10-2023
,3584,Aishwarya,Iyer,aishwarya.iyer3584@gmail.com,Female,Kolkata,West Bengal,India,17-07-2024
,3585,Rohit,Nair,rohit.nair3585@gmail.com,Male,Kolkata,West Bengal,India,08-01-2023
,3586,Neha,Verma,neha.verma3586@gmail.com,Female,Chennai,Tamil Nadu,India,01-10-2024
,3587,Kavya,Patel,kavya.patel3587@gmail.com,Female,Hyderabad,Telangana,India,31-10-2023
,3588,Deepika,Rao,deepika.rao3588@gmail.com,Female,Bengaluru,Karnataka,India,26-11-2024
,3589,Anjali,Rao,anjali.rao3589@gmail.com,Female,Delhi,Delhi,India,15-03-2025
,3590,Arjun,Patel,arjun.patel3590@gmail.com,Male,Chennai,Tamil Nadu,India,15-07-2023
,3591,Rahul,Patel,rahul.patel3591@gmail.com,Male,Hyderabad,Telangana,India,19-09-2025
,3592,Kavya,Das,kavya.das3592@gmail.com,Female,Kolkata,West Bengal,India,05-10-2023
,3593,Divya,Iyer,divya.iyer3593@gmail.com,Female,Delhi,Delhi,India,04-01-2024
,3594,Kavya,Das,kavya.das3594@gmail.com,Female,Kolkata,West Bengal,India,03-12-2024
,3595,Arjun,Sharma,arjun.sharma3595@gmail.com,Male,Hyderabad,Telangana,India,23-09-2024
,3596,Divya,Reddy,divya.reddy3596@gmail.com,Female,Pune,Maharashtra,India,10-01-2024
,3597,Sneha,Rao,sneha.rao3597@gmail.com,Female,Delhi,Delhi,India,04-04-2024
,3598,Rohit,Kumar,rohit.kumar3598@gmail.com,Male,Pune,Maharashtra,India,02-01-2024
,3599,Rahul,Sharma,rahul.sharma3599@gmail.com,Male,Chennai,Tamil Nadu,India,07-03-2025
,3600,Arjun,Iyer,arjun.iyer3600@gmail.com,Male,Hyderabad,Telangana,India,05-02-2025
,3601,Deepika,Gupta,deepika.gupta3601@gmail.com,Female,Pune,Maharashtra,India,19-05-2024
,3602,Anjali,Iyer,anjali.iyer3602@gmail.com,Female,Kolkata,West Bengal,India,30-07-2025
,3603,Neha,Verma,neha.verma3603@gmail.com,Female,Pune,Maharashtra,India,01-10-2024
,3604,Priya,Sharma,priya.sharma3604@gmail.com,Female,Delhi,Delhi,India,08-05-2025
,3605,Rahul,Reddy,rahul.reddy3605@gmail.com,Male,Pune,Maharashtra,India,04-01-2024
,3606,Neha,Patel,neha.patel3606@gmail.com,Female,Kolkata,West Bengal,India,28-05-2024
,3607,Suresh,Iyer,suresh.iyer3607@gmail.com,Male,Hyderabad,Telangana,India,20-05-2025
,3608,Swathi,Das,swathi.das3608@gmail.com,Female,Chennai,Tamil Nadu,India,15-12-2023
,3609,Priya,Sharma,priya.sharma3609@gmail.com,Female,Kolkata,West Bengal,India,21-10-2024
,3610,Suresh,Gupta,suresh.gupta3610@gmail.com,Male,Bengaluru,Karnataka,India,20-01-2025
,3611,Karan,Reddy,karan.reddy3611@gmail.com,Male,Chennai,Tamil Nadu,India,05-11-2023
,3612,Amit,Rao,amit.rao3612@gmail.com,Male,Delhi,Delhi,India,26-10-2025
,3613,Sneha,Reddy,sneha.reddy3613@gmail.com,Female,Hyderabad,Telangana,India,07-09-2024
,3614,Suresh,Reddy,suresh.reddy3614@gmail.com,Male,Pune,Maharashtra,India,06-04-2023
,3615,Aishwarya,Verma,aishwarya.verma3615@gmail.com,Female,Hyderabad,Telangana,India,08-03-2023
,3616,Kavya,Kumar,kavya.kumar3616@gmail.com,Female,Chennai,Tamil Nadu,India,07-11-2025
,3617,Suresh,Rao,suresh.rao3617@gmail.com,Male,Chennai,Tamil Nadu,India,26-12-2025
,3618,Divya,Kumar,divya.kumar3618@gmail.com,Female,Hyderabad,Telangana,India,01-12-2023
,3619,Manoj,Das,manoj.das3619@gmail.com,Male,Hyderabad,Telangana,India,09-03-2025
,3620,Amit,Verma,amit.verma3620@gmail.com,Male,Chennai,Tamil Nadu,India,17-03-2023
,3621,Arjun,Gupta,arjun.gupta3621@gmail.com,Male,Delhi,Delhi,India,10-11-2025
,3622,Karan,Nair,karan.nair3622@gmail.com,Male,Chennai,Tamil Nadu,India,17-08-2023
,3623,Kavya,Das,kavya.das3623@gmail.com,Female,Kolkata,West Bengal,India,23-06-2025
,3624,Priya,Nair,priya.nair3624@gmail.com,Female,Chennai,Tamil Nadu,India,30-10-2025
,3625,Priya,Reddy,priya.reddy3625@gmail.com,Female,Pune,Maharashtra,India,04-08-2025
,3626,Priya,Kumar,priya.kumar3626@gmail.com,Female,Delhi,Delhi,India,22-06-2025
,3627,Naveen,Das,naveen.das3627@gmail.com,Male,Bengaluru,Karnataka,India,14-12-2025
,3628,Neha,Iyer,neha.iyer3628@gmail.com,Female,Pune,Maharashtra,India,24-07-2025
,3629,Pooja,Nair,pooja.nair3629@gmail.com,Female,Hyderabad,Telangana,India,23-11-2025
,3630,Amit,Rao,amit.rao3630@gmail.com,Male,Bengaluru,Karnataka,India,30-11-2025
,3631,Naveen,Kumar,naveen.kumar3631@gmail.com,Male,Kolkata,West Bengal,India,03-03-2025
,3632,Aishwarya,Kumar,aishwarya.kumar3632@gmail.com,Female,Pune,Maharashtra,India,26-01-2023
,3633,Suresh,Sharma,suresh.sharma3633@gmail.com,Male,Delhi,Delhi,India,24-11-2024
,3634,Vikram,Nair,vikram.nair3634@gmail.com,Male,Pune,Maharashtra,India,20-02-2024
,3635,Pooja,Patel,pooja.patel3635@gmail.com,Female,Hyderabad,Telangana,India,27-10-2023
,3636,Kavya,Verma,kavya.verma3636@gmail.com,Female,Bengaluru,Karnataka,India,24-12-2025
,3637,Amit,Nair,amit.nair3637@gmail.com,Male,Delhi,Delhi,India,21-02-2024
,3638,Aishwarya,Iyer,aishwarya.iyer3638@gmail.com,Female,Hyderabad,Telangana,India,07-02-2023
,3639,Rahul,Reddy,rahul.reddy3639@gmail.com,Male,Delhi,Delhi,India,06-03-2025
,3640,Suresh,Das,suresh.das3640@gmail.com,Male,Pune,Maharashtra,India,12-02-2023
,3641,Neha,Verma,neha.verma3641@gmail.com,Female,Hyderabad,Telangana,India,14-05-2024
,3642,Swathi,Gupta,swathi.gupta3642@gmail.com,Female,Pune,Maharashtra,India,10-03-2024
,3643,Priya,Gupta,priya.gupta3643@gmail.com,Female,Hyderabad,Telangana,India,08-12-2025
,3644,Pooja,Das,pooja.das3644@gmail.com,Female,Chennai,Tamil Nadu,India,27-04-2025
,3645,Swathi,Sharma,swathi.sharma3645@gmail.com,Female,Hyderabad,Telangana,India,24-01-2024
,3646,Kavya,Gupta,kavya.gupta3646@gmail.com,Female,Kolkata,West Bengal,India,30-11-2023
,3647,Rohit,Reddy,rohit.reddy3647@gmail.com,Male,Chennai,Tamil Nadu,India,14-07-2025
,3648,Arjun,Verma,arjun.verma3648@gmail.com,Male,Chennai,Tamil Nadu,India,26-10-2023
,3649,Amit,Das,amit.das3649@gmail.com,Male,Bengaluru,Karnataka,India,29-01-2024
,3650,Naveen,Kumar,naveen.kumar3650@gmail.com,Male,Hyderabad,Telangana,India,03-08-2023
,3651,Rohit,Gupta,rohit.gupta3651@gmail.com,Male,Bengaluru,Karnataka,India,31-08-2025
,3652,Suresh,Patel,suresh.patel3652@gmail.com,Male,Delhi,Delhi,India,26-02-2025
,3653,Sneha,Patel,sneha.patel3653@gmail.com,Female,Delhi,Delhi,India,23-09-2024
,3654,Pooja,Sharma,pooja.sharma3654@gmail.com,Female,Chennai,Tamil Nadu,India,20-01-2025
,3655,Amit,Verma,amit.verma3655@gmail.com,Male,Hyderabad,Telangana,India,25-10-2024
,3656,Arjun,Verma,arjun.verma3656@gmail.com,Male,Delhi,Delhi,India,21-10-2025
,3657,Priya,Reddy,priya.reddy3657@gmail.com,Female,Bengaluru,Karnataka,India,12-10-2023
,3658,Deepika,Verma,deepika.verma3658@gmail.com,Female,Bengaluru,Karnataka,India,05-03-2025
,3659,Aishwarya,Rao,aishwarya.rao3659@gmail.com,Female,Delhi,Delhi,India,08-01-2025
,3660,Priya,Iyer,priya.iyer3660@gmail.com,Female,Kolkata,West Bengal,India,19-04-2024
,3661,Vikram,Iyer,vikram.iyer3661@gmail.com,Male,Pune,Maharashtra,India,04-03-2025
,3662,Rahul,Iyer,rahul.iyer3662@gmail.com,Male,Bengaluru,Karnataka,India,26-05-2025
,3663,Neha,Gupta,neha.gupta3663@gmail.com,Female,Bengaluru,Karnataka,India,22-01-2023
,3664,Arjun,Patel,arjun.patel3664@gmail.com,Male,Pune,Maharashtra,India,16-02-2025
,3665,Kavya,Sharma,kavya.sharma3665@gmail.com,Female,Bengaluru,Karnataka,India,23-12-2023
,3666,Pooja,Das,pooja.das3666@gmail.com,Female,Kolkata,West Bengal,India,04-03-2025
,3667,Rohit,Iyer,rohit.iyer3667@gmail.com,Male,Kolkata,West Bengal,India,12-11-2023
,3668,Aishwarya,Sharma,aishwarya.sharma3668@gmail.com,Female,Pune,Maharashtra,India,03-08-2023
,3669,Manoj,Iyer,manoj.iyer3669@gmail.com,Male,Pune,Maharashtra,India,02-07-2023
,3670,Arjun,Reddy,arjun.reddy3670@gmail.com,Male,Hyderabad,Telangana,India,27-08-2023
,3671,Karan,Iyer,karan.iyer3671@gmail.com,Male,Chennai,Tamil Nadu,India,22-03-2025
,3672,Rohit,Rao,rohit.rao3672@gmail.com,Male,Hyderabad,Telangana,India,08-10-2024
,3673,Rahul,Iyer,rahul.iyer3673@gmail.com,Male,Delhi,Delhi,India,19-05-2023
,3674,Suresh,Kumar,suresh.kumar3674@gmail.com,Male,Kolkata,West Bengal,India,29-08-2023
,3675,Aishwarya,Iyer,aishwarya.iyer3675@gmail.com,Female,Chennai,Tamil Nadu,India,28-11-2023
,3676,Naveen,Iyer,naveen.iyer3676@gmail.com,Male,Pune,Maharashtra,India,05-03-2025
,3677,Anjali,Patel,anjali.patel3677@gmail.com,Female,Bengaluru,Karnataka,India,05-11-2024
,3678,Pooja,Kumar,pooja.kumar3678@gmail.com,Female,Bengaluru,Karnataka,India,28-04-2023
,3679,Amit,Rao,amit.rao3679@gmail.com,Male,Hyderabad,Telangana,India,14-10-2023
,3680,Karan,Reddy,karan.reddy3680@gmail.com,Male,Pune,Maharashtra,India,26-04-2024
,3681,Manoj,Kumar,manoj.kumar3681@gmail.com,Male,Bengaluru,Karnataka,India,31-07-2024
,3682,Divya,Rao,divya.rao3682@gmail.com,Female,Kolkata,West Bengal,India,05-06-2023
,3683,Aishwarya,Verma,aishwarya.verma3683@gmail.com,Female,Kolkata,West Bengal,India,31-01-2025
,3684,Sneha,Das,sneha.das3684@gmail.com,Female,Kolkata,West Bengal,India,22-02-2025
,3685,Neha,Iyer,neha.iyer3685@gmail.com,Female,Hyderabad,Telangana,India,31-01-2025
,3686,Aishwarya,Verma,aishwarya.verma3686@gmail.com,Female,Hyderabad,Telangana,India,17-12-2023
,3687,Amit,Gupta,amit.gupta3687@gmail.com,Male,Chennai,Tamil Nadu,India,12-04-2023
,3688,Manoj,Nair,manoj.nair3688@gmail.com,Male,Kolkata,West Bengal,India,04-09-2024
,3689,Divya,Rao,divya.rao3689@gmail.com,Female,Pune,Maharashtra,India,11-01-2023
,3690,Kavya,Verma,kavya.verma3690@gmail.com,Female,Kolkata,West Bengal,India,23-03-2025
,3691,Karan,Rao,karan.rao3691@gmail.com,Male,Pune,Maharashtra,India,14-03-2023
,3692,Naveen,Rao,naveen.rao3692@gmail.com,Male,Bengaluru,Karnataka,India,11-01-2025
,3693,Suresh,Iyer,suresh.iyer3693@gmail.com,Male,Kolkata,West Bengal,India,24-09-2024
,3694,Naveen,Nair,naveen.nair3694@gmail.com,Male,Pune,Maharashtra,India,31-10-2025
,3695,Sneha,Gupta,sneha.gupta3695@gmail.com,Female,Hyderabad,Telangana,India,25-01-2023
,3696,Neha,Patel,neha.patel3696@gmail.com,Female,Hyderabad,Telangana,India,27-09-2024
,3697,Aishwarya,Kumar,aishwarya.kumar3697@gmail.com,Female,Chennai,Tamil Nadu,India,08-05-2025
,3698,Sneha,Kumar,sneha.kumar3698@gmail.com,Female,Delhi,Delhi,India,23-08-2024
,3699,Swathi,Rao,swathi.rao3699@gmail.com,Female,Delhi,Delhi,India,12-01-2023
,3700,Manoj,Patel,manoj.patel3700@gmail.com,Male,Pune,Maharashtra,India,05-05-2024
,3701,Karan,Rao,karan.rao3701@gmail.com,Male,Chennai,Tamil Nadu,India,13-09-2023
,3702,Aishwarya,Kumar,aishwarya.kumar3702@gmail.com,Female,Bengaluru,Karnataka,India,20-06-2024
,3703,Karan,Das,karan.das3703@gmail.com,Male,Bengaluru,Karnataka,India,21-09-2023
,3704,Priya,Iyer,priya.iyer3704@gmail.com,Female,Bengaluru,Karnataka,India,09-03-2024
,3705,Manoj,Rao,manoj.rao3705@gmail.com,Male,Hyderabad,Telangana,India,15-05-2025
,3706,Kavya,Reddy,kavya.reddy3706@gmail.com,Female,Hyderabad,Telangana,India,05-02-2024
,3707,Priya,Verma,priya.verma3707@gmail.com,Female,Bengaluru,Karnataka,India,16-09-2025
,3708,Pooja,Sharma,pooja.sharma3708@gmail.com,Female,Kolkata,West Bengal,India,14-04-2024
,3709,Anjali,Reddy,anjali.reddy3709@gmail.com,Female,Bengaluru,Karnataka,India,25-12-2023
,3710,Ajay,Rao,ajay.rao3710@gmail.com,Male,Chennai,Tamil Nadu,India,13-09-2023
,3711,Divya,Iyer,divya.iyer3711@gmail.com,Female,Chennai,Tamil Nadu,India,27-08-2025
,3712,Suresh,Nair,suresh.nair3712@gmail.com,Male,Pune,Maharashtra,India,22-08-2024
,3713,Deepika,Reddy,deepika.reddy3713@gmail.com,Female,Chennai,Tamil Nadu,India,10-07-2025
,3714,Rohit,Reddy,rohit.reddy3714@gmail.com,Male,Pune,Maharashtra,India,15-09-2024
,3715,Ajay,Rao,ajay.rao3715@gmail.com,Male,Delhi,Delhi,India,28-03-2024
,3716,Kavya,Reddy,kavya.reddy3716@gmail.com,Female,Kolkata,West Bengal,India,26-05-2025
,3717,Kavya,Nair,kavya.nair3717@gmail.com,Female,Kolkata,West Bengal,India,29-05-2024
,3718,Amit,Das,amit.das3718@gmail.com,Male,Hyderabad,Telangana,India,01-09-2025
,3719,Priya,Rao,priya.rao3719@gmail.com,Female,Delhi,Delhi,India,06-01-2023
,3720,Pooja,Das,pooja.das3720@gmail.com,Female,Pune,Maharashtra,India,01-07-2023
,3721,Pooja,Nair,pooja.nair3721@gmail.com,Female,Bengaluru,Karnataka,India,29-03-2024
,3722,Amit,Iyer,amit.iyer3722@gmail.com,Male,Hyderabad,Telangana,India,19-03-2024
,3723,Amit,Verma,amit.verma3723@gmail.com,Male,Bengaluru,Karnataka,India,19-02-2023
,3724,Anjali,Reddy,anjali.reddy3724@gmail.com,Female,Bengaluru,Karnataka,India,16-07-2024
,3725,Swathi,Reddy,swathi.reddy3725@gmail.com,Female,Pune,Maharashtra,India,01-08-2023
,3726,Karan,Sharma,karan.sharma3726@gmail.com,Male,Chennai,Tamil Nadu,India,26-12-2025
,3727,Anjali,Das,anjali.das3727@gmail.com,Female,Hyderabad,Telangana,India,27-03-2024
,3728,Ajay,Das,ajay.das3728@gmail.com,Male,Delhi,Delhi,India,23-05-2025
,3729,Ajay,Gupta,ajay.gupta3729@gmail.com,Male,Hyderabad,Telangana,India,02-02-2024
,3730,Amit,Rao,amit.rao3730@gmail.com,Male,Delhi,Delhi,India,31-10-2024
,3731,Pooja,Nair,pooja.nair3731@gmail.com,Female,Hyderabad,Telangana,India,30-09-2024
,3732,Divya,Verma,divya.verma3732@gmail.com,Female,Bengaluru,Karnataka,India,29-05-2024
,3733,Naveen,Kumar,naveen.kumar3733@gmail.com,Male,Delhi,Delhi,India,17-03-2024
,3734,Anjali,Kumar,anjali.kumar3734@gmail.com,Female,Pune,Maharashtra,India,18-08-2023
,3735,Suresh,Kumar,suresh.kumar3735@gmail.com,Male,Kolkata,West Bengal,India,06-11-2023
,3736,Arjun,Sharma,arjun.sharma3736@gmail.com,Male,Hyderabad,Telangana,India,18-08-2024
,3737,Sneha,Rao,sneha.rao3737@gmail.com,Female,Hyderabad,Telangana,India,01-06-2023
,3738,Kavya,Das,kavya.das3738@gmail.com,Female,Hyderabad,Telangana,India,20-03-2025
,3739,Aishwarya,Nair,aishwarya.nair3739@gmail.com,Female,Chennai,Tamil Nadu,India,13-11-2023
,3740,Neha,Patel,neha.patel3740@gmail.com,Female,Pune,Maharashtra,India,17-01-2023
,3741,Pooja,Iyer,pooja.iyer3741@gmail.com,Female,Kolkata,West Bengal,India,20-02-2025
,3742,Ajay,Rao,ajay.rao3742@gmail.com,Male,Chennai,Tamil Nadu,India,12-07-2023
,3743,Naveen,Sharma,naveen.sharma3743@gmail.com,Male,Pune,Maharashtra,India,07-08-2024
,3744,Suresh,Verma,suresh.verma3744@gmail.com,Male,Chennai,Tamil Nadu,India,01-04-2025
,3745,Kavya,Reddy,kavya.reddy3745@gmail.com,Female,Bengaluru,Karnataka,India,30-06-2024
,3746,Pooja,Das,pooja.das3746@gmail.com,Female,Delhi,Delhi,India,09-10-2024
,3747,Deepika,Rao,deepika.rao3747@gmail.com,Female,Delhi,Delhi,India,22-05-2023
,3748,Rahul,Nair,rahul.nair3748@gmail.com,Male,Hyderabad,Telangana,India,02-02-2024
,3749,Kavya,Kumar,kavya.kumar3749@gmail.com,Female,Bengaluru,Karnataka,India,25-02-2024
,3750,Arjun,Rao,arjun.rao3750@gmail.com,Male,Delhi,Delhi,India,16-06-2025
,3751,Aishwarya,Sharma,aishwarya.sharma3751@gmail.com,Female,Kolkata,West Bengal,India,12-10-2024
,3752,Manoj,Sharma,manoj.sharma3752@gmail.com,Male,Bengaluru,Karnataka,India,22-08-2024
,3753,Sneha,Kumar,sneha.kumar3753@gmail.com,Female,Bengaluru,Karnataka,India,10-05-2025
,3754,Karan,Patel,karan.patel3754@gmail.com,Male,Pune,Maharashtra,India,29-05-2024
,3755,Amit,Verma,amit.verma3755@gmail.com,Male,Pune,Maharashtra,India,19-12-2025
,3756,Amit,Iyer,amit.iyer3756@gmail.com,Male,Chennai,Tamil Nadu,India,06-02-2024
,3757,Rohit,Verma,rohit.verma3757@gmail.com,Male,Pune,Maharashtra,India,04-08-2023
,3758,Swathi,Kumar,swathi.kumar3758@gmail.com,Female,Delhi,Delhi,India,26-05-2023
,3759,Arjun,Iyer,arjun.iyer3759@gmail.com,Male,Delhi,Delhi,India,27-03-2023
,3760,Neha,Sharma,neha.sharma3760@gmail.com,Female,Chennai,Tamil Nadu,India,24-02-2025
,3761,Karan,Nair,karan.nair3761@gmail.com,Male,Hyderabad,Telangana,India,29-07-2024
,3762,Ajay,Verma,ajay.verma3762@gmail.com,Male,Kolkata,West Bengal,India,19-11-2025
,3763,Amit,Patel,amit.patel3763@gmail.com,Male,Kolkata,West Bengal,India,22-10-2023
,3764,Suresh,Reddy,suresh.reddy3764@gmail.com,Male,Hyderabad,Telangana,India,06-04-2024
,3765,Swathi,Sharma,swathi.sharma3765@gmail.com,Female,Chennai,Tamil Nadu,India,17-05-2023
,3766,Amit,Patel,amit.patel3766@gmail.com,Male,Kolkata,West Bengal,India,11-02-2024
,3767,Divya,Das,divya.das3767@gmail.com,Female,Bengaluru,Karnataka,India,08-03-2025
,3768,Aishwarya,Verma,aishwarya.verma3768@gmail.com,Female,Kolkata,West Bengal,India,18-01-2023
,3769,Anjali,Reddy,anjali.reddy3769@gmail.com,Female,Bengaluru,Karnataka,India,03-04-2024
,3770,Divya,Nair,divya.nair3770@gmail.com,Female,Kolkata,West Bengal,India,14-11-2023
,3771,Vikram,Kumar,vikram.kumar3771@gmail.com,Male,Bengaluru,Karnataka,India,22-03-2024
,3772,Divya,Sharma,divya.sharma3772@gmail.com,Female,Bengaluru,Karnataka,India,01-06-2025
,3773,Priya,Das,priya.das3773@gmail.com,Female,Delhi,Delhi,India,09-01-2025
,3774,Aishwarya,Gupta,aishwarya.gupta3774@gmail.com,Female,Bengaluru,Karnataka,India,12-01-2023
,3775,Karan,Iyer,karan.iyer3775@gmail.com,Male,Bengaluru,Karnataka,India,04-12-2024
,3776,Arjun,Gupta,arjun.gupta3776@gmail.com,Male,Bengaluru,Karnataka,India,05-06-2023
,3777,Deepika,Iyer,deepika.iyer3777@gmail.com,Female,Chennai,Tamil Nadu,India,19-06-2024
,3778,Amit,Das,amit.das3778@gmail.com,Male,Bengaluru,Karnataka,India,13-10-2023
,3779,Deepika,Gupta,deepika.gupta3779@gmail.com,Female,Pune,Maharashtra,India,06-01-2025
,3780,Naveen,Das,naveen.das3780@gmail.com,Male,Delhi,Delhi,India,28-08-2025
,3781,Amit,Iyer,amit.iyer3781@gmail.com,Male,Chennai,Tamil Nadu,India,10-12-2024
,3782,Ajay,Patel,ajay.patel3782@gmail.com,Male,Bengaluru,Karnataka,India,05-12-2023
,3783,Arjun,Nair,arjun.nair3783@gmail.com,Male,Kolkata,West Bengal,India,25-10-2024
,3784,Swathi,Verma,swathi.verma3784@gmail.com,Female,Pune,Maharashtra,India,06-10-2025
,3785,Amit,Rao,amit.rao3785@gmail.com,Male,Pune,Maharashtra,India,17-10-2024
,3786,Priya,Das,priya.das3786@gmail.com,Female,Bengaluru,Karnataka,India,01-02-2025
,3787,Anjali,Gupta,anjali.gupta3787@gmail.com,Female,Bengaluru,Karnataka,India,17-08-2025
,3788,Neha,Iyer,neha.iyer3788@gmail.com,Female,Delhi,Delhi,India,22-07-2025
,3789,Swathi,Reddy,swathi.reddy3789@gmail.com,Female,Pune,Maharashtra,India,19-06-2024
,3790,Aishwarya,Rao,aishwarya.rao3790@gmail.com,Female,Kolkata,West Bengal,India,04-11-2024
,3791,Anjali,Patel,anjali.patel3791@gmail.com,Female,Hyderabad,Telangana,India,13-05-2023
,3792,Vikram,Gupta,vikram.gupta3792@gmail.com,Male,Hyderabad,Telangana,India,22-03-2024
,3793,Swathi,Rao,swathi.rao3793@gmail.com,Female,Bengaluru,Karnataka,India,03-04-2024
,3794,Naveen,Sharma,naveen.sharma3794@gmail.com,Male,Kolkata,West Bengal,India,25-07-2024
,3795,Priya,Das,priya.das3795@gmail.com,Female,Pune,Maharashtra,India,31-10-2025
,3796,Deepika,Kumar,deepika.kumar3796@gmail.com,Female,Bengaluru,Karnataka,India,07-02-2023
,3797,Kavya,Nair,kavya.nair3797@gmail.com,Female,Delhi,Delhi,India,24-08-2025
,3798,Ajay,Nair,ajay.nair3798@gmail.com,Male,Bengaluru,Karnataka,India,29-07-2023
,3799,Swathi,Nair,swathi.nair3799@gmail.com,Female,Pune,Maharashtra,India,21-04-2024
,3800,Swathi,Patel,swathi.patel3800@gmail.com,Female,Delhi,Delhi,India,02-06-2023
,3801,Amit,Verma,amit.verma3801@gmail.com,Male,Chennai,Tamil Nadu,India,15-06-2024
,3802,Deepika,Sharma,deepika.sharma3802@gmail.com,Female,Chennai,Tamil Nadu,India,13-09-2024
,3803,Anjali,Verma,anjali.verma3803@gmail.com,Female,Kolkata,West Bengal,India,04-08-2025
,3804,Anjali,Reddy,anjali.reddy3804@gmail.com,Female,Pune,Maharashtra,India,31-10-2024
,3805,Kavya,Reddy,kavya.reddy3805@gmail.com,Female,Pune,Maharashtra,India,05-12-2024
,3806,Amit,Iyer,amit.iyer3806@gmail.com,Male,Hyderabad,Telangana,India,04-11-2023
,3807,Amit,Gupta,amit.gupta3807@gmail.com,Male,Kolkata,West Bengal,India,28-06-2024
,3808,Pooja,Das,pooja.das3808@gmail.com,Female,Kolkata,West Bengal,India,05-09-2025
,3809,Rahul,Patel,rahul.patel3809@gmail.com,Male,Bengaluru,Karnataka,India,07-11-2025
,3810,Aishwarya,Patel,aishwarya.patel3810@gmail.com,Female,Delhi,Delhi,India,18-02-2023
,3811,Rahul,Iyer,rahul.iyer3811@gmail.com,Male,Chennai,Tamil Nadu,India,04-12-2025
,3812,Rohit,Iyer,rohit.iyer3812@gmail.com,Male,Bengaluru,Karnataka,India,25-05-2023
,3813,Deepika,Gupta,deepika.gupta3813@gmail.com,Female,Pune,Maharashtra,India,14-09-2025
,3814,Manoj,Gupta,manoj.gupta3814@gmail.com,Male,Bengaluru,Karnataka,India,05-05-2025
,3815,Sneha,Nair,sneha.nair3815@gmail.com,Female,Kolkata,West Bengal,India,21-08-2023
,3816,Aishwarya,Reddy,aishwarya.reddy3816@gmail.com,Female,Kolkata,West Bengal,India,31-08-2024
,3817,Aishwarya,Iyer,aishwarya.iyer3817@gmail.com,Female,Kolkata,West Bengal,India,30-12-2024
,3818,Neha,Sharma,neha.sharma3818@gmail.com,Female,Kolkata,West Bengal,India,03-03-2025
,3819,Pooja,Verma,pooja.verma3819@gmail.com,Female,Chennai,Tamil Nadu,India,11-08-2024
,3820,Neha,Verma,neha.verma3820@gmail.com,Female,Bengaluru,Karnataka,India,09-03-2023
,3821,Sneha,Das,sneha.das3821@gmail.com,Female,Pune,Maharashtra,India,03-01-2025
,3822,Divya,Reddy,divya.reddy3822@gmail.com,Female,Chennai,Tamil Nadu,India,05-10-2023
,3823,Aishwarya,Patel,aishwarya.patel3823@gmail.com,Female,Chennai,Tamil Nadu,India,18-10-2024
,3824,Amit,Gupta,amit.gupta3824@gmail.com,Male,Pune,Maharashtra,India,22-03-2025
,3825,Anjali,Sharma,anjali.sharma3825@gmail.com,Female,Pune,Maharashtra,India,31-10-2024
,3826,Suresh,Rao,suresh.rao3826@gmail.com,Male,Bengaluru,Karnataka,India,21-10-2024
,3827,Neha,Iyer,neha.iyer3827@gmail.com,Female,Pune,Maharashtra,India,27-05-2023
,3828,Divya,Gupta,divya.gupta3828@gmail.com,Female,Chennai,Tamil Nadu,India,06-06-2023
,3829,Rohit,Gupta,rohit.gupta3829@gmail.com,Male,Kolkata,West Bengal,India,07-06-2025
,3830,Rohit,Das,rohit.das3830@gmail.com,Male,Kolkata,West Bengal,India,21-08-2025
,3831,Sneha,Patel,sneha.patel3831@gmail.com,Female,Kolkata,West Bengal,India,24-02-2023
,3832,Sneha,Reddy,sneha.reddy3832@gmail.com,Female,Delhi,Delhi,India,16-07-2024
,3833,Pooja,Verma,pooja.verma3833@gmail.com,Female,Chennai,Tamil Nadu,India,07-10-2024
,3834,Suresh,Iyer,suresh.iyer3834@gmail.com,Male,Bengaluru,Karnataka,India,03-05-2023
,3835,Naveen,Nair,naveen.nair3835@gmail.com,Male,Pune,Maharashtra,India,05-11-2023
,3836,Amit,Patel,amit.patel3836@gmail.com,Male,Pune,Maharashtra,India,08-10-2024
,3837,Anjali,Iyer,anjali.iyer3837@gmail.com,Female,Kolkata,West Bengal,India,22-07-2025
,3838,Deepika,Verma,deepika.verma3838@gmail.com,Female,Pune,Maharashtra,India,16-02-2024
,3839,Naveen,Verma,naveen.verma3839@gmail.com,Male,Pune,Maharashtra,India,30-12-2025
,3840,Divya,Rao,divya.rao3840@gmail.com,Female,Chennai,Tamil Nadu,India,19-11-2023
,3841,Ajay,Kumar,ajay.kumar3841@gmail.com,Male,Chennai,Tamil Nadu,India,03-03-2025
,3842,Rohit,Verma,rohit.verma3842@gmail.com,Male,Delhi,Delhi,India,08-02-2025
,3843,Pooja,Patel,pooja.patel3843@gmail.com,Female,Hyderabad,Telangana,India,18-02-2025
,3844,Rohit,Das,rohit.das3844@gmail.com,Male,Kolkata,West Bengal,India,27-12-2025
,3845,Sneha,Gupta,sneha.gupta3845@gmail.com,Female,Bengaluru,Karnataka,India,19-07-2025
,3846,Pooja,Nair,pooja.nair3846@gmail.com,Female,Kolkata,West Bengal,India,28-12-2025
,3847,Naveen,Kumar,naveen.kumar3847@gmail.com,Male,Delhi,Delhi,India,18-10-2024
,3848,Deepika,Reddy,deepika.reddy3848@gmail.com,Female,Bengaluru,Karnataka,India,16-05-2023
,3849,Anjali,Rao,anjali.rao3849@gmail.com,Female,Pune,Maharashtra,India,17-04-2024
,3850,Kavya,Sharma,kavya.sharma3850@gmail.com,Female,Hyderabad,Telangana,India,19-03-2024
,3851,Divya,Reddy,divya.reddy3851@gmail.com,Female,Kolkata,West Bengal,India,22-07-2024
,3852,Pooja,Das,pooja.das3852@gmail.com,Female,Pune,Maharashtra,India,06-10-2024
,3853,Amit,Kumar,amit.kumar3853@gmail.com,Male,Kolkata,West Bengal,India,24-12-2024
,3854,Deepika,Nair,deepika.nair3854@gmail.com,Female,Kolkata,West Bengal,India,07-10-2025
,3855,Arjun,Iyer,arjun.iyer3855@gmail.com,Male,Kolkata,West Bengal,India,24-03-2025
,3856,Karan,Verma,karan.verma3856@gmail.com,Male,Pune,Maharashtra,India,05-02-2025
,3857,Swathi,Iyer,swathi.iyer3857@gmail.com,Female,Chennai,Tamil Nadu,India,24-10-2023
,3858,Kavya,Sharma,kavya.sharma3858@gmail.com,Female,Chennai,Tamil Nadu,India,30-06-2023
,3859,Rohit,Rao,rohit.rao3859@gmail.com,Male,Pune,Maharashtra,India,19-11-2024
,3860,Naveen,Sharma,naveen.sharma3860@gmail.com,Male,Bengaluru,Karnataka,India,14-08-2025
,3861,Rahul,Verma,rahul.verma3861@gmail.com,Male,Pune,Maharashtra,India,10-10-2025
,3862,Naveen,Reddy,naveen.reddy3862@gmail.com,Male,Kolkata,West Bengal,India,13-06-2024
,3863,Neha,Iyer,neha.iyer3863@gmail.com,Female,Chennai,Tamil Nadu,India,03-10-2024
,3864,Karan,Gupta,karan.gupta3864@gmail.com,Male,Chennai,Tamil Nadu,India,01-03-2025
,3865,Vikram,Reddy,vikram.reddy3865@gmail.com,Male,Kolkata,West Bengal,India,16-07-2024
,3866,Manoj,Kumar,manoj.kumar3866@gmail.com,Male,Kolkata,West Bengal,India,09-11-2025
,3867,Neha,Gupta,neha.gupta3867@gmail.com,Female,Chennai,Tamil Nadu,India,18-12-2023
,3868,Pooja,Sharma,pooja.sharma3868@gmail.com,Female,Hyderabad,Telangana,India,30-07-2024
,3869,Rahul,Patel,rahul.patel3869@gmail.com,Male,Pune,Maharashtra,India,13-10-2025
,3870,Divya,Verma,divya.verma3870@gmail.com,Female,Kolkata,West Bengal,India,25-09-2023
,3871,Rohit,Rao,rohit.rao3871@gmail.com,Male,Kolkata,West Bengal,India,14-01-2025
,3872,Kavya,Sharma,kavya.sharma3872@gmail.com,Female,Delhi,Delhi,India,02-04-2024
,3873,Vikram,Iyer,vikram.iyer3873@gmail.com,Male,Delhi,Delhi,India,28-05-2025
,3874,Arjun,Sharma,arjun.sharma3874@gmail.com,Male,Bengaluru,Karnataka,India,20-11-2024
,3875,Ajay,Iyer,ajay.iyer3875@gmail.com,Male,Kolkata,West Bengal,India,12-05-2024
,3876,Naveen,Verma,naveen.verma3876@gmail.com,Male,Pune,Maharashtra,India,29-07-2023
,3877,Neha,Gupta,neha.gupta3877@gmail.com,Female,Chennai,Tamil Nadu,India,31-07-2024
,3878,Naveen,Nair,naveen.nair3878@gmail.com,Male,Bengaluru,Karnataka,India,24-09-2024
,3879,Manoj,Reddy,manoj.reddy3879@gmail.com,Male,Delhi,Delhi,India,08-11-2025
,3880,Swathi,Iyer,swathi.iyer3880@gmail.com,Female,Pune,Maharashtra,India,30-03-2023
,3881,Aishwarya,Kumar,aishwarya.kumar3881@gmail.com,Female,Pune,Maharashtra,India,21-11-2023
,3882,Karan,Rao,karan.rao3882@gmail.com,Male,Bengaluru,Karnataka,India,06-11-2025
,3883,Suresh,Verma,suresh.verma3883@gmail.com,Male,Chennai,Tamil Nadu,India,23-11-2024
,3884,Swathi,Nair,swathi.nair3884@gmail.com,Female,Bengaluru,Karnataka,India,18-05-2025
,3885,Naveen,Gupta,naveen.gupta3885@gmail.com,Male,Hyderabad,Telangana,India,11-02-2024
,3886,Sneha,Patel,sneha.patel3886@gmail.com,Female,Pune,Maharashtra,India,25-01-2024
,3887,Ajay,Reddy,ajay.reddy3887@gmail.com,Male,Bengaluru,Karnataka,India,16-10-2025
,3888,Amit,Rao,amit.rao3888@gmail.com,Male,Hyderabad,Telangana,India,13-08-2024
,3889,Ajay,Iyer,ajay.iyer3889@gmail.com,Male,Bengaluru,Karnataka,India,17-11-2024
,3890,Rahul,Sharma,rahul.sharma3890@gmail.com,Male,Pune,Maharashtra,India,13-10-2025
,3891,Divya,Gupta,divya.gupta3891@gmail.com,Female,Kolkata,West Bengal,India,16-08-2024
,3892,Anjali,Rao,anjali.rao3892@gmail.com,Female,Hyderabad,Telangana,India,12-02-2025
,3893,Priya,Verma,priya.verma3893@gmail.com,Female,Hyderabad,Telangana,India,15-01-2025
,3894,Neha,Iyer,neha.iyer3894@gmail.com,Female,Chennai,Tamil Nadu,India,22-04-2023
,3895,Naveen,Nair,naveen.nair3895@gmail.com,Male,Hyderabad,Telangana,India,17-09-2023
,3896,Naveen,Iyer,naveen.iyer3896@gmail.com,Male,Chennai,Tamil Nadu,India,13-02-2025
,3897,Priya,Reddy,priya.reddy3897@gmail.com,Female,Kolkata,West Bengal,India,17-10-2024
,3898,Deepika,Rao,deepika.rao3898@gmail.com,Female,Kolkata,West Bengal,India,28-06-2023
,3899,Kavya,Patel,kavya.patel3899@gmail.com,Female,Pune,Maharashtra,India,05-11-2025
,3900,Karan,Patel,karan.patel3900@gmail.com,Male,Delhi,Delhi,India,14-12-2023
,3901,Vikram,Rao,vikram.rao3901@gmail.com,Male,Hyderabad,Telangana,India,03-02-2023
,3902,Amit,Kumar,amit.kumar3902@gmail.com,Male,Kolkata,West Bengal,India,24-01-2024
,3903,Neha,Nair,neha.nair3903@gmail.com,Female,Delhi,Delhi,India,12-06-2024
,3904,Kavya,Reddy,kavya.reddy3904@gmail.com,Female,Delhi,Delhi,India,11-05-2025
,3905,Swathi,Verma,swathi.verma3905@gmail.com,Female,Kolkata,West Bengal,India,19-04-2023
,3906,Pooja,Verma,pooja.verma3906@gmail.com,Female,Delhi,Delhi,India,01-10-2024
,3907,Pooja,Das,pooja.das3907@gmail.com,Female,Pune,Maharashtra,India,26-01-2024
,3908,Swathi,Verma,swathi.verma3908@gmail.com,Female,Kolkata,West Bengal,India,28-06-2025
,3909,Priya,Iyer,priya.iyer3909@gmail.com,Female,Bengaluru,Karnataka,India,18-03-2023
,3910,Deepika,Sharma,deepika.sharma3910@gmail.com,Female,Kolkata,West Bengal,India,08-08-2025
,3911,Naveen,Gupta,naveen.gupta3911@gmail.com,Male,Delhi,Delhi,India,12-06-2024
,3912,Priya,Patel,priya.patel3912@gmail.com,Female,Chennai,Tamil Nadu,India,23-06-2024
,3913,Amit,Reddy,amit.reddy3913@gmail.com,Male,Bengaluru,Karnataka,India,09-11-2024
,3914,Naveen,Patel,naveen.patel3914@gmail.com,Male,Bengaluru,Karnataka,India,17-12-2024
,3915,Ajay,Verma,ajay.verma3915@gmail.com,Male,Chennai,Tamil Nadu,India,22-11-2025
,3916,Sneha,Das,sneha.das3916@gmail.com,Female,Pune,Maharashtra,India,04-03-2023
,3917,Rahul,Sharma,rahul.sharma3917@gmail.com,Male,Kolkata,West Bengal,India,24-04-2025
,3918,Aishwarya,Iyer,aishwarya.iyer3918@gmail.com,Female,Chennai,Tamil Nadu,India,06-09-2025
,3919,Neha,Das,neha.das3919@gmail.com,Female,Delhi,Delhi,India,05-08-2023
,3920,Swathi,Sharma,swathi.sharma3920@gmail.com,Female,Chennai,Tamil Nadu,India,01-03-2023
,3921,Naveen,Iyer,naveen.iyer3921@gmail.com,Male,Pune,Maharashtra,India,10-01-2024
,3922,Arjun,Patel,arjun.patel3922@gmail.com,Male,Chennai,Tamil Nadu,India,10-10-2023
,3923,Kavya,Das,kavya.das3923@gmail.com,Female,Kolkata,West Bengal,India,06-06-2025
,3924,Swathi,Verma,swathi.verma3924@gmail.com,Female,Delhi,Delhi,India,29-08-2024
,3925,Rahul,Reddy,rahul.reddy3925@gmail.com,Male,Delhi,Delhi,India,13-01-2024
,3926,Arjun,Patel,arjun.patel3926@gmail.com,Male,Bengaluru,Karnataka,India,23-03-2024
,3927,Kavya,Das,kavya.das3927@gmail.com,Female,Pune,Maharashtra,India,30-04-2024
,3928,Neha,Reddy,neha.reddy3928@gmail.com,Female,Bengaluru,Karnataka,India,28-04-2024
,3929,Naveen,Nair,naveen.nair3929@gmail.com,Male,Bengaluru,Karnataka,India,03-07-2023
,3930,Vikram,Patel,vikram.patel3930@gmail.com,Male,Delhi,Delhi,India,17-11-2023
,3931,Naveen,Rao,naveen.rao3931@gmail.com,Male,Pune,Maharashtra,India,10-01-2024
,3932,Neha,Patel,neha.patel3932@gmail.com,Female,Bengaluru,Karnataka,India,27-03-2024
,3933,Kavya,Sharma,kavya.sharma3933@gmail.com,Female,Pune,Maharashtra,India,28-07-2025
,3934,Manoj,Patel,manoj.patel3934@gmail.com,Male,Bengaluru,Karnataka,India,13-12-2025
,3935,Neha,Nair,neha.nair3935@gmail.com,Female,Chennai,Tamil Nadu,India,09-01-2024
,3936,Amit,Patel,amit.patel3936@gmail.com,Male,Pune,Maharashtra,India,11-04-2025
,3937,Ajay,Gupta,ajay.gupta3937@gmail.com,Male,Chennai,Tamil Nadu,India,05-09-2023
,3938,Pooja,Nair,pooja.nair3938@gmail.com,Female,Pune,Maharashtra,India,05-02-2025
,3939,Sneha,Gupta,sneha.gupta3939@gmail.com,Female,Delhi,Delhi,India,25-05-2024
,3940,Rohit,Das,rohit.das3940@gmail.com,Male,Bengaluru,Karnataka,India,07-12-2024
,3941,Vikram,Patel,vikram.patel3941@gmail.com,Male,Pune,Maharashtra,India,27-03-2024
,3942,Karan,Gupta,karan.gupta3942@gmail.com,Male,Bengaluru,Karnataka,India,07-05-2025
,3943,Rahul,Rao,rahul.rao3943@gmail.com,Male,Hyderabad,Telangana,India,11-06-2023
,3944,Rahul,Reddy,rahul.reddy3944@gmail.com,Male,Hyderabad,Telangana,India,06-10-2024
,3945,Priya,Patel,priya.patel3945@gmail.com,Female,Chennai,Tamil Nadu,India,17-04-2023
,3946,Aishwarya,Gupta,aishwarya.gupta3946@gmail.com,Female,Chennai,Tamil Nadu,India,24-12-2024
,3947,Suresh,Iyer,suresh.iyer3947@gmail.com,Male,Pune,Maharashtra,India,09-10-2023
,3948,Deepika,Gupta,deepika.gupta3948@gmail.com,Female,Pune,Maharashtra,India,30-07-2025
,3949,Pooja,Patel,pooja.patel3949@gmail.com,Female,Bengaluru,Karnataka,India,10-04-2023
,3950,Manoj,Gupta,manoj.gupta3950@gmail.com,Male,Delhi,Delhi,India,15-03-2025
,3951,Sneha,Gupta,sneha.gupta3951@gmail.com,Female,Delhi,Delhi,India,12-09-2025
,3952,Suresh,Nair,suresh.nair3952@gmail.com,Male,Delhi,Delhi,India,01-01-2025
,3953,Kavya,Verma,kavya.verma3953@gmail.com,Female,Kolkata,West Bengal,India,05-09-2024
,3954,Suresh,Reddy,suresh.reddy3954@gmail.com,Male,Bengaluru,Karnataka,India,11-12-2023
,3955,Anjali,Iyer,anjali.iyer3955@gmail.com,Female,Bengaluru,Karnataka,India,11-02-2023
,3956,Priya,Patel,priya.patel3956@gmail.com,Female,Delhi,Delhi,India,10-04-2025
,3957,Neha,Rao,neha.rao3957@gmail.com,Female,Pune,Maharashtra,India,20-04-2024
,3958,Pooja,Verma,pooja.verma3958@gmail.com,Female,Kolkata,West Bengal,India,14-11-2025
,3959,Rahul,Nair,rahul.nair3959@gmail.com,Male,Kolkata,West Bengal,India,25-01-2024
,3960,Suresh,Iyer,suresh.iyer3960@gmail.com,Male,Hyderabad,Telangana,India,22-08-2023
,3961,Rahul,Nair,rahul.nair3961@gmail.com,Male,Chennai,Tamil Nadu,India,28-05-2025
,3962,Naveen,Kumar,naveen.kumar3962@gmail.com,Male,Chennai,Tamil Nadu,India,24-01-2025
,3963,Arjun,Nair,arjun.nair3963@gmail.com,Male,Pune,Maharashtra,India,24-12-2025
,3964,Amit,Patel,amit.patel3964@gmail.com,Male,Hyderabad,Telangana,India,18-06-2023
,3965,Deepika,Sharma,deepika.sharma3965@gmail.com,Female,Kolkata,West Bengal,India,22-06-2024
,3966,Karan,Sharma,karan.sharma3966@gmail.com,Male,Bengaluru,Karnataka,India,03-02-2024
,3967,Naveen,Nair,naveen.nair3967@gmail.com,Male,Kolkata,West Bengal,India,29-11-2024
,3968,Divya,Iyer,divya.iyer3968@gmail.com,Female,Pune,Maharashtra,India,29-01-2024
,3969,Deepika,Verma,deepika.verma3969@gmail.com,Female,Pune,Maharashtra,India,12-12-2023
,3970,Manoj,Nair,manoj.nair3970@gmail.com,Male,Kolkata,West Bengal,India,01-07-2024
,3971,Arjun,Gupta,arjun.gupta3971@gmail.com,Male,Chennai,Tamil Nadu,India,27-01-2023
,3972,Vikram,Verma,vikram.verma3972@gmail.com,Male,Kolkata,West Bengal,India,14-02-2024
,3973,Ajay,Iyer,ajay.iyer3973@gmail.com,Male,Chennai,Tamil Nadu,India,10-08-2024
,3974,Manoj,Gupta,manoj.gupta3974@gmail.com,Male,Kolkata,West Bengal,India,31-12-2023
,3975,Sneha,Gupta,sneha.gupta3975@gmail.com,Female,Kolkata,West Bengal,India,18-07-2025
,3976,Divya,Reddy,divya.reddy3976@gmail.com,Female,Hyderabad,Telangana,India,14-05-2024
,3977,Swathi,Verma,swathi.verma3977@gmail.com,Female,Pune,Maharashtra,India,12-02-2023
,3978,Naveen,Nair,naveen.nair3978@gmail.com,Male,Hyderabad,Telangana,India,10-05-2025
,3979,Ajay,Gupta,ajay.gupta3979@gmail.com,Male,Chennai,Tamil Nadu,India,15-01-2023
,3980,Suresh,Reddy,suresh.reddy3980@gmail.com,Male,Chennai,Tamil Nadu,India,10-05-2023
,3981,Priya,Verma,priya.verma3981@gmail.com,Female,Kolkata,West Bengal,India,19-03-2024
,3982,Pooja,Sharma,pooja.sharma3982@gmail.com,Female,Hyderabad,Telangana,India,21-09-2023
,3983,Naveen,Nair,naveen.nair3983@gmail.com,Male,Kolkata,West Bengal,India,08-10-2024
,3984,Sneha,Iyer,sneha.iyer3984@gmail.com,Female,Pune,Maharashtra,India,21-05-2024
,3985,Amit,Nair,amit.nair3985@gmail.com,Male,Chennai,Tamil Nadu,India,27-07-2025
,3986,Divya,Nair,divya.nair3986@gmail.com,Female,Delhi,Delhi,India,29-12-2023
,3987,Neha,Iyer,neha.iyer3987@gmail.com,Female,Bengaluru,Karnataka,India,31-03-2025
,3988,Suresh,Verma,suresh.verma3988@gmail.com,Male,Pune,Maharashtra,India,22-05-2025
,3989,Arjun,Patel,arjun.patel3989@gmail.com,Male,Hyderabad,Telangana,India,28-06-2024
,3990,Kavya,Verma,kavya.verma3990@gmail.com,Female,Chennai,Tamil Nadu,India,14-01-2025
,3991,Rohit,Iyer,rohit.iyer3991@gmail.com,Male,Hyderabad,Telangana,India,18-10-2025
,3992,Sneha,Sharma,sneha.sharma3992@gmail.com,Female,Hyderabad,Telangana,India,19-12-2024
,3993,Swathi,Iyer,swathi.iyer3993@gmail.com,Female,Chennai,Tamil Nadu,India,14-10-2024
,3994,Ajay,Rao,ajay.rao3994@gmail.com,Male,Bengaluru,Karnataka,India,25-03-2023
,3995,Pooja,Gupta,pooja.gupta3995@gmail.com,Female,Pune,Maharashtra,India,01-01-2025
,3996,Vikram,Patel,vikram.patel3996@gmail.com,Male,Pune,Maharashtra,India,27-07-2024
,3997,Karan,Nair,karan.nair3997@gmail.com,Male,Pune,Maharashtra,India,09-06-2023
,3998,Divya,Nair,divya.nair3998@gmail.com,Female,Kolkata,West Bengal,India,17-09-2024
,3999,Sneha,Nair,sneha.nair3999@gmail.com,Female,Bengaluru,Karnataka,India,07-11-2023
,4000,Karan,Das,karan.das4000@gmail.com,Male,Kolkata,West Bengal,India,12-08-2023
,4001,Rohit,Kumar,rohit.kumar4001@gmail.com,Male,Pune,Maharashtra,India,04-02-2023
,4002,Divya,Rao,divya.rao4002@gmail.com,Female,Delhi,Delhi,India,02-06-2024
,4003,Kavya,Das,kavya.das4003@gmail.com,Female,Delhi,Delhi,India,25-11-2025
,4004,Rahul,Verma,rahul.verma4004@gmail.com,Male,Kolkata,West Bengal,India,20-11-2023
,4005,Pooja,Verma,pooja.verma4005@gmail.com,Female,Bengaluru,Karnataka,India,03-12-2025
,4006,Kavya,Kumar,kavya.kumar4006@gmail.com,Female,Chennai,Tamil Nadu,India,24-11-2025
,4007,Divya,Reddy,divya.reddy4007@gmail.com,Female,Bengaluru,Karnataka,India,12-01-2024
,4008,Ajay,Kumar,ajay.kumar4008@gmail.com,Male,Kolkata,West Bengal,India,27-03-2024
,4009,Suresh,Gupta,suresh.gupta4009@gmail.com,Male,Kolkata,West Bengal,India,02-06-2024
,4010,Kavya,Rao,kavya.rao4010@gmail.com,Female,Hyderabad,Telangana,India,21-05-2025
,4011,Naveen,Nair,naveen.nair4011@gmail.com,Male,Hyderabad,Telangana,India,12-01-2025
,4012,Arjun,Gupta,arjun.gupta4012@gmail.com,Male,Bengaluru,Karnataka,India,11-01-2024
,4013,Sneha,Nair,sneha.nair4013@gmail.com,Female,Chennai,Tamil Nadu,India,09-04-2023
,4014,Pooja,Reddy,pooja.reddy4014@gmail.com,Female,Chennai,Tamil Nadu,India,05-12-2025
,4015,Arjun,Patel,arjun.patel4015@gmail.com,Male,Bengaluru,Karnataka,India,16-11-2023
,4016,Karan,Verma,karan.verma4016@gmail.com,Male,Bengaluru,Karnataka,India,16-12-2023
,4017,Pooja,Gupta,pooja.gupta4017@gmail.com,Female,Bengaluru,Karnataka,India,11-07-2024
,4018,Aishwarya,Kumar,aishwarya.kumar4018@gmail.com,Female,Hyderabad,Telangana,India,17-06-2024
,4019,Arjun,Nair,arjun.nair4019@gmail.com,Male,Chennai,Tamil Nadu,India,13-06-2025
,4020,Kavya,Iyer,kavya.iyer4020@gmail.com,Female,Pune,Maharashtra,India,31-07-2025
,4021,Anjali,Gupta,anjali.gupta4021@gmail.com,Female,Pune,Maharashtra,India,16-07-2025
,4022,Divya,Verma,divya.verma4022@gmail.com,Female,Pune,Maharashtra,India,26-08-2023
,4023,Deepika,Nair,deepika.nair4023@gmail.com,Female,Pune,Maharashtra,India,22-01-2023
,4024,Manoj,Kumar,manoj.kumar4024@gmail.com,Male,Chennai,Tamil Nadu,India,08-03-2025
,4025,Rahul,Reddy,rahul.reddy4025@gmail.com,Male,Delhi,Delhi,India,20-01-2024
,4026,Ajay,Patel,ajay.patel4026@gmail.com,Male,Bengaluru,Karnataka,India,18-10-2025
,4027,Anjali,Rao,anjali.rao4027@gmail.com,Female,Bengaluru,Karnataka,India,31-05-2023
,4028,Suresh,Patel,suresh.patel4028@gmail.com,Male,Chennai,Tamil Nadu,India,21-04-2024
,4029,Vikram,Sharma,vikram.sharma4029@gmail.com,Male,Hyderabad,Telangana,India,14-12-2024
,4030,Pooja,Sharma,pooja.sharma4030@gmail.com,Female,Chennai,Tamil Nadu,India,28-02-2023
,4031,Aishwarya,Das,aishwarya.das4031@gmail.com,Female,Chennai,Tamil Nadu,India,13-02-2023
,4032,Priya,Patel,priya.patel4032@gmail.com,Female,Hyderabad,Telangana,India,24-09-2025
,4033,Anjali,Rao,anjali.rao4033@gmail.com,Female,Kolkata,West Bengal,India,06-06-2023
,4034,Vikram,Reddy,vikram.reddy4034@gmail.com,Male,Bengaluru,Karnataka,India,18-06-2023
,4035,Vikram,Patel,vikram.patel4035@gmail.com,Male,Delhi,Delhi,India,29-09-2024
,4036,Pooja,Iyer,pooja.iyer4036@gmail.com,Female,Hyderabad,Telangana,India,15-10-2025
,4037,Divya,Das,divya.das4037@gmail.com,Female,Hyderabad,Telangana,India,10-03-2023
,4038,Priya,Nair,priya.nair4038@gmail.com,Female,Delhi,Delhi,India,14-08-2024
,4039,Swathi,Gupta,swathi.gupta4039@gmail.com,Female,Pune,Maharashtra,India,09-07-2023
,4040,Neha,Nair,neha.nair4040@gmail.com,Female,Kolkata,West Bengal,India,08-01-2025
,4041,Deepika,Reddy,deepika.reddy4041@gmail.com,Female,Bengaluru,Karnataka,India,24-03-2024
,4042,Kavya,Rao,kavya.rao4042@gmail.com,Female,Hyderabad,Telangana,India,24-07-2024
,4043,Deepika,Das,deepika.das4043@gmail.com,Female,Kolkata,West Bengal,India,05-02-2024
,4044,Naveen,Reddy,naveen.reddy4044@gmail.com,Male,Chennai,Tamil Nadu,India,14-06-2025
,4045,Aishwarya,Patel,aishwarya.patel4045@gmail.com,Female,Kolkata,West Bengal,India,10-08-2023
,4046,Arjun,Patel,arjun.patel4046@gmail.com,Male,Kolkata,West Bengal,India,16-02-2023
,4047,Vikram,Sharma,vikram.sharma4047@gmail.com,Male,Kolkata,West Bengal,India,13-12-2025
,4048,Rohit,Gupta,rohit.gupta4048@gmail.com,Male,Kolkata,West Bengal,India,01-07-2024
,4049,Pooja,Verma,pooja.verma4049@gmail.com,Female,Kolkata,West Bengal,India,07-05-2025
,4050,Priya,Patel,priya.patel4050@gmail.com,Female,Kolkata,West Bengal,India,14-09-2025
,4051,Rohit,Das,rohit.das4051@gmail.com,Male,Chennai,Tamil Nadu,India,17-03-2023
,4052,Kavya,Das,kavya.das4052@gmail.com,Female,Chennai,Tamil Nadu,India,09-06-2023
,4053,Kavya,Iyer,kavya.iyer4053@gmail.com,Female,Kolkata,West Bengal,India,28-05-2023
,4054,Vikram,Patel,vikram.patel4054@gmail.com,Male,Bengaluru,Karnataka,India,25-12-2024
,4055,Priya,Nair,priya.nair4055@gmail.com,Female,Bengaluru,Karnataka,India,01-12-2024
,4056,Sneha,Rao,sneha.rao4056@gmail.com,Female,Hyderabad,Telangana,India,03-04-2025
,4057,Pooja,Iyer,pooja.iyer4057@gmail.com,Female,Delhi,Delhi,India,22-11-2023
,4058,Divya,Verma,divya.verma4058@gmail.com,Female,Bengaluru,Karnataka,India,05-02-2025
,4059,Karan,Verma,karan.verma4059@gmail.com,Male,Pune,Maharashtra,India,14-09-2024
,4060,Priya,Reddy,priya.reddy4060@gmail.com,Female,Bengaluru,Karnataka,India,22-11-2025
,4061,Rohit,Nair,rohit.nair4061@gmail.com,Male,Bengaluru,Karnataka,India,19-03-2023
,4062,Manoj,Sharma,manoj.sharma4062@gmail.com,Male,Chennai,Tamil Nadu,India,25-04-2024
,4063,Pooja,Reddy,pooja.reddy4063@gmail.com,Female,Bengaluru,Karnataka,India,23-04-2024
,4064,Pooja,Sharma,pooja.sharma4064@gmail.com,Female,Pune,Maharashtra,India,06-06-2024
,4065,Naveen,Iyer,naveen.iyer4065@gmail.com,Male,Pune,Maharashtra,India,05-12-2024
,4066,Neha,Gupta,neha.gupta4066@gmail.com,Female,Chennai,Tamil Nadu,India,23-01-2024
,4067,Aishwarya,Kumar,aishwarya.kumar4067@gmail.com,Female,Pune,Maharashtra,India,22-09-2024
,4068,Arjun,Reddy,arjun.reddy4068@gmail.com,Male,Kolkata,West Bengal,India,07-12-2024
,4069,Ajay,Reddy,ajay.reddy4069@gmail.com,Male,Chennai,Tamil Nadu,India,06-04-2024
,4070,Kavya,Nair,kavya.nair4070@gmail.com,Female,Hyderabad,Telangana,India,04-09-2023
,4071,Rahul,Iyer,rahul.iyer4071@gmail.com,Male,Kolkata,West Bengal,India,10-04-2023
,4072,Pooja,Iyer,pooja.iyer4072@gmail.com,Female,Pune,Maharashtra,India,12-09-2024
,4073,Kavya,Nair,kavya.nair4073@gmail.com,Female,Hyderabad,Telangana,India,08-12-2024
,4074,Arjun,Patel,arjun.patel4074@gmail.com,Male,Chennai,Tamil Nadu,India,12-10-2024
,4075,Kavya,Kumar,kavya.kumar4075@gmail.com,Female,Delhi,Delhi,India,22-04-2025
,4076,Divya,Das,divya.das4076@gmail.com,Female,Delhi,Delhi,India,07-02-2023
,4077,Swathi,Rao,swathi.rao4077@gmail.com,Female,Bengaluru,Karnataka,India,10-03-2025
,4078,Deepika,Reddy,deepika.reddy4078@gmail.com,Female,Kolkata,West Bengal,India,17-10-2025
,4079,Aishwarya,Verma,aishwarya.verma4079@gmail.com,Female,Delhi,Delhi,India,21-12-2023
,4080,Naveen,Sharma,naveen.sharma4080@gmail.com,Male,Delhi,Delhi,India,08-04-2025
,4081,Karan,Reddy,karan.reddy4081@gmail.com,Male,Hyderabad,Telangana,India,12-10-2023
,4082,Rohit,Patel,rohit.patel4082@gmail.com,Male,Kolkata,West Bengal,India,13-04-2023
,4083,Anjali,Kumar,anjali.kumar4083@gmail.com,Female,Kolkata,West Bengal,India,24-05-2023
,4084,Divya,Nair,divya.nair4084@gmail.com,Female,Kolkata,West Bengal,India,27-10-2023
,4085,Suresh,Gupta,suresh.gupta4085@gmail.com,Male,Delhi,Delhi,India,14-04-2024
,4086,Divya,Das,divya.das4086@gmail.com,Female,Chennai,Tamil Nadu,India,24-09-2025
,4087,Divya,Rao,divya.rao4087@gmail.com,Female,Hyderabad,Telangana,India,24-01-2025
,4088,Swathi,Nair,swathi.nair4088@gmail.com,Female,Bengaluru,Karnataka,India,11-07-2025
,4089,Suresh,Das,suresh.das4089@gmail.com,Male,Delhi,Delhi,India,06-11-2024
,4090,Naveen,Iyer,naveen.iyer4090@gmail.com,Male,Pune,Maharashtra,India,23-01-2025
,4091,Naveen,Nair,naveen.nair4091@gmail.com,Male,Pune,Maharashtra,India,02-08-2023
,4092,Suresh,Gupta,suresh.gupta4092@gmail.com,Male,Hyderabad,Telangana,India,12-08-2023
,4093,Sneha,Das,sneha.das4093@gmail.com,Female,Bengaluru,Karnataka,India,28-01-2025
,4094,Priya,Rao,priya.rao4094@gmail.com,Female,Hyderabad,Telangana,India,29-10-2024
,4095,Suresh,Verma,suresh.verma4095@gmail.com,Male,Delhi,Delhi,India,13-09-2024
,4096,Anjali,Das,anjali.das4096@gmail.com,Female,Chennai,Tamil Nadu,India,22-07-2025
,4097,Swathi,Kumar,swathi.kumar4097@gmail.com,Female,Hyderabad,Telangana,India,18-01-2024
,4098,Naveen,Iyer,naveen.iyer4098@gmail.com,Male,Bengaluru,Karnataka,India,21-09-2024
,4099,Manoj,Patel,manoj.patel4099@gmail.com,Male,Hyderabad,Telangana,India,16-04-2025
,4100,Amit,Iyer,amit.iyer4100@gmail.com,Male,Kolkata,West Bengal,India,06-09-2025
,4101,Amit,Rao,amit.rao4101@gmail.com,Male,Hyderabad,Telangana,India,20-11-2023
,4102,Kavya,Iyer,kavya.iyer4102@gmail.com,Female,Bengaluru,Karnataka,India,15-12-2025
,4103,Deepika,Reddy,deepika.reddy4103@gmail.com,Female,Chennai,Tamil Nadu,India,22-04-2023
,4104,Priya,Nair,priya.nair4104@gmail.com,Female,Chennai,Tamil Nadu,India,06-01-2023
,4105,Vikram,Sharma,vikram.sharma4105@gmail.com,Male,Chennai,Tamil Nadu,India,20-11-2024
,4106,Priya,Gupta,priya.gupta4106@gmail.com,Female,Chennai,Tamil Nadu,India,04-11-2023
,4107,Sneha,Iyer,sneha.iyer4107@gmail.com,Female,Chennai,Tamil Nadu,India,09-07-2023
,4108,Manoj,Patel,manoj.patel4108@gmail.com,Male,Bengaluru,Karnataka,India,30-10-2024
,4109,Rahul,Das,rahul.das4109@gmail.com,Male,Kolkata,West Bengal,India,02-09-2024
,4110,Rahul,Gupta,rahul.gupta4110@gmail.com,Male,Hyderabad,Telangana,India,21-11-2023
,4111,Anjali,Rao,anjali.rao4111@gmail.com,Female,Delhi,Delhi,India,01-11-2024
,4112,Ajay,Nair,ajay.nair4112@gmail.com,Male,Chennai,Tamil Nadu,India,21-03-2023
,4113,Sneha,Rao,sneha.rao4113@gmail.com,Female,Bengaluru,Karnataka,India,31-12-2025
,4114,Rahul,Nair,rahul.nair4114@gmail.com,Male,Kolkata,West Bengal,India,01-09-2023
,4115,Ajay,Nair,ajay.nair4115@gmail.com,Male,Pune,Maharashtra,India,11-02-2023
,4116,Sneha,Iyer,sneha.iyer4116@gmail.com,Female,Delhi,Delhi,India,10-08-2024
,4117,Karan,Gupta,karan.gupta4117@gmail.com,Male,Pune,Maharashtra,India,20-05-2024
,4118,Neha,Reddy,neha.reddy4118@gmail.com,Female,Kolkata,West Bengal,India,27-02-2024
,4119,Priya,Reddy,priya.reddy4119@gmail.com,Female,Delhi,Delhi,India,23-11-2025
,4120,Divya,Rao,divya.rao4120@gmail.com,Female,Bengaluru,Karnataka,India,30-01-2023
,4121,Rahul,Patel,rahul.patel4121@gmail.com,Male,Hyderabad,Telangana,India,22-07-2025
,4122,Sneha,Rao,sneha.rao4122@gmail.com,Female,Hyderabad,Telangana,India,02-11-2025
,4123,Sneha,Verma,sneha.verma4123@gmail.com,Female,Pune,Maharashtra,India,10-08-2023
,4124,Amit,Verma,amit.verma4124@gmail.com,Male,Chennai,Tamil Nadu,India,13-09-2025
,4125,Naveen,Rao,naveen.rao4125@gmail.com,Male,Bengaluru,Karnataka,India,11-02-2025
,4126,Ajay,Verma,ajay.verma4126@gmail.com,Male,Pune,Maharashtra,India,24-08-2025
,4127,Kavya,Sharma,kavya.sharma4127@gmail.com,Female,Hyderabad,Telangana,India,15-08-2023
,4128,Priya,Kumar,priya.kumar4128@gmail.com,Female,Chennai,Tamil Nadu,India,07-06-2024
,4129,Vikram,Das,vikram.das4129@gmail.com,Male,Bengaluru,Karnataka,India,15-11-2024
,4130,Suresh,Das,suresh.das4130@gmail.com,Male,Chennai,Tamil Nadu,India,11-03-2024
,4131,Suresh,Reddy,suresh.reddy4131@gmail.com,Male,Chennai,Tamil Nadu,India,31-05-2023
,4132,Pooja,Nair,pooja.nair4132@gmail.com,Female,Kolkata,West Bengal,India,06-07-2023
,4133,Vikram,Nair,vikram.nair4133@gmail.com,Male,Hyderabad,Telangana,India,25-07-2025
,4134,Anjali,Kumar,anjali.kumar4134@gmail.com,Female,Pune,Maharashtra,India,09-07-2023
,4135,Suresh,Rao,suresh.rao4135@gmail.com,Male,Kolkata,West Bengal,India,01-11-2024
,4136,Amit,Kumar,amit.kumar4136@gmail.com,Male,Chennai,Tamil Nadu,India,26-05-2023
,4137,Priya,Rao,priya.rao4137@gmail.com,Female,Chennai,Tamil Nadu,India,20-06-2023
,4138,Rohit,Verma,rohit.verma4138@gmail.com,Male,Chennai,Tamil Nadu,India,30-10-2024
,4139,Anjali,Sharma,anjali.sharma4139@gmail.com,Female,Chennai,Tamil Nadu,India,30-05-2024
,4140,Amit,Iyer,amit.iyer4140@gmail.com,Male,Chennai,Tamil Nadu,India,05-01-2023
,4141,Suresh,Rao,suresh.rao4141@gmail.com,Male,Bengaluru,Karnataka,India,13-02-2024
,4142,Karan,Kumar,karan.kumar4142@gmail.com,Male,Bengaluru,Karnataka,India,30-05-2025
,4143,Priya,Gupta,priya.gupta4143@gmail.com,Female,Bengaluru,Karnataka,India,21-01-2025
,4144,Deepika,Sharma,deepika.sharma4144@gmail.com,Female,Pune,Maharashtra,India,17-11-2024
,4145,Rohit,Nair,rohit.nair4145@gmail.com,Male,Kolkata,West Bengal,India,18-02-2025
,4146,Neha,Patel,neha.patel4146@gmail.com,Female,Delhi,Delhi,India,14-11-2025
,4147,Pooja,Patel,pooja.patel4147@gmail.com,Female,Kolkata,West Bengal,India,30-05-2024
,4148,Aishwarya,Nair,aishwarya.nair4148@gmail.com,Female,Bengaluru,Karnataka,India,21-10-2025
,4149,Ajay,Rao,ajay.rao4149@gmail.com,Male,Bengaluru,Karnataka,India,28-04-2023
,4150,Neha,Patel,neha.patel4150@gmail.com,Female,Delhi,Delhi,India,27-02-2024
,4151,Anjali,Iyer,anjali.iyer4151@gmail.com,Female,Delhi,Delhi,India,07-01-2024
,4152,Priya,Nair,priya.nair4152@gmail.com,Female,Pune,Maharashtra,India,19-08-2023
,4153,Divya,Iyer,divya.iyer4153@gmail.com,Female,Pune,Maharashtra,India,09-04-2025
,4154,Swathi,Nair,swathi.nair4154@gmail.com,Female,Chennai,Tamil Nadu,India,22-05-2023
,4155,Divya,Verma,divya.verma4155@gmail.com,Female,Kolkata,West Bengal,India,05-12-2024
,4156,Anjali,Patel,anjali.patel4156@gmail.com,Female,Hyderabad,Telangana,India,13-02-2023
,4157,Karan,Reddy,karan.reddy4157@gmail.com,Male,Chennai,Tamil Nadu,India,18-11-2023
,4158,Pooja,Nair,pooja.nair4158@gmail.com,Female,Bengaluru,Karnataka,India,12-07-2024
,4159,Deepika,Kumar,deepika.kumar4159@gmail.com,Female,Chennai,Tamil Nadu,India,07-03-2024
,4160,Sneha,Das,sneha.das4160@gmail.com,Female,Delhi,Delhi,India,19-06-2024
,4161,Sneha,Gupta,sneha.gupta4161@gmail.com,Female,Kolkata,West Bengal,India,24-11-2025
,4162,Aishwarya,Verma,aishwarya.verma4162@gmail.com,Female,Delhi,Delhi,India,22-09-2024
,4163,Priya,Das,priya.das4163@gmail.com,Female,Delhi,Delhi,India,20-03-2024
,4164,Swathi,Rao,swathi.rao4164@gmail.com,Female,Bengaluru,Karnataka,India,30-09-2024
,4165,Sneha,Sharma,sneha.sharma4165@gmail.com,Female,Kolkata,West Bengal,India,29-05-2024
,4166,Suresh,Iyer,suresh.iyer4166@gmail.com,Male,Hyderabad,Telangana,India,05-04-2025
,4167,Sneha,Rao,sneha.rao4167@gmail.com,Female,Bengaluru,Karnataka,India,06-12-2024
,4168,Manoj,Rao,manoj.rao4168@gmail.com,Male,Delhi,Delhi,India,30-12-2024
,4169,Sneha,Das,sneha.das4169@gmail.com,Female,Pune,Maharashtra,India,09-06-2024
,4170,Arjun,Kumar,arjun.kumar4170@gmail.com,Male,Hyderabad,Telangana,India,22-08-2025
,4171,Priya,Sharma,priya.sharma4171@gmail.com,Female,Chennai,Tamil Nadu,India,30-04-2023
,4172,Ajay,Verma,ajay.verma4172@gmail.com,Male,Hyderabad,Telangana,India,18-11-2023
,4173,Rohit,Verma,rohit.verma4173@gmail.com,Male,Hyderabad,Telangana,India,01-06-2025
,4174,Deepika,Kumar,deepika.kumar4174@gmail.com,Female,Delhi,Delhi,India,30-10-2023
,4175,Suresh,Rao,suresh.rao4175@gmail.com,Male,Bengaluru,Karnataka,India,01-11-2025
,4176,Karan,Rao,karan.rao4176@gmail.com,Male,Kolkata,West Bengal,India,18-07-2025
,4177,Priya,Kumar,priya.kumar4177@gmail.com,Female,Hyderabad,Telangana,India,05-09-2023
,4178,Rahul,Rao,rahul.rao4178@gmail.com,Male,Chennai,Tamil Nadu,India,26-10-2023
,4179,Pooja,Reddy,pooja.reddy4179@gmail.com,Female,Hyderabad,Telangana,India,15-06-2024
,4180,Amit,Reddy,amit.reddy4180@gmail.com,Male,Hyderabad,Telangana,India,30-12-2024
,4181,Manoj,Iyer,manoj.iyer4181@gmail.com,Male,Delhi,Delhi,India,16-09-2024
,4182,Ajay,Nair,ajay.nair4182@gmail.com,Male,Chennai,Tamil Nadu,India,10-11-2024
,4183,Arjun,Sharma,arjun.sharma4183@gmail.com,Male,Delhi,Delhi,India,18-12-2023
,4184,Karan,Patel,karan.patel4184@gmail.com,Male,Delhi,Delhi,India,30-05-2023
,4185,Rohit,Das,rohit.das4185@gmail.com,Male,Chennai,Tamil Nadu,India,29-01-2025
,4186,Anjali,Gupta,anjali.gupta4186@gmail.com,Female,Pune,Maharashtra,India,29-06-2025
,4187,Deepika,Verma,deepika.verma4187@gmail.com,Female,Delhi,Delhi,India,20-04-2024
,4188,Aishwarya,Gupta,aishwarya.gupta4188@gmail.com,Female,Hyderabad,Telangana,India,13-10-2025
,4189,Sneha,Kumar,sneha.kumar4189@gmail.com,Female,Hyderabad,Telangana,India,12-05-2023
,4190,Sneha,Verma,sneha.verma4190@gmail.com,Female,Pune,Maharashtra,India,17-06-2023
,4191,Manoj,Das,manoj.das4191@gmail.com,Male,Pune,Maharashtra,India,07-12-2024
,4192,Neha,Kumar,neha.kumar4192@gmail.com,Female,Kolkata,West Bengal,India,29-03-2024
,4193,Pooja,Rao,pooja.rao4193@gmail.com,Female,Delhi,Delhi,India,20-05-2023
,4194,Divya,Patel,divya.patel4194@gmail.com,Female,Delhi,Delhi,India,17-11-2025
,4195,Pooja,Iyer,pooja.iyer4195@gmail.com,Female,Kolkata,West Bengal,India,11-03-2025
,4196,Swathi,Das,swathi.das4196@gmail.com,Female,Bengaluru,Karnataka,India,02-03-2023
,4197,Deepika,Verma,deepika.verma4197@gmail.com,Female,Delhi,Delhi,India,23-12-2024
,4198,Naveen,Patel,naveen.patel4198@gmail.com,Male,Delhi,Delhi,India,22-08-2025
,4199,Aishwarya,Das,aishwarya.das4199@gmail.com,Female,Chennai,Tamil Nadu,India,09-08-2025
,4200,Kavya,Sharma,kavya.sharma4200@gmail.com,Female,Hyderabad,Telangana,India,02-06-2025
,4201,Manoj,Patel,manoj.patel4201@gmail.com,Male,Delhi,Delhi,India,10-04-2023
,4202,Arjun,Sharma,arjun.sharma4202@gmail.com,Male,Pune,Maharashtra,India,28-07-2023
,4203,Swathi,Verma,swathi.verma4203@gmail.com,Female,Kolkata,West Bengal,India,06-08-2024
,4204,Arjun,Iyer,arjun.iyer4204@gmail.com,Male,Hyderabad,Telangana,India,20-08-2025
,4205,Pooja,Patel,pooja.patel4205@gmail.com,Female,Hyderabad,Telangana,India,11-08-2025
,4206,Arjun,Rao,arjun.rao4206@gmail.com,Male,Hyderabad,Telangana,India,16-03-2025
,4207,Arjun,Rao,arjun.rao4207@gmail.com,Male,Hyderabad,Telangana,India,24-07-2024
,4208,Arjun,Reddy,arjun.reddy4208@gmail.com,Male,Chennai,Tamil Nadu,India,02-01-2024
,4209,Ajay,Gupta,ajay.gupta4209@gmail.com,Male,Pune,Maharashtra,India,13-12-2023
,4210,Naveen,Verma,naveen.verma4210@gmail.com,Male,Hyderabad,Telangana,India,18-04-2025
,4211,Pooja,Gupta,pooja.gupta4211@gmail.com,Female,Bengaluru,Karnataka,India,10-03-2024
,4212,Anjali,Verma,anjali.verma4212@gmail.com,Female,Bengaluru,Karnataka,India,15-11-2023
,4213,Suresh,Gupta,suresh.gupta4213@gmail.com,Male,Pune,Maharashtra,India,24-05-2024
,4214,Deepika,Sharma,deepika.sharma4214@gmail.com,Female,Bengaluru,Karnataka,India,07-02-2023
,4215,Vikram,Reddy,vikram.reddy4215@gmail.com,Male,Delhi,Delhi,India,18-01-2025
,4216,Neha,Reddy,neha.reddy4216@gmail.com,Female,Hyderabad,Telangana,India,18-01-2025
,4217,Deepika,Rao,deepika.rao4217@gmail.com,Female,Delhi,Delhi,India,27-05-2024
,4218,Swathi,Verma,swathi.verma4218@gmail.com,Female,Hyderabad,Telangana,India,13-02-2025
,4219,Naveen,Nair,naveen.nair4219@gmail.com,Male,Bengaluru,Karnataka,India,17-09-2025
,4220,Naveen,Iyer,naveen.iyer4220@gmail.com,Male,Bengaluru,Karnataka,India,20-06-2023
,4221,Arjun,Das,arjun.das4221@gmail.com,Male,Hyderabad,Telangana,India,15-01-2024
,4222,Divya,Das,divya.das4222@gmail.com,Female,Kolkata,West Bengal,India,29-05-2025
,4223,Amit,Das,amit.das4223@gmail.com,Male,Pune,Maharashtra,India,22-03-2025
,4224,Anjali,Patel,anjali.patel4224@gmail.com,Female,Kolkata,West Bengal,India,14-08-2024
,4225,Neha,Gupta,neha.gupta4225@gmail.com,Female,Chennai,Tamil Nadu,India,10-01-2024
,4226,Swathi,Rao,swathi.rao4226@gmail.com,Female,Pune,Maharashtra,India,13-04-2024
,4227,Vikram,Patel,vikram.patel4227@gmail.com,Male,Chennai,Tamil Nadu,India,28-05-2023
,4228,Anjali,Reddy,anjali.reddy4228@gmail.com,Female,Delhi,Delhi,India,29-07-2024
,4229,Neha,Gupta,neha.gupta4229@gmail.com,Female,Chennai,Tamil Nadu,India,07-12-2024
,4230,Vikram,Das,vikram.das4230@gmail.com,Male,Delhi,Delhi,India,31-01-2025
,4231,Suresh,Rao,suresh.rao4231@gmail.com,Male,Delhi,Delhi,India,03-06-2024
,4232,Suresh,Nair,suresh.nair4232@gmail.com,Male,Chennai,Tamil Nadu,India,10-10-2024
,4233,Neha,Kumar,neha.kumar4233@gmail.com,Female,Hyderabad,Telangana,India,20-02-2025
,4234,Ajay,Reddy,ajay.reddy4234@gmail.com,Male,Pune,Maharashtra,India,30-03-2025
,4235,Neha,Gupta,neha.gupta4235@gmail.com,Female,Bengaluru,Karnataka,India,24-10-2023
,4236,Kavya,Gupta,kavya.gupta4236@gmail.com,Female,Delhi,Delhi,India,29-07-2025
,4237,Neha,Reddy,neha.reddy4237@gmail.com,Female,Delhi,Delhi,India,25-02-2023
,4238,Vikram,Reddy,vikram.reddy4238@gmail.com,Male,Delhi,Delhi,India,29-05-2025
,4239,Rahul,Reddy,rahul.reddy4239@gmail.com,Male,Delhi,Delhi,India,21-02-2024
,4240,Karan,Patel,karan.patel4240@gmail.com,Male,Bengaluru,Karnataka,India,22-01-2025
,4241,Sneha,Das,sneha.das4241@gmail.com,Female,Hyderabad,Telangana,India,18-08-2024
,4242,Arjun,Patel,arjun.patel4242@gmail.com,Male,Hyderabad,Telangana,India,18-06-2023
,4243,Rohit,Gupta,rohit.gupta4243@gmail.com,Male,Chennai,Tamil Nadu,India,25-05-2023
,4244,Swathi,Gupta,swathi.gupta4244@gmail.com,Female,Pune,Maharashtra,India,11-06-2023
,4245,Anjali,Nair,anjali.nair4245@gmail.com,Female,Kolkata,West Bengal,India,09-03-2024
,4246,Swathi,Reddy,swathi.reddy4246@gmail.com,Female,Delhi,Delhi,India,13-10-2023
,4247,Divya,Nair,divya.nair4247@gmail.com,Female,Bengaluru,Karnataka,India,11-03-2023
,4248,Vikram,Das,vikram.das4248@gmail.com,Male,Pune,Maharashtra,India,22-10-2025
,4249,Vikram,Kumar,vikram.kumar4249@gmail.com,Male,Pune,Maharashtra,India,22-10-2023
,4250,Vikram,Das,vikram.das4250@gmail.com,Male,Chennai,Tamil Nadu,India,06-03-2025
,4251,Swathi,Iyer,swathi.iyer4251@gmail.com,Female,Chennai,Tamil Nadu,India,29-10-2023
,4252,Rohit,Das,rohit.das4252@gmail.com,Male,Chennai,Tamil Nadu,India,28-10-2023
,4253,Deepika,Iyer,deepika.iyer4253@gmail.com,Female,Bengaluru,Karnataka,India,03-12-2023
,4254,Divya,Reddy,divya.reddy4254@gmail.com,Female,Bengaluru,Karnataka,India,25-08-2025
,4255,Manoj,Patel,manoj.patel4255@gmail.com,Male,Bengaluru,Karnataka,India,08-12-2025
,4256,Divya,Das,divya.das4256@gmail.com,Female,Hyderabad,Telangana,India,29-08-2025
,4257,Aishwarya,Kumar,aishwarya.kumar4257@gmail.com,Female,Delhi,Delhi,India,19-04-2023
,4258,Divya,Verma,divya.verma4258@gmail.com,Female,Pune,Maharashtra,India,11-03-2023
,4259,Karan,Sharma,karan.sharma4259@gmail.com,Male,Kolkata,West Bengal,India,17-01-2024
,4260,Suresh,Patel,suresh.patel4260@gmail.com,Male,Delhi,Delhi,India,10-06-2023
,4261,Suresh,Rao,suresh.rao4261@gmail.com,Male,Bengaluru,Karnataka,India,28-12-2025
,4262,Pooja,Sharma,pooja.sharma4262@gmail.com,Female,Bengaluru,Karnataka,India,08-12-2024
,4263,Priya,Reddy,priya.reddy4263@gmail.com,Female,Hyderabad,Telangana,India,03-02-2023
,4264,Amit,Das,amit.das4264@gmail.com,Male,Kolkata,West Bengal,India,25-02-2024
,4265,Priya,Verma,priya.verma4265@gmail.com,Female,Hyderabad,Telangana,India,06-08-2023
,4266,Suresh,Gupta,suresh.gupta4266@gmail.com,Male,Kolkata,West Bengal,India,21-11-2025
,4267,Naveen,Reddy,naveen.reddy4267@gmail.com,Male,Bengaluru,Karnataka,India,09-11-2023
,4268,Suresh,Rao,suresh.rao4268@gmail.com,Male,Bengaluru,Karnataka,India,06-09-2023
,4269,Divya,Rao,divya.rao4269@gmail.com,Female,Kolkata,West Bengal,India,01-06-2023
,4270,Pooja,Verma,pooja.verma4270@gmail.com,Female,Hyderabad,Telangana,India,29-03-2024
,4271,Aishwarya,Iyer,aishwarya.iyer4271@gmail.com,Female,Kolkata,West Bengal,India,20-07-2025
,4272,Suresh,Gupta,suresh.gupta4272@gmail.com,Male,Pune,Maharashtra,India,26-03-2023
,4273,Swathi,Iyer,swathi.iyer4273@gmail.com,Female,Chennai,Tamil Nadu,India,12-11-2023
,4274,Anjali,Das,anjali.das4274@gmail.com,Female,Kolkata,West Bengal,India,05-05-2023
,4275,Aishwarya,Kumar,aishwarya.kumar4275@gmail.com,Female,Chennai,Tamil Nadu,India,11-09-2025
,4276,Pooja,Rao,pooja.rao4276@gmail.com,Female,Hyderabad,Telangana,India,04-09-2024
,4277,Vikram,Nair,vikram.nair4277@gmail.com,Male,Delhi,Delhi,India,27-11-2024
,4278,Swathi,Das,swathi.das4278@gmail.com,Female,Pune,Maharashtra,India,14-04-2023
,4279,Divya,Verma,divya.verma4279@gmail.com,Female,Bengaluru,Karnataka,India,02-08-2025
,4280,Priya,Rao,priya.rao4280@gmail.com,Female,Kolkata,West Bengal,India,03-10-2023
,4281,Pooja,Rao,pooja.rao4281@gmail.com,Female,Delhi,Delhi,India,20-04-2024
,4282,Kavya,Nair,kavya.nair4282@gmail.com,Female,Chennai,Tamil Nadu,India,04-12-2023
,4283,Aishwarya,Nair,aishwarya.nair4283@gmail.com,Female,Chennai,Tamil Nadu,India,22-09-2023
,4284,Neha,Sharma,neha.sharma4284@gmail.com,Female,Bengaluru,Karnataka,India,02-11-2023
,4285,Pooja,Das,pooja.das4285@gmail.com,Female,Bengaluru,Karnataka,India,06-07-2023
,4286,Karan,Patel,karan.patel4286@gmail.com,Male,Kolkata,West Bengal,India,07-10-2023
,4287,Anjali,Nair,anjali.nair4287@gmail.com,Female,Chennai,Tamil Nadu,India,15-05-2024
,4288,Neha,Patel,neha.patel4288@gmail.com,Female,Chennai,Tamil Nadu,India,25-02-2025
,4289,Divya,Iyer,divya.iyer4289@gmail.com,Female,Delhi,Delhi,India,15-09-2025
,4290,Neha,Verma,neha.verma4290@gmail.com,Female,Pune,Maharashtra,India,14-11-2025
,4291,Rohit,Sharma,rohit.sharma4291@gmail.com,Male,Bengaluru,Karnataka,India,02-02-2023
,4292,Kavya,Patel,kavya.patel4292@gmail.com,Female,Delhi,Delhi,India,20-12-2025
,4293,Sneha,Reddy,sneha.reddy4293@gmail.com,Female,Delhi,Delhi,India,10-12-2024
,4294,Amit,Nair,amit.nair4294@gmail.com,Male,Kolkata,West Bengal,India,24-07-2025
,4295,Manoj,Verma,manoj.verma4295@gmail.com,Male,Kolkata,West Bengal,India,14-05-2024
,4296,Deepika,Gupta,deepika.gupta4296@gmail.com,Female,Bengaluru,Karnataka,India,14-06-2023
,4297,Pooja,Verma,pooja.verma4297@gmail.com,Female,Pune,Maharashtra,India,16-11-2023
,4298,Naveen,Sharma,naveen.sharma4298@gmail.com,Male,Kolkata,West Bengal,India,11-02-2023
,4299,Rahul,Verma,rahul.verma4299@gmail.com,Male,Bengaluru,Karnataka,India,15-10-2025
,4300,Rohit,Patel,rohit.patel4300@gmail.com,Male,Delhi,Delhi,India,02-09-2025
,4301,Rahul,Reddy,rahul.reddy4301@gmail.com,Male,Bengaluru,Karnataka,India,11-05-2024
,4302,Priya,Rao,priya.rao4302@gmail.com,Female,Hyderabad,Telangana,India,31-05-2025
,4303,Deepika,Verma,deepika.verma4303@gmail.com,Female,Bengaluru,Karnataka,India,02-06-2023
,4304,Rohit,Sharma,rohit.sharma4304@gmail.com,Male,Hyderabad,Telangana,India,17-12-2024
,4305,Aishwarya,Das,aishwarya.das4305@gmail.com,Female,Chennai,Tamil Nadu,India,03-09-2023
,4306,Manoj,Kumar,manoj.kumar4306@gmail.com,Male,Bengaluru,Karnataka,India,03-06-2025
,4307,Arjun,Gupta,arjun.gupta4307@gmail.com,Male,Delhi,Delhi,India,16-05-2023
,4308,Rahul,Rao,rahul.rao4308@gmail.com,Male,Kolkata,West Bengal,India,30-11-2025
,4309,Suresh,Iyer,suresh.iyer4309@gmail.com,Male,Chennai,Tamil Nadu,India,07-03-2023
,4310,Divya,Verma,divya.verma4310@gmail.com,Female,Hyderabad,Telangana,India,30-12-2025
,4311,Rohit,Verma,rohit.verma4311@gmail.com,Male,Delhi,Delhi,India,24-05-2025
,4312,Anjali,Iyer,anjali.iyer4312@gmail.com,Female,Delhi,Delhi,India,19-09-2024
,4313,Aishwarya,Patel,aishwarya.patel4313@gmail.com,Female,Hyderabad,Telangana,India,14-10-2023
,4314,Ajay,Rao,ajay.rao4314@gmail.com,Male,Chennai,Tamil Nadu,India,18-04-2023
,4315,Aishwarya,Kumar,aishwarya.kumar4315@gmail.com,Female,Delhi,Delhi,India,07-11-2024
,4316,Naveen,Kumar,naveen.kumar4316@gmail.com,Male,Kolkata,West Bengal,India,03-11-2023
,4317,Priya,Rao,priya.rao4317@gmail.com,Female,Delhi,Delhi,India,13-04-2024
,4318,Rahul,Sharma,rahul.sharma4318@gmail.com,Male,Hyderabad,Telangana,India,29-01-2025
,4319,Suresh,Sharma,suresh.sharma4319@gmail.com,Male,Delhi,Delhi,India,27-01-2023
,4320,Neha,Nair,neha.nair4320@gmail.com,Female,Kolkata,West Bengal,India,24-06-2023
,4321,Manoj,Sharma,manoj.sharma4321@gmail.com,Male,Kolkata,West Bengal,India,05-01-2025
,4322,Ajay,Verma,ajay.verma4322@gmail.com,Male,Kolkata,West Bengal,India,16-09-2023
,4323,Pooja,Rao,pooja.rao4323@gmail.com,Female,Bengaluru,Karnataka,India,05-01-2023
,4324,Rohit,Gupta,rohit.gupta4324@gmail.com,Male,Bengaluru,Karnataka,India,15-08-2023
,4325,Ajay,Das,ajay.das4325@gmail.com,Male,Pune,Maharashtra,India,25-11-2025
,4326,Arjun,Iyer,arjun.iyer4326@gmail.com,Male,Bengaluru,Karnataka,India,26-05-2023
,4327,Naveen,Sharma,naveen.sharma4327@gmail.com,Male,Kolkata,West Bengal,India,02-12-2024
,4328,Sneha,Sharma,sneha.sharma4328@gmail.com,Female,Chennai,Tamil Nadu,India,20-05-2024
,4329,Kavya,Nair,kavya.nair4329@gmail.com,Female,Delhi,Delhi,India,25-01-2025
,4330,Swathi,Kumar,swathi.kumar4330@gmail.com,Female,Hyderabad,Telangana,India,20-09-2025
,4331,Aishwarya,Sharma,aishwarya.sharma4331@gmail.com,Female,Delhi,Delhi,India,17-03-2024
,4332,Arjun,Patel,arjun.patel4332@gmail.com,Male,Delhi,Delhi,India,13-10-2024
,4333,Pooja,Das,pooja.das4333@gmail.com,Female,Bengaluru,Karnataka,India,16-11-2025
,4334,Vikram,Patel,vikram.patel4334@gmail.com,Male,Bengaluru,Karnataka,India,31-07-2024
,4335,Divya,Kumar,divya.kumar4335@gmail.com,Female,Pune,Maharashtra,India,16-01-2024
,4336,Swathi,Sharma,swathi.sharma4336@gmail.com,Female,Bengaluru,Karnataka,India,30-07-2025
,4337,Manoj,Iyer,manoj.iyer4337@gmail.com,Male,Hyderabad,Telangana,India,20-08-2024
,4338,Ajay,Patel,ajay.patel4338@gmail.com,Male,Delhi,Delhi,India,24-03-2025
,4339,Neha,Rao,neha.rao4339@gmail.com,Female,Pune,Maharashtra,India,28-08-2023
,4340,Priya,Verma,priya.verma4340@gmail.com,Female,Hyderabad,Telangana,India,25-05-2023
,4341,Swathi,Verma,swathi.verma4341@gmail.com,Female,Hyderabad,Telangana,India,07-12-2025
,4342,Rahul,Reddy,rahul.reddy4342@gmail.com,Male,Bengaluru,Karnataka,India,08-10-2024
,4343,Vikram,Verma,vikram.verma4343@gmail.com,Male,Delhi,Delhi,India,23-05-2025
,4344,Kavya,Das,kavya.das4344@gmail.com,Female,Chennai,Tamil Nadu,India,02-06-2024
,4345,Manoj,Sharma,manoj.sharma4345@gmail.com,Male,Delhi,Delhi,India,13-06-2023
,4346,Anjali,Rao,anjali.rao4346@gmail.com,Female,Chennai,Tamil Nadu,India,07-09-2025
,4347,Ajay,Sharma,ajay.sharma4347@gmail.com,Male,Chennai,Tamil Nadu,India,06-10-2025
,4348,Deepika,Sharma,deepika.sharma4348@gmail.com,Female,Pune,Maharashtra,India,27-08-2025
,4349,Manoj,Das,manoj.das4349@gmail.com,Male,Delhi,Delhi,India,05-10-2025
,4350,Priya,Kumar,priya.kumar4350@gmail.com,Female,Chennai,Tamil Nadu,India,09-10-2024
,4351,Naveen,Iyer,naveen.iyer4351@gmail.com,Male,Hyderabad,Telangana,India,10-08-2024
,4352,Naveen,Das,naveen.das4352@gmail.com,Male,Hyderabad,Telangana,India,08-03-2023
,4353,Naveen,Sharma,naveen.sharma4353@gmail.com,Male,Bengaluru,Karnataka,India,24-04-2025
,4354,Naveen,Iyer,naveen.iyer4354@gmail.com,Male,Pune,Maharashtra,India,17-07-2023
,4355,Kavya,Verma,kavya.verma4355@gmail.com,Female,Delhi,Delhi,India,11-02-2023
,4356,Arjun,Sharma,arjun.sharma4356@gmail.com,Male,Hyderabad,Telangana,India,04-11-2024
,4357,Sneha,Kumar,sneha.kumar4357@gmail.com,Female,Delhi,Delhi,India,30-09-2023
,4358,Kavya,Rao,kavya.rao4358@gmail.com,Female,Kolkata,West Bengal,India,22-04-2024
,4359,Naveen,Rao,naveen.rao4359@gmail.com,Male,Kolkata,West Bengal,India,27-06-2024
,4360,Ajay,Sharma,ajay.sharma4360@gmail.com,Male,Bengaluru,Karnataka,India,10-02-2025
,4361,Vikram,Rao,vikram.rao4361@gmail.com,Male,Kolkata,West Bengal,India,17-11-2024
,4362,Deepika,Verma,deepika.verma4362@gmail.com,Female,Chennai,Tamil Nadu,India,04-08-2024
,4363,Rohit,Das,rohit.das4363@gmail.com,Male,Delhi,Delhi,India,16-08-2024
,4364,Pooja,Das,pooja.das4364@gmail.com,Female,Pune,Maharashtra,India,30-07-2024
,4365,Rahul,Das,rahul.das4365@gmail.com,Male,Pune,Maharashtra,India,16-06-2023
,4366,Pooja,Iyer,pooja.iyer4366@gmail.com,Female,Pune,Maharashtra,India,05-02-2023
,4367,Sneha,Nair,sneha.nair4367@gmail.com,Female,Kolkata,West Bengal,India,29-12-2023
,4368,Vikram,Iyer,vikram.iyer4368@gmail.com,Male,Hyderabad,Telangana,India,03-12-2024
,4369,Anjali,Kumar,anjali.kumar4369@gmail.com,Female,Kolkata,West Bengal,India,06-09-2025
,4370,Deepika,Reddy,deepika.reddy4370@gmail.com,Female,Chennai,Tamil Nadu,India,24-05-2025
,4371,Priya,Nair,priya.nair4371@gmail.com,Female,Hyderabad,Telangana,India,19-10-2023
,4372,Manoj,Verma,manoj.verma4372@gmail.com,Male,Chennai,Tamil Nadu,India,29-01-2023
,4373,Amit,Kumar,amit.kumar4373@gmail.com,Male,Chennai,Tamil Nadu,India,04-12-2024
,4374,Deepika,Reddy,deepika.reddy4374@gmail.com,Female,Hyderabad,Telangana,India,29-02-2024
,4375,Sneha,Kumar,sneha.kumar4375@gmail.com,Female,Bengaluru,Karnataka,India,13-07-2025
,4376,Manoj,Nair,manoj.nair4376@gmail.com,Male,Hyderabad,Telangana,India,12-11-2023
,4377,Naveen,Das,naveen.das4377@gmail.com,Male,Delhi,Delhi,India,08-01-2025
,4378,Ajay,Patel,ajay.patel4378@gmail.com,Male,Kolkata,West Bengal,India,15-07-2025
,4379,Arjun,Reddy,arjun.reddy4379@gmail.com,Male,Kolkata,West Bengal,India,19-09-2024
,4380,Sneha,Das,sneha.das4380@gmail.com,Female,Chennai,Tamil Nadu,India,25-03-2024
,4381,Deepika,Rao,deepika.rao4381@gmail.com,Female,Kolkata,West Bengal,India,28-02-2023
,4382,Rohit,Gupta,rohit.gupta4382@gmail.com,Male,Kolkata,West Bengal,India,19-11-2023
,4383,Neha,Rao,neha.rao4383@gmail.com,Female,Pune,Maharashtra,India,17-04-2023
,4384,Divya,Iyer,divya.iyer4384@gmail.com,Female,Chennai,Tamil Nadu,India,11-04-2024
,4385,Pooja,Sharma,pooja.sharma4385@gmail.com,Female,Hyderabad,Telangana,India,23-07-2023
,4386,Sneha,Verma,sneha.verma4386@gmail.com,Female,Hyderabad,Telangana,India,10-02-2023
,4387,Arjun,Sharma,arjun.sharma4387@gmail.com,Male,Kolkata,West Bengal,India,03-03-2023
,4388,Divya,Verma,divya.verma4388@gmail.com,Female,Hyderabad,Telangana,India,15-12-2023
,4389,Swathi,Verma,swathi.verma4389@gmail.com,Female,Chennai,Tamil Nadu,India,26-10-2024
,4390,Manoj,Kumar,manoj.kumar4390@gmail.com,Male,Chennai,Tamil Nadu,India,27-01-2024
,4391,Deepika,Kumar,deepika.kumar4391@gmail.com,Female,Hyderabad,Telangana,India,14-09-2025
,4392,Vikram,Iyer,vikram.iyer4392@gmail.com,Male,Hyderabad,Telangana,India,27-12-2023
,4393,Rohit,Das,rohit.das4393@gmail.com,Male,Hyderabad,Telangana,India,28-07-2025
,4394,Suresh,Patel,suresh.patel4394@gmail.com,Male,Hyderabad,Telangana,India,15-03-2023
,4395,Aishwarya,Sharma,aishwarya.sharma4395@gmail.com,Female,Bengaluru,Karnataka,India,15-12-2023
,4396,Pooja,Sharma,pooja.sharma4396@gmail.com,Female,Kolkata,West Bengal,India,04-01-2023
,4397,Ajay,Reddy,ajay.reddy4397@gmail.com,Male,Delhi,Delhi,India,16-01-2025
,4398,Swathi,Sharma,swathi.sharma4398@gmail.com,Female,Kolkata,West Bengal,India,12-07-2023
,4399,Divya,Gupta,divya.gupta4399@gmail.com,Female,Hyderabad,Telangana,India,13-03-2025
,4400,Arjun,Verma,arjun.verma4400@gmail.com,Male,Kolkata,West Bengal,India,17-04-2023
,4401,Karan,Iyer,karan.iyer4401@gmail.com,Male,Hyderabad,Telangana,India,10-02-2024
,4402,Deepika,Patel,deepika.patel4402@gmail.com,Female,Hyderabad,Telangana,India,23-09-2024
,4403,Rahul,Rao,rahul.rao4403@gmail.com,Male,Hyderabad,Telangana,India,24-04-2023
,4404,Swathi,Rao,swathi.rao4404@gmail.com,Female,Hyderabad,Telangana,India,28-09-2023
,4405,Rohit,Verma,rohit.verma4405@gmail.com,Male,Pune,Maharashtra,India,01-06-2023
,4406,Ajay,Rao,ajay.rao4406@gmail.com,Male,Kolkata,West Bengal,India,19-03-2025
,4407,Karan,Verma,karan.verma4407@gmail.com,Male,Hyderabad,Telangana,India,31-03-2024
,4408,Anjali,Kumar,anjali.kumar4408@gmail.com,Female,Bengaluru,Karnataka,India,31-10-2023
,4409,Anjali,Sharma,anjali.sharma4409@gmail.com,Female,Chennai,Tamil Nadu,India,27-03-2024
,4410,Suresh,Gupta,suresh.gupta4410@gmail.com,Male,Kolkata,West Bengal,India,04-08-2025
,4411,Pooja,Verma,pooja.verma4411@gmail.com,Female,Pune,Maharashtra,India,29-01-2024
,4412,Manoj,Patel,manoj.patel4412@gmail.com,Male,Pune,Maharashtra,India,15-09-2023
,4413,Priya,Nair,priya.nair4413@gmail.com,Female,Pune,Maharashtra,India,27-08-2025
,4414,Ajay,Das,ajay.das4414@gmail.com,Male,Delhi,Delhi,India,14-02-2023
,4415,Karan,Rao,karan.rao4415@gmail.com,Male,Kolkata,West Bengal,India,30-08-2024
,4416,Arjun,Gupta,arjun.gupta4416@gmail.com,Male,Kolkata,West Bengal,India,10-02-2024
,4417,Anjali,Das,anjali.das4417@gmail.com,Female,Kolkata,West Bengal,India,07-05-2025
,4418,Priya,Das,priya.das4418@gmail.com,Female,Delhi,Delhi,India,27-11-2024
,4419,Anjali,Verma,anjali.verma4419@gmail.com,Female,Bengaluru,Karnataka,India,30-05-2023
,4420,Manoj,Gupta,manoj.gupta4420@gmail.com,Male,Delhi,Delhi,India,16-10-2024
,4421,Neha,Iyer,neha.iyer4421@gmail.com,Female,Chennai,Tamil Nadu,India,19-02-2024
,4422,Rohit,Sharma,rohit.sharma4422@gmail.com,Male,Chennai,Tamil Nadu,India,22-11-2025
,4423,Naveen,Kumar,naveen.kumar4423@gmail.com,Male,Kolkata,West Bengal,India,25-06-2025
,4424,Kavya,Nair,kavya.nair4424@gmail.com,Female,Delhi,Delhi,India,09-10-2025
,4425,Sneha,Kumar,sneha.kumar4425@gmail.com,Female,Hyderabad,Telangana,India,26-04-2025
,4426,Pooja,Iyer,pooja.iyer4426@gmail.com,Female,Kolkata,West Bengal,India,07-12-2023
,4427,Sneha,Rao,sneha.rao4427@gmail.com,Female,Chennai,Tamil Nadu,India,13-01-2025
,4428,Naveen,Sharma,naveen.sharma4428@gmail.com,Male,Bengaluru,Karnataka,India,04-08-2024
,4429,Anjali,Verma,anjali.verma4429@gmail.com,Female,Bengaluru,Karnataka,India,26-08-2025
,4430,Rohit,Das,rohit.das4430@gmail.com,Male,Bengaluru,Karnataka,India,05-08-2023
,4431,Vikram,Verma,vikram.verma4431@gmail.com,Male,Pune,Maharashtra,India,15-08-2023
,4432,Priya,Reddy,priya.reddy4432@gmail.com,Female,Chennai,Tamil Nadu,India,22-03-2025
,4433,Rohit,Das,rohit.das4433@gmail.com,Male,Chennai,Tamil Nadu,India,07-10-2023
,4434,Vikram,Verma,vikram.verma4434@gmail.com,Male,Bengaluru,Karnataka,India,26-09-2024
,4435,Kavya,Kumar,kavya.kumar4435@gmail.com,Female,Hyderabad,Telangana,India,13-10-2024
,4436,Suresh,Sharma,suresh.sharma4436@gmail.com,Male,Kolkata,West Bengal,India,21-04-2025
,4437,Rahul,Rao,rahul.rao4437@gmail.com,Male,Pune,Maharashtra,India,21-06-2023
,4438,Anjali,Verma,anjali.verma4438@gmail.com,Female,Kolkata,West Bengal,India,12-04-2024
,4439,Manoj,Kumar,manoj.kumar4439@gmail.com,Male,Pune,Maharashtra,India,19-12-2025
,4440,Anjali,Reddy,anjali.reddy4440@gmail.com,Female,Delhi,Delhi,India,01-07-2024
,4441,Kavya,Gupta,kavya.gupta4441@gmail.com,Female,Pune,Maharashtra,India,23-07-2023
,4442,Rohit,Rao,rohit.rao4442@gmail.com,Male,Chennai,Tamil Nadu,India,19-10-2023
,4443,Pooja,Kumar,pooja.kumar4443@gmail.com,Female,Kolkata,West Bengal,India,17-03-2025
,4444,Arjun,Das,arjun.das4444@gmail.com,Male,Kolkata,West Bengal,India,07-02-2025
,4445,Divya,Verma,divya.verma4445@gmail.com,Female,Kolkata,West Bengal,India,08-08-2025
,4446,Rahul,Reddy,rahul.reddy4446@gmail.com,Male,Chennai,Tamil Nadu,India,03-01-2024
,4447,Suresh,Gupta,suresh.gupta4447@gmail.com,Male,Kolkata,West Bengal,India,05-08-2023
,4448,Aishwarya,Kumar,aishwarya.kumar4448@gmail.com,Female,Pune,Maharashtra,India,05-03-2024
,4449,Manoj,Gupta,manoj.gupta4449@gmail.com,Male,Pune,Maharashtra,India,18-03-2025
,4450,Arjun,Kumar,arjun.kumar4450@gmail.com,Male,Chennai,Tamil Nadu,India,23-09-2024
,4451,Priya,Iyer,priya.iyer4451@gmail.com,Female,Kolkata,West Bengal,India,20-03-2024
,4452,Anjali,Das,anjali.das4452@gmail.com,Female,Hyderabad,Telangana,India,19-04-2024
,4453,Arjun,Verma,arjun.verma4453@gmail.com,Male,Chennai,Tamil Nadu,India,13-05-2024
,4454,Sneha,Das,sneha.das4454@gmail.com,Female,Chennai,Tamil Nadu,India,16-01-2024
,4455,Aishwarya,Sharma,aishwarya.sharma4455@gmail.com,Female,Bengaluru,Karnataka,India,05-09-2024
,4456,Pooja,Patel,pooja.patel4456@gmail.com,Female,Kolkata,West Bengal,India,15-08-2024
,4457,Aishwarya,Gupta,aishwarya.gupta4457@gmail.com,Female,Delhi,Delhi,India,22-06-2024
,4458,Amit,Das,amit.das4458@gmail.com,Male,Bengaluru,Karnataka,India,31-05-2025
,4459,Rohit,Gupta,rohit.gupta4459@gmail.com,Male,Pune,Maharashtra,India,17-05-2025
,4460,Ajay,Patel,ajay.patel4460@gmail.com,Male,Delhi,Delhi,India,05-09-2025
,4461,Divya,Das,divya.das4461@gmail.com,Female,Hyderabad,Telangana,India,06-11-2023
,4462,Neha,Patel,neha.patel4462@gmail.com,Female,Delhi,Delhi,India,25-03-2024
,4463,Priya,Sharma,priya.sharma4463@gmail.com,Female,Chennai,Tamil Nadu,India,07-02-2024
,4464,Aishwarya,Rao,aishwarya.rao4464@gmail.com,Female,Bengaluru,Karnataka,India,01-09-2024
,4465,Ajay,Sharma,ajay.sharma4465@gmail.com,Male,Hyderabad,Telangana,India,27-02-2025
,4466,Kavya,Rao,kavya.rao4466@gmail.com,Female,Hyderabad,Telangana,India,07-12-2025
,4467,Rahul,Sharma,rahul.sharma4467@gmail.com,Male,Hyderabad,Telangana,India,11-09-2025
,4468,Priya,Reddy,priya.reddy4468@gmail.com,Female,Pune,Maharashtra,India,02-08-2024
,4469,Neha,Sharma,neha.sharma4469@gmail.com,Female,Chennai,Tamil Nadu,India,20-05-2024
,4470,Amit,Reddy,amit.reddy4470@gmail.com,Male,Delhi,Delhi,India,31-10-2023
,4471,Manoj,Iyer,manoj.iyer4471@gmail.com,Male,Kolkata,West Bengal,India,04-02-2024
,4472,Pooja,Nair,pooja.nair4472@gmail.com,Female,Delhi,Delhi,India,22-09-2024
,4473,Pooja,Patel,pooja.patel4473@gmail.com,Female,Pune,Maharashtra,India,10-08-2025
,4474,Neha,Nair,neha.nair4474@gmail.com,Female,Chennai,Tamil Nadu,India,24-01-2023
,4475,Manoj,Iyer,manoj.iyer4475@gmail.com,Male,Delhi,Delhi,India,06-06-2025
,4476,Arjun,Nair,arjun.nair4476@gmail.com,Male,Hyderabad,Telangana,India,24-05-2024
,4477,Amit,Nair,amit.nair4477@gmail.com,Male,Bengaluru,Karnataka,India,12-08-2024
,4478,Ajay,Nair,ajay.nair4478@gmail.com,Male,Kolkata,West Bengal,India,14-10-2025
,4479,Suresh,Kumar,suresh.kumar4479@gmail.com,Male,Delhi,Delhi,India,04-07-2025
,4480,Pooja,Gupta,pooja.gupta4480@gmail.com,Female,Hyderabad,Telangana,India,28-08-2023
,4481,Anjali,Sharma,anjali.sharma4481@gmail.com,Female,Chennai,Tamil Nadu,India,06-05-2025
,4482,Pooja,Nair,pooja.nair4482@gmail.com,Female,Delhi,Delhi,India,23-04-2023
,4483,Suresh,Rao,suresh.rao4483@gmail.com,Male,Delhi,Delhi,India,16-05-2023
,4484,Vikram,Patel,vikram.patel4484@gmail.com,Male,Chennai,Tamil Nadu,India,27-03-2024
,4485,Rohit,Rao,rohit.rao4485@gmail.com,Male,Hyderabad,Telangana,India,16-02-2025
,4486,Vikram,Nair,vikram.nair4486@gmail.com,Male,Pune,Maharashtra,India,29-02-2024
,4487,Vikram,Rao,vikram.rao4487@gmail.com,Male,Pune,Maharashtra,India,29-03-2025
,4488,Manoj,Kumar,manoj.kumar4488@gmail.com,Male,Delhi,Delhi,India,07-08-2023
,4489,Priya,Verma,priya.verma4489@gmail.com,Female,Pune,Maharashtra,India,24-10-2024
,4490,Vikram,Das,vikram.das4490@gmail.com,Male,Kolkata,West Bengal,India,01-05-2024
,4491,Rohit,Rao,rohit.rao4491@gmail.com,Male,Kolkata,West Bengal,India,16-11-2025
,4492,Naveen,Rao,naveen.rao4492@gmail.com,Male,Kolkata,West Bengal,India,21-02-2024
,4493,Arjun,Sharma,arjun.sharma4493@gmail.com,Male,Pune,Maharashtra,India,07-09-2023
,4494,Anjali,Reddy,anjali.reddy4494@gmail.com,Female,Delhi,Delhi,India,08-10-2023
,4495,Karan,Gupta,karan.gupta4495@gmail.com,Male,Pune,Maharashtra,India,23-02-2023
,4496,Swathi,Reddy,swathi.reddy4496@gmail.com,Female,Chennai,Tamil Nadu,India,01-05-2023
,4497,Anjali,Gupta,anjali.gupta4497@gmail.com,Female,Delhi,Delhi,India,01-05-2024
,4498,Sneha,Verma,sneha.verma4498@gmail.com,Female,Hyderabad,Telangana,India,02-06-2025
,4499,Swathi,Gupta,swathi.gupta4499@gmail.com,Female,Hyderabad,Telangana,India,10-12-2024
,4500,Kavya,Das,kavya.das4500@gmail.com,Female,Hyderabad,Telangana,India,12-12-2025
,4501,Rohit,Iyer,rohit.iyer4501@gmail.com,Male,Bengaluru,Karnataka,India,05-01-2023
,4502,Sneha,Nair,sneha.nair4502@gmail.com,Female,Pune,Maharashtra,India,07-10-2023
,4503,Suresh,Kumar,suresh.kumar4503@gmail.com,Male,Delhi,Delhi,India,09-11-2025
,4504,Naveen,Gupta,naveen.gupta4504@gmail.com,Male,Kolkata,West Bengal,India,21-04-2023
,4505,Aishwarya,Sharma,aishwarya.sharma4505@gmail.com,Female,Kolkata,West Bengal,India,08-09-2023
,4506,Manoj,Reddy,manoj.reddy4506@gmail.com,Male,Delhi,Delhi,India,11-03-2025
,4507,Rahul,Verma,rahul.verma4507@gmail.com,Male,Bengaluru,Karnataka,India,06-12-2025
,4508,Anjali,Kumar,anjali.kumar4508@gmail.com,Female,Hyderabad,Telangana,India,14-04-2023
,4509,Naveen,Rao,naveen.rao4509@gmail.com,Male,Kolkata,West Bengal,India,13-12-2025
,4510,Rahul,Nair,rahul.nair4510@gmail.com,Male,Kolkata,West Bengal,India,15-10-2024
,4511,Suresh,Rao,suresh.rao4511@gmail.com,Male,Hyderabad,Telangana,India,09-03-2023
,4512,Pooja,Iyer,pooja.iyer4512@gmail.com,Female,Bengaluru,Karnataka,India,02-01-2024
,4513,Neha,Patel,neha.patel4513@gmail.com,Female,Bengaluru,Karnataka,India,11-12-2024
,4514,Aishwarya,Nair,aishwarya.nair4514@gmail.com,Female,Hyderabad,Telangana,India,10-04-2024
,4515,Arjun,Verma,arjun.verma4515@gmail.com,Male,Bengaluru,Karnataka,India,19-02-2024
,4516,Anjali,Das,anjali.das4516@gmail.com,Female,Chennai,Tamil Nadu,India,18-02-2024
,4517,Naveen,Rao,naveen.rao4517@gmail.com,Male,Hyderabad,Telangana,India,23-01-2023
,4518,Arjun,Verma,arjun.verma4518@gmail.com,Male,Delhi,Delhi,India,27-11-2025
,4519,Divya,Iyer,divya.iyer4519@gmail.com,Female,Pune,Maharashtra,India,19-11-2024
,4520,Manoj,Sharma,manoj.sharma4520@gmail.com,Male,Delhi,Delhi,India,01-12-2024
,4521,Kavya,Gupta,kavya.gupta4521@gmail.com,Female,Delhi,Delhi,India,29-03-2024
,4522,Karan,Iyer,karan.iyer4522@gmail.com,Male,Hyderabad,Telangana,India,07-09-2023
,4523,Ajay,Reddy,ajay.reddy4523@gmail.com,Male,Pune,Maharashtra,India,28-08-2024
,4524,Karan,Patel,karan.patel4524@gmail.com,Male,Chennai,Tamil Nadu,India,06-06-2025
,4525,Neha,Iyer,neha.iyer4525@gmail.com,Female,Pune,Maharashtra,India,04-02-2023
,4526,Suresh,Kumar,suresh.kumar4526@gmail.com,Male,Bengaluru,Karnataka,India,14-04-2025
,4527,Amit,Das,amit.das4527@gmail.com,Male,Pune,Maharashtra,India,17-07-2023
,4528,Swathi,Verma,swathi.verma4528@gmail.com,Female,Bengaluru,Karnataka,India,27-07-2023
,4529,Swathi,Das,swathi.das4529@gmail.com,Female,Hyderabad,Telangana,India,02-05-2023
,4530,Karan,Verma,karan.verma4530@gmail.com,Male,Chennai,Tamil Nadu,India,20-05-2025
,4531,Priya,Verma,priya.verma4531@gmail.com,Female,Chennai,Tamil Nadu,India,21-09-2023
,4532,Neha,Verma,neha.verma4532@gmail.com,Female,Bengaluru,Karnataka,India,09-12-2025
,4533,Neha,Das,neha.das4533@gmail.com,Female,Hyderabad,Telangana,India,09-01-2024
,4534,Amit,Das,amit.das4534@gmail.com,Male,Kolkata,West Bengal,India,16-04-2025
,4535,Vikram,Nair,vikram.nair4535@gmail.com,Male,Pune,Maharashtra,India,21-08-2025
,4536,Ajay,Patel,ajay.patel4536@gmail.com,Male,Delhi,Delhi,India,10-08-2024
,4537,Sneha,Sharma,sneha.sharma4537@gmail.com,Female,Kolkata,West Bengal,India,01-05-2024
,4538,Pooja,Verma,pooja.verma4538@gmail.com,Female,Delhi,Delhi,India,25-03-2025
,4539,Rohit,Reddy,rohit.reddy4539@gmail.com,Male,Hyderabad,Telangana,India,20-12-2025
,4540,Amit,Iyer,amit.iyer4540@gmail.com,Male,Hyderabad,Telangana,India,01-06-2023
,4541,Aishwarya,Sharma,aishwarya.sharma4541@gmail.com,Female,Hyderabad,Telangana,India,04-10-2023
,4542,Swathi,Gupta,swathi.gupta4542@gmail.com,Female,Pune,Maharashtra,India,02-09-2025
,4543,Anjali,Sharma,anjali.sharma4543@gmail.com,Female,Kolkata,West Bengal,India,29-08-2023
,4544,Naveen,Gupta,naveen.gupta4544@gmail.com,Male,Delhi,Delhi,India,22-09-2024
,4545,Suresh,Iyer,suresh.iyer4545@gmail.com,Male,Bengaluru,Karnataka,India,11-02-2025
,4546,Kavya,Verma,kavya.verma4546@gmail.com,Female,Pune,Maharashtra,India,07-08-2025
,4547,Divya,Reddy,divya.reddy4547@gmail.com,Female,Delhi,Delhi,India,22-06-2024
,4548,Aishwarya,Gupta,aishwarya.gupta4548@gmail.com,Female,Bengaluru,Karnataka,India,06-03-2023
,4549,Rohit,Sharma,rohit.sharma4549@gmail.com,Male,Bengaluru,Karnataka,India,26-08-2023
,4550,Karan,Rao,karan.rao4550@gmail.com,Male,Hyderabad,Telangana,India,06-07-2023
,4551,Rohit,Verma,rohit.verma4551@gmail.com,Male,Bengaluru,Karnataka,India,01-04-2024
,4552,Suresh,Rao,suresh.rao4552@gmail.com,Male,Delhi,Delhi,India,29-01-2024
,4553,Anjali,Sharma,anjali.sharma4553@gmail.com,Female,Hyderabad,Telangana,India,18-04-2024
,4554,Kavya,Kumar,kavya.kumar4554@gmail.com,Female,Chennai,Tamil Nadu,India,20-08-2025
,4555,Swathi,Reddy,swathi.reddy4555@gmail.com,Female,Bengaluru,Karnataka,India,20-01-2023
,4556,Kavya,Verma,kavya.verma4556@gmail.com,Female,Pune,Maharashtra,India,18-08-2025
,4557,Aishwarya,Gupta,aishwarya.gupta4557@gmail.com,Female,Hyderabad,Telangana,India,12-04-2024
,4558,Neha,Kumar,neha.kumar4558@gmail.com,Female,Chennai,Tamil Nadu,India,05-08-2023
,4559,Neha,Kumar,neha.kumar4559@gmail.com,Female,Hyderabad,Telangana,India,10-10-2023
,4560,Karan,Sharma,karan.sharma4560@gmail.com,Male,Chennai,Tamil Nadu,India,10-08-2025
,4561,Kavya,Das,kavya.das4561@gmail.com,Female,Kolkata,West Bengal,India,29-10-2023
,4562,Divya,Gupta,divya.gupta4562@gmail.com,Female,Pune,Maharashtra,India,17-04-2024
,4563,Deepika,Sharma,deepika.sharma4563@gmail.com,Female,Chennai,Tamil Nadu,India,18-11-2024
,4564,Karan,Verma,karan.verma4564@gmail.com,Male,Pune,Maharashtra,India,03-06-2025
,4565,Vikram,Verma,vikram.verma4565@gmail.com,Male,Kolkata,West Bengal,India,11-11-2024
,4566,Pooja,Sharma,pooja.sharma4566@gmail.com,Female,Pune,Maharashtra,India,20-09-2025
,4567,Ajay,Verma,ajay.verma4567@gmail.com,Male,Chennai,Tamil Nadu,India,20-11-2025
,4568,Suresh,Rao,suresh.rao4568@gmail.com,Male,Delhi,Delhi,India,27-09-2023
,4569,Deepika,Patel,deepika.patel4569@gmail.com,Female,Delhi,Delhi,India,26-06-2025
,4570,Karan,Reddy,karan.reddy4570@gmail.com,Male,Hyderabad,Telangana,India,08-05-2024
,4571,Kavya,Patel,kavya.patel4571@gmail.com,Female,Chennai,Tamil Nadu,India,25-12-2023
,4572,Swathi,Sharma,swathi.sharma4572@gmail.com,Female,Hyderabad,Telangana,India,26-09-2023
,4573,Neha,Rao,neha.rao4573@gmail.com,Female,Bengaluru,Karnataka,India,05-07-2023
,4574,Ajay,Das,ajay.das4574@gmail.com,Male,Kolkata,West Bengal,India,10-04-2023
,4575,Deepika,Verma,deepika.verma4575@gmail.com,Female,Chennai,Tamil Nadu,India,03-05-2025
,4576,Manoj,Kumar,manoj.kumar4576@gmail.com,Male,Delhi,Delhi,India,09-07-2024
,4577,Anjali,Sharma,anjali.sharma4577@gmail.com,Female,Kolkata,West Bengal,India,30-05-2024
,4578,Neha,Reddy,neha.reddy4578@gmail.com,Female,Bengaluru,Karnataka,India,04-07-2024
,4579,Anjali,Reddy,anjali.reddy4579@gmail.com,Female,Chennai,Tamil Nadu,India,20-02-2024
,4580,Sneha,Kumar,sneha.kumar4580@gmail.com,Female,Chennai,Tamil Nadu,India,05-12-2024
,4581,Arjun,Patel,arjun.patel4581@gmail.com,Male,Pune,Maharashtra,India,18-03-2025
,4582,Ajay,Verma,ajay.verma4582@gmail.com,Male,Delhi,Delhi,India,14-04-2023
,4583,Rohit,Reddy,rohit.reddy4583@gmail.com,Male,Pune,Maharashtra,India,21-07-2025
,4584,Kavya,Kumar,kavya.kumar4584@gmail.com,Female,Pune,Maharashtra,India,25-02-2023
,4585,Naveen,Verma,naveen.verma4585@gmail.com,Male,Bengaluru,Karnataka,India,27-02-2023
,4586,Rohit,Verma,rohit.verma4586@gmail.com,Male,Hyderabad,Telangana,India,13-08-2025
,4587,Rohit,Rao,rohit.rao4587@gmail.com,Male,Chennai,Tamil Nadu,India,04-05-2023
,4588,Manoj,Iyer,manoj.iyer4588@gmail.com,Male,Chennai,Tamil Nadu,India,15-09-2024
,4589,Deepika,Sharma,deepika.sharma4589@gmail.com,Female,Hyderabad,Telangana,India,12-12-2023
,4590,Karan,Gupta,karan.gupta4590@gmail.com,Male,Kolkata,West Bengal,India,26-06-2023
,4591,Kavya,Rao,kavya.rao4591@gmail.com,Female,Bengaluru,Karnataka,India,16-09-2025
,4592,Divya,Kumar,divya.kumar4592@gmail.com,Female,Kolkata,West Bengal,India,21-01-2025
,4593,Naveen,Nair,naveen.nair4593@gmail.com,Male,Pune,Maharashtra,India,01-02-2024
,4594,Sneha,Sharma,sneha.sharma4594@gmail.com,Female,Hyderabad,Telangana,India,12-05-2024
,4595,Rahul,Iyer,rahul.iyer4595@gmail.com,Male,Hyderabad,Telangana,India,17-10-2023
,4596,Divya,Reddy,divya.reddy4596@gmail.com,Female,Bengaluru,Karnataka,India,13-05-2024
,4597,Manoj,Rao,manoj.rao4597@gmail.com,Male,Chennai,Tamil Nadu,India,20-11-2023
,4598,Rahul,Gupta,rahul.gupta4598@gmail.com,Male,Hyderabad,Telangana,India,04-10-2023
,4599,Aishwarya,Reddy,aishwarya.reddy4599@gmail.com,Female,Pune,Maharashtra,India,13-03-2023
,4600,Pooja,Reddy,pooja.reddy4600@gmail.com,Female,Kolkata,West Bengal,India,06-01-2023
,4601,Karan,Iyer,karan.iyer4601@gmail.com,Male,Hyderabad,Telangana,India,10-10-2023
,4602,Naveen,Verma,naveen.verma4602@gmail.com,Male,Kolkata,West Bengal,India,01-11-2023
,4603,Deepika,Verma,deepika.verma4603@gmail.com,Female,Delhi,Delhi,India,21-05-2024
,4604,Rohit,Iyer,rohit.iyer4604@gmail.com,Male,Delhi,Delhi,India,27-11-2023
,4605,Rohit,Rao,rohit.rao4605@gmail.com,Male,Pune,Maharashtra,India,22-10-2023
,4606,Karan,Gupta,karan.gupta4606@gmail.com,Male,Kolkata,West Bengal,India,24-06-2023
,4607,Anjali,Rao,anjali.rao4607@gmail.com,Female,Hyderabad,Telangana,India,07-01-2024
,4608,Sneha,Rao,sneha.rao4608@gmail.com,Female,Hyderabad,Telangana,India,26-06-2025
,4609,Amit,Rao,amit.rao4609@gmail.com,Male,Hyderabad,Telangana,India,12-05-2025
,4610,Naveen,Verma,naveen.verma4610@gmail.com,Male,Bengaluru,Karnataka,India,18-02-2024
,4611,Rahul,Patel,rahul.patel4611@gmail.com,Male,Delhi,Delhi,India,27-10-2025
,4612,Deepika,Patel,deepika.patel4612@gmail.com,Female,Delhi,Delhi,India,26-11-2024
,4613,Kavya,Reddy,kavya.reddy4613@gmail.com,Female,Chennai,Tamil Nadu,India,19-03-2024
,4614,Priya,Sharma,priya.sharma4614@gmail.com,Female,Pune,Maharashtra,India,27-04-2024
,4615,Arjun,Das,arjun.das4615@gmail.com,Male,Delhi,Delhi,India,13-07-2023
,4616,Karan,Nair,karan.nair4616@gmail.com,Male,Bengaluru,Karnataka,India,27-03-2023
,4617,Ajay,Sharma,ajay.sharma4617@gmail.com,Male,Hyderabad,Telangana,India,17-06-2025
,4618,Vikram,Gupta,vikram.gupta4618@gmail.com,Male,Hyderabad,Telangana,India,28-03-2025
,4619,Swathi,Rao,swathi.rao4619@gmail.com,Female,Chennai,Tamil Nadu,India,21-01-2025
,4620,Deepika,Nair,deepika.nair4620@gmail.com,Female,Pune,Maharashtra,India,02-08-2024
,4621,Ajay,Kumar,ajay.kumar4621@gmail.com,Male,Hyderabad,Telangana,India,09-03-2023
,4622,Swathi,Iyer,swathi.iyer4622@gmail.com,Female,Kolkata,West Bengal,India,25-10-2025
,4623,Pooja,Patel,pooja.patel4623@gmail.com,Female,Bengaluru,Karnataka,India,12-05-2023
,4624,Swathi,Reddy,swathi.reddy4624@gmail.com,Female,Chennai,Tamil Nadu,India,25-07-2023
,4625,Pooja,Nair,pooja.nair4625@gmail.com,Female,Kolkata,West Bengal,India,28-03-2024
,4626,Sneha,Patel,sneha.patel4626@gmail.com,Female,Delhi,Delhi,India,17-08-2024
,4627,Naveen,Verma,naveen.verma4627@gmail.com,Male,Hyderabad,Telangana,India,04-02-2025
,4628,Karan,Das,karan.das4628@gmail.com,Male,Delhi,Delhi,India,08-04-2023
,4629,Rahul,Iyer,rahul.iyer4629@gmail.com,Male,Chennai,Tamil Nadu,India,10-11-2023
,4630,Amit,Iyer,amit.iyer4630@gmail.com,Male,Hyderabad,Telangana,India,15-03-2024
,4631,Manoj,Gupta,manoj.gupta4631@gmail.com,Male,Delhi,Delhi,India,23-07-2025
,4632,Manoj,Verma,manoj.verma4632@gmail.com,Male,Pune,Maharashtra,India,24-06-2024
,4633,Aishwarya,Iyer,aishwarya.iyer4633@gmail.com,Female,Pune,Maharashtra,India,24-02-2025
,4634,Priya,Rao,priya.rao4634@gmail.com,Female,Kolkata,West Bengal,India,15-03-2023
,4635,Deepika,Nair,deepika.nair4635@gmail.com,Female,Bengaluru,Karnataka,India,10-07-2025
,4636,Pooja,Nair,pooja.nair4636@gmail.com,Female,Kolkata,West Bengal,India,24-06-2023
,4637,Pooja,Kumar,pooja.kumar4637@gmail.com,Female,Kolkata,West Bengal,India,24-05-2023
,4638,Kavya,Rao,kavya.rao4638@gmail.com,Female,Chennai,Tamil Nadu,India,07-10-2023
,4639,Aishwarya,Verma,aishwarya.verma4639@gmail.com,Female,Chennai,Tamil Nadu,India,21-11-2025
,4640,Pooja,Rao,pooja.rao4640@gmail.com,Female,Bengaluru,Karnataka,India,23-02-2024
,4641,Naveen,Verma,naveen.verma4641@gmail.com,Male,Hyderabad,Telangana,India,16-10-2024
,4642,Divya,Reddy,divya.reddy4642@gmail.com,Female,Hyderabad,Telangana,India,21-08-2024
,4643,Arjun,Iyer,arjun.iyer4643@gmail.com,Male,Delhi,Delhi,India,06-02-2023
,4644,Kavya,Verma,kavya.verma4644@gmail.com,Female,Hyderabad,Telangana,India,23-03-2024
,4645,Arjun,Reddy,arjun.reddy4645@gmail.com,Male,Delhi,Delhi,India,02-09-2025
,4646,Aishwarya,Sharma,aishwarya.sharma4646@gmail.com,Female,Bengaluru,Karnataka,India,02-12-2025
,4647,Divya,Patel,divya.patel4647@gmail.com,Female,Pune,Maharashtra,India,02-09-2025
,4648,Manoj,Patel,manoj.patel4648@gmail.com,Male,Chennai,Tamil Nadu,India,18-01-2025
,4649,Vikram,Kumar,vikram.kumar4649@gmail.com,Male,Hyderabad,Telangana,India,14-02-2025
,4650,Karan,Gupta,karan.gupta4650@gmail.com,Male,Pune,Maharashtra,India,12-05-2024
,4651,Naveen,Rao,naveen.rao4651@gmail.com,Male,Pune,Maharashtra,India,20-06-2025
,4652,Ajay,Reddy,ajay.reddy4652@gmail.com,Male,Pune,Maharashtra,India,20-04-2024
,4653,Swathi,Kumar,swathi.kumar4653@gmail.com,Female,Pune,Maharashtra,India,23-01-2025
,4654,Divya,Iyer,divya.iyer4654@gmail.com,Female,Hyderabad,Telangana,India,30-04-2023
,4655,Ajay,Verma,ajay.verma4655@gmail.com,Male,Delhi,Delhi,India,21-07-2023
,4656,Deepika,Nair,deepika.nair4656@gmail.com,Female,Delhi,Delhi,India,21-03-2023
,4657,Amit,Kumar,amit.kumar4657@gmail.com,Male,Hyderabad,Telangana,India,14-11-2024
,4658,Anjali,Sharma,anjali.sharma4658@gmail.com,Female,Delhi,Delhi,India,02-09-2024
,4659,Divya,Kumar,divya.kumar4659@gmail.com,Female,Chennai,Tamil Nadu,India,07-12-2025
,4660,Neha,Reddy,neha.reddy4660@gmail.com,Female,Delhi,Delhi,India,11-01-2024
,4661,Sneha,Verma,sneha.verma4661@gmail.com,Female,Bengaluru,Karnataka,India,06-06-2024
,4662,Anjali,Patel,anjali.patel4662@gmail.com,Female,Bengaluru,Karnataka,India,13-04-2025
,4663,Pooja,Gupta,pooja.gupta4663@gmail.com,Female,Pune,Maharashtra,India,07-08-2025
,4664,Divya,Nair,divya.nair4664@gmail.com,Female,Kolkata,West Bengal,India,27-12-2023
,4665,Arjun,Kumar,arjun.kumar4665@gmail.com,Male,Chennai,Tamil Nadu,India,07-01-2024
,4666,Swathi,Reddy,swathi.reddy4666@gmail.com,Female,Hyderabad,Telangana,India,19-07-2025
,4667,Amit,Rao,amit.rao4667@gmail.com,Male,Chennai,Tamil Nadu,India,07-07-2025
,4668,Rohit,Sharma,rohit.sharma4668@gmail.com,Male,Delhi,Delhi,India,21-04-2025
,4669,Rahul,Verma,rahul.verma4669@gmail.com,Male,Kolkata,West Bengal,India,06-09-2025
,4670,Manoj,Nair,manoj.nair4670@gmail.com,Male,Pune,Maharashtra,India,23-12-2024
,4671,Neha,Sharma,neha.sharma4671@gmail.com,Female,Chennai,Tamil Nadu,India,20-02-2024
,4672,Suresh,Das,suresh.das4672@gmail.com,Male,Delhi,Delhi,India,11-05-2025
,4673,Kavya,Patel,kavya.patel4673@gmail.com,Female,Kolkata,West Bengal,India,14-08-2025
,4674,Divya,Verma,divya.verma4674@gmail.com,Female,Bengaluru,Karnataka,India,08-08-2025
,4675,Priya,Rao,priya.rao4675@gmail.com,Female,Kolkata,West Bengal,India,31-03-2024
,4676,Arjun,Nair,arjun.nair4676@gmail.com,Male,Bengaluru,Karnataka,India,23-02-2023
,4677,Neha,Iyer,neha.iyer4677@gmail.com,Female,Bengaluru,Karnataka,India,20-10-2024
,4678,Rahul,Rao,rahul.rao4678@gmail.com,Male,Pune,Maharashtra,India,28-05-2023
,4679,Aishwarya,Iyer,aishwarya.iyer4679@gmail.com,Female,Bengaluru,Karnataka,India,22-03-2025
,4680,Vikram,Rao,vikram.rao4680@gmail.com,Male,Kolkata,West Bengal,India,26-06-2023
,4681,Suresh,Verma,suresh.verma4681@gmail.com,Male,Hyderabad,Telangana,India,13-10-2024
,4682,Naveen,Verma,naveen.verma4682@gmail.com,Male,Hyderabad,Telangana,India,25-08-2024
,4683,Vikram,Das,vikram.das4683@gmail.com,Male,Bengaluru,Karnataka,India,11-06-2023
,4684,Arjun,Reddy,arjun.reddy4684@gmail.com,Male,Chennai,Tamil Nadu,India,07-08-2025
,4685,Rahul,Sharma,rahul.sharma4685@gmail.com,Male,Bengaluru,Karnataka,India,03-02-2025
,4686,Priya,Rao,priya.rao4686@gmail.com,Female,Delhi,Delhi,India,14-09-2024
,4687,Vikram,Verma,vikram.verma4687@gmail.com,Male,Pune,Maharashtra,India,27-10-2024
,4688,Neha,Iyer,neha.iyer4688@gmail.com,Female,Chennai,Tamil Nadu,India,26-12-2024
,4689,Manoj,Reddy,manoj.reddy4689@gmail.com,Male,Kolkata,West Bengal,India,17-10-2025
,4690,Rahul,Das,rahul.das4690@gmail.com,Male,Pune,Maharashtra,India,29-02-2024
,4691,Rahul,Reddy,rahul.reddy4691@gmail.com,Male,Hyderabad,Telangana,India,23-03-2025
,4692,Aishwarya,Kumar,aishwarya.kumar4692@gmail.com,Female,Delhi,Delhi,India,01-04-2025
,4693,Swathi,Kumar,swathi.kumar4693@gmail.com,Female,Chennai,Tamil Nadu,India,12-09-2025
,4694,Vikram,Sharma,vikram.sharma4694@gmail.com,Male,Pune,Maharashtra,India,02-05-2023
,4695,Amit,Gupta,amit.gupta4695@gmail.com,Male,Pune,Maharashtra,India,16-03-2023
,4696,Sneha,Rao,sneha.rao4696@gmail.com,Female,Pune,Maharashtra,India,14-07-2024
,4697,Manoj,Das,manoj.das4697@gmail.com,Male,Kolkata,West Bengal,India,04-07-2025
,4698,Vikram,Rao,vikram.rao4698@gmail.com,Male,Delhi,Delhi,India,26-08-2025
,4699,Manoj,Verma,manoj.verma4699@gmail.com,Male,Bengaluru,Karnataka,India,28-03-2025
,4700,Manoj,Kumar,manoj.kumar4700@gmail.com,Male,Chennai,Tamil Nadu,India,13-10-2023
,4701,Aishwarya,Iyer,aishwarya.iyer4701@gmail.com,Female,Bengaluru,Karnataka,India,05-04-2023
,4702,Swathi,Das,swathi.das4702@gmail.com,Female,Bengaluru,Karnataka,India,28-11-2024
,4703,Kavya,Das,kavya.das4703@gmail.com,Female,Bengaluru,Karnataka,India,19-11-2024
,4704,Manoj,Sharma,manoj.sharma4704@gmail.com,Male,Kolkata,West Bengal,India,23-05-2023
,4705,Arjun,Iyer,arjun.iyer4705@gmail.com,Male,Hyderabad,Telangana,India,06-04-2023
,4706,Arjun,Rao,arjun.rao4706@gmail.com,Male,Kolkata,West Bengal,India,11-02-2025
,4707,Manoj,Nair,manoj.nair4707@gmail.com,Male,Pune,Maharashtra,India,30-06-2023
,4708,Amit,Nair,amit.nair4708@gmail.com,Male,Kolkata,West Bengal,India,10-05-2023
,4709,Rahul,Nair,rahul.nair4709@gmail.com,Male,Hyderabad,Telangana,India,21-12-2025
,4710,Kavya,Sharma,kavya.sharma4710@gmail.com,Female,Bengaluru,Karnataka,India,24-04-2025
,4711,Vikram,Sharma,vikram.sharma4711@gmail.com,Male,Bengaluru,Karnataka,India,06-11-2023
,4712,Karan,Das,karan.das4712@gmail.com,Male,Hyderabad,Telangana,India,28-02-2025
,4713,Anjali,Rao,anjali.rao4713@gmail.com,Female,Bengaluru,Karnataka,India,16-10-2023
,4714,Rahul,Patel,rahul.patel4714@gmail.com,Male,Bengaluru,Karnataka,India,21-03-2023
,4715,Kavya,Das,kavya.das4715@gmail.com,Female,Pune,Maharashtra,India,26-12-2025
,4716,Arjun,Patel,arjun.patel4716@gmail.com,Male,Delhi,Delhi,India,18-11-2025
,4717,Neha,Nair,neha.nair4717@gmail.com,Female,Hyderabad,Telangana,India,28-09-2025
,4718,Karan,Gupta,karan.gupta4718@gmail.com,Male,Bengaluru,Karnataka,India,09-01-2024
,4719,Vikram,Rao,vikram.rao4719@gmail.com,Male,Bengaluru,Karnataka,India,09-11-2025
,4720,Pooja,Gupta,pooja.gupta4720@gmail.com,Female,Pune,Maharashtra,India,03-12-2023
,4721,Rahul,Reddy,rahul.reddy4721@gmail.com,Male,Pune,Maharashtra,India,11-12-2023
,4722,Deepika,Sharma,deepika.sharma4722@gmail.com,Female,Hyderabad,Telangana,India,21-08-2023
,4723,Kavya,Gupta,kavya.gupta4723@gmail.com,Female,Pune,Maharashtra,India,20-12-2025
,4724,Ajay,Das,ajay.das4724@gmail.com,Male,Bengaluru,Karnataka,India,11-04-2023
,4725,Arjun,Iyer,arjun.iyer4725@gmail.com,Male,Delhi,Delhi,India,05-02-2025
,4726,Ajay,Sharma,ajay.sharma4726@gmail.com,Male,Hyderabad,Telangana,India,17-04-2024
,4727,Deepika,Iyer,deepika.iyer4727@gmail.com,Female,Hyderabad,Telangana,India,12-08-2023
,4728,Anjali,Nair,anjali.nair4728@gmail.com,Female,Chennai,Tamil Nadu,India,26-01-2023
,4729,Swathi,Patel,swathi.patel4729@gmail.com,Female,Kolkata,West Bengal,India,16-10-2025
,4730,Arjun,Nair,arjun.nair4730@gmail.com,Male,Hyderabad,Telangana,India,03-05-2025
,4731,Deepika,Das,deepika.das4731@gmail.com,Female,Hyderabad,Telangana,India,30-04-2023
,4732,Priya,Rao,priya.rao4732@gmail.com,Female,Delhi,Delhi,India,05-10-2023
,4733,Rohit,Das,rohit.das4733@gmail.com,Male,Bengaluru,Karnataka,India,10-06-2023
,4734,Rahul,Rao,rahul.rao4734@gmail.com,Male,Chennai,Tamil Nadu,India,01-03-2023
,4735,Naveen,Patel,naveen.patel4735@gmail.com,Male,Kolkata,West Bengal,India,22-02-2023
,4736,Divya,Sharma,divya.sharma4736@gmail.com,Female,Pune,Maharashtra,India,24-07-2024
,4737,Aishwarya,Das,aishwarya.das4737@gmail.com,Female,Kolkata,West Bengal,India,07-06-2025
,4738,Rahul,Iyer,rahul.iyer4738@gmail.com,Male,Chennai,Tamil Nadu,India,29-01-2023
,4739,Priya,Rao,priya.rao4739@gmail.com,Female,Chennai,Tamil Nadu,India,05-04-2025
,4740,Naveen,Iyer,naveen.iyer4740@gmail.com,Male,Pune,Maharashtra,India,10-09-2024
,4741,Ajay,Sharma,ajay.sharma4741@gmail.com,Male,Hyderabad,Telangana,India,20-07-2024
,4742,Pooja,Reddy,pooja.reddy4742@gmail.com,Female,Hyderabad,Telangana,India,23-04-2023
,4743,Vikram,Iyer,vikram.iyer4743@gmail.com,Male,Chennai,Tamil Nadu,India,08-05-2025
,4744,Kavya,Iyer,kavya.iyer4744@gmail.com,Female,Chennai,Tamil Nadu,India,25-10-2025
,4745,Sneha,Das,sneha.das4745@gmail.com,Female,Bengaluru,Karnataka,India,01-04-2024
,4746,Arjun,Kumar,arjun.kumar4746@gmail.com,Male,Bengaluru,Karnataka,India,30-08-2024
,4747,Aishwarya,Rao,aishwarya.rao4747@gmail.com,Female,Kolkata,West Bengal,India,01-11-2025
,4748,Divya,Gupta,divya.gupta4748@gmail.com,Female,Pune,Maharashtra,India,31-07-2023
,4749,Ajay,Rao,ajay.rao4749@gmail.com,Male,Delhi,Delhi,India,20-04-2023
,4750,Divya,Nair,divya.nair4750@gmail.com,Female,Kolkata,West Bengal,India,24-03-2024
,4751,Rohit,Gupta,rohit.gupta4751@gmail.com,Male,Hyderabad,Telangana,India,26-10-2025
,4752,Karan,Reddy,karan.reddy4752@gmail.com,Male,Pune,Maharashtra,India,09-06-2024
,4753,Priya,Kumar,priya.kumar4753@gmail.com,Female,Bengaluru,Karnataka,India,25-07-2024
,4754,Suresh,Iyer,suresh.iyer4754@gmail.com,Male,Delhi,Delhi,India,20-09-2025
,4755,Ajay,Patel,ajay.patel4755@gmail.com,Male,Delhi,Delhi,India,02-09-2023
,4756,Ajay,Nair,ajay.nair4756@gmail.com,Male,Kolkata,West Bengal,India,01-06-2024
,4757,Divya,Patel,divya.patel4757@gmail.com,Female,Bengaluru,Karnataka,India,17-03-2025
,4758,Aishwarya,Gupta,aishwarya.gupta4758@gmail.com,Female,Pune,Maharashtra,India,24-09-2023
,4759,Swathi,Nair,swathi.nair4759@gmail.com,Female,Kolkata,West Bengal,India,01-04-2025
,4760,Arjun,Sharma,arjun.sharma4760@gmail.com,Male,Hyderabad,Telangana,India,07-12-2023
,4761,Sneha,Nair,sneha.nair4761@gmail.com,Female,Chennai,Tamil Nadu,India,11-12-2024
,4762,Naveen,Verma,naveen.verma4762@gmail.com,Male,Delhi,Delhi,India,18-01-2023
,4763,Aishwarya,Kumar,aishwarya.kumar4763@gmail.com,Female,Kolkata,West Bengal,India,03-06-2023
,4764,Rahul,Verma,rahul.verma4764@gmail.com,Male,Bengaluru,Karnataka,India,05-03-2024
,4765,Rahul,Reddy,rahul.reddy4765@gmail.com,Male,Bengaluru,Karnataka,India,12-06-2025
,4766,Divya,Iyer,divya.iyer4766@gmail.com,Female,Bengaluru,Karnataka,India,15-07-2023
,4767,Rahul,Sharma,rahul.sharma4767@gmail.com,Male,Kolkata,West Bengal,India,17-01-2023
,4768,Rohit,Rao,rohit.rao4768@gmail.com,Male,Hyderabad,Telangana,India,06-02-2025
,4769,Deepika,Patel,deepika.patel4769@gmail.com,Female,Chennai,Tamil Nadu,India,20-11-2023
,4770,Manoj,Reddy,manoj.reddy4770@gmail.com,Male,Pune,Maharashtra,India,02-04-2024
,4771,Divya,Das,divya.das4771@gmail.com,Female,Bengaluru,Karnataka,India,14-04-2023
,4772,Divya,Nair,divya.nair4772@gmail.com,Female,Chennai,Tamil Nadu,India,05-05-2024
,4773,Swathi,Rao,swathi.rao4773@gmail.com,Female,Chennai,Tamil Nadu,India,15-01-2023
,4774,Priya,Gupta,priya.gupta4774@gmail.com,Female,Pune,Maharashtra,India,22-01-2023
,4775,Naveen,Verma,naveen.verma4775@gmail.com,Male,Bengaluru,Karnataka,India,10-09-2025
,4776,Arjun,Gupta,arjun.gupta4776@gmail.com,Male,Hyderabad,Telangana,India,05-01-2024
,4777,Sneha,Nair,sneha.nair4777@gmail.com,Female,Hyderabad,Telangana,India,19-01-2023
,4778,Naveen,Verma,naveen.verma4778@gmail.com,Male,Pune,Maharashtra,India,28-01-2024
,4779,Priya,Verma,priya.verma4779@gmail.com,Female,Kolkata,West Bengal,India,05-10-2023
,4780,Arjun,Verma,arjun.verma4780@gmail.com,Male,Kolkata,West Bengal,India,11-05-2023
,4781,Swathi,Das,swathi.das4781@gmail.com,Female,Delhi,Delhi,India,04-08-2023
,4782,Arjun,Nair,arjun.nair4782@gmail.com,Male,Delhi,Delhi,India,10-12-2024
,4783,Kavya,Kumar,kavya.kumar4783@gmail.com,Female,Hyderabad,Telangana,India,06-02-2025
,4784,Rahul,Gupta,rahul.gupta4784@gmail.com,Male,Delhi,Delhi,India,17-01-2024
,4785,Amit,Rao,amit.rao4785@gmail.com,Male,Pune,Maharashtra,India,14-08-2024
,4786,Kavya,Iyer,kavya.iyer4786@gmail.com,Female,Kolkata,West Bengal,India,06-10-2025
,4787,Arjun,Rao,arjun.rao4787@gmail.com,Male,Kolkata,West Bengal,India,08-08-2024
,4788,Arjun,Patel,arjun.patel4788@gmail.com,Male,Pune,Maharashtra,India,24-04-2025
,4789,Karan,Iyer,karan.iyer4789@gmail.com,Male,Chennai,Tamil Nadu,India,06-12-2024
,4790,Rahul,Verma,rahul.verma4790@gmail.com,Male,Chennai,Tamil Nadu,India,29-11-2025
,4791,Naveen,Das,naveen.das4791@gmail.com,Male,Delhi,Delhi,India,09-09-2025
,4792,Swathi,Kumar,swathi.kumar4792@gmail.com,Female,Pune,Maharashtra,India,24-08-2025
,4793,Divya,Rao,divya.rao4793@gmail.com,Female,Chennai,Tamil Nadu,India,06-04-2025
,4794,Ajay,Reddy,ajay.reddy4794@gmail.com,Male,Pune,Maharashtra,India,15-05-2023
,4795,Rohit,Gupta,rohit.gupta4795@gmail.com,Male,Bengaluru,Karnataka,India,24-05-2024
,4796,Amit,Das,amit.das4796@gmail.com,Male,Delhi,Delhi,India,01-10-2024
,4797,Sneha,Das,sneha.das4797@gmail.com,Female,Hyderabad,Telangana,India,27-08-2024
,4798,Amit,Kumar,amit.kumar4798@gmail.com,Male,Hyderabad,Telangana,India,04-10-2024
,4799,Neha,Reddy,neha.reddy4799@gmail.com,Female,Delhi,Delhi,India,11-01-2023
,4800,Ajay,Reddy,ajay.reddy4800@gmail.com,Male,Hyderabad,Telangana,India,19-09-2024
,4801,Aishwarya,Nair,aishwarya.nair4801@gmail.com,Female,Hyderabad,Telangana,India,28-04-2025
,4802,Arjun,Verma,arjun.verma4802@gmail.com,Male,Bengaluru,Karnataka,India,17-03-2023
,4803,Anjali,Iyer,anjali.iyer4803@gmail.com,Female,Delhi,Delhi,India,17-02-2025
,4804,Suresh,Reddy,suresh.reddy4804@gmail.com,Male,Bengaluru,Karnataka,India,19-03-2023
,4805,Pooja,Sharma,pooja.sharma4805@gmail.com,Female,Bengaluru,Karnataka,India,11-05-2024
,4806,Karan,Nair,karan.nair4806@gmail.com,Male,Pune,Maharashtra,India,14-02-2025
,4807,Rahul,Rao,rahul.rao4807@gmail.com,Male,Bengaluru,Karnataka,India,26-06-2024
,4808,Priya,Nair,priya.nair4808@gmail.com,Female,Bengaluru,Karnataka,India,05-10-2025
,4809,Arjun,Nair,arjun.nair4809@gmail.com,Male,Chennai,Tamil Nadu,India,08-09-2023
,4810,Manoj,Nair,manoj.nair4810@gmail.com,Male,Pune,Maharashtra,India,17-02-2023
,4811,Naveen,Kumar,naveen.kumar4811@gmail.com,Male,Pune,Maharashtra,India,04-07-2024
,4812,Ajay,Rao,ajay.rao4812@gmail.com,Male,Bengaluru,Karnataka,India,29-09-2023
,4813,Amit,Gupta,amit.gupta4813@gmail.com,Male,Bengaluru,Karnataka,India,19-06-2024
,4814,Anjali,Gupta,anjali.gupta4814@gmail.com,Female,Hyderabad,Telangana,India,02-06-2024
,4815,Arjun,Gupta,arjun.gupta4815@gmail.com,Male,Pune,Maharashtra,India,18-08-2023
,4816,Ajay,Patel,ajay.patel4816@gmail.com,Male,Delhi,Delhi,India,20-06-2023
,4817,Karan,Iyer,karan.iyer4817@gmail.com,Male,Delhi,Delhi,India,21-07-2023
,4818,Manoj,Sharma,manoj.sharma4818@gmail.com,Male,Delhi,Delhi,India,01-04-2024
,4819,Pooja,Nair,pooja.nair4819@gmail.com,Female,Bengaluru,Karnataka,India,05-10-2024
,4820,Vikram,Kumar,vikram.kumar4820@gmail.com,Male,Kolkata,West Bengal,India,19-03-2025
,4821,Ajay,Gupta,ajay.gupta4821@gmail.com,Male,Hyderabad,Telangana,India,20-08-2025
,4822,Rohit,Iyer,rohit.iyer4822@gmail.com,Male,Chennai,Tamil Nadu,India,09-06-2025
,4823,Amit,Das,amit.das4823@gmail.com,Male,Delhi,Delhi,India,16-11-2023
,4824,Neha,Patel,neha.patel4824@gmail.com,Female,Hyderabad,Telangana,India,28-09-2025
,4825,Sneha,Patel,sneha.patel4825@gmail.com,Female,Hyderabad,Telangana,India,08-02-2023
,4826,Neha,Sharma,neha.sharma4826@gmail.com,Female,Chennai,Tamil Nadu,India,08-07-2025
,4827,Rohit,Verma,rohit.verma4827@gmail.com,Male,Kolkata,West Bengal,India,14-06-2024
,4828,Vikram,Nair,vikram.nair4828@gmail.com,Male,Hyderabad,Telangana,India,06-05-2025
,4829,Anjali,Rao,anjali.rao4829@gmail.com,Female,Hyderabad,Telangana,India,16-02-2023
,4830,Divya,Gupta,divya.gupta4830@gmail.com,Female,Pune,Maharashtra,India,12-08-2025
,4831,Manoj,Patel,manoj.patel4831@gmail.com,Male,Bengaluru,Karnataka,India,13-12-2024
,4832,Anjali,Kumar,anjali.kumar4832@gmail.com,Female,Hyderabad,Telangana,India,26-01-2023
,4833,Suresh,Iyer,suresh.iyer4833@gmail.com,Male,Hyderabad,Telangana,India,27-04-2023
,4834,Arjun,Kumar,arjun.kumar4834@gmail.com,Male,Pune,Maharashtra,India,11-01-2023
,4835,Kavya,Kumar,kavya.kumar4835@gmail.com,Female,Delhi,Delhi,India,17-08-2024
,4836,Rahul,Sharma,rahul.sharma4836@gmail.com,Male,Kolkata,West Bengal,India,10-02-2025
,4837,Amit,Rao,amit.rao4837@gmail.com,Male,Chennai,Tamil Nadu,India,28-11-2023
,4838,Neha,Gupta,neha.gupta4838@gmail.com,Female,Delhi,Delhi,India,16-07-2023
,4839,Priya,Reddy,priya.reddy4839@gmail.com,Female,Delhi,Delhi,India,23-02-2023
,4840,Aishwarya,Das,aishwarya.das4840@gmail.com,Female,Bengaluru,Karnataka,India,26-10-2025
,4841,Ajay,Gupta,ajay.gupta4841@gmail.com,Male,Delhi,Delhi,India,04-02-2023
,4842,Ajay,Das,ajay.das4842@gmail.com,Male,Hyderabad,Telangana,India,18-12-2024
,4843,Manoj,Reddy,manoj.reddy4843@gmail.com,Male,Pune,Maharashtra,India,16-10-2025
,4844,Suresh,Nair,suresh.nair4844@gmail.com,Male,Kolkata,West Bengal,India,19-12-2024
,4845,Vikram,Reddy,vikram.reddy4845@gmail.com,Male,Hyderabad,Telangana,India,24-07-2023
,4846,Anjali,Kumar,anjali.kumar4846@gmail.com,Female,Bengaluru,Karnataka,India,20-02-2024
,4847,Deepika,Iyer,deepika.iyer4847@gmail.com,Female,Chennai,Tamil Nadu,India,01-06-2023
,4848,Naveen,Iyer,naveen.iyer4848@gmail.com,Male,Kolkata,West Bengal,India,15-11-2025
,4849,Divya,Rao,divya.rao4849@gmail.com,Female,Kolkata,West Bengal,India,01-04-2024
,4850,Ajay,Nair,ajay.nair4850@gmail.com,Male,Chennai,Tamil Nadu,India,03-05-2025
,4851,Vikram,Sharma,vikram.sharma4851@gmail.com,Male,Pune,Maharashtra,India,29-04-2024
,4852,Amit,Verma,amit.verma4852@gmail.com,Male,Pune,Maharashtra,India,07-05-2025
,4853,Amit,Rao,amit.rao4853@gmail.com,Male,Bengaluru,Karnataka,India,21-12-2023
,4854,Swathi,Patel,swathi.patel4854@gmail.com,Female,Kolkata,West Bengal,India,02-08-2023
,4855,Karan,Iyer,karan.iyer4855@gmail.com,Male,Bengaluru,Karnataka,India,17-02-2024
,4856,Rohit,Rao,rohit.rao4856@gmail.com,Male,Delhi,Delhi,India,25-02-2023
,4857,Rohit,Verma,rohit.verma4857@gmail.com,Male,Bengaluru,Karnataka,India,17-08-2024
,4858,Swathi,Gupta,swathi.gupta4858@gmail.com,Female,Pune,Maharashtra,India,28-04-2025
,4859,Neha,Sharma,neha.sharma4859@gmail.com,Female,Delhi,Delhi,India,07-12-2025
,4860,Priya,Reddy,priya.reddy4860@gmail.com,Female,Delhi,Delhi,India,26-05-2024
,4861,Kavya,Reddy,kavya.reddy4861@gmail.com,Female,Bengaluru,Karnataka,India,29-08-2023
,4862,Karan,Sharma,karan.sharma4862@gmail.com,Male,Bengaluru,Karnataka,India,08-09-2023
,4863,Deepika,Reddy,deepika.reddy4863@gmail.com,Female,Chennai,Tamil Nadu,India,23-08-2025
,4864,Swathi,Reddy,swathi.reddy4864@gmail.com,Female,Hyderabad,Telangana,India,23-08-2025
,4865,Ajay,Sharma,ajay.sharma4865@gmail.com,Male,Delhi,Delhi,India,11-05-2025
,4866,Suresh,Sharma,suresh.sharma4866@gmail.com,Male,Pune,Maharashtra,India,18-04-2025
,4867,Divya,Das,divya.das4867@gmail.com,Female,Chennai,Tamil Nadu,India,15-08-2023
,4868,Anjali,Sharma,anjali.sharma4868@gmail.com,Female,Pune,Maharashtra,India,19-03-2023
,4869,Priya,Sharma,priya.sharma4869@gmail.com,Female,Pune,Maharashtra,India,18-06-2025
,4870,Priya,Nair,priya.nair4870@gmail.com,Female,Bengaluru,Karnataka,India,13-07-2024
,4871,Amit,Rao,amit.rao4871@gmail.com,Male,Delhi,Delhi,India,19-09-2025
,4872,Arjun,Reddy,arjun.reddy4872@gmail.com,Male,Hyderabad,Telangana,India,09-02-2023
,4873,Aishwarya,Rao,aishwarya.rao4873@gmail.com,Female,Hyderabad,Telangana,India,12-07-2023
,4874,Kavya,Verma,kavya.verma4874@gmail.com,Female,Bengaluru,Karnataka,India,07-10-2024
,4875,Neha,Verma,neha.verma4875@gmail.com,Female,Chennai,Tamil Nadu,India,17-06-2024
,4876,Sneha,Sharma,sneha.sharma4876@gmail.com,Female,Chennai,Tamil Nadu,India,13-03-2023
,4877,Divya,Reddy,divya.reddy4877@gmail.com,Female,Kolkata,West Bengal,India,24-10-2024
,4878,Rahul,Nair,rahul.nair4878@gmail.com,Male,Pune,Maharashtra,India,16-11-2025
,4879,Naveen,Iyer,naveen.iyer4879@gmail.com,Male,Bengaluru,Karnataka,India,25-01-2024
,4880,Rohit,Nair,rohit.nair4880@gmail.com,Male,Chennai,Tamil Nadu,India,09-11-2025
,4881,Manoj,Reddy,manoj.reddy4881@gmail.com,Male,Kolkata,West Bengal,India,16-04-2025
,4882,Rohit,Rao,rohit.rao4882@gmail.com,Male,Bengaluru,Karnataka,India,08-07-2024
,4883,Naveen,Iyer,naveen.iyer4883@gmail.com,Male,Delhi,Delhi,India,26-02-2025
,4884,Pooja,Verma,pooja.verma4884@gmail.com,Female,Delhi,Delhi,India,09-08-2023
,4885,Naveen,Kumar,naveen.kumar4885@gmail.com,Male,Kolkata,West Bengal,India,19-12-2024
,4886,Vikram,Rao,vikram.rao4886@gmail.com,Male,Kolkata,West Bengal,India,14-08-2024
,4887,Amit,Gupta,amit.gupta4887@gmail.com,Male,Kolkata,West Bengal,India,14-07-2023
,4888,Vikram,Patel,vikram.patel4888@gmail.com,Male,Hyderabad,Telangana,India,09-01-2023
,4889,Deepika,Rao,deepika.rao4889@gmail.com,Female,Pune,Maharashtra,India,26-03-2025
,4890,Swathi,Patel,swathi.patel4890@gmail.com,Female,Pune,Maharashtra,India,23-04-2025
,4891,Rahul,Patel,rahul.patel4891@gmail.com,Male,Hyderabad,Telangana,India,08-08-2025
,4892,Neha,Das,neha.das4892@gmail.com,Female,Hyderabad,Telangana,India,04-03-2024
,4893,Anjali,Kumar,anjali.kumar4893@gmail.com,Female,Kolkata,West Bengal,India,30-09-2025
,4894,Vikram,Reddy,vikram.reddy4894@gmail.com,Male,Delhi,Delhi,India,18-12-2025
,4895,Anjali,Reddy,anjali.reddy4895@gmail.com,Female,Bengaluru,Karnataka,India,29-03-2025
,4896,Deepika,Das,deepika.das4896@gmail.com,Female,Kolkata,West Bengal,India,30-07-2024
,4897,Manoj,Iyer,manoj.iyer4897@gmail.com,Male,Pune,Maharashtra,India,21-07-2025
,4898,Ajay,Iyer,ajay.iyer4898@gmail.com,Male,Chennai,Tamil Nadu,India,02-06-2024
,4899,Amit,Rao,amit.rao4899@gmail.com,Male,Bengaluru,Karnataka,India,23-10-2025
,4900,Pooja,Nair,pooja.nair4900@gmail.com,Female,Hyderabad,Telangana,India,10-07-2023
,4901,Naveen,Rao,naveen.rao4901@gmail.com,Male,Pune,Maharashtra,India,06-01-2023
,4902,Rahul,Nair,rahul.nair4902@gmail.com,Male,Delhi,Delhi,India,27-03-2024
,4903,Deepika,Kumar,deepika.kumar4903@gmail.com,Female,Hyderabad,Telangana,India,20-09-2023
,4904,Divya,Das,divya.das4904@gmail.com,Female,Bengaluru,Karnataka,India,04-03-2025
,4905,Deepika,Patel,deepika.patel4905@gmail.com,Female,Bengaluru,Karnataka,India,28-11-2025
,4906,Vikram,Verma,vikram.verma4906@gmail.com,Male,Pune,Maharashtra,India,15-01-2023
,4907,Priya,Nair,priya.nair4907@gmail.com,Female,Chennai,Tamil Nadu,India,09-02-2025
,4908,Aishwarya,Iyer,aishwarya.iyer4908@gmail.com,Female,Chennai,Tamil Nadu,India,26-12-2023
,4909,Kavya,Rao,kavya.rao4909@gmail.com,Female,Bengaluru,Karnataka,India,09-02-2023
,4910,Rahul,Verma,rahul.verma4910@gmail.com,Male,Pune,Maharashtra,India,27-10-2024
,4911,Naveen,Iyer,naveen.iyer4911@gmail.com,Male,Chennai,Tamil Nadu,India,20-02-2024
,4912,Arjun,Das,arjun.das4912@gmail.com,Male,Hyderabad,Telangana,India,11-01-2023
,4913,Neha,Nair,neha.nair4913@gmail.com,Female,Kolkata,West Bengal,India,24-03-2025
,4914,Naveen,Kumar,naveen.kumar4914@gmail.com,Male,Kolkata,West Bengal,India,31-01-2023
,4915,Sneha,Iyer,sneha.iyer4915@gmail.com,Female,Hyderabad,Telangana,India,21-09-2024
,4916,Priya,Kumar,priya.kumar4916@gmail.com,Female,Delhi,Delhi,India,19-05-2025
,4917,Manoj,Kumar,manoj.kumar4917@gmail.com,Male,Kolkata,West Bengal,India,13-12-2025
,4918,Pooja,Gupta,pooja.gupta4918@gmail.com,Female,Chennai,Tamil Nadu,India,09-06-2024
,4919,Rahul,Iyer,rahul.iyer4919@gmail.com,Male,Hyderabad,Telangana,India,24-06-2024
,4920,Karan,Kumar,karan.kumar4920@gmail.com,Male,Chennai,Tamil Nadu,India,31-12-2023
,4921,Swathi,Reddy,swathi.reddy4921@gmail.com,Female,Delhi,Delhi,India,25-06-2023
,4922,Divya,Kumar,divya.kumar4922@gmail.com,Female,Pune,Maharashtra,India,12-05-2024
,4923,Neha,Kumar,neha.kumar4923@gmail.com,Female,Kolkata,West Bengal,India,07-10-2023
,4924,Rahul,Nair,rahul.nair4924@gmail.com,Male,Bengaluru,Karnataka,India,24-01-2025
,4925,Suresh,Verma,suresh.verma4925@gmail.com,Male,Hyderabad,Telangana,India,24-09-2024
,4926,Priya,Reddy,priya.reddy4926@gmail.com,Female,Pune,Maharashtra,India,14-11-2024
,4927,Rohit,Kumar,rohit.kumar4927@gmail.com,Male,Hyderabad,Telangana,India,31-01-2023
,4928,Pooja,Gupta,pooja.gupta4928@gmail.com,Female,Chennai,Tamil Nadu,India,24-02-2024
,4929,Amit,Sharma,amit.sharma4929@gmail.com,Male,Chennai,Tamil Nadu,India,22-05-2023
,4930,Karan,Das,karan.das4930@gmail.com,Male,Hyderabad,Telangana,India,19-04-2025
,4931,Divya,Sharma,divya.sharma4931@gmail.com,Female,Bengaluru,Karnataka,India,29-08-2024
,4932,Divya,Kumar,divya.kumar4932@gmail.com,Female,Bengaluru,Karnataka,India,08-11-2025
,4933,Swathi,Rao,swathi.rao4933@gmail.com,Female,Kolkata,West Bengal,India,10-09-2024
,4934,Manoj,Verma,manoj.verma4934@gmail.com,Male,Chennai,Tamil Nadu,India,28-09-2025
,4935,Rohit,Rao,rohit.rao4935@gmail.com,Male,Delhi,Delhi,India,15-01-2025
,4936,Amit,Kumar,amit.kumar4936@gmail.com,Male,Pune,Maharashtra,India,30-01-2023
,4937,Deepika,Nair,deepika.nair4937@gmail.com,Female,Pune,Maharashtra,India,26-11-2023
,4938,Suresh,Nair,suresh.nair4938@gmail.com,Male,Pune,Maharashtra,India,27-07-2025
,4939,Divya,Gupta,divya.gupta4939@gmail.com,Female,Chennai,Tamil Nadu,India,25-12-2024
,4940,Kavya,Das,kavya.das4940@gmail.com,Female,Hyderabad,Telangana,India,28-12-2025
,4941,Ajay,Gupta,ajay.gupta4941@gmail.com,Male,Pune,Maharashtra,India,03-06-2025
,4942,Suresh,Patel,suresh.patel4942@gmail.com,Male,Pune,Maharashtra,India,05-03-2025
,4943,Karan,Reddy,karan.reddy4943@gmail.com,Male,Chennai,Tamil Nadu,India,13-07-2023
,4944,Ajay,Patel,ajay.patel4944@gmail.com,Male,Kolkata,West Bengal,India,19-07-2024
,4945,Karan,Patel,karan.patel4945@gmail.com,Male,Delhi,Delhi,India,17-06-2025
,4946,Rohit,Das,rohit.das4946@gmail.com,Male,Hyderabad,Telangana,India,23-10-2024
,4947,Vikram,Nair,vikram.nair4947@gmail.com,Male,Chennai,Tamil Nadu,India,29-03-2025
,4948,Rohit,Verma,rohit.verma4948@gmail.com,Male,Bengaluru,Karnataka,India,14-07-2025
,4949,Deepika,Verma,deepika.verma4949@gmail.com,Female,Delhi,Delhi,India,27-05-2024
,4950,Amit,Sharma,amit.sharma4950@gmail.com,Male,Chennai,Tamil Nadu,India,14-02-2024
,4951,Manoj,Reddy,manoj.reddy4951@gmail.com,Male,Delhi,Delhi,India,15-12-2024
,4952,Ajay,Das,ajay.das4952@gmail.com,Male,Pune,Maharashtra,India,19-05-2025
,4953,Manoj,Sharma,manoj.sharma4953@gmail.com,Male,Chennai,Tamil Nadu,India,23-05-2023
,4954,Ajay,Nair,ajay.nair4954@gmail.com,Male,Bengaluru,Karnataka,India,16-03-2025
,4955,Manoj,Reddy,manoj.reddy4955@gmail.com,Male,Pune,Maharashtra,India,12-12-2024
,4956,Rahul,Das,rahul.das4956@gmail.com,Male,Hyderabad,Telangana,India,05-08-2025
,4957,Suresh,Kumar,suresh.kumar4957@gmail.com,Male,Bengaluru,Karnataka,India,09-08-2025
,4958,Rahul,Gupta,rahul.gupta4958@gmail.com,Male,Hyderabad,Telangana,India,19-06-2024
,4959,Deepika,Das,deepika.das4959@gmail.com,Female,Hyderabad,Telangana,India,01-04-2023
,4960,Naveen,Kumar,naveen.kumar4960@gmail.com,Male,Kolkata,West Bengal,India,12-11-2025
,4961,Priya,Gupta,priya.gupta4961@gmail.com,Female,Kolkata,West Bengal,India,03-07-2025
,4962,Rohit,Das,rohit.das4962@gmail.com,Male,Pune,Maharashtra,India,06-07-2023
,4963,Pooja,Verma,pooja.verma4963@gmail.com,Female,Bengaluru,Karnataka,India,11-02-2025
,4964,Pooja,Gupta,pooja.gupta4964@gmail.com,Female,Chennai,Tamil Nadu,India,08-09-2023
,4965,Priya,Patel,priya.patel4965@gmail.com,Female,Bengaluru,Karnataka,India,24-03-2023
,4966,Amit,Sharma,amit.sharma4966@gmail.com,Male,Kolkata,West Bengal,India,29-06-2023
,4967,Anjali,Sharma,anjali.sharma4967@gmail.com,Female,Delhi,Delhi,India,15-06-2024
,4968,Divya,Das,divya.das4968@gmail.com,Female,Hyderabad,Telangana,India,01-04-2023
,4969,Anjali,Gupta,anjali.gupta4969@gmail.com,Female,Pune,Maharashtra,India,20-09-2025
,4970,Anjali,Gupta,anjali.gupta4970@gmail.com,Female,Pune,Maharashtra,India,20-05-2025
,4971,Aishwarya,Nair,aishwarya.nair4971@gmail.com,Female,Bengaluru,Karnataka,India,24-06-2025
,4972,Vikram,Iyer,vikram.iyer4972@gmail.com,Male,Kolkata,West Bengal,India,28-12-2023
,4973,Sneha,Nair,sneha.nair4973@gmail.com,Female,Hyderabad,Telangana,India,20-08-2023
,4974,Sneha,Kumar,sneha.kumar4974@gmail.com,Female,Chennai,Tamil Nadu,India,20-04-2025
,4975,Sneha,Rao,sneha.rao4975@gmail.com,Female,Chennai,Tamil Nadu,India,09-12-2025
,4976,Kavya,Gupta,kavya.gupta4976@gmail.com,Female,Delhi,Delhi,India,14-11-2023
,4977,Rahul,Gupta,rahul.gupta4977@gmail.com,Male,Bengaluru,Karnataka,India,24-09-2025
,4978,Rahul,Nair,rahul.nair4978@gmail.com,Male,Bengaluru,Karnataka,India,24-11-2025
,4979,Amit,Patel,amit.patel4979@gmail.com,Male,Bengaluru,Karnataka,India,23-10-2023
,4980,Amit,Nair,amit.nair4980@gmail.com,Male,Delhi,Delhi,India,04-02-2025
,4981,Deepika,Rao,deepika.rao4981@gmail.com,Female,Delhi,Delhi,India,21-06-2024
,4982,Aishwarya,Nair,aishwarya.nair4982@gmail.com,Female,Hyderabad,Telangana,India,06-08-2023
,4983,Ajay,Patel,ajay.patel4983@gmail.com,Male,Hyderabad,Telangana,India,17-09-2023
,4984,Ajay,Rao,ajay.rao4984@gmail.com,Male,Bengaluru,Karnataka,India,09-12-2024
,4985,Amit,Iyer,amit.iyer4985@gmail.com,Male,Bengaluru,Karnataka,India,15-10-2025
,4986,Sneha,Iyer,sneha.iyer4986@gmail.com,Female,Hyderabad,Telangana,India,30-01-2023
,4987,Deepika,Rao,deepika.rao4987@gmail.com,Female,Kolkata,West Bengal,India,09-03-2024
,4988,Amit,Verma,amit.verma4988@gmail.com,Male,Pune,Maharashtra,India,06-03-2024
,4989,Naveen,Verma,naveen.verma4989@gmail.com,Male,Kolkata,West Bengal,India,21-01-2025
,4990,Sneha,Nair,sneha.nair4990@gmail.com,Female,Delhi,Delhi,India,14-09-2025
,4991,Rohit,Reddy,rohit.reddy4991@gmail.com,Male,Kolkata,West Bengal,India,10-11-2023
,4992,Naveen,Iyer,naveen.iyer4992@gmail.com,Male,Bengaluru,Karnataka,India,26-12-2025
,4993,Sneha,Rao,sneha.rao4993@gmail.com,Female,Chennai,Tamil Nadu,India,15-11-2025
,4994,Naveen,Verma,naveen.verma4994@gmail.com,Male,Kolkata,West Bengal,India,14-02-2023
,4995,Neha,Nair,neha.nair4995@gmail.com,Female,Kolkata,West Bengal,India,29-12-2025
,4996,Divya,Iyer,divya.iyer4996@gmail.com,Female,Hyderabad,Telangana,India,28-06-2025
,4997,Amit,Patel,amit.patel4997@gmail.com,Male,Chennai,Tamil Nadu,India,12-07-2024
,4998,Pooja,Rao,pooja.rao4998@gmail.com,Female,Hyderabad,Telangana,India,31-12-2023
,4999,Sneha,Iyer,sneha.iyer4999@gmail.com,Female,Delhi,Delhi,India,18-06-2024
,5000,Neha,Gupta,neha.gupta5000@gmail.com,Female,Delhi,Delhi,India,11-11-2023
