order_item_id,order_id,product_id,quantity,unit_price
1,1398,715,5,30993.73
2,7880,298,4,10976.66
3,6631,187,5,36229.25
4,4316,850,1,33041.04
5,5060,180,1,9074.81
6,2075,374,2,31252.96
7,5891,82,2,37749.93
8,5306,668,4,44713.84
9,6012,920,1,44621.7
10,7400,680,1,15455.92
11,2000,110,5,36292.03
12,4884,807,5,8475.64
13,535,735,3,10965.64
14,2377,467,4,48445.15
15,5526,168,4,12802.28
16,7343,662,4,5804.81
17,5388,1000,5,8086.03
18,7694,487,3,7190.34
19,7378,598,4,10495.8
20,64,80,2,43700.23
21,4029,616,4,30655.86
22,7251,52,2,1272.25
23,3780,640,4,29232.3
24,4012,832,2,29485.25
25,3394,994,2,42914.59
26,3537,965,2,14545.35
27,7035,522,3,44562.87
28,5223,818,4,11462.96
29,177,833,4,29984.18
30,903,297,4,34701.69
31,2387,489,4,41217.45
32,7610,693,3,10366.1
33,6043,505,4,29070.05
34,5109,995,2,44463.96
35,4178,370,4,39928.48
36,5889,109,4,4633.34
37,7254,723,1,41801.12
38,1490,21,3,32358.37
39,347,730,2,3556.55
40,638,319,5,3274.82
41,572,597,5,27139.06
42,3038,274,2,37144.98
43,6359,79,5,5342.25
44,5660,476,2,7274.75
45,326,847,3,5889.21
46,6608,714,5,45032.33
47,3326,148,5,41269.94
48,5112,656,5,659.83
49,2738,433,4,42563.06
50,6403,851,1,27261.68
51,7547,25,5,47918.07
52,3752,813,1,21833.52
53,4775,574,4,19547.74
54,88,812,5,45223.99
55,5360,178,3,7398.6
56,2080,749,2,27901.8
57,5557,999,4,1311.94
58,4295,108,2,41610.68
59,1945,27,5,33050.12
60,754,591,3,43911.17
61,7123,591,5,24134.23
62,2128,685,3,29893.39
63,7705,210,2,26462.7
64,2103,255,3,28014.22
65,7259,945,5,43822.87
66,7787,580,3,40233.56
67,3520,706,2,36487.42
68,6074,990,1,41708.89
69,716,682,2,48971.93
70,5468,809,3,33411.6
71,4214,740,4,10649
72,3340,145,1,47410.2
73,7545,40,3,39227.53
74,1691,256,5,5874.19
75,3495,504,2,7853.99
76,4870,467,1,43738.34
77,652,802,2,42195.23
78,7574,599,3,11415.24
79,5813,924,4,20603.89
80,5752,805,4,22433.53
81,360,271,3,8078.58
82,6025,213,3,12955.42
83,5815,903,4,6584.58
84,7419,768,2,13624.38
85,5108,161,4,48395.52
86,7565,957,5,41251.94
87,7297,396,5,7108.33
88,8,488,5,35121.52
89,3904,613,2,22536.69
90,4550,310,5,3237.79
91,3939,887,1,29359.73
92,4090,923,2,21116.6
93,7700,127,2,5874.88
94,1695,14,3,21208.61
95,6301,606,5,1992.43
96,2120,787,4,39131.41
97,4018,929,3,33734.07
98,7073,789,2,29350.83
99,1780,400,5,20432.18
100,7494,960,5,10364.82
101,2832,623,3,25139.01
102,7265,791,3,23179.36
103,5440,591,4,22848.9
104,1013,335,1,16227.59
105,668,836,5,26000.01
106,3662,177,5,5422.24
107,4701,110,4,24552.05
108,4702,288,5,33990.15
109,7227,856,4,40443.3
110,1527,674,4,18203.59
111,2403,132,5,46204.36
112,92,89,5,24803.1
113,1568,459,3,44433.45
114,1262,659,3,47640.29
115,2910,406,3,29289.58
116,845,822,4,39520.09
117,3087,684,5,22504.26
118,4969,969,4,28040.19
119,520,619,5,44202.55
120,7673,337,4,4712.45
121,5295,112,2,42612.21
122,7745,616,5,30398.44
123,1078,66,5,39548.11
124,956,38,2,29220
125,4604,886,5,44578.51
126,2955,220,1,38349.92
127,5237,421,2,6138.35
128,3435,255,1,26064.06
129,6338,820,3,15775.82
130,804,490,2,28567.07
131,1000,187,5,11986.76
132,2474,591,1,28370.41
133,2292,809,3,41572.81
134,3788,388,2,4662.77
135,3828,857,3,47318.65
136,7622,729,4,47015.94
137,755,933,1,46682.6
138,2449,856,1,31917.45
139,7351,914,4,49627.06
140,2905,909,4,20669.59
141,7793,245,2,25166.53
142,4382,463,4,36113.25
143,1809,785,1,17157.67
144,93,131,1,28548.32
145,2928,67,4,19190.56
146,4970,843,2,49060.58
147,7894,979,1,7564.97
148,5598,928,4,21280.79
149,5775,346,4,36619.69
150,5069,175,5,37646.26
151,1760,528,2,35602.1
152,6282,253,2,22337.1
153,5348,80,5,37767.66
154,1883,586,2,14068.93
155,1348,686,5,15583.72
156,2559,21,5,2672.06
157,4265,238,4,45877.6
158,1496,215,3,31792.67
159,3645,651,4,39391.82
160,1302,321,3,4487.94
161,2998,878,3,27047.28
162,6034,815,5,22512.79
163,6334,856,2,11200.72
164,6046,64,5,514.71
165,4532,586,2,18055.6
166,4015,110,4,34145.15
167,1414,728,5,36340.47
168,4411,223,3,39787.02
169,4986,968,4,23354.24
170,4954,140,4,20922.05
171,4482,361,5,7764.93
172,7808,916,4,31803.66
173,3201,578,3,16101.25
174,1388,221,3,49580.61
175,1,514,2,47034.43
176,2234,958,5,4514.36
177,1631,701,2,36172.27
178,7137,20,4,31731.62
179,2371,944,1,40937.38
180,4098,507,5,26756.09
181,6400,140,3,28667.48
182,4872,755,2,41028.47
183,1322,669,4,44632.7
184,5387,165,2,28317.48
185,2333,233,1,45309.83
186,5138,696,3,14124.71
187,3877,271,4,7198.47
188,1683,699,4,11053.75
189,1384,293,4,12930.91
190,4460,357,5,18635.01
191,795,484,5,13183.16
192,6510,822,3,2324.75
193,3760,249,3,20464.7
194,2321,107,5,2341.35
195,1304,723,5,13694.47
196,3671,663,1,29924.24
197,4908,319,1,15329.56
198,3597,529,5,290.06
199,3853,754,1,26345.57
200,2058,237,3,43090.13
201,1582,669,2,32461.1
202,6276,267,1,43299.5
203,759,980,3,34533.81
204,1028,826,3,33213.74
205,490,638,5,33594.46
206,4116,126,4,31807.23
207,4766,286,4,36182.6
208,1607,609,4,29748.91
209,2954,904,1,33698.75
210,7546,553,2,44182.15
211,2834,60,4,42144.38
212,3893,862,3,18099.6
213,1521,620,3,14823.49
214,6053,188,2,3674.26
215,2429,687,2,17216.84
216,5478,807,1,40971.71
217,1487,843,1,23737.16
218,744,561,4,25236.97
219,7476,148,5,665.68
220,1928,234,2,12510.54
221,653,726,5,49127.38
222,205,187,4,11304.98
223,4711,254,4,27557.12
224,7848,139,3,11837.12
225,7664,901,4,38570.86
226,3948,46,4,37516.99
227,6460,635,4,33709.37
228,3237,500,4,21894.01
229,5827,373,1,42020.05
230,4889,827,2,9247.37
231,2792,830,1,19327.71
232,286,442,2,1125.82
233,1359,475,2,140.6
234,6141,17,4,29356.27
235,5861,274,1,37017.72
236,7973,555,3,40461.35
237,152,711,5,43025.78
238,1671,260,2,47750.03
239,5878,482,4,39895.42
240,3985,155,1,24632.99
241,7412,199,1,24270.07
242,446,986,2,26642.97
243,6725,53,5,10064.07
244,4766,31,1,39323.1
245,3160,39,2,27769.45
246,6396,99,2,43509.86
247,506,450,1,16179.92
248,6202,493,5,12236.08
249,7678,391,1,29887.29
250,5908,427,5,44197.07
251,3797,696,3,18871.75
252,3910,495,3,13009.52
253,521,204,1,22830.31
254,2232,221,1,2036.28
255,3526,884,3,600.32
256,5819,628,5,8388.89
257,2875,740,5,6670.07
258,3325,59,4,5553.2
259,7567,406,5,23197.27
260,5589,188,1,35618.92
261,2603,93,4,18546.48
262,7393,790,2,12799.68
263,1418,106,3,5760.16
264,1414,193,1,1516.93
265,6994,276,3,18507.44
266,4535,899,1,12946.1
267,320,434,3,2947.23
268,282,145,5,21660.89
269,6656,474,2,44663.71
270,4894,24,1,38474.04
271,1018,152,5,20496.74
272,6761,192,5,10832.85
273,5553,744,5,11353.16
274,5667,354,5,7748.69
275,6361,644,4,13093.06
276,1280,764,5,13432.46
277,5383,720,2,25326.05
278,1444,45,1,36691.76
279,2001,330,3,3080.32
280,3532,687,5,21252.22
281,4502,154,2,17139.13
282,4358,840,4,10148.37
283,7790,322,5,31875.49
284,5450,257,1,19085.49
285,6425,876,1,38678.88
286,3807,281,1,3987.18
287,7852,563,3,40498.24
288,5761,3,3,8927.9
289,4023,231,2,36699.59
290,6883,880,2,42467.51
291,7833,616,5,15866.37
292,2851,336,3,8608.71
293,7198,560,5,5441.22
294,7060,861,5,31946.09
295,4810,137,4,10308.86
296,684,509,5,35705.09
297,5551,500,1,12753.79
298,1575,157,3,31901.93
299,2798,943,2,31791.56
300,5319,13,5,30496.29
301,536,31,2,571.58
302,6026,841,2,19261.78
303,4075,396,2,22871.22
304,1433,880,5,46131.91
305,3673,594,4,19913.66
306,6442,776,5,34332.94
307,2683,181,2,31127.13
308,4562,960,5,16099.6
309,7936,211,3,8722.08
310,2125,287,4,38119.13
311,2343,505,5,36432.7
312,1301,24,2,24356.43
313,6433,399,4,10153.57
314,401,793,5,2960.95
315,6530,987,1,39768.29
316,4703,993,2,46288.94
317,2960,454,5,9258.66
318,5106,352,4,15915.07
319,1640,407,5,20513.22
320,4437,98,2,19789.1
321,693,407,2,5802.94
322,1280,461,1,32497.83
323,5356,441,5,25167.1
324,7702,125,4,31467.99
325,4438,93,3,47742.84
326,3057,522,4,16759.55
327,4414,422,3,12537.08
328,6635,922,4,3399.71
329,3261,233,1,5883.4
330,6119,382,5,3467.05
331,7862,837,1,34357.36
332,2975,171,4,46385.5
333,7421,806,1,18824.89
334,7065,78,5,38815.22
335,5138,316,3,25046.58
336,5102,665,5,38826.99
337,3504,575,5,18664.97
338,2425,819,4,38782.59
339,3690,654,2,37863.88
340,4544,483,5,6334.3
341,5334,218,5,18181.02
342,5298,514,4,4739.99
343,196,595,1,38005.22
344,2454,492,3,20387.94
345,3826,575,4,27392.65
346,7702,606,5,25058.46
347,4213,195,3,24576.7
348,1354,646,3,16773.26
349,5283,887,4,28491.34
350,1243,598,5,42917.21
351,2079,985,1,40853.92
352,7742,409,4,23701.73
353,3787,975,5,39626.27
354,1234,132,1,44294.72
355,1467,452,1,38465.94
356,1310,460,1,33808.76
357,63,461,3,43559.48
358,6322,602,4,36608.87
359,4190,241,3,11517.13
360,7921,792,5,48464.99
361,503,378,3,20164.36
362,443,622,1,8895.07
363,3249,817,4,37248
364,7237,775,1,20949.15
365,2537,245,1,44052.63
366,2205,948,4,49754.91
367,6212,856,5,33067.87
368,7820,552,2,45784.12
369,331,312,5,23807.56
370,5279,593,2,36170.64
371,3762,905,4,27099.25
372,4905,56,2,33624.98
373,7834,296,1,35103.79
374,2453,968,4,21795.94
375,1757,790,4,19047.96
376,119,834,4,11813.43
377,2920,531,4,20006.09
378,4035,292,4,15689.44
379,7235,187,3,7887.46
380,449,555,2,40512.86
381,1659,305,3,46319.48
382,1140,895,3,8402.77
383,4409,870,4,14256.66
384,5386,515,2,11402.29
385,2518,192,3,37135.4
386,5728,871,4,16315.45
387,4478,848,3,41428.22
388,2582,234,4,9942.93
389,2584,737,5,44825.54
390,159,283,4,23538.17
391,7892,976,2,14216.04
392,6056,872,3,32533.29
393,5098,462,3,40267.55
394,6936,371,4,33028.9
395,2934,92,5,30884.43
396,6771,586,5,3951.55
397,5117,731,2,8129.76
398,702,584,1,27261.28
399,3518,302,4,46971.71
400,611,791,1,39049.46
401,3160,256,4,35405.16
402,6676,154,2,21760.65
403,7299,237,4,10444.26
404,1000,977,3,11605.7
405,2390,511,3,45854.36
406,3773,444,5,5525
407,80,303,3,35976.24
408,5175,730,2,47680.75
409,3688,561,2,43656.3
410,5793,689,2,17620.42
411,4862,553,5,14613.27
412,6964,606,5,31099.87
413,3247,96,3,44574.54
414,358,572,4,3523.88
415,4317,178,2,20815.91
416,1366,937,4,29029.23
417,6598,485,1,47871.89
418,5512,888,2,37232.47
419,7952,286,1,11638.06
420,5859,986,4,45311.07
421,611,275,2,1697.82
422,2465,837,2,34814.56
423,7331,623,1,1037.2
424,4087,582,1,5267.95
425,2279,50,5,20545.98
426,7452,973,3,11151.58
427,1920,301,3,36706.92
428,6786,189,2,8509.85
429,4636,60,5,36531.16
430,2678,780,1,12168.51
431,7938,871,2,28172.75
432,5215,185,5,27587.68
433,111,11,4,4645.49
434,6526,372,3,40920.13
435,1708,364,4,42041.55
436,3715,257,1,607.05
437,2285,46,3,19709.17
438,2784,327,3,16663.64
439,287,453,4,39099.59
440,7532,528,1,36477.39
441,6953,795,4,14702.55
442,2329,862,1,42317.3
443,4679,940,3,34989.82
444,2238,931,1,43450.42
445,3066,722,4,32663.89
446,3412,689,5,22463.75
447,149,99,1,387.82
448,4389,448,4,18350.15
449,2799,442,1,44689.63
450,6578,518,1,6049.55
451,7018,852,3,1495.56
452,7706,715,4,38037.2
453,758,80,5,38626.9
454,3779,679,2,11666.57
455,4780,791,3,36857.38
456,2811,61,2,18921.69
457,6784,540,5,40017.23
458,3422,607,3,6111.29
459,5397,809,2,43814.09
460,903,603,2,42913.77
461,1214,3,5,27607.42
462,3072,804,5,46083.34
463,6560,287,3,40066.21
464,3284,471,4,13008.24
465,5427,84,2,44538.82
466,69,448,4,14959.11
467,4474,113,1,13860.33
468,1080,237,2,49389.4
469,2464,381,5,35948.26
470,4060,918,5,14893.04
471,1905,915,3,6349.1
472,3878,398,4,16183.89
473,3352,984,5,42269.21
474,3684,379,4,40257.61
475,4095,369,4,49693.75
476,7608,840,5,32308.83
477,7390,454,4,17573.05
478,1250,326,3,45451.47
479,3673,954,2,31542.81
480,5506,792,1,41729.06
481,842,203,3,44326.09
482,1728,521,5,9638.01
483,4507,387,4,24284.45
484,585,821,4,34306.24
485,1566,832,5,28775.47
486,4452,958,1,46388.3
487,3402,38,2,41194.74
488,4680,104,2,785.13
489,7237,852,1,28006.97
490,4378,85,5,26258.08
491,122,827,3,28070.78
492,4258,573,2,25625.83
493,86,53,1,14100.56
494,7619,251,1,45347.92
495,5931,277,4,7004.04
496,399,878,2,15964.28
497,1208,333,4,23633.39
498,445,990,4,6370.63
499,4059,904,1,15030.91
500,2835,654,4,25338.15
501,1551,783,5,18199.72
502,2139,615,2,10642.94
503,1580,46,4,24875.81
504,7066,250,1,34047.58
505,2661,620,1,33397.72
506,1804,620,5,12460.69
507,6609,665,1,33138.51
508,5991,802,1,3507.87
509,2491,994,2,42439.12
510,235,174,1,46065.67
511,3133,1000,2,17095.58
512,7981,852,1,21356.04
513,7169,457,1,47466.92
514,3844,417,5,2336.36
515,4386,661,4,4243.93
516,6824,350,5,13464.28
517,7209,572,3,30017.75
518,2351,102,1,34808
519,5754,543,1,41903.78
520,6113,131,4,3723.58
521,5442,989,4,48403.02
522,166,948,5,24101.22
523,7333,747,2,13945.82
524,4469,9,2,3922.66
525,3018,342,1,49935.64
526,1523,363,4,24668.61
527,1688,399,4,26952.41
528,4896,223,4,11688.86
529,2028,462,5,47776.54
530,1019,279,4,20133.51
531,1596,510,2,15539.36
532,5357,609,5,21862.61
533,2399,33,5,35915.41
534,1745,843,5,5261.91
535,951,715,2,23139.62
536,5659,901,2,10394.35
537,3166,963,3,15423.13
538,752,251,5,31472.48
539,527,784,1,32317.08
540,3377,202,2,37151.7
541,6224,487,4,44064.78
542,3938,266,1,24222.72
543,2405,23,5,23619.15
544,1728,369,4,43991.43
545,2033,180,1,9587.23
546,2398,261,4,14782.71
547,1809,101,1,20107.39
548,7030,331,1,23291.17
549,1720,507,5,4900.22
550,7553,470,5,32823.13
551,6402,342,2,1874.6
552,3879,519,1,6561.53
553,3342,978,4,19277.23
554,6343,143,1,44100.34
555,3582,917,3,40497.58
556,524,309,3,40344.47
557,3227,250,4,35580.67
558,5303,985,4,48033.33
559,7607,652,2,20451.44
560,6230,79,3,37125.66
561,4097,626,3,17965.7
562,6202,296,4,4465.72
563,1554,137,5,2084.84
564,6102,153,3,41583.32
565,7229,600,5,16922.36
566,3055,288,3,24032.73
567,2318,534,5,34028.46
568,4726,398,2,728.36
569,1877,666,2,21179.96
570,5734,978,3,16627.51
571,5814,210,3,34791.56
572,6743,574,3,39204.93
573,2277,249,3,2531.27
574,7426,391,5,43387.64
575,7748,114,1,39338.67
576,7840,602,3,34010.13
577,2132,526,2,1258.77
578,1222,79,2,42469.34
579,1544,476,4,39805.21
580,7509,730,2,26401.32
581,3868,117,4,7315.58
582,4333,801,4,11162.49
583,3999,726,3,31971.36
584,5136,972,5,25461.3
585,1856,591,5,32408.41
586,2301,650,4,13408.96
587,198,219,3,34654.61
588,4500,401,2,188.74
589,5583,832,3,43312.38
590,2721,254,2,884.17
591,6894,891,4,38266.59
592,3798,458,1,31200.05
593,2276,166,2,21763.31
594,6647,820,3,11159.59
595,5284,516,3,43148.72
596,918,606,1,14913.54
597,6712,813,2,39538.18
598,7450,615,4,20485.66
599,5073,371,2,31101.49
600,118,196,2,40358.38
601,5914,500,4,34882.43
602,7071,355,5,15927.12
603,5179,761,4,24144.14
604,5997,174,2,40900.99
605,3859,709,1,16671.78
606,6651,165,5,21628.52
607,7104,428,4,35202.88
608,270,571,5,27853.34
609,4988,447,3,32005.94
610,7698,897,1,29209.03
611,4561,546,1,49329.89
612,3733,145,5,24467.79
613,850,930,2,41842.46
614,238,705,5,3146.9
615,4160,431,5,36899.07
616,7175,190,5,40206.61
617,5915,498,5,371.63
618,6820,513,5,7443.67
619,2633,462,3,16785.73
620,4092,255,5,12744.36
621,4058,684,4,35651.74
622,7569,100,4,41421.32
623,2019,852,3,30091.57
624,7291,686,1,30626.56
625,6170,489,2,36869.05
626,4982,634,2,14301.23
627,7927,868,3,33256.47
628,5183,507,5,34585.86
629,4914,500,4,13239.54
630,3653,470,3,37310.45
631,7747,555,4,47426.68
632,4907,826,4,16005.91
633,3112,906,3,33569.41
634,6451,942,5,6036.66
635,1026,419,4,17617.58
636,1813,450,5,42173.83
637,7048,158,5,7508.43
638,2430,665,5,33888.18
639,6947,59,1,26499.74
640,839,326,4,10764.19
641,66,410,4,1902.26
642,4642,195,5,43819.23
643,1416,776,1,6927.92
644,7985,333,4,24077.85
645,3228,10,4,14325.69
646,5468,561,2,34944.52
647,1365,695,1,28230.66
648,7767,133,3,34796.76
649,4579,44,4,14842.07
650,5393,577,2,35468.6
651,6833,70,1,13926.86
652,1824,936,1,41514.82
653,1445,632,2,35499.83
654,4518,291,1,26389.42
655,4019,355,2,48600.01
656,4065,335,2,40261.36
657,668,746,1,19601.05
658,1737,266,2,30400.63
659,1389,939,2,14751.53
660,69,931,2,27084.46
661,3279,646,4,27815.37
662,4101,191,1,25858.18
663,5044,555,2,7381.02
664,7563,323,2,36361.1
665,6972,155,1,44132.83
666,6497,611,5,11789.53
667,7100,420,3,14861.04
668,1199,278,5,27346.26
669,5058,881,3,38691.71
670,1664,27,5,14434.46
671,7616,318,5,21200.5
672,6826,688,2,11396.44
673,3338,682,3,5073.87
674,4201,809,4,28705.45
675,7034,666,4,34083.61
676,4387,563,2,8686.95
677,211,413,1,31277
678,1472,249,2,34934.31
679,2369,646,2,21609
680,6334,530,4,10750
681,4074,552,3,20730.91
682,6205,257,2,20548.33
683,2817,239,2,21477.73
684,4684,773,5,47916.32
685,6394,246,1,29321.01
686,1005,762,2,44113.92
687,3588,967,5,25316.39
688,696,288,4,27098.45
689,1603,260,5,45696.15
690,2036,773,2,8227.95
691,6779,941,4,25413.11
692,4717,474,2,20541.11
693,7153,370,2,3330.35
694,6821,388,1,40079.66
695,2217,364,3,43675.49
696,2158,945,3,17210.51
697,3724,17,4,20714.02
698,2205,939,2,1331.64
699,6615,374,1,19618.98
700,3954,607,2,7704.9
701,7001,787,2,23249.1
702,1421,284,2,12426.38
703,7292,421,4,21530.24
704,941,37,1,7264.95
705,5385,195,1,46159.11
706,363,324,3,23515.1
707,3634,16,1,36357.1
708,5308,736,4,4724.41
709,4189,777,2,35945.95
710,7565,627,5,20405.99
711,2643,970,2,22098.64
712,5227,837,3,32758.18
713,4145,294,4,46505.18
714,7564,594,5,10471.41
715,592,6,4,32673.38
716,3271,3,3,21841.39
717,2595,44,4,46221.59
718,2054,865,4,48609.87
719,1548,184,1,46697.48
720,651,45,3,5992.26
721,5648,715,5,44142.77
722,5923,942,3,40378.86
723,5195,748,1,42208.45
724,1797,987,3,2043.61
725,1590,89,1,42047.9
726,718,574,2,46401.26
727,5444,757,3,7043.15
728,5612,264,3,23537.3
729,4062,21,2,15862.54
730,5374,225,4,23574.91
731,7019,587,3,45079.42
732,5142,505,1,10653.73
733,6688,931,1,29904.57
734,1869,931,1,36070.71
735,4694,122,3,11672.04
736,749,773,1,26932.19
737,1785,901,1,27292.9
738,1365,708,1,16227.97
739,7847,249,3,3719.85
740,1888,127,4,49832.95
741,1411,167,1,22201.79
742,7569,679,4,30027.85
743,2408,772,2,280.87
744,347,101,1,4871.87
745,1517,582,5,7118.56
746,3517,270,3,49416.96
747,1292,699,1,41533.84
748,6124,909,2,26145.62
749,3595,45,4,26885.28
750,5171,691,2,619.52
751,3500,303,1,6673.9
752,1598,796,2,33824.19
753,6186,399,2,13833.47
754,1850,618,2,46851.04
755,7379,101,2,37989.42
756,4669,522,2,23095.61
757,4315,241,4,23779.89
758,7754,830,4,49787.6
759,5337,89,2,31015.2
760,5056,143,3,5090.09
761,5333,905,2,5779.69
762,774,644,4,22784.29
763,6687,946,3,32099.08
764,509,769,4,17851.85
765,7971,142,4,35023.28
766,2898,82,3,4105.35
767,2014,160,2,45253.78
768,5410,297,4,20912.46
769,6277,693,2,29587.32
770,2925,185,5,36060.4
771,7539,555,2,6378.93
772,4608,441,5,31960.51
773,741,116,5,43441.63
774,826,493,3,14080.02
775,7943,605,3,23111.53
776,3173,957,2,27498
777,6422,318,2,48683.75
778,4888,843,5,11424.81
779,445,385,2,29917.76
780,5287,106,2,27712.13
781,770,576,4,22228.45
782,3851,509,1,36970.46
783,1254,451,1,14864.14
784,2473,617,1,41309.03
785,6395,554,2,10176.39
786,4936,620,4,982.2
787,1635,867,1,13258.38
788,6981,544,5,38589.88
789,835,510,4,4016.12
790,7297,413,2,14442.06
791,5852,266,2,11385.98
792,2829,78,2,21034.42
793,7528,107,2,18341.84
794,5527,479,5,5450.65
795,5762,888,2,14904.83
796,49,789,1,37613.62
797,4872,511,3,38127.03
798,2574,361,1,30259.82
799,4694,555,4,32988.84
800,4923,720,4,21477.85
801,4531,620,4,18183.39
802,3626,891,2,23309.02
803,4267,752,5,6930.65
804,1071,144,4,33461.27
805,3502,52,5,980.47
806,2285,58,5,44245.84
807,627,746,1,3927.04
808,466,272,1,29234.31
809,5786,213,5,24034.58
810,2074,345,5,138.8
811,5017,590,4,26157.86
812,2985,484,1,36367.75
813,3392,185,1,36208.55
814,3787,927,5,47474.65
815,2085,251,3,44758.49
816,5637,370,5,47823.99
817,1288,613,5,9006.52
818,3259,870,2,26964.32
819,3839,318,3,29114.66
820,7198,237,3,16317.18
821,6676,430,4,25279.79
822,6645,610,3,33791.62
823,5002,925,5,39809.47
824,6059,741,4,24618.08
825,5883,156,5,40448.74
826,4420,155,3,49964.98
827,1696,974,1,44007.11
828,6339,926,1,32912.6
829,4620,134,4,7051.52
830,5967,750,2,10180.67
831,3203,107,3,46062.73
832,806,699,2,8367.65
833,4717,141,5,49960.44
834,6433,946,3,7695.96
835,3611,75,5,5394.92
836,1621,898,5,32564.86
837,677,422,2,43665.71
838,2934,360,2,43402.69
839,1573,126,3,9886.81
840,4551,550,1,11143.36
841,4682,669,4,49514.18
842,5311,973,2,49859.37
843,4183,806,3,36449.28
844,4098,507,3,48022.53
845,1220,283,1,10639.11
846,6522,906,4,36064.14
847,1920,644,5,30261.28
848,1956,14,3,10674.9
849,5090,630,4,18888.68
850,3319,274,1,38960.57
851,1049,157,3,45887.55
852,4314,530,2,49197.8
853,7779,704,1,33735.81
854,164,846,2,4041.37
855,868,387,4,42659.12
856,571,64,3,45031.75
857,118,506,1,39032.11
858,5441,702,3,17124.66
859,2168,978,4,31910.16
860,6527,2,4,48423.46
861,1707,612,5,42842.94
862,7606,360,3,29845.06
863,1311,619,5,29057.37
864,1255,831,1,4089.15
865,6505,602,3,3420.44
866,6846,982,2,9879.53
867,1633,915,5,14728.42
868,4072,834,1,15851.76
869,7082,413,2,43760.48
870,3353,130,5,36447.72
871,1594,826,4,44914.32
872,7159,706,5,43194.46
873,6919,570,1,18603.21
874,5151,871,1,16627.31
875,5414,465,3,42338.42
876,6975,813,5,32613.43
877,2089,176,4,46766.03
878,611,642,4,1109.61
879,5192,785,2,3536.41
880,6700,255,1,41749.4
881,3202,482,4,11926.85
882,6438,565,4,18360.98
883,4895,888,2,29910.98
884,4286,872,4,35584.68
885,6581,848,3,27115.89
886,7444,111,5,26853.46
887,7154,518,1,14435.29
888,6681,850,1,28400.93
889,77,311,1,25206.42
890,7263,878,1,25822.45
891,662,982,1,43763.91
892,5143,841,3,26528.61
893,6880,807,3,17590.39
894,2261,414,1,42283.65
895,4602,984,4,14231.51
896,4752,292,2,27727.18
897,2796,451,3,19846.96
898,457,355,5,13886.44
899,1471,696,2,7370.32
900,7812,512,3,18545.52
901,7045,37,1,24910.11
902,4675,623,5,49354.4
903,3794,856,4,18729.28
904,7272,579,4,4348.73
905,396,190,3,27826.27
906,613,700,1,28056.35
907,4843,364,1,11024.83
908,1765,313,5,14976.74
909,76,362,2,11289.48
910,6088,661,2,15578.11
911,1087,338,2,38716.78
912,5356,384,1,13571.5
913,7764,211,2,49627.94
914,4929,941,1,41997.66
915,5062,525,1,25547.56
916,7507,210,2,33626.69
917,5289,619,3,7228.47
918,2450,877,1,45235.11
919,854,986,1,45167.53
920,202,632,3,796.08
921,7954,730,3,43647.19
922,2220,720,2,18412.21
923,2460,706,1,35825.41
924,4294,278,5,31151.2
925,6194,948,1,31057.52
926,1174,735,2,7823.11
927,1113,615,1,28793.2
928,297,245,3,25113.92
929,1358,673,4,1982.92
930,5307,862,3,40248.74
931,2333,87,5,42066.97
932,5302,350,5,836.34
933,5707,458,4,27813.2
934,3388,39,1,9204.62
935,826,745,5,23941.93
936,6428,55,4,10305.91
937,7495,480,5,45042.41
938,7252,281,1,3382.15
939,1965,613,5,39165.55
940,805,266,4,33119.7
941,3015,130,3,32158.61
942,2496,388,1,19547.18
943,4064,802,3,32021.25
944,2738,407,1,5332.41
945,1900,784,4,45192.78
946,649,102,3,18678.22
947,3352,878,3,47968.69
948,4437,659,4,46433.24
949,274,448,2,1788.64
950,467,950,2,9450.77
951,2955,682,3,20903.81
952,4356,9,1,14578.99
953,6988,700,5,13792.41
954,7950,238,5,8426.93
955,762,16,4,17427.06
956,3597,801,5,2069.91
957,701,51,2,48145.95
958,7001,103,3,26663.22
959,4568,851,3,6715
960,3159,193,2,5368.5
961,2627,550,2,44508.45
962,1301,102,1,27693.74
963,7808,673,5,19932.72
964,1090,440,1,20449.9
965,7333,59,5,44685.81
966,2899,701,1,33262.31
967,4552,772,5,37674.9
968,6204,897,5,43096.3
969,7356,778,4,7457.43
970,471,823,1,14510.8
971,7628,757,5,40844.07
972,2999,776,4,18821.06
973,757,183,5,12413.43
974,4156,87,1,43801.58
975,3797,55,4,49942.1
976,5034,711,1,47513.71
977,5871,272,3,36903.55
978,4970,961,4,49666.59
979,5684,786,2,28787.41
980,7060,906,3,29457.35
981,3970,931,2,6221.01
982,3219,656,1,44654.01
983,186,38,4,32964.63
984,5597,992,1,33655.74
985,6114,206,3,28716.16
986,5521,763,2,28476.24
987,6538,86,4,2839.75
988,1455,317,5,37347.28
989,1413,249,1,44464.09
990,7767,70,2,21135.26
991,4230,621,3,8733.92
992,686,381,1,44196.54
993,4314,266,2,16583.43
994,2617,486,5,45534.73
995,4832,918,2,21604.06
996,6143,980,1,31453.89
997,6188,801,1,42651.57
998,5771,390,4,26920.28
999,2247,465,4,9952.27
1000,7560,705,4,27156.97
1001,435,756,3,2738.17
1002,7327,442,1,16051.23
1003,7892,428,2,45813.05
1004,5553,178,4,37412.15
1005,2244,305,4,14528.96
1006,4392,329,1,37053.26
1007,6358,93,2,7149.61
1008,6445,795,2,7159.51
1009,2765,609,5,43744.07
1010,7535,654,5,14669.2
1011,472,404,4,24856.27
1012,2209,694,4,35313.25
1013,1009,577,2,22903
1014,6689,560,3,36859.49
1015,2942,860,5,23726.27
1016,1943,435,3,39120.46
1017,2476,556,4,17696.9
1018,2391,511,4,18180
1019,1418,240,5,6276
1020,1154,751,4,6242.86
1021,165,872,3,40072.48
1022,1309,629,4,41437.92
1023,4441,282,1,36603.41
1024,188,501,3,19138.51
1025,4451,846,4,39890.84
1026,6173,280,1,5611.08
1027,5503,793,1,20258.15
1028,5750,873,2,34210.88
1029,3098,982,5,1733.66
1030,6298,661,5,36708.19
1031,1208,247,3,43583.89
1032,354,957,1,20081.13
1033,888,866,2,10454.27
1034,1315,895,3,46456.52
1035,3219,885,3,22069.57
1036,6831,563,2,9850.66
1037,3655,828,5,46177.28
1038,3048,631,1,21279.69
1039,252,289,3,46245.43
1040,4490,213,1,13423.75
1041,1431,631,4,43153.52
1042,3843,980,3,48844.94
1043,7894,969,5,890.86
1044,1202,719,2,41943.24
1045,4928,291,5,34938.96
1046,992,56,1,18263.94
1047,2844,834,3,45886.62
1048,3666,572,5,19543.15
1049,7486,415,3,12989.04
1050,1430,697,2,32252.57
1051,6065,855,2,13220.07
1052,6136,935,5,11949.03
1053,7762,705,4,12074.47
1054,484,474,2,31387.68
1055,5659,83,3,10242.62
1056,3164,459,1,26624.8
1057,7801,969,4,42642.83
1058,3083,411,4,31002.07
1059,858,36,3,20918.35
1060,4053,259,1,19618.72
1061,5672,332,2,9916.73
1062,4899,973,4,38709.05
1063,3880,150,2,21889.32
1064,2525,262,2,25700.97
1065,3575,928,4,40605.58
1066,6966,385,1,866.13
1067,7658,547,2,28236.24
1068,2590,584,3,11112.32
1069,3588,81,4,39535.72
1070,5558,614,1,23033.98
1071,691,526,4,6249.68
1072,5740,226,5,3663.57
1073,5592,747,1,48021.31
1074,3858,165,5,14858.25
1075,3893,650,3,4075.53
1076,6564,870,4,29895.42
1077,257,475,2,27944.01
1078,289,668,4,13292.53
1079,6788,273,3,22646.08
1080,7338,71,5,25726.08
1081,6728,237,1,17845.34
1082,3260,544,5,11661.3
1083,2482,870,5,19212.62
1084,217,516,5,41301.21
1085,1366,944,1,47568.81
1086,3755,569,4,28428.29
1087,3465,411,3,49461.52
1088,6149,714,1,34539.88
1089,967,218,4,35483.34
1090,5288,13,5,46680.87
1091,856,575,5,13040.95
1092,7813,853,4,10521.42
1093,266,499,3,18071.81
1094,6606,299,1,44498.46
1095,2960,450,5,20761.51
1096,3371,832,4,19642.84
1097,436,198,1,41839.2
1098,27,225,3,14750.5
1099,768,223,2,7691.14
1100,2101,164,2,38075.78
1101,7908,525,5,49572.02
1102,2484,19,5,8270.6
1103,3161,832,1,31392.19
1104,3143,34,5,26870.15
1105,2759,345,2,3132.22
1106,5901,337,3,2565.69
1107,1315,845,5,28624.76
1108,7144,486,4,31981.91
1109,4316,108,3,24583.23
1110,3066,595,4,23399.05
1111,6010,236,1,12757.11
1112,6061,830,2,6214.63
1113,1292,539,2,28864.29
1114,1418,641,3,27389.64
1115,5498,176,1,8459.57
1116,5062,657,4,40582.93
1117,6969,775,5,24552.24
1118,976,168,1,45520.69
1119,1876,757,1,18793.13
1120,552,295,1,4655.38
1121,1343,842,1,16037.6
1122,6025,450,2,28615.85
1123,5247,300,2,44306.36
1124,5758,252,1,47103.93
1125,4288,97,2,24531.98
1126,4983,103,1,34497.31
1127,504,921,1,32148.53
1128,4242,793,1,2110.18
1129,7101,728,1,22092.56
1130,1863,223,5,9340.31
1131,4166,363,1,24725.43
1132,2876,161,2,41695.92
1133,3201,376,4,24608.9
1134,1372,388,1,31917.72
1135,5386,390,2,26307.56
1136,4452,382,5,37755.55
1137,2478,937,1,17400.3
1138,5832,820,5,35199.76
1139,4028,341,3,29180.53
1140,21,881,1,44649.62
1141,6749,305,1,18048.42
1142,1418,878,3,8403.14
1143,3476,280,2,43696.59
1144,7105,692,4,29776.58
1145,4189,453,1,24348.2
1146,5991,552,1,7136.52
1147,4527,948,5,46180.79
1148,7356,241,1,1750.32
1149,4590,912,3,8004.31
1150,5175,845,5,27457.01
1151,925,217,5,47937.89
1152,1933,43,3,15631.07
1153,2022,260,5,25368.92
1154,2725,173,4,40578.92
1155,4749,4,5,35025.92
1156,1673,244,5,12990.32
1157,7156,545,4,45752.45
1158,4951,838,3,41827.86
1159,2139,148,1,12364.53
1160,3921,692,5,38368.21
1161,256,380,4,34868.81
1162,4529,551,1,13174.73
1163,5277,831,2,40445.93
1164,2585,928,4,5579.65
1165,6219,235,4,3349.02
1166,7206,786,1,8255.52
1167,6303,414,1,34709.42
1168,7014,845,4,22225.07
1169,170,692,1,46823.78
1170,3307,741,3,3433.45
1171,5207,615,1,28674.74
1172,1073,553,1,26486
1173,3273,138,1,18587.13
1174,6966,583,5,37478.94
1175,6040,589,5,36677.23
1176,3320,63,5,12916.33
1177,774,888,5,6890.01
1178,4674,328,1,24560.1
1179,6115,611,1,45071.49
1180,2875,742,2,20785.04
1181,6522,346,1,36528.38
1182,3084,627,3,31639.66
1183,4146,103,3,25700.55
1184,251,852,1,43522.3
1185,163,696,3,40132.55
1186,4854,952,2,12609.81
1187,264,954,4,20171.73
1188,5139,967,4,25951.22
1189,7071,372,3,9545.64
1190,6774,764,1,19966.84
1191,2092,206,3,37619.63
1192,6151,228,1,9322.53
1193,5528,560,2,36534.43
1194,7272,60,1,17748.55
1195,6135,621,4,35315.42
1196,6535,524,2,15459.08
1197,1330,806,1,6598.76
1198,896,860,1,32833.5
1199,3396,669,2,23789.56
1200,2015,715,4,32251.08
1201,499,664,4,2761.76
1202,1613,192,2,39930.37
1203,953,538,1,17892.86
1204,7618,623,5,37626.21
1205,7071,770,3,3390.92
1206,2157,144,1,5224.87
1207,3160,655,5,38033.54
1208,2403,867,3,13191.78
1209,2790,311,5,42643.09
1210,1932,661,2,47537.9
1211,306,66,2,8804.12
1212,5156,102,4,31874.94
1213,4879,446,4,17265.2
1214,2674,738,3,45596.53
1215,803,4,2,43731.54
1216,5467,946,3,48489.13
1217,7788,35,1,49772.09
1218,3386,6,5,2564.44
1219,6027,50,5,29303.11
1220,715,202,2,30273.58
1221,4264,420,1,30121.87
1222,1671,211,3,12973.91
1223,1680,369,1,10662.47
1224,2002,643,1,21827.98
1225,2375,299,5,38358.41
1226,6425,828,2,29233.03
1227,197,10,5,27635.61
1228,2130,122,4,3851.94
1229,1642,555,2,32459.37
1230,7909,467,3,41087.68
1231,3174,347,4,31871.79
1232,2023,502,3,8088.45
1233,2571,351,3,40541.27
1234,966,973,3,25188.65
1235,5694,398,3,48581.41
1236,4493,573,4,8273.89
1237,454,295,2,45636.86
1238,2960,930,5,32751.91
1239,7708,240,2,24677.44
1240,939,967,2,7357.05
1241,6607,962,2,6643.69
1242,2223,254,3,36207.04
1243,5659,638,5,41835.66
1244,2032,193,4,16335.57
1245,2069,713,3,49663.44
1246,3906,974,5,26506.59
1247,6618,796,4,28792.33
1248,3848,285,4,216.66
1249,3695,757,4,2642.47
1250,1095,420,1,47588.87
1251,3912,214,2,20720.23
1252,6630,485,2,1831.01
1253,1526,243,1,45179.94
1254,1567,802,2,32502.2
1255,6161,819,3,38584.56
1256,7025,884,4,14951.14
1257,6480,524,4,49863.1
1258,2343,429,4,22767.21
1259,248,302,2,23078.96
1260,1269,975,4,5962.93
1261,5526,964,4,8444.43
1262,6030,480,2,32372.22
1263,2179,882,1,36631.85
1264,3342,428,4,8532.81
1265,7518,990,2,27722.05
1266,6973,99,5,15860.39
1267,2888,690,5,43488.97
1268,7653,542,1,32470.32
1269,3878,684,3,11606.75
1270,208,730,5,8717.06
1271,3460,592,5,10519.93
1272,7669,653,1,10177.18
1273,7882,116,3,49726.01
1274,1628,109,3,17557.35
1275,6466,953,1,21590.79
1276,6567,586,5,11176.87
1277,1379,563,4,2734.73
1278,1021,850,3,20619.1
1279,3481,241,5,45449.6
1280,4198,916,2,14542.33
1281,6628,705,2,5215.89
1282,282,392,3,42268.67
1283,5111,523,3,7754.39
1284,6691,941,4,18552.47
1285,2691,273,4,14358.85
1286,2835,776,2,27802.68
1287,2564,160,2,39601.35
1288,6289,515,2,15563.74
1289,2970,487,3,36059.73
1290,3105,499,4,38809.17
1291,870,420,1,6056.14
1292,4627,443,3,41977.58
1293,1806,578,5,39023.34
1294,1685,696,3,25621.57
1295,4828,377,4,49548.88
1296,3417,312,4,45529.62
1297,7180,822,5,10490.2
1298,5375,309,4,26108.25
1299,1686,496,4,24253.23
1300,1964,969,3,48333.54
1301,2589,15,4,41484.72
1302,4243,187,2,5903.74
1303,1546,561,1,13305.86
1304,7140,866,4,48451.38
1305,7048,494,1,21767.29
1306,2909,633,4,39120.46
1307,5318,827,3,17035.43
1308,69,119,1,3203.2
1309,2368,446,1,45662.56
1310,5850,238,4,32365.89
1311,3555,770,1,33927.99
1312,5446,744,1,21306.1
1313,4195,750,1,29492.84
1314,5094,380,2,15294.85
1315,2518,974,4,28509.28
1316,5561,856,4,4169.44
1317,7214,503,2,47063.62
1318,7999,599,1,48828.56
1319,7789,750,1,10688.14
1320,4653,266,2,27780.1
1321,3118,203,5,43811.77
1322,5996,218,1,24743.45
1323,1068,104,2,39338
1324,6354,717,3,25796.69
1325,3131,420,5,46579.89
1326,2033,714,3,9897.37
1327,2663,827,1,27111.57
1328,430,164,2,9583.4
1329,6981,110,5,49139.19
1330,5010,177,4,30291.34
1331,5863,174,2,12822.47
1332,5980,830,2,31664.32
1333,7239,346,2,47010.55
1334,421,696,1,1153.73
1335,5607,457,2,34407.19
1336,7862,795,4,27248.78
1337,57,780,4,27439.95
1338,1079,304,3,47118.48
1339,1643,669,4,15436.65
1340,3570,619,3,23030.48
1341,3241,665,5,19231.6
1342,2017,104,4,41380.87
1343,2659,106,4,16217.12
1344,827,963,1,6939.21
1345,2254,252,5,34173.14
1346,7719,385,1,30783.29
1347,2038,730,3,17199.79
1348,7947,616,4,37875.04
1349,4496,642,5,25003.14
1350,3685,283,1,7746.52
1351,7487,912,1,3655.68
1352,1600,278,3,26157.8
1353,7522,260,2,15487.28
1354,3746,693,2,30364.77
1355,3560,793,5,8141.85
1356,2843,765,2,552.84
1357,5775,296,5,426.82
1358,4907,614,4,41242.1
1359,7744,294,2,16573.27
1360,7435,377,2,28325.2
1361,4825,224,1,39478.81
1362,4792,661,1,48468.88
1363,1169,933,1,14213.6
1364,1681,754,4,47127.16
1365,5302,777,2,40858.52
1366,1232,832,2,30710.85
1367,49,36,4,37723.96
1368,6637,188,4,28285.43
1369,7367,466,2,10031.24
1370,2626,580,1,48285.79
1371,6409,894,5,17783.43
1372,781,626,3,18924.33
1373,6570,243,4,27271.27
1374,6432,198,4,30770.07
1375,3680,416,1,28235.14
1376,6067,132,2,38075.38
1377,3405,523,5,38937.97
1378,5156,419,4,24531.24
1379,820,753,3,45085.91
1380,4864,260,3,38220.72
1381,2526,71,3,38161.93
1382,1851,949,4,32864.39
1383,2694,145,4,9681.88
1384,6651,857,5,46431.06
1385,4411,522,3,30106.68
1386,2722,891,4,15251.11
1387,682,606,2,44393.7
1388,5220,57,4,3545.69
1389,1182,973,1,15554.59
1390,1979,859,5,36341.06
1391,6403,948,5,42376.66
1392,1125,5,2,19937.2
1393,1422,157,5,47239.29
1394,4745,967,4,48443.42
1395,6065,813,5,18620.71
1396,5908,421,3,3908.26
1397,6283,66,5,28338.14
1398,4565,695,5,7991.06
1399,5459,839,3,42202.54
1400,4182,176,1,48261.1
1401,710,304,2,11989.64
1402,3964,63,2,45768.11
1403,7921,126,2,1975.75
1404,932,194,5,25789.34
1405,4790,33,1,11824.57
1406,5520,773,1,13783.96
1407,3945,176,2,20230.9
1408,2674,673,3,47841.36
1409,1957,848,2,6205.04
1410,1249,395,1,35370.28
1411,3636,444,2,34245.94
1412,1004,105,5,20499.55
1413,3647,964,2,28656.69
1414,5685,609,3,40171.15
1415,7104,574,2,45727.95
1416,3745,40,3,44290.11
1417,4440,289,3,21344.59
1418,6392,521,1,22878.3
1419,195,813,4,12466.8
1420,7379,665,1,23147.66
1421,6405,666,5,45621.91
1422,4487,265,3,14166.54
1423,1133,807,1,34609.2
1424,3637,898,2,47901.9
1425,3954,407,4,37733.79
1426,6405,18,1,26751.38
1427,3995,678,4,37655.56
1428,4779,167,1,6151.95
1429,6372,272,2,36163.88
1430,6500,297,5,9096.97
1431,1020,673,5,15590.66
1432,1959,938,2,20406.19
1433,7024,346,1,3362.87
1434,4132,11,2,11217.14
1435,2909,133,2,33148.11
1436,216,482,3,7221.81
1437,3990,832,4,19866.38
1438,4065,641,4,2772.23
1439,6284,232,5,20477.66
1440,7904,566,5,25345.61
1441,6934,684,5,21517.12
1442,3548,75,2,1951.36
1443,7222,107,3,13730.42
1444,225,717,2,15370.44
1445,2782,729,2,43128.16
1446,1614,630,2,27858.67
1447,7011,725,5,37607.15
1448,3586,274,2,34519.67
1449,891,637,5,24860.53
1450,1347,871,1,6973.64
1451,7252,98,2,11608.45
1452,1166,486,4,8022.98
1453,2672,944,3,46360.3
1454,6954,574,2,24382.37
1455,2460,294,4,46317.02
1456,2686,940,1,25362.79
1457,2747,450,1,23911.88
1458,6970,869,2,11074.08
1459,6207,167,2,29754.03
1460,4564,290,3,45442.98
1461,7915,798,5,36700.22
1462,1050,140,4,26865.17
1463,5720,664,3,49266.16
1464,2131,680,4,45122.77
1465,2518,241,1,30142.6
1466,5398,781,4,14633.66
1467,2238,975,2,34055.1
1468,3017,329,2,29814.27
1469,3849,519,1,14988.83
1470,3567,729,3,15258.48
1471,5521,617,2,10566.28
1472,3525,337,2,33520.49
1473,47,413,5,13811.11
1474,793,973,4,10805.41
1475,4408,119,2,37493.25
1476,3728,312,4,26995.69
1477,1865,839,4,42541.99
1478,4156,357,1,35884.6
1479,771,12,4,8355.83
1480,6391,769,5,14736.78
1481,569,160,1,19756.03
1482,1490,230,3,26338.99
1483,4369,97,3,16462.35
1484,2592,244,1,28703.24
1485,4588,281,5,46908.05
1486,7147,458,5,27257.87
1487,6196,465,4,33228.3
1488,5784,684,2,31620.96
1489,6164,336,5,11692.17
1490,904,498,4,34865.93
1491,5981,218,1,3849.77
1492,4955,898,5,14715.3
1493,5723,381,5,27062.52
1494,7298,871,1,21689.56
1495,157,300,4,13614.26
1496,2989,348,3,5073.07
1497,538,535,1,48599.66
1498,1486,255,2,37361.05
1499,4502,174,5,36467.13
1500,4910,261,3,40883.45
1501,5512,664,4,2635.88
1502,175,706,4,5295.56
1503,1773,468,4,18046.94
1504,2988,645,5,15249.65
1505,3153,142,2,30148.3
1506,6327,246,2,32974.55
1507,4022,25,2,44585.1
1508,4084,171,5,5751.01
1509,4420,610,3,43679.61
1510,472,566,1,6366.86
1511,3553,551,5,33463.99
1512,2762,404,5,36014.65
1513,10,284,4,5622.02
1514,6811,783,3,35535.08
1515,4414,940,1,19988.85
1516,4118,107,2,27753.16
1517,5485,794,3,14501.43
1518,1762,194,2,31872.21
1519,7526,19,4,36874.97
1520,7874,105,5,13441
1521,7603,264,1,27890.8
1522,7814,194,2,35094.28
1523,2107,357,2,26725.92
1524,136,243,5,1241.14
1525,3654,811,4,32953.74
1526,3194,342,3,10644.01
1527,1801,670,1,42002.73
1528,3500,373,1,4599.96
1529,658,14,4,6987.43
1530,5492,285,5,44935.2
1531,1744,146,1,45453.93
1532,3156,65,2,7338.81
1533,1674,922,5,30981
1534,6540,541,1,16722.65
1535,4322,362,3,27496.33
1536,1995,576,2,7952.27
1537,2702,305,3,25879.25
1538,2781,300,2,48238.63
1539,5467,485,4,16718.17
1540,1236,300,3,48471.43
1541,3269,72,4,30468.38
1542,1610,534,1,45507.42
1543,7305,852,2,304.12
1544,2998,140,4,28351.47
1545,7628,645,4,39561.91
1546,1495,289,3,26517.01
1547,2263,413,3,43065.55
1548,1341,251,5,29245.6
1549,1792,353,2,46146.49
1550,1634,157,3,48928.89
1551,4418,200,2,17677.91
1552,5880,685,1,18916.38
1553,5932,420,4,40583.9
1554,6572,277,3,33987.7
1555,4631,252,1,18703.78
1556,7132,376,3,23035.58
1557,3910,294,5,13292.44
1558,1926,762,3,30568.16
1559,1488,917,5,22635.68
1560,7195,236,4,31377.82
1561,6692,121,5,45823.04
1562,3217,158,5,45308
1563,3481,427,5,20905.98
1564,4201,958,1,30187.66
1565,1169,104,1,46162.98
1566,7666,657,3,27377.87
1567,3519,2,2,25734.05
1568,751,683,4,10908.75
1569,6005,630,4,17491.72
1570,5886,819,2,2105.45
1571,6347,385,5,23207.37
1572,6763,845,1,39461.97
1573,4866,609,5,13529.27
1574,5239,879,5,40719.88
1575,7253,568,2,38135.11
1576,3138,561,1,10520.14
1577,7993,424,4,8621.36
1578,7544,2,2,20290.61
1579,1713,495,3,29096.32
1580,4309,61,5,1038.58
1581,5636,810,5,18947.77
1582,6695,914,1,33184.72
1583,4860,457,4,38587.26
1584,5842,715,2,27779.65
1585,4287,761,3,23646.29
1586,5567,779,2,18064.04
1587,7290,366,5,7477.16
1588,5719,627,1,1420.35
1589,5106,675,1,13359.69
1590,418,961,5,46380.33
1591,2620,130,3,45975.29
1592,6682,697,3,34609.67
1593,2742,270,5,5373.75
1594,3743,244,1,34276.67
1595,7808,137,3,38940.06
1596,1872,744,1,7319.24
1597,1391,631,3,19862.49
1598,7312,312,4,19044.77
1599,4707,713,3,27625.73
1600,436,564,3,1725.84
1601,1719,417,5,6007.9
1602,6850,268,1,8849.35
1603,7991,764,4,45907.79
1604,5502,469,1,28476.53
1605,1470,734,5,38420.37
1606,5570,409,2,18306.73
1607,6186,856,5,17161.25
1608,6228,322,3,41042.32
1609,649,167,4,661.97
1610,6694,371,3,35507.79
1611,805,491,1,3771.9
1612,4984,957,5,12532.79
1613,4780,473,5,22068.93
1614,7696,203,2,47275.27
1615,159,992,4,38781.21
1616,7729,130,4,47319.16
1617,840,817,1,27168.36
1618,2567,802,1,30456.78
1619,2119,440,3,12066.91
1620,6968,310,1,35909.68
1621,7285,519,5,14132.92
1622,123,559,1,45407.32
1623,2632,851,2,36494.21
1624,5178,88,1,49927.17
1625,7475,880,2,34808.13
1626,4762,942,2,25181.53
1627,3647,656,4,34581.58
1628,72,487,2,39223.18
1629,6672,664,4,8209.04
1630,5433,700,4,9692.25
1631,4407,945,4,45816.38
1632,7434,75,3,32348.7
1633,7220,846,3,28968.4
1634,4274,474,5,17048.98
1635,3420,987,3,43115.59
1636,971,517,5,31989.81
1637,6437,470,3,18419.68
1638,1148,221,4,36911.03
1639,2316,909,1,8686.84
1640,3886,660,4,41769.47
1641,1258,367,2,21407.57
1642,6250,100,3,6948.44
1643,4933,52,5,35990.03
1644,6946,897,3,29741.64
1645,4626,409,5,35789.32
1646,4305,120,5,12554.86
1647,833,157,2,48156.99
1648,3492,319,5,14648.51
1649,1151,712,4,17550.49
1650,2749,772,3,21151.59
1651,3768,22,5,48378.14
1652,3966,641,2,14258.21
1653,6934,423,1,7970.61
1654,7377,502,1,45759.82
1655,1846,267,2,43125.96
1656,6645,260,4,14855.36
1657,5375,315,4,49212.76
1658,4927,997,3,1413.21
1659,7464,613,3,32093.93
1660,7965,678,3,33717.49
1661,7284,241,5,929.9
1662,5791,246,4,12446.23
1663,3776,504,3,39364.72
1664,854,281,4,47323.18
1665,4348,334,4,7980.69
1666,2151,321,1,28283.51
1667,4953,793,5,17206.09
1668,6413,747,3,29742.63
1669,1802,380,1,22128.9
1670,7453,777,5,9092.18
1671,6145,396,3,21353.4
1672,2832,827,5,48085.62
1673,440,120,3,37607.7
1674,5421,126,2,35463.99
1675,2858,494,4,20540.66
1676,7937,885,2,45830.82
1677,1811,163,5,22412.51
1678,2734,821,5,47714.05
1679,4724,605,2,24516.31
1680,6959,373,4,12079.5
1681,6202,750,5,34846.17
1682,6481,202,3,7360.37
1683,5296,183,2,3220.08
1684,727,873,2,15414.94
1685,3603,887,3,799.25
1686,4804,560,1,18465.13
1687,3052,622,4,15321.26
1688,5374,326,1,48123.1
1689,5885,848,5,34790.34
1690,5070,75,3,11104.29
1691,3593,476,4,11815.58
1692,2404,384,2,14531.31
1693,124,152,1,45007.99
1694,3733,475,2,811.75
1695,7607,825,2,41989.69
1696,726,229,2,13024.97
1697,5324,481,5,39791.38
1698,7108,860,5,17220.78
1699,4226,10,2,15340.78
1700,4743,528,5,34621.35
1701,643,299,3,837.19
1702,5308,441,1,19275.3
1703,1071,250,2,34007.59
1704,7270,350,3,7615.8
1705,4784,232,1,44299.42
1706,3301,921,1,44997.35
1707,4473,247,3,32463.17
1708,1682,548,4,47498.53
1709,726,393,5,38733.94
1710,2462,13,3,17269.58
1711,5708,134,2,42062.64
1712,5442,105,4,13060.59
1713,394,340,5,32444.91
1714,4770,530,5,16036.33
1715,2483,308,2,5432.73
1716,4277,122,1,48778.5
1717,663,664,4,25108.47
1718,5118,297,1,2535.86
1719,395,983,5,37096.62
1720,4959,906,5,23061.85
1721,143,847,3,30535.7
1722,1017,96,5,13091.24
1723,3326,875,5,2006.07
1724,6618,668,2,3524.28
1725,965,997,4,31320.51
1726,3588,820,3,32721.59
1727,3560,701,3,218.16
1728,1459,302,5,44877.42
1729,5425,537,1,1864.02
1730,5969,501,2,49600.9
1731,472,217,3,11115.29
1732,748,791,3,4615.98
1733,4876,647,1,44700.44
1734,2784,87,3,30811.64
1735,3938,994,3,150.28
1736,7618,846,3,27456.16
1737,5787,420,5,47304.98
1738,391,129,3,34432.5
1739,892,859,5,7838.9
1740,7917,713,5,48291.16
1741,4507,529,1,33710.73
1742,2522,259,3,18004.1
1743,7746,426,5,7680.61
1744,5248,546,5,19390.55
1745,6176,816,4,32420.6
1746,5906,998,4,26752.6
1747,6455,871,3,1001.51
1748,2459,866,3,28702.52
1749,1217,57,3,9346.49
1750,3010,491,5,34882.49
1751,4332,647,3,37982.63
1752,2812,760,4,30720.94
1753,3908,561,4,14274.49
1754,6604,681,5,17118.81
1755,2248,383,1,15957.77
1756,1944,859,1,15418.81
1757,4750,960,2,11357.83
1758,4243,595,4,31304.65
1759,5055,82,5,5065.54
1760,801,10,1,39287.64
1761,988,834,5,15112.32
1762,5879,387,2,5398.96
1763,4867,227,4,46530.76
1764,5934,147,2,45061.55
1765,2673,853,1,31420.62
1766,2294,987,1,30105.88
1767,1796,100,3,44530.21
1768,6494,833,5,17637.89
1769,2681,127,4,49884.04
1770,6342,289,1,14631.64
1771,6113,402,4,36931.63
1772,3520,40,3,7995.73
1773,6673,274,3,35898.62
1774,581,13,1,769.25
1775,7112,798,3,36890.88
1776,159,561,1,39015.19
1777,3070,883,3,44095.99
1778,4864,253,2,20537.18
1779,1293,597,4,12150.12
1780,1493,1,1,24028.07
1781,111,936,5,28012.36
1782,5763,459,5,4553.39
1783,4216,465,2,22711.41
1784,3633,92,2,25798.61
1785,7914,735,4,28800.86
1786,534,633,5,15185.46
1787,5904,547,5,35082.59
1788,1711,529,4,28180.85
1789,444,875,3,23437.23
1790,1034,779,5,42174.27
1791,1259,848,5,1355.02
1792,6471,603,3,10471.93
1793,4306,906,2,3013.44
1794,3239,824,5,47891.68
1795,2106,225,5,25502.25
1796,2197,904,5,46317.93
1797,3456,121,2,7460
1798,4005,664,2,20051.59
1799,44,946,3,45935.87
1800,5664,961,2,14291.77
1801,5340,200,5,13694.76
1802,4308,100,2,2565.84
1803,4415,791,2,25201.72
1804,298,105,2,10299.95
1805,7107,865,4,10682.3
1806,4022,930,1,45276.9
1807,363,227,2,7380.85
1808,4655,916,1,45000.34
1809,6346,726,5,35801.99
1810,4332,522,1,21294.87
1811,2260,498,5,29399.78
1812,6126,583,3,36110.36
1813,273,847,5,22885.56
1814,2287,493,5,46902.3
1815,5618,838,2,30031.72
1816,3986,20,3,40936.07
1817,4638,553,4,31933.35
1818,3757,909,2,3106.26
1819,5639,619,1,32705.14
1820,6605,748,1,36812.49
1821,7462,467,5,38682.96
1822,4649,715,1,32378.84
1823,4917,396,1,38318.78
1824,967,476,3,19160.76
1825,4354,276,1,6865.82
1826,7591,826,4,127.34
1827,686,496,5,2753.33
1828,4205,251,4,35794.07
1829,6800,865,1,38278.02
1830,6905,733,3,46040.25
1831,63,99,2,33629.41
1832,1039,636,2,17329
1833,7120,83,5,38455.94
1834,6346,406,4,5737.5
1835,4776,381,5,5341.93
1836,2846,62,1,4242.96
1837,1497,687,2,43833.53
1838,1558,801,1,41636.53
1839,6842,742,4,14634.01
1840,751,615,2,13754.78
1841,871,886,4,24265.92
1842,6161,270,4,46623.44
1843,7512,708,3,36143.66
1844,2570,27,2,22545.15
1845,3455,295,2,10459.2
1846,7021,225,2,48609.74
1847,6545,284,3,43687.35
1848,2556,323,2,18360.53
1849,1103,420,5,41161.76
1850,2124,132,1,22308.34
1851,7023,233,3,44339.41
1852,1887,534,2,19126.57
1853,1175,671,1,24385.7
1854,953,589,4,46479.07
1855,4280,58,4,20699.29
1856,919,293,5,3863.06
1857,6971,155,5,39572.06
1858,7328,580,3,23873.18
1859,5233,6,2,23773.71
1860,5357,396,3,41211.41
1861,4095,635,5,45111.22
1862,6705,272,4,22106.09
1863,1665,11,4,10920.47
1864,2039,455,1,44196.82
1865,7095,108,2,25033.12
1866,2229,782,1,38324.39
1867,2196,91,5,37232.06
1868,433,911,3,46078.28
1869,2614,137,2,8529.98
1870,3932,448,4,27838.43
1871,7481,514,4,30406.78
1872,4300,382,3,30269.98
1873,2098,217,3,22642.79
1874,1587,54,5,4142.07
1875,3775,958,4,48492.08
1876,5679,595,5,7637.74
1877,2234,580,1,44601.87
1878,5425,835,2,46939.94
1879,1396,290,1,48886.56
1880,2119,167,2,35484.53
1881,3907,776,2,4336.24
1882,3417,987,3,22707.93
1883,1648,203,1,14489.19
1884,3852,245,4,26690.28
1885,6586,302,3,38382.13
1886,3755,611,5,12504.62
1887,1109,90,1,438.54
1888,5443,813,5,29293.58
1889,110,863,3,4032.9
1890,1231,734,1,27484.25
1891,437,685,3,16976.78
1892,3113,931,5,49063.03
1893,4107,20,3,25104.4
1894,7313,506,5,23025.66
1895,300,20,2,34833.95
1896,6543,84,2,27195.01
1897,2052,473,3,45744.92
1898,3220,677,1,5404.19
1899,4276,325,5,37859.39
1900,6549,184,3,37817.47
1901,4965,51,2,8319.07
1902,4097,960,2,30051.46
1903,6414,581,3,49894.74
1904,3263,490,1,45669.48
1905,4352,780,5,42161.51
1906,1749,751,2,6442.72
1907,4070,596,2,22283.58
1908,1297,752,3,8325.05
1909,24,451,3,46564.51
1910,2737,236,1,4079.83
1911,6457,270,5,13412.79
1912,4001,811,3,4439.8
1913,7638,665,5,33007.8
1914,3477,910,5,16329.92
1915,1296,654,4,4217.27
1916,6462,321,5,43134.2
1917,1662,293,1,42630.65
1918,513,276,3,9791.08
1919,6226,640,2,29241.8
1920,7380,148,2,30320.99
1921,1520,663,3,39901.96
1922,7823,898,5,10742.4
1923,4918,123,1,3476.97
1924,6511,633,5,40479.33
1925,7800,149,1,47731.94
1926,7733,307,3,47474.5
1927,860,900,4,22954.86
1928,1316,280,2,18204.76
1929,7106,741,2,33780.33
1930,4462,927,4,1104
1931,1843,688,3,8595.62
1932,6851,884,3,38976.95
1933,2682,932,1,23709.25
1934,4142,516,2,30150.89
1935,1540,511,5,31402.36
1936,5071,654,1,34861.15
1937,1601,952,3,16136.36
1938,736,164,2,29896.16
1939,80,561,1,38033.98
1940,4014,225,3,23576.9
1941,1481,317,2,28473.73
1942,954,824,2,12890.27
1943,185,152,3,38164.11
1944,4144,184,2,46998.83
1945,6217,194,3,23937.1
1946,1978,832,3,13881.07
1947,5674,730,2,49848.38
1948,1040,792,5,6909.14
1949,1816,93,4,31988.9
1950,502,866,1,14796.02
1951,570,545,1,36082.91
1952,6147,797,5,39455.24
1953,3656,350,3,33316.31
1954,1292,178,3,9817.26
1955,7281,585,3,18847.19
1956,2201,234,3,2726.49
1957,7203,117,1,34588.56
1958,6508,679,2,43756.86
1959,3156,63,2,3495.49
1960,2026,696,3,22914.05
1961,5310,632,5,41555.54
1962,25,885,2,1202.79
1963,283,831,1,27416.71
1964,4099,897,3,13593.96
1965,6933,236,4,41066.52
1966,6932,11,1,18039.76
1967,4788,554,4,1843.27
1968,4510,187,1,4964.9
1969,4648,509,4,4685.18
1970,2863,815,1,47201.79
1971,6717,987,5,30804.5
1972,6605,389,1,11198.41
1973,6628,608,2,24202.95
1974,4996,801,5,38510.13
1975,3950,886,1,19051.61
1976,6592,516,5,29527.02
1977,117,969,1,3583.1
1978,7987,619,3,39244.97
1979,867,478,2,6949.44
1980,3034,99,5,2330.78
1981,5614,874,3,40916.53
1982,1423,572,4,48837.78
1983,198,261,3,39585.98
1984,5468,973,4,10501.65
1985,4042,969,5,34803.57
1986,4328,397,4,30182.01
1987,4845,543,4,33129.76
1988,3023,68,2,17678.4
1989,316,666,5,1550.46
1990,7641,562,3,17443.5
1991,2315,179,4,48461.95
1992,5701,493,4,11630.07
1993,2424,406,2,38466.97
1994,7910,459,2,40831.72
1995,3477,340,4,1623.94
1996,2352,632,4,12695.2
1997,3058,749,2,18933
1998,4161,170,2,19837.41
1999,2943,689,1,33490.32
2000,1846,708,5,25248.95
2001,796,130,5,36362.85
2002,2850,586,2,36895.05
2003,2017,546,2,30715.53
2004,4675,106,2,45713.64
2005,1537,660,5,36874.74
2006,53,440,2,6458.52
2007,5335,474,5,3139.37
2008,3005,128,3,32654.29
2009,4569,409,5,6358.92
2010,1051,639,4,12412.36
2011,2030,26,4,10084.69
2012,4840,610,3,26501.99
2013,2737,62,4,9588.5
2014,3630,169,4,30220.33
2015,5624,697,5,40503.75
2016,5359,461,4,15846.54
2017,943,80,4,14324.93
2018,7474,355,2,37209.31
2019,7383,920,4,21331.15
2020,4527,472,3,35485.66
2021,1082,587,3,5046.62
2022,1026,199,5,16201.67
2023,4588,665,3,7481.57
2024,755,722,1,26281.8
2025,3513,556,3,47036.93
2026,3889,484,4,18650.86
2027,5695,766,3,36487.26
2028,576,670,4,5289.55
2029,1220,729,5,17359.56
2030,5517,431,4,24374.69
2031,7689,201,5,38453.37
2032,3317,345,5,16581.31
2033,4617,333,5,24524.33
2034,4433,418,4,33009.94
2035,6424,159,5,40890.89
2036,4405,368,1,40349.05
2037,1953,679,5,8860.24
2038,1702,861,4,25517.39
2039,7980,62,4,38418.09
2040,4559,670,4,15454.41
2041,6644,290,5,31184.74
2042,3708,233,1,5260.45
2043,2117,359,3,9016.14
2044,7144,310,2,40848.12
2045,4249,655,1,39947.35
2046,7741,507,4,2230.52
2047,4416,835,1,41123.96
2048,2008,866,2,7040.06
2049,1782,747,3,2539.71
2050,182,449,5,12661.16
2051,5275,43,4,38064.73
2052,3544,520,1,28683.44
2053,3203,755,3,35223.32
2054,5132,112,5,7759.13
2055,950,960,3,48870.42
2056,5196,113,2,770.3
2057,5767,843,1,47419.2
2058,7284,481,3,21293.17
2059,1514,835,3,33520.96
2060,1007,680,4,47534.27
2061,7322,189,3,23460.81
2062,7548,412,3,44838.35
2063,4555,77,1,8256.98
2064,5110,140,3,6189.17
2065,5704,143,4,29036.62
2066,1160,749,4,10660.58
2067,3312,789,1,12795.8
2068,3166,582,4,33938.33
2069,7383,194,2,11828.17
2070,4960,866,3,7013.68
2071,385,308,3,24275.04
2072,7109,823,3,22513.27
2073,429,885,3,1663.55
2074,2402,8,2,16682.69
2075,1148,494,5,5088.43
2076,2739,124,1,35720.2
2077,1910,5,5,11505.37
2078,4820,488,2,2212.53
2079,1223,839,5,43134.81
2080,290,203,2,34809.78
2081,139,190,1,9484.25
2082,1582,533,4,46007.3
2083,3272,704,1,22751.65
2084,21,523,2,12441.02
2085,7438,907,5,10534.12
2086,4459,913,4,28002.55
2087,7643,900,4,10868.38
2088,5495,948,5,29896.46
2089,4412,93,3,46293.54
2090,5762,834,1,24378.39
2091,5328,280,2,13253.12
2092,4429,836,5,13879.77
2093,357,11,5,16856.62
2094,6311,554,2,3749.33
2095,7521,976,1,4682.51
2096,7995,326,2,27630.48
2097,7111,905,5,13117.42
2098,3738,298,5,27828.83
2099,6496,503,5,37548.89
2100,6473,87,4,46699.4
2101,828,745,3,44422.58
2102,4830,847,5,22915.83
2103,303,338,5,15369.12
2104,2282,819,5,10161.7
2105,1691,404,2,2706.96
2106,3065,898,4,37356.13
2107,5898,809,5,15150.81
2108,7869,826,4,42785.3
2109,4002,660,4,17771.76
2110,1753,520,1,43650.56
2111,2933,298,1,44201.61
2112,822,558,3,677.1
2113,591,115,5,13964.87
2114,7058,824,2,16250.25
2115,5955,210,3,48486.27
2116,1391,187,1,22792.22
2117,3398,487,4,5636.87
2118,1952,448,2,26832.3
2119,6879,87,1,28804.29
2120,3454,380,2,11463.1
2121,1822,888,3,2162.41
2122,4854,329,4,2436.18
2123,4718,770,5,19654.16
2124,4279,990,4,33730.92
2125,1569,110,2,20352.9
2126,1530,586,4,3461.74
2127,1556,403,4,43246.39
2128,4944,852,4,29831.24
2129,5633,36,3,19447.88
2130,2561,567,4,4580.51
2131,101,296,2,10304.29
2132,4195,478,4,23151.02
2133,4067,778,3,29927.8
2134,7177,807,4,22873.8
2135,2016,786,2,20383.5
2136,7807,192,3,1361.8
2137,1016,178,5,48543.96
2138,6323,437,3,21107.35
2139,525,392,1,15589.62
2140,6723,665,3,4560.31
2141,5499,309,4,14060.25
2142,3477,752,5,49068.87
2143,6362,282,4,31031.13
2144,4638,612,3,25830.09
2145,6551,536,1,43762.61
2146,7120,50,2,39760.71
2147,188,396,3,6471.88
2148,4471,954,3,40037.35
2149,1107,92,2,15892.67
2150,6457,241,4,8263.57
2151,1906,455,5,45243.5
2152,6632,835,5,47762.65
2153,7355,404,4,20793.79
2154,3746,279,1,5441.54
2155,6863,911,2,49338.31
2156,2004,955,2,37264.02
2157,6397,410,4,26249.13
2158,3826,476,2,10928.08
2159,2241,511,4,27827.35
2160,5907,585,4,13870.13
2161,3750,735,3,41692.07
2162,4321,616,3,31096.1
2163,4351,621,1,6660.04
2164,1676,942,2,21164.79
2165,1036,868,3,21911.64
2166,2927,556,2,37211.4
2167,6662,638,1,39810.77
2168,350,316,5,45175.19
2169,3362,493,4,31051.15
2170,831,583,5,17979.76
2171,1145,916,4,3843.18
2172,4368,312,2,14545.33
2173,3727,822,2,9784.46
2174,3244,161,2,46827.51
2175,406,48,3,47552.56
2176,6889,244,1,7349.46
2177,837,657,3,40791.3
2178,7850,693,1,37468.15
2179,5045,185,4,38822.13
2180,4817,155,3,1382.72
2181,5728,451,3,6403.51
2182,7061,148,2,3430.09
2183,3316,401,4,43403.05
2184,618,851,5,31380.75
2185,627,883,5,35053.79
2186,3745,206,1,943.77
2187,6043,202,1,13560.08
2188,7296,841,3,47562.05
2189,1336,283,3,17686.62
2190,6673,772,2,41754.33
2191,657,363,1,30502.84
2192,4774,958,3,25126.66
2193,4217,74,4,18981.87
2194,2736,602,1,25605.88
2195,7201,123,2,5726.24
2196,2943,912,5,29143.62
2197,2038,247,1,4272.86
2198,2481,361,2,32205.16
2199,7179,893,5,36848.07
2200,281,713,2,19061.81
2201,5147,699,1,2123.03
2202,7494,289,1,19807.75
2203,859,227,4,3475.98
2204,3941,778,2,36272.92
2205,1092,338,4,36966.56
2206,5723,543,4,12371.82
2207,5976,389,1,46908.1
2208,104,870,3,45765.25
2209,435,885,1,44531.97
2210,6516,451,2,19192.87
2211,5058,600,3,4976.27
2212,360,278,1,9324
2213,4383,997,3,49687.26
2214,5623,898,2,47708.59
2215,581,933,1,19665.51
2216,4878,626,3,1624.12
2217,1698,351,2,19271.23
2218,4203,727,4,26000.5
2219,1413,176,1,15194.45
2220,6060,917,5,15866.41
2221,3753,589,1,7323.85
2222,4730,643,4,10622.98
2223,3164,665,2,32056.32
2224,7691,721,3,32881.12
2225,5489,31,1,3004.94
2226,3728,870,1,40742.92
2227,2145,741,2,47128.54
2228,3811,373,1,35347.45
2229,5451,257,5,46084.33
2230,1749,995,4,48478.98
2231,7344,996,3,18019.28
2232,1197,226,5,36969.92
2233,69,876,4,10409.95
2234,7297,493,2,22059.92
2235,6293,94,4,161.11
2236,7333,542,1,24654.85
2237,6741,10,3,44769.72
2238,6172,835,3,40207.09
2239,6115,998,2,26649.35
2240,1913,929,5,46431.84
2241,6112,956,1,8582.08
2242,3784,444,5,2798.37
2243,4256,596,2,23362.95
2244,2057,522,1,38357.36
2245,4159,62,4,31590.7
2246,4015,510,1,27117
2247,7008,229,2,24664.2
2248,1395,689,5,12995.8
2249,4178,873,3,43251.11
2250,2583,811,3,22736.26
2251,2422,487,4,39581.09
2252,7976,170,5,35664.91
2253,1667,609,3,48026.9
2254,864,901,2,10067.59
2255,4780,349,2,23593.47
2256,4014,516,1,16708.98
2257,2433,937,1,38181.17
2258,6265,267,5,42782.04
2259,6569,775,1,8050.07
2260,2817,288,5,46035.64
2261,3520,322,5,35644.94
2262,1541,976,2,7619.88
2263,4299,619,3,35509.12
2264,2852,935,3,27471.87
2265,3925,157,3,39916.99
2266,6184,847,3,31876.75
2267,2206,581,3,41812.69
2268,3083,437,3,4062.32
2269,4128,961,4,35418.36
2270,1072,472,3,11051.95
2271,4363,189,4,21126.88
2272,274,530,1,45818.57
2273,2045,109,3,7342.22
2274,2432,565,5,47346.72
2275,7093,827,2,48860.45
2276,7098,879,1,42826.85
2277,3936,255,4,20541.29
2278,5025,282,5,14178.94
2279,7635,836,4,7589.83
2280,1813,48,3,35629.55
2281,4359,924,4,23058.44
2282,3568,434,2,19386.51
2283,904,350,2,44696.52
2284,2632,811,2,25196.54
2285,230,685,1,36507.86
2286,7597,185,2,5629.73
2287,5856,296,4,26994.06
2288,3334,619,5,45308.53
2289,66,702,2,41331.01
2290,4616,520,2,28372.68
2291,3732,342,4,13259.83
2292,4178,500,2,11525.27
2293,1604,58,1,38146.43
2294,4163,538,4,32976.15
2295,5991,962,2,30075.73
2296,6840,920,1,37283.03
2297,4815,226,2,15562.47
2298,7599,331,5,30009.76
2299,7798,579,3,46217.5
2300,4596,573,1,45087.06
2301,2253,826,5,40097.68
2302,6593,17,2,42573.49
2303,2951,413,3,29297.46
2304,4324,386,4,6368.35
2305,231,123,3,47952.95
2306,1771,988,2,38619.38
2307,3622,52,2,27438.2
2308,2108,982,5,9183.73
2309,6377,332,1,22001.44
2310,2336,346,4,24469.88
2311,1974,121,4,8881.12
2312,3228,611,2,33293.04
2313,6760,85,5,43338.39
2314,5607,842,3,31084.43
2315,2995,583,2,4707.12
2316,7308,205,5,15501.48
2317,591,872,4,17767.67
2318,6515,346,5,9169.48
2319,3045,218,2,36700.47
2320,5231,28,3,47755.7
2321,946,532,4,31303.7
2322,6114,288,4,21652.89
2323,2118,134,2,40424.49
2324,5561,348,3,4169.35
2325,136,499,3,35952.85
2326,1411,868,3,32628.92
2327,4227,106,2,35832.97
2328,7608,84,1,5636.44
2329,3023,684,5,29877.58
2330,4287,196,3,21645.83
2331,7354,228,2,30233.73
2332,7071,58,5,34783.21
2333,5875,58,1,40713.81
2334,2206,8,2,16236.03
2335,7317,378,3,22616.4
2336,4903,171,2,37753.11
2337,7043,174,5,45790.37
2338,3519,827,4,12703.79
2339,231,779,4,41136.95
2340,443,751,5,44910.83
2341,383,350,3,33416.26
2342,4508,985,2,30192.5
2343,4820,322,4,7449.92
2344,4441,118,1,38595.57
2345,1526,660,5,15957.34
2346,5894,702,1,2510.15
2347,2028,969,5,39380.46
2348,7981,297,3,12621.57
2349,1363,987,2,10496.33
2350,3481,277,3,35767.67
2351,4924,9,4,15996.89
2352,6492,408,3,4245.06
2353,3722,933,4,18813.92
2354,2863,365,2,17224.51
2355,3950,786,1,43925.02
2356,2864,234,1,47851.25
2357,7091,133,3,46663.71
2358,6687,441,3,42049.82
2359,7238,368,5,26344.61
2360,6394,243,5,41015.78
2361,947,35,1,24577.32
2362,4402,713,5,38404.49
2363,7692,196,4,42855.99
2364,4236,29,2,20921.98
2365,1337,416,5,25359.92
2366,6279,21,1,23740.18
2367,469,182,3,35422.19
2368,5709,237,2,27410.44
2369,2252,428,3,24045.44
2370,6395,629,3,11755.7
2371,4849,52,5,21237.38
2372,458,394,4,3656.32
2373,1897,621,4,7721.86
2374,3243,617,2,29976.61
2375,1369,632,5,6269.76
2376,4849,33,1,42186.5
2377,7097,508,3,4409.13
2378,4411,972,1,1577.37
2379,2985,552,2,24220.91
2380,3894,765,4,32409.22
2381,965,238,4,46610.22
2382,1706,784,2,40049.62
2383,3465,227,5,41543.59
2384,1788,3,3,26400.1
2385,2588,578,3,46367.41
2386,4351,306,2,49277.19
2387,1436,125,4,36854.26
2388,3861,273,2,19484.12
2389,513,924,5,37287.9
2390,6522,540,1,45883.74
2391,6656,504,1,15970.15
2392,4920,137,2,33641.92
2393,2859,347,2,27004.08
2394,2713,221,5,8833.46
2395,4845,656,2,49648.79
2396,5241,46,3,20658.6
2397,7779,431,1,26989.19
2398,194,121,4,2481.57
2399,7528,243,5,37522.34
2400,7457,366,3,12116.95
2401,7103,418,4,19925.32
2402,3495,130,2,23995.2
2403,3205,660,1,22716.07
2404,3630,752,1,12921.45
2405,7049,212,1,37512.98
2406,2591,643,4,28819.09
2407,6787,373,4,41657.23
2408,6331,298,3,8656.89
2409,2812,678,1,23671.36
2410,6803,816,1,46271.16
2411,1234,697,5,45395.79
2412,485,429,1,37401.73
2413,5976,817,3,35687.75
2414,3244,145,3,11741.98
2415,7914,551,4,11838.01
2416,2226,752,1,46456.68
2417,5416,472,4,33669.47
2418,7391,888,4,23608.4
2419,7986,39,1,45144.84
2420,4757,390,2,37008.62
2421,1511,333,5,40247.09
2422,2042,41,1,39579.55
2423,4119,78,4,13973.75
2424,6810,268,1,13235.75
2425,7519,2,3,17820.99
2426,3730,954,2,4386.01
2427,4233,213,3,41175.8
2428,6033,645,1,37154.42
2429,646,451,5,14861.1
2430,7633,864,3,37775.43
2431,2259,422,1,31690.05
2432,7073,542,2,38991.16
2433,553,393,3,18283.1
2434,1751,938,3,33233.2
2435,4644,179,4,49919
2436,4772,620,5,3372.72
2437,2754,808,3,21000.36
2438,7487,512,5,40091.34
2439,2587,532,4,34436.72
2440,4688,617,5,22468.38
2441,3570,698,2,4828.69
2442,4710,736,1,34887.72
2443,1114,893,4,19205.71
2444,418,326,3,2053.68
2445,6296,903,4,13492.24
2446,6630,541,5,7880.92
2447,6344,478,1,20426.75
2448,7109,504,5,33294.39
2449,504,417,5,11904.91
2450,7640,900,5,33092.7
2451,2314,943,4,9427.88
2452,926,494,1,22800.62
2453,6000,604,5,19614.52
2454,3037,420,5,38298.35
2455,5446,849,2,10055.89
2456,6599,185,1,38326.88
2457,489,605,4,154.3
2458,1749,727,1,34419.6
2459,3260,443,3,23412.61
2460,4559,175,5,25413.55
2461,2448,380,5,41430.77
2462,201,592,1,35102.31
2463,4892,620,2,20659.73
2464,516,802,2,27248.42
2465,2254,522,5,41255.98
2466,5893,501,5,19098.38
2467,7520,633,5,47968.77
2468,7361,517,2,42183.91
2469,1936,58,3,3237.91
2470,2994,563,2,36457.87
2471,315,136,5,15870.41
2472,3072,856,1,38628.44
2473,611,355,3,11454.62
2474,7664,445,1,16337.46
2475,182,636,5,21402.8
2476,2048,493,3,35462.7
2477,2820,29,1,28478.87
2478,3423,944,4,22298.58
2479,6748,119,1,19250.44
2480,3597,451,3,7023.71
2481,7549,768,1,12880.13
2482,536,920,2,31037.05
2483,7360,238,2,30857.7
2484,3572,842,2,41772.21
2485,1578,628,2,410.66
2486,2364,811,5,6611.58
2487,3275,57,5,27263.75
2488,6277,91,4,24700.02
2489,4651,423,4,27643.94
2490,7375,213,3,28960.73
2491,4885,804,5,14645.28
2492,5259,679,5,7239.69
2493,3589,878,4,25642.69
2494,6507,327,2,1439.33
2495,6004,614,3,30392.07
2496,7914,683,1,28735.14
2497,7635,544,1,3177.09
2498,3962,243,3,15956.97
2499,2538,765,3,6534.34
2500,6739,315,5,30075.66
2501,1377,96,3,25165.96
2502,1838,890,5,41821.48
2503,7363,577,3,16929.76
2504,6502,877,5,7313.28
2505,4595,263,3,42916.68
2506,7694,913,2,2989.04
2507,4134,772,4,23375.18
2508,6097,911,1,2550.12
2509,7824,816,5,14958.2
2510,3763,873,1,36400.85
2511,2963,738,4,19983.18
2512,4686,525,1,35991.88
2513,6940,769,2,31366.16
2514,6915,267,4,27846.98
2515,7255,602,2,34315.95
2516,4157,691,1,3976.72
2517,5266,954,4,42054.69
2518,1476,477,5,15855.04
2519,51,243,3,17043.36
2520,5045,912,3,10321.02
2521,6523,442,5,28096.04
2522,2557,405,3,35645.1
2523,768,260,1,48172.2
2524,1668,853,5,19202.23
2525,2515,67,5,7316.08
2526,4022,80,1,10033.11
2527,6643,144,4,21399.08
2528,3507,260,2,41893.31
2529,4768,193,3,48657.4
2530,5808,346,1,7972.16
2531,4965,469,3,1882.93
2532,1967,206,5,15544.04
2533,6979,976,4,47554.67
2534,1223,872,2,39843.54
2535,1160,924,5,34136.8
2536,6723,413,1,28515.24
2537,527,466,2,5100.13
2538,680,63,4,19390.17
2539,4782,7,5,15811.9
2540,5496,977,2,17326.08
2541,7028,197,5,36728.85
2542,4385,73,1,25348.16
2543,6441,947,1,18622.39
2544,3208,692,1,40264.97
2545,3265,129,5,10240.83
2546,6330,371,2,40258.86
2547,1267,693,1,1584.08
2548,7766,182,3,18780.43
2549,5518,911,4,33997.02
2550,7340,650,2,15825.24
2551,322,348,3,15694.59
2552,3215,485,2,25926.66
2553,4488,388,3,19497.51
2554,2944,843,3,31803.65
2555,1046,393,5,14266.06
2556,1549,766,4,1035.76
2557,3131,923,4,35426.59
2558,2831,759,2,33510.96
2559,5920,816,2,23341.33
2560,4896,672,5,45023.28
2561,7909,799,3,15273.34
2562,1109,624,1,1562.17
2563,7120,107,5,9122.7
2564,6089,344,1,6267.32
2565,7777,249,1,2801.3
2566,1515,571,5,40744.76
2567,2736,328,3,15114.38
2568,5518,218,1,9993.15
2569,6848,311,4,23882.65
2570,7559,173,4,21392.23
2571,3655,564,2,49478.76
2572,3380,750,5,41064.86
2573,1352,582,1,44666.9
2574,5013,466,4,7221.45
2575,1897,889,1,8239.46
2576,3817,295,2,5960.79
2577,2199,352,5,28934.2
2578,239,894,4,40020.82
2579,5708,444,1,21457.38
2580,3406,933,1,32643.35
2581,3900,584,4,4284.93
2582,4247,730,4,8897.66
2583,643,816,1,48486.13
2584,3048,109,3,8734.22
2585,7557,730,2,5029.46
2586,787,601,2,49947.14
2587,1363,141,4,29769.5
2588,5557,303,4,46755.05
2589,4140,239,1,19841.33
2590,7869,154,4,44301.66
2591,4396,140,2,30403.73
2592,7024,97,4,45349.05
2593,6220,185,4,25370.98
2594,2185,858,5,14623.84
2595,7221,454,3,18043.83
2596,4036,501,2,19730.63
2597,657,328,2,13199
2598,5863,452,4,27029.54
2599,1788,571,5,19396.39
2600,779,397,2,10132.07
2601,4291,58,3,39774.31
2602,7759,2,2,18511.16
2603,7793,237,3,22939.36
2604,1741,788,1,13670.98
2605,7189,396,3,47569.25
2606,7000,562,1,5841.41
2607,2555,400,3,38495.89
2608,7654,896,3,33969.33
2609,7417,663,3,31368.13
2610,4174,207,4,24412
2611,522,646,3,43462.31
2612,2910,110,2,2208.91
2613,5770,743,5,29214.91
2614,1630,465,1,17687.65
2615,1088,973,5,26802.44
2616,7753,132,4,27568.43
2617,5922,394,1,5489.08
2618,4823,421,1,25757.67
2619,6640,944,2,17661.54
2620,6768,374,5,28169.09
2621,4446,556,5,4710.77
2622,1259,859,2,20424.06
2623,58,212,4,8524.51
2624,244,87,1,37020.31
2625,3385,536,1,13788.48
2626,5447,956,4,12028.53
2627,6511,532,3,20757.36
2628,6437,544,3,10539.87
2629,632,742,1,44243.63
2630,5121,971,2,18755.06
2631,919,606,3,11046.3
2632,366,664,5,17352.77
2633,3546,778,3,30424.03
2634,6465,980,3,13122.57
2635,2792,385,1,33533.44
2636,305,239,2,19823.6
2637,4243,969,5,42980.26
2638,4110,514,2,2441.27
2639,1190,447,5,27969.62
2640,7337,545,1,8437.29
2641,3333,110,1,1836.92
2642,4870,975,3,39378.13
2643,5431,246,4,25803.1
2644,1783,620,4,43795.6
2645,201,998,5,14926.6
2646,7147,642,5,45562.95
2647,7819,344,3,31107.33
2648,4043,764,4,5738.41
2649,6672,525,2,2979.36
2650,5147,225,2,15136.48
2651,2565,803,4,45798.93
2652,676,338,1,10761.85
2653,5206,430,5,15889.45
2654,1279,447,2,38934.96
2655,733,279,5,24090.08
2656,1171,545,1,38883.28
2657,5770,651,2,3820.67
2658,4489,292,2,48549.21
2659,17,865,5,20735.64
2660,5616,692,1,29391.67
2661,3300,355,2,46535
2662,1996,232,1,40992.79
2663,11,378,4,5180.54
2664,2182,232,5,9256.9
2665,7764,216,5,18431.47
2666,4339,466,4,37717.06
2667,4675,192,1,42111.06
2668,6714,380,3,1738.34
2669,3183,865,2,44292.5
2670,6907,862,2,7275.46
2671,6647,352,3,11352.28
2672,7921,641,5,36848.36
2673,7246,942,4,41164.89
2674,2110,578,5,35326.7
2675,5283,557,3,19097.6
2676,7318,961,1,44893.79
2677,3705,440,4,44673.76
2678,4139,214,2,43254.08
2679,3270,990,1,36676.51
2680,2810,69,1,2893.76
2681,2056,228,3,14539.61
2682,5023,803,5,29944.31
2683,7089,723,1,3016.55
2684,2128,870,2,23479.2
2685,1258,933,2,26768.23
2686,908,892,2,6132.44
2687,6146,237,5,36364.41
2688,6485,81,4,8846.13
2689,2760,585,3,8129.05
2690,3747,739,3,47954.88
2691,3208,896,5,46239.79
2692,6798,927,2,18697.09
2693,1885,51,1,14367.9
2694,4822,1,4,5820.83
2695,2091,206,2,49398.15
2696,6842,222,1,27416.11
2697,2601,531,5,5487.91
2698,775,851,3,19058.96
2699,3388,938,1,18858.9
2700,2133,216,5,7318.22
2701,2324,817,4,20138.22
2702,5280,925,4,38641.21
2703,843,551,1,18496.86
2704,1660,134,3,37342.95
2705,4329,602,4,41049.04
2706,1869,838,3,32482.56
2707,3765,222,2,26021.97
2708,1271,655,2,181.33
2709,473,16,2,9978.82
2710,7492,798,2,33547.32
2711,6896,722,4,14148.77
2712,4581,771,3,26464.28
2713,7503,104,4,42105.63
2714,367,535,5,29679.67
2715,6602,904,3,42460.91
2716,1027,860,1,3050.14
2717,1492,491,1,31894.43
2718,6073,428,3,6131.11
2719,7482,351,3,19500.02
2720,2900,552,3,662.38
2721,2193,906,1,24716.23
2722,6764,465,1,24618.68
2723,4862,180,4,14601.48
2724,7853,859,4,21959.94
2725,1841,371,3,26179.46
2726,2715,387,3,5995.02
2727,2418,329,5,8570.52
2728,3152,911,3,37740.24
2729,1723,615,3,28702.89
2730,1514,637,4,47728.73
2731,7852,397,5,14269.63
2732,705,771,2,32789.49
2733,5736,855,5,18867.81
2734,1405,893,4,40765.19
2735,7606,674,1,33476.43
2736,6816,162,3,3739.3
2737,3100,452,5,24902.55
2738,7378,278,1,39606.4
2739,652,406,3,35797.94
2740,375,470,1,39021.66
2741,4478,957,4,15225.64
2742,5899,426,1,9913.39
2743,5019,286,1,14331.2
2744,4207,677,4,37433.05
2745,7119,908,1,17724.86
2746,6921,651,5,12837.38
2747,3310,600,3,45289.03
2748,1297,325,2,4996.39
2749,6284,549,3,27814.39
2750,4865,841,4,22584
2751,788,967,4,16930.94
2752,2927,788,4,34493.14
2753,794,136,3,35394.93
2754,4371,821,1,48827.27
2755,2459,628,2,26336.55
2756,7253,291,3,2112.28
2757,6296,905,1,25518.03
2758,671,444,4,807.01
2759,3483,133,4,26344.83
2760,2030,573,4,19426.31
2761,1196,153,1,39660.1
2762,6578,910,3,31661.74
2763,6919,946,5,17297.67
2764,798,118,3,28896.98
2765,7884,250,1,14440.06
2766,7345,654,1,41244.72
2767,4746,739,4,2116.6
2768,6698,661,2,24219.91
2769,4952,120,4,13339.81
2770,3459,735,1,27825.13
2771,3776,501,3,27518.5
2772,4927,956,3,19530.04
2773,5255,371,4,42711.53
2774,2984,641,4,29051.74
2775,5247,73,3,10478.73
2776,4707,970,4,13308.77
2777,25,683,4,49313.48
2778,2960,510,2,2587.27
2779,6877,967,3,543.33
2780,5573,712,5,31206.71
2781,3345,133,1,4187.46
2782,1780,782,5,40813.72
2783,7015,961,2,5897.42
2784,7743,793,5,49321.38
2785,6186,65,3,8947.41
2786,3152,541,5,37440.78
2787,2600,218,4,34150.67
2788,7801,825,1,36706.81
2789,3077,488,2,41437.32
2790,5070,805,2,36169.71
2791,3334,879,2,7613.47
2792,5059,180,5,48708.06
2793,6354,319,1,31008.62
2794,7381,399,1,11973.11
2795,485,748,4,1700.73
2796,7045,907,4,46042.47
2797,1054,307,5,9075
2798,2294,143,3,35522.17
2799,6667,396,2,48514.58
2800,1140,814,1,26372.29
2801,5965,151,2,17334.38
2802,7907,118,5,36464.86
2803,3540,572,5,19259.81
2804,4837,478,1,34741.23
2805,5718,488,3,16325.44
2806,7047,866,2,6508.66
2807,6456,353,3,34529.03
2808,174,723,2,3245.1
2809,6764,282,2,7675.92
2810,7482,281,4,2239.85
2811,1844,226,5,8478.93
2812,2853,367,1,41538.39
2813,2176,677,5,7243.64
2814,6489,844,2,14321.27
2815,2377,980,3,5338.04
2816,4586,292,3,2079.65
2817,7141,165,4,13625.86
2818,3165,39,4,28926.43
2819,2261,134,3,19736.9
2820,1974,268,2,5352.54
2821,1621,708,4,48460.23
2822,5694,92,5,43556.86
2823,394,106,4,6654.53
2824,1083,230,2,36068.3
2825,7537,704,4,12775.42
2826,4791,666,5,30785.76
2827,3747,428,2,44326.96
2828,3633,626,3,48050.82
2829,1996,352,1,193.4
2830,3753,717,2,34647.29
2831,4673,745,5,30011.45
2832,6235,589,2,30831.79
2833,1067,369,5,40509.73
2834,36,384,1,41860.72
2835,4056,458,4,6900.41
2836,3077,238,3,14337.36
2837,7360,317,1,35953.86
2838,4103,914,4,21795.63
2839,3974,69,1,45346.19
2840,2300,861,5,48128.42
2841,2260,803,3,44527.93
2842,5527,447,5,8690.03
2843,686,596,4,7974.96
2844,4214,452,3,30893.15
2845,6427,429,2,17799.46
2846,6227,707,1,48891.11
2847,2072,724,4,36828.5
2848,7693,165,4,47157
2849,4485,443,3,27985.93
2850,2436,723,1,24204.64
2851,4694,720,5,7022.4
2852,6348,835,3,39342.19
2853,4862,716,5,26043.18
2854,5571,194,2,46989.37
2855,5507,669,4,21497.65
2856,1052,719,1,3142.02
2857,7567,607,3,39167.76
2858,2093,812,3,27857.27
2859,5389,944,2,32198.26
2860,359,481,3,316.04
2861,7909,682,2,6738.66
2862,5622,114,5,41223.55
2863,6312,212,2,24304.06
2864,6414,4,5,7694.31
2865,6974,260,1,36632.05
2866,3414,515,5,35009.06
2867,6198,586,3,18110.61
2868,5033,310,4,37004.59
2869,5215,60,3,32407.51
2870,439,193,5,36400.6
2871,3805,223,1,32731.36
2872,5792,254,2,49503.24
2873,2307,518,3,18434.21
2874,544,842,1,28062.28
2875,7607,566,2,38533.2
2876,5378,597,4,15536.68
2877,857,630,5,49384.83
2878,7795,170,4,32902.28
2879,633,931,1,44705.76
2880,6613,516,5,44083.83
2881,1691,694,3,209.94
2882,4662,266,3,29505.34
2883,337,918,4,10898.26
2884,5312,524,3,19600.48
2885,4302,895,1,16670.03
2886,1536,387,4,8103.81
2887,6381,339,3,2650.36
2888,6735,614,3,33497.27
2889,1509,953,3,6408.27
2890,4328,972,1,30434.66
2891,7517,75,4,41313.79
2892,6912,949,1,9556.83
2893,4560,988,3,31615.12
2894,6817,171,4,29451.72
2895,6285,412,1,2069.15
2896,5527,923,2,32711.71
2897,313,853,4,12840.63
2898,3362,606,5,10833.01
2899,35,535,3,20368.77
2900,3861,86,3,315.35
2901,7354,750,2,32479.26
2902,7956,884,3,41676.57
2903,2456,37,2,36042.26
2904,409,652,5,24710.71
2905,4514,430,2,35164.78
2906,1207,265,4,7483.19
2907,2928,873,5,6036.92
2908,7351,690,5,31075.3
2909,1029,163,3,40797.08
2910,4975,38,2,22345.77
2911,383,700,4,3901.51
2912,6348,31,1,41913.05
2913,7580,300,5,12324.2
2914,5991,741,5,44242.17
2915,4302,863,2,31676.97
2916,7808,871,3,2780.15
2917,3409,50,3,2326.22
2918,6671,273,4,9302.48
2919,6305,523,3,2283.86
2920,6786,549,3,46727.2
2921,3098,366,4,21124.21
2922,3361,801,2,15049.97
2923,13,169,4,45676.28
2924,1746,572,4,14770.44
2925,2384,916,3,27944.97
2926,7091,825,2,12880.47
2927,7047,83,1,48447.53
2928,2411,4,1,22411.03
2929,1211,150,4,23858.63
2930,976,895,4,43920.99
2931,3054,336,2,30808.68
2932,2203,966,5,47478.07
2933,1399,88,4,6917.12
2934,7666,39,4,35000.13
2935,6832,667,3,38954.02
2936,4419,537,4,35015.96
2937,741,595,5,16139.39
2938,3456,275,3,33187.56
2939,5006,878,3,43584.08
2940,7231,982,5,15599.11
2941,2549,70,2,21886.87
2942,7117,605,4,25967.59
2943,67,293,1,35018.8
2944,3325,611,5,44477.17
2945,5225,413,4,4724.23
2946,4133,807,4,14322.02
2947,6785,220,2,18102.38
2948,2749,135,4,43442
2949,7065,477,2,7000.85
2950,4726,741,2,24001.95
2951,981,360,3,34535
2952,636,893,1,46311.77
2953,54,506,1,6004.13
2954,1852,412,3,45658.27
2955,2282,531,5,23395.83
2956,2691,373,2,4258.41
2957,6896,803,1,2951.62
2958,6968,742,5,47823.62
2959,7876,155,4,31446.08
2960,5929,715,4,33757.24
2961,555,345,3,23042.16
2962,4066,365,1,20973.2
2963,2430,745,3,5436.53
2964,3350,601,2,41901.05
2965,1166,750,3,45244.37
2966,6351,625,3,21424.57
2967,1958,973,1,17929.47
2968,3451,935,5,35284.95
2969,1670,265,1,22978.15
2970,5197,302,2,43260.21
2971,4233,624,3,9883.04
2972,7894,471,4,37449.89
2973,6849,731,1,31492.81
2974,6502,401,2,28498.72
2975,6421,734,5,49380.14
2976,4696,955,3,26348.92
2977,6740,52,1,1116.54
2978,5911,765,3,36717.51
2979,2622,905,3,47858.48
2980,5802,303,3,41009.38
2981,4207,260,4,30060.28
2982,2889,933,3,32352.46
2983,5386,759,2,20950.91
2984,476,854,3,27296.93
2985,450,702,2,24721.91
2986,5307,231,4,16839.09
2987,989,817,4,12857.59
2988,7712,359,2,20308.56
2989,6955,553,2,991.86
2990,5878,331,2,45766.51
2991,6437,551,4,44462.41
2992,1927,103,4,11186.78
2993,1151,452,3,11226.2
2994,1681,243,1,19637.37
2995,489,314,1,41064.89
2996,4404,323,5,40190.04
2997,2324,791,5,18051.93
2998,2927,2,4,13444.61
2999,5315,925,1,151.54
3000,2708,404,1,13529.87
3001,652,681,2,23010.02
3002,3224,296,1,4225.41
3003,2729,41,1,5535.34
3004,4190,652,5,48265.59
3005,4893,630,2,21666.9
3006,2572,399,3,18912.82
3007,262,349,2,21069.03
3008,2103,663,1,10341.26
3009,6253,573,4,38454.53
3010,7045,383,3,35151.39
3011,7789,54,5,31948.37
3012,315,888,1,10418.01
3013,712,426,3,47018.33
3014,5437,38,2,42082.32
3015,660,866,2,48396.65
3016,2187,524,4,26906.07
3017,576,805,5,14298.19
3018,140,418,1,21768.03
3019,4605,33,1,23165.09
3020,5024,826,1,44456.43
3021,5646,646,2,9671.87
3022,7601,266,5,38562.83
3023,5664,16,2,7907.97
3024,24,218,1,13946.45
3025,1667,861,3,24195.02
3026,4205,284,2,16607.35
3027,6360,568,1,4589.94
3028,3313,146,4,29195.21
3029,5708,121,3,20819.63
3030,3756,306,5,35677.49
3031,4272,388,1,5741.59
3032,7697,729,5,1423.08
3033,4868,331,1,751.91
3034,6163,529,2,28106.6
3035,4048,294,4,23164.83
3036,3554,69,2,300.51
3037,6624,19,4,9860.69
3038,4254,243,3,33442.92
3039,57,198,1,22132.35
3040,4276,929,1,35541.26
3041,2813,793,2,30125.88
3042,7199,350,4,19561.18
3043,1810,751,4,41351.41
3044,341,466,3,34466.28
3045,7399,178,2,28301.89
3046,4929,7,2,45357.6
3047,1046,68,2,29300.58
3048,1087,586,3,5013.78
3049,3418,921,5,33138.64
3050,1401,249,1,47765.7
3051,5853,258,4,10584.27
3052,4526,153,5,47400.04
3053,5035,794,4,27713.72
3054,7651,565,1,14077.5
3055,1487,220,1,1677.71
3056,714,511,2,13251.38
3057,432,555,3,33128.42
3058,6095,659,2,6772.13
3059,3626,512,3,29548.93
3060,1964,802,1,48427.8
3061,4193,101,5,36629.25
3062,851,645,4,8267.53
3063,7530,442,3,3954.13
3064,3854,505,2,14287.93
3065,1068,35,3,4100.83
3066,2961,153,2,513.54
3067,6443,266,3,759.51
3068,7856,588,2,26871.43
3069,6659,958,4,11238.3
3070,2159,527,4,19641.73
3071,728,138,1,41291.32
3072,4698,339,1,38900.71
3073,2826,532,2,34928.78
3074,141,296,3,13648.05
3075,3558,170,3,42894.37
3076,1254,888,1,42811.84
3077,4396,629,3,35995.47
3078,5246,193,3,42552.44
3079,5999,750,4,14495.62
3080,5225,457,4,38227.56
3081,7318,669,1,995.6
3082,1170,535,2,36421.02
3083,7891,187,2,44554.03
3084,4327,505,4,4212.63
3085,4603,334,5,2166.55
3086,233,346,5,19802.01
3087,1308,388,2,41836.37
3088,4762,691,5,18096.98
3089,5088,598,2,28174.97
3090,3195,446,1,44276.39
3091,7848,625,4,11776.34
3092,5585,325,4,14723.99
3093,4462,588,2,20897.35
3094,5198,455,1,33899.39
3095,3033,351,2,6386.59
3096,5608,784,5,30333.27
3097,434,442,3,33204.41
3098,6467,853,5,14599.69
3099,1073,477,1,20274.15
3100,4676,975,1,27615.87
3101,1586,216,2,31198.73
3102,600,521,3,39311.75
3103,2661,836,3,42937.72
3104,3646,958,5,1939.79
3105,2872,23,5,45913.33
3106,4163,844,1,19468.16
3107,4470,839,4,13118.39
3108,5622,620,1,41050.18
3109,4650,677,1,33158.91
3110,3509,287,5,24631.86
3111,2546,870,5,23592.61
3112,2727,661,2,15105.77
3113,3889,687,5,44804.1
3114,3629,19,1,25346.65
3115,3664,294,2,15604.59
3116,676,975,3,23741.46
3117,2577,929,3,38331.05
3118,4422,872,3,41717.21
3119,1292,656,1,10311.28
3120,217,659,2,35489
3121,593,448,5,33797.7
3122,338,27,1,4118.95
3123,6444,502,1,48084.24
3124,7964,30,2,34696.51
3125,4958,398,3,28631.68
3126,7612,868,2,49077.41
3127,7704,905,2,9404.21
3128,1423,245,4,41589.01
3129,3765,806,1,38583.46
3130,2393,636,1,26823.28
3131,7162,258,3,28352.04
3132,150,287,2,28468.78
3133,1435,674,1,23759.27
3134,4470,458,4,32947.67
3135,3992,547,1,49316.44
3136,5402,791,1,46347.66
3137,3602,243,1,47108
3138,3725,528,3,37636.22
3139,2950,216,1,37158.44
3140,3851,193,2,30961.74
3141,443,664,5,32372.01
3142,7281,369,4,121.58
3143,5836,853,4,14141.86
3144,6800,349,4,11821.71
3145,196,484,2,1411.81
3146,5642,679,2,34344.47
3147,7091,198,1,35689.7
3148,2837,476,2,14485.6
3149,643,471,2,23887.39
3150,5782,215,1,48767.83
3151,7131,29,1,5397.73
3152,2453,420,1,34264.58
3153,4562,58,4,32316.28
3154,5550,572,3,15208.01
3155,4370,640,5,48882.03
3156,3454,548,3,47423.29
3157,5019,745,5,48167.64
3158,2742,615,2,932.1
3159,6365,308,5,5723.2
3160,1861,764,1,18523.58
3161,5246,448,4,13174.61
3162,1161,491,1,20575.49
3163,3521,698,4,46652.42
3164,5244,306,2,9416.9
3165,6894,202,1,28134.11
3166,1164,622,1,42955.54
3167,2480,444,5,7971.76
3168,4635,338,3,14347.5
3169,3136,481,5,45955.9
3170,4296,614,5,17561.31
3171,2061,857,1,14911.66
3172,1868,748,1,37747.07
3173,1380,839,2,38501.8
3174,563,710,3,21990.71
3175,144,775,3,3316.89
3176,5322,539,3,39304.39
3177,5724,773,2,32695.96
3178,4414,282,4,34953.68
3179,736,497,1,344.26
3180,892,897,1,27186.57
3181,2988,223,1,1163.86
3182,5826,965,5,21210.75
3183,7959,809,5,6980.2
3184,1023,499,2,12638.02
3185,7573,736,5,16145.9
3186,3713,503,1,2362.8
3187,2327,506,5,31765.41
3188,6944,588,4,18069.09
3189,2999,460,5,12942.55
3190,7871,553,4,33144.47
3191,7451,728,4,13726.75
3192,7454,443,2,37448.69
3193,2297,859,5,26081.31
3194,5628,25,3,22604.99
3195,4147,199,2,3489.59
3196,1205,531,3,46821.67
3197,6118,710,4,3190.99
3198,2322,836,5,24680.5
3199,3099,187,5,4151.07
3200,5045,233,1,27287.21
3201,41,762,1,26112.27
3202,1615,708,5,1406.73
3203,7259,855,2,6910.78
3204,150,445,5,33636.65
3205,6036,434,1,34358.47
3206,1848,16,4,24305.47
3207,868,476,2,7014.57
3208,4415,190,2,29514.35
3209,3947,612,4,12893.07
3210,6397,594,2,49926.53
3211,2209,138,5,26627.62
3212,1133,127,4,462.51
3213,235,447,5,15502.92
3214,4828,316,5,31741.34
3215,6162,807,4,45074.61
3216,6138,956,5,16007.42
3217,3120,233,3,47682.33
3218,6780,25,1,1506.01
3219,6538,695,5,23062.82
3220,2366,561,4,26990.14
3221,98,659,2,1409.81
3222,7024,667,3,10012.1
3223,5835,562,1,36492.33
3224,1700,94,4,10854.78
3225,2097,344,5,30518.28
3226,4207,900,2,6126.48
3227,7647,448,5,39067.38
3228,2739,521,1,23808.25
3229,1554,469,3,24995.27
3230,4635,282,3,48261.02
3231,6137,578,5,38677.26
3232,489,97,4,48084.76
3233,5699,681,1,38274.99
3234,3322,826,1,28834.24
3235,3100,30,5,1149.2
3236,2766,13,2,42161.54
3237,3224,996,2,25331.19
3238,2273,394,2,18167.36
3239,2192,17,4,33956.45
3240,7262,482,2,20943.76
3241,1788,631,5,35116.09
3242,1350,882,3,15009.13
3243,1296,381,5,43623.16
3244,2116,5,3,47961.27
3245,3103,220,3,28467.2
3246,7836,473,1,11955.57
3247,942,289,4,48438.96
3248,3672,750,2,4525.57
3249,4932,68,5,3279.44
3250,3893,942,1,42436.99
3251,7561,909,1,747.34
3252,7240,102,5,36634.98
3253,3123,849,2,2916.64
3254,7629,782,1,19294.36
3255,2503,310,2,3497.14
3256,5601,786,3,29603.15
3257,64,359,5,37499.95
3258,641,153,2,20242.36
3259,5345,908,4,39031.76
3260,1124,616,2,25974.27
3261,3120,184,4,41729.78
3262,6437,907,1,1185.21
3263,1184,212,3,38396.9
3264,5312,634,3,19785.33
3265,3258,255,3,43473.84
3266,5011,803,5,35408.41
3267,4473,942,3,16038.3
3268,7032,710,3,12390.77
3269,5518,514,5,21686.43
3270,5042,662,5,40344.66
3271,2320,371,3,2675.6
3272,7871,495,4,20854.88
3273,4889,375,4,27002.42
3274,2154,284,4,9066.72
3275,7633,872,4,16521.86
3276,3375,602,3,20508.95
3277,6558,684,1,24039.5
3278,5540,755,2,3460.3
3279,1018,270,3,38582.32
3280,6207,544,2,20472.54
3281,2145,917,1,2597.95
3282,7947,566,5,40631.27
3283,5224,580,2,30590.04
3284,326,249,2,25357.83
3285,6649,951,4,10697.82
3286,7512,979,2,6299.8
3287,1999,449,4,23644.88
3288,1287,595,5,26086.2
3289,223,642,4,33212.72
3290,460,25,5,44017.52
3291,4707,259,1,7260.74
3292,7064,270,5,5929.75
3293,6165,128,2,13462.59
3294,7911,659,2,41762.08
3295,2903,946,1,25433.73
3296,694,616,1,24450.53
3297,1335,223,5,3060.16
3298,4213,610,5,22500.79
3299,2039,6,4,10185.16
3300,1736,279,3,16666.11
3301,3336,804,5,660.42
3302,5391,902,4,19958.11
3303,4582,128,5,35634.4
3304,2692,339,1,30486.6
3305,4057,433,1,45689.81
3306,2307,270,5,14119.7
3307,1062,465,5,10149.04
3308,3837,882,5,16201.43
3309,5782,775,5,43788.76
3310,6802,787,1,45619.7
3311,5853,536,4,3903.04
3312,5249,774,4,34615.64
3313,2545,180,2,25301.26
3314,6572,599,3,46685.5
3315,2350,773,2,45897.26
3316,5635,447,3,34206.57
3317,6568,329,2,26568.19
3318,2091,203,2,19017.29
3319,6838,822,3,2084.96
3320,1927,216,1,15847.83
3321,1893,744,2,48601.81
3322,1881,548,2,21870.17
3323,5337,285,2,31871.17
3324,5123,371,1,20201.04
3325,7644,921,4,7747.55
3326,3242,743,5,44827.4
3327,7059,516,2,48427.29
3328,4257,637,3,31871.64
3329,857,628,1,32963.15
3330,2043,622,5,3148.36
3331,2219,190,4,43868.92
3332,6199,208,3,19818.65
3333,7210,62,2,35702.46
3334,7858,433,4,46916.81
3335,5570,961,1,37017.93
3336,1251,561,2,8430.91
3337,7520,490,4,16799.78
3338,2515,315,5,7595.55
3339,3407,928,4,46218.26
3340,1145,201,4,14634.45
3341,6878,838,5,786.85
3342,4126,720,5,45384.47
3343,6373,920,2,20312.56
3344,4745,963,3,25682.57
3345,1049,741,3,8003.11
3346,4427,746,2,1941.43
3347,6652,875,2,3059.48
3348,7321,936,4,25557.94
3349,4940,161,3,9912.38
3350,5621,764,1,18626.31
3351,4594,473,3,41025.42
3352,501,676,3,46666.74
3353,4635,897,3,46096.68
3354,2474,566,4,27748.17
3355,7731,610,4,36376.27
3356,7063,857,3,5102.96
3357,2604,580,3,475.98
3358,3221,156,4,12225.68
3359,6481,110,3,46246.61
3360,4510,414,3,30798.96
3361,5495,211,2,12511.96
3362,4895,746,1,17175.09
3363,342,984,4,43568.78
3364,121,616,2,43052.55
3365,3098,538,2,45112.18
3366,1078,54,5,43223.57
3367,5935,456,4,39894.62
3368,3257,796,4,12641.52
3369,2682,630,1,39602.8
3370,4369,485,2,49799.38
3371,3148,426,2,48169.55
3372,519,269,5,1335.77
3373,5157,77,1,27255.31
3374,6773,823,5,21452.89
3375,2391,788,4,3636.48
3376,2407,847,5,2238.67
3377,27,568,2,48626.3
3378,5003,486,5,40716.31
3379,2364,578,3,15623.31
3380,5236,202,1,31291.02
3381,3648,619,3,36414.57
3382,7328,779,4,37568.24
3383,3738,267,1,4085.14
3384,7489,979,5,32237.29
3385,7701,932,2,39961.94
3386,1683,740,5,17761.22
3387,1001,727,2,17178.18
3388,4734,145,4,18092.75
3389,3474,835,2,30129.06
3390,7975,846,3,29290.83
3391,2797,475,4,4341.37
3392,3078,498,1,27118.58
3393,5782,673,1,20756.16
3394,6279,428,4,45309.97
3395,1797,249,4,39113.56
3396,5176,172,2,41710.52
3397,6705,245,3,231.5
3398,7898,133,1,14483.96
3399,3148,439,3,6164.38
3400,3823,265,5,12147.86
3401,671,39,1,20493.29
3402,2170,772,3,14348.26
3403,6129,470,4,14843.76
3404,7799,470,2,2522.2
3405,1222,525,3,8204.5
3406,857,531,1,40438.87
3407,3942,501,5,26486.77
3408,7042,655,3,21147.41
3409,243,336,5,42247
3410,1080,116,3,40805.12
3411,2724,472,5,42660.31
3412,4347,327,3,12389.86
3413,2902,690,3,29159.44
3414,4423,424,1,6805.56
3415,5568,415,3,39153.29
3416,388,724,2,29373.11
3417,5124,777,5,5167.66
3418,5517,880,4,14854.67
3419,6130,842,1,16445.99
3420,7053,87,5,47266.29
3421,4211,349,4,9920.46
3422,2563,630,4,5325.32
3423,3562,96,5,43605.32
3424,1052,462,4,21140.27
3425,6523,736,5,44359.57
3426,2784,559,3,42720.35
3427,7741,52,5,11095.36
3428,2409,235,3,3890.06
3429,3326,745,4,31948.16
3430,6092,961,2,5938.85
3431,6583,704,1,48689.27
3432,6899,777,5,42949.14
3433,5,50,4,8584.92
3434,7380,16,3,11643.77
3435,3255,781,3,48420.72
3436,5900,43,3,18577.96
3437,339,306,2,32361.17
3438,6720,463,4,13159.98
3439,1581,916,1,47707.64
3440,6077,909,3,41444.78
3441,5607,802,1,40729.06
3442,5600,931,3,19718.95
3443,6767,802,4,41899.78
3444,6006,553,5,33399.01
3445,3346,358,4,22511.06
3446,6475,231,4,42480.09
3447,7454,789,5,5559.42
3448,2047,163,4,26953.93
3449,4123,460,1,1355.82
3450,23,308,4,37265.28
3451,6490,525,5,38391.29
3452,2879,625,4,33677.45
3453,5615,569,2,40443.16
3454,5254,797,3,32249.7
3455,2748,862,4,45120.92
3456,1096,626,2,9179.99
3457,5601,630,3,238.69
3458,7270,832,5,4208.53
3459,3532,443,2,12108.51
3460,4693,949,3,35293.9
3461,6835,307,5,8465.17
3462,6741,502,3,16806.43
3463,829,238,5,32879.89
3464,5092,193,5,19407.16
3465,5924,17,1,35885.06
3466,2626,161,4,6431.41
3467,1654,680,5,14036.01
3468,6841,547,1,26348.12
3469,6455,57,2,29696.58
3470,2383,332,3,25422.84
3471,2111,803,1,1243.1
3472,4757,90,4,25108.13
3473,7155,273,4,5412
3474,7441,239,1,47761.05
3475,531,323,2,17286.79
3476,5952,147,3,39243.34
3477,7321,299,4,14792.6
3478,5683,103,4,13968.81
3479,278,348,5,35080.68
3480,6595,418,4,12398.4
3481,4429,649,1,11509.72
3482,2684,821,4,38780.76
3483,7605,363,4,30581.23
3484,5599,789,5,46720.5
3485,3502,613,4,41098.55
3486,6422,174,5,16846.59
3487,2055,936,2,19812.55
3488,6550,239,1,42663.04
3489,6248,806,3,49063.35
3490,7014,732,1,46259.05
3491,7210,63,4,19983.79
3492,7388,294,5,33401.21
3493,2104,534,5,38950.74
3494,6888,76,1,11020.77
3495,7548,839,4,39546.83
3496,3702,973,5,38894.42
3497,7735,148,4,23134.49
3498,6396,108,1,25786.29
3499,6968,310,5,40363.63
3500,2409,27,5,17163.51
3501,4105,281,2,3416.24
3502,3782,714,5,35315.46
3503,4132,944,4,2544.76
3504,7713,295,4,42320.52
3505,271,962,5,7325.79
3506,5270,790,1,7332.64
3507,4836,651,4,11955.03
3508,3631,127,1,31136.23
3509,5345,126,2,35944.22
3510,1019,79,1,17217.89
3511,417,855,4,8454.16
3512,4715,478,1,16282.26
3513,12,848,2,430.28
3514,6430,667,4,37214.99
3515,7634,154,5,6159.76
3516,2323,341,2,44451.3
3517,7380,385,2,18820.06
3518,3372,590,1,19104.36
3519,653,977,5,38869.88
3520,6776,365,3,39069.14
3521,4442,263,3,9733.78
3522,2472,653,2,45015.04
3523,6125,836,4,34644.76
3524,408,407,5,17266.06
3525,6203,807,4,15224.56
3526,5154,523,1,46780.96
3527,4471,972,4,2947.57
3528,3678,205,1,40785.09
3529,1423,13,5,7723.38
3530,1653,254,5,47890.64
3531,6092,400,3,12619
3532,2480,320,1,19680.75
3533,7860,162,4,14825.28
3534,3806,929,3,6706.11
3535,6533,910,5,45193.58
3536,6279,426,2,24979.72
3537,3709,79,1,38387.93
3538,6374,391,4,15881.51
3539,424,808,3,41394.25
3540,1934,614,5,2285.23
3541,1642,505,4,40571.13
3542,7480,96,2,3635.64
3543,680,304,1,25605.21
3544,456,52,1,14747.77
3545,1359,113,5,41941.46
3546,1807,84,4,41138.73
3547,3097,285,4,8274.63
3548,4424,982,3,21634.37
3549,4209,965,5,6323.25
3550,3310,975,4,48462.19
3551,632,28,5,5336.01
3552,2020,670,1,3160.85
3553,7757,465,5,12972.83
3554,4561,822,5,34559.05
3555,4084,724,1,32864.85
3556,5442,783,3,30636.79
3557,3981,711,1,45922.7
3558,4235,114,3,20257.29
3559,1450,581,2,31199.35
3560,437,919,3,45161.42
3561,5070,246,5,12855.81
3562,845,75,1,9431.9
3563,5491,710,5,19263
3564,2596,871,4,29501.04
3565,1438,897,4,10937.28
3566,2173,796,5,11043.71
3567,2437,847,4,23523.12
3568,2405,709,1,27596.66
3569,133,403,4,32054.01
3570,7038,983,5,8970.12
3571,1210,406,1,7694.46
3572,4029,532,3,5721.16
3573,613,498,5,19172.69
3574,4136,833,1,11939.31
3575,6037,408,4,34109.38
3576,4665,206,5,20397.62
3577,7343,105,1,39155.66
3578,6237,608,5,12826.92
3579,7201,105,1,5266.17
3580,4277,307,5,36440.96
3581,1757,964,1,22555.71
3582,5757,501,2,26853.69
3583,3303,132,3,15658.99
3584,3072,970,3,5539.59
3585,2522,295,5,16049.79
3586,191,837,1,5235.14
3587,2146,261,5,3417.7
3588,6321,268,3,41629.44
3589,1364,754,5,31444.94
3590,5378,677,5,16473.36
3591,6298,772,4,40953.16
3592,3575,954,5,9410.96
3593,3607,692,5,30844.49
3594,7903,700,2,34257.02
3595,7900,785,2,24022.74
3596,5623,168,3,44405.08
3597,2100,144,2,20186.41
3598,7395,214,1,37347.22
3599,1270,17,1,7376.87
3600,3625,514,1,34205.3
3601,7586,785,4,8136.73
3602,1612,291,3,10982.78
3603,7698,744,3,43246.03
3604,3343,262,1,11743.07
3605,2606,85,3,7217.58
3606,790,791,2,2240.09
3607,2583,17,5,32663.71
3608,6410,86,1,301.7
3609,3615,774,3,23661.7
3610,2156,852,3,45374.89
3611,4380,770,4,48751.55
3612,3273,534,2,17195.75
3613,2292,835,1,9843.55
3614,4003,413,2,1082.31
3615,1918,231,4,15050.8
3616,7879,881,2,32516.23
3617,1920,899,1,4557.03
3618,3732,946,2,28160.01
3619,7373,698,3,37231.91
3620,4938,102,5,26133.54
3621,6184,912,4,4116.25
3622,6925,997,3,28030.36
3623,5277,788,4,46766.11
3624,5817,194,1,26310.28
3625,4195,371,5,12837.61
3626,3304,269,3,21020.76
3627,5341,378,3,19424.11
3628,3086,166,1,19507.12
3629,7950,294,4,26956.94
3630,4536,977,2,47978.38
3631,7331,967,1,2675.6
3632,5227,297,2,5695.22
3633,2298,750,2,18593.69
3634,2758,216,3,4202.68
3635,7982,384,5,41711.57
3636,6492,89,3,8434.78
3637,7063,252,3,35174.5
3638,385,229,4,33360.99
3639,2851,678,5,20189.68
3640,1261,120,3,22094.07
3641,7124,517,1,34119.57
3642,6527,273,4,20093.32
3643,3436,621,2,34309.11
3644,2336,398,2,28601.73
3645,7454,648,5,10213.27
3646,4183,899,3,35433.36
3647,6067,47,5,34093.03
3648,2864,638,5,5973.26
3649,3371,799,1,8586.79
3650,2103,182,4,17731
3651,4664,482,4,36613.27
3652,65,828,5,16285.22
3653,978,151,5,18097.59
3654,6505,668,3,18058.07
3655,395,559,2,44222.2
3656,4671,310,1,43988.4
3657,3133,981,3,9920.49
3658,3687,922,1,46023.17
3659,5894,109,1,27921.19
3660,3115,425,1,36377.55
3661,3945,730,4,33344.61
3662,2988,837,4,40884.57
3663,2112,17,3,46188.65
3664,2997,981,4,23660.73
3665,2964,636,4,1686.48
3666,6454,378,3,7570.21
3667,4251,155,1,5649.79
3668,3493,503,3,13985.42
3669,1889,455,3,2885.66
3670,7649,885,1,21821.2
3671,7200,963,1,34701.64
3672,2192,571,1,45540.24
3673,3789,107,4,23778.33
3674,1124,604,4,15245.7
3675,3894,329,5,36516.13
3676,5264,583,3,20498.35
3677,2651,720,5,39360.74
3678,2986,882,5,28818.53
3679,3615,939,3,32476.73
3680,3746,475,4,48574.2
3681,6681,700,1,38008.32
3682,6456,194,5,7326.78
3683,8000,535,3,15168.93
3684,3567,455,5,3466.03
3685,2620,777,2,41425.52
3686,1745,616,4,42165.68
3687,4627,683,5,43321.02
3688,5613,213,4,44175.12
3689,2112,763,3,34092.5
3690,5256,293,3,21470.32
3691,4438,649,4,43609.51
3692,6840,623,2,34080.36
3693,2368,731,3,21241.43
3694,5729,246,3,6409.15
3695,4774,3,1,1108.83
3696,2947,147,5,31587.36
3697,5334,211,1,28200.65
3698,7950,827,5,21953.05
3699,855,741,1,12974.52
3700,7400,574,1,25889.56
3701,7049,777,3,32657.12
3702,5609,33,5,34592.8
3703,3919,446,5,39686.58
3704,3306,311,1,5340.59
3705,2862,551,3,42966.43
3706,6051,39,5,48153.75
3707,6421,83,2,34661.62
3708,827,931,4,10330.34
3709,6359,212,2,24408.27
3710,3867,333,5,631.34
3711,6956,461,5,1600.43
3712,5671,365,4,16668.34
3713,2392,108,3,46372.87
3714,298,553,2,26904.31
3715,4601,964,3,4001.06
3716,7872,847,3,48663.19
3717,5335,769,5,42927.05
3718,4090,843,3,11820.09
3719,7343,750,1,8599.67
3720,7585,234,4,9807.63
3721,4241,179,1,434.46
3722,987,916,5,38935.14
3723,5681,611,4,9661.35
3724,29,695,2,3092.83
3725,100,868,2,38842.4
3726,358,306,2,6491.39
3727,5905,236,5,37441.17
3728,7880,623,2,48190.69
3729,332,830,1,49199.03
3730,3148,783,3,3649.28
3731,5542,339,5,25594.81
3732,1460,744,5,18842.21
3733,4255,257,1,5329.67
3734,3768,808,2,47900.41
3735,2720,705,1,8989.2
3736,5089,957,2,45317.73
3737,6637,506,4,39768.05
3738,6194,216,3,8890.4
3739,6337,573,5,23837.63
3740,888,568,5,36194.68
3741,346,668,1,21056.81
3742,4746,420,3,13076.75
3743,1402,32,1,44946.82
3744,496,756,5,8019.68
3745,6150,709,5,10032.87
3746,6141,571,5,3922.74
3747,4289,191,4,1578.11
3748,3619,797,5,22396.74
3749,1469,247,2,39873.26
3750,656,819,5,21359.15
3751,5197,288,3,1036.48
3752,4357,2,5,27507.96
3753,1197,671,4,40098.31
3754,2405,243,5,43912.01
3755,3642,179,1,46698.26
3756,5647,783,3,28011.26
3757,2491,46,4,12561.34
3758,7984,948,3,33842.75
3759,1984,574,5,26008.22
3760,1724,802,4,22398.99
3761,7772,631,5,35558.07
3762,3110,499,5,26223.2
3763,1209,808,4,43452.87
3764,3218,792,2,5860.83
3765,5359,856,1,42031.41
3766,1806,443,1,26836.53
3767,1382,786,3,32846.03
3768,7699,954,1,35550.14
3769,836,207,5,4289.22
3770,5072,404,2,48464.05
3771,4474,689,1,4647.42
3772,7231,226,5,49961.95
3773,341,499,4,8704.41
3774,2497,926,3,11929.88
3775,1904,689,4,4766.07
3776,5120,197,2,47738.71
3777,4893,673,1,5653.66
3778,4633,925,4,12556.21
3779,2011,916,3,32953.78
3780,4890,1,1,36830.26
3781,4479,174,4,22232.15
3782,1998,884,3,46316.18
3783,2291,978,4,41855.22
3784,3103,887,4,5230.33
3785,3605,221,2,22650.07
3786,3449,813,4,2431.1
3787,7564,263,3,17847.18
3788,1806,415,4,27319.01
3789,4386,662,5,44053.67
3790,7312,845,2,34915.35
3791,3702,855,2,32841.67
3792,247,500,3,6733.57
3793,5534,593,2,19634.14
3794,307,672,5,30153.68
3795,1735,933,3,31180.39
3796,4621,36,4,38070.38
3797,7433,823,4,49941.51
3798,42,319,5,13593.06
3799,61,519,2,5230
3800,3831,843,5,47765.08
3801,4690,775,4,43279.24
3802,241,822,3,20392.88
3803,7583,354,1,37384.04
3804,534,677,3,46246.54
3805,4367,627,1,29082.89
3806,233,34,1,28924.49
3807,6709,449,1,10728.59
3808,6013,271,5,1339.08
3809,6676,878,4,27444.77
3810,2225,32,1,21716.45
3811,3622,170,1,996.67
3812,1066,999,2,17328.82
3813,3611,476,1,21618.32
3814,1953,2,1,35820.77
3815,1618,839,1,25309.63
3816,4209,350,3,28852.53
3817,1535,867,5,48083.1
3818,2800,725,1,1669.74
3819,783,413,1,13700.3
3820,4412,350,1,9775.02
3821,2477,272,5,5033.42
3822,1206,65,4,39220.1
3823,3607,743,2,43796.94
3824,2924,836,5,23831.71
3825,5008,435,4,14397.4
3826,3691,725,1,6684.61
3827,6252,172,2,44414.88
3828,7877,158,3,38376.8
3829,109,627,3,38292.11
3830,2539,588,1,49055.06
3831,4184,455,4,40225.21
3832,7417,798,5,30471.51
3833,1082,229,3,30250.19
3834,1573,80,4,44089.73
3835,7629,221,4,35485.63
3836,6937,874,3,2789.98
3837,1659,650,1,20677.03
3838,5651,261,1,48891.2
3839,6859,976,3,35693.54
3840,2490,817,5,152.13
3841,6516,454,2,5386.3
3842,3642,976,4,49490.39
3843,7559,755,1,25541.67
3844,2098,145,1,21812.48
3845,1974,322,2,24929.08
3846,4509,63,4,33628.46
3847,621,39,3,1578.73
3848,2117,693,2,41417.69
3849,2607,943,4,36877.7
3850,1687,768,4,36826.76
3851,750,478,5,549.3
3852,4343,983,4,36466.89
3853,4295,936,3,4525.31
3854,6172,268,5,30208.96
3855,7001,332,3,9082.58
3856,6726,891,1,13232.84
3857,4591,701,2,37151.07
3858,2336,58,4,40120.43
3859,6299,488,4,14467.82
3860,6534,942,4,12791.74
3861,3240,388,2,12965.49
3862,7923,682,2,3589.44
3863,6414,353,1,33640.72
3864,5950,811,2,14516.45
3865,3633,949,1,49229.91
3866,5080,990,4,38617.92
3867,3388,175,2,33185.45
3868,6447,338,2,2391.4
3869,4998,8,1,27142.43
3870,6705,620,5,49341
3871,5271,67,2,5957.79
3872,6867,255,5,49575.09
3873,1068,355,2,13139.6
3874,537,100,3,28210.43
3875,2501,686,4,3740.87
3876,4339,496,2,13008.47
3877,4661,61,5,2781.49
3878,2515,810,1,30277.27
3879,4055,719,3,1643.7
3880,61,249,5,28287.69
3881,6827,544,1,11356.07
3882,5273,469,4,49854.27
3883,6964,563,2,15400.93
3884,3053,730,5,938.68
3885,5852,501,2,18343.25
3886,166,113,2,44551.96
3887,6863,549,4,26365.69
3888,6284,427,5,36510.48
3889,2200,574,3,6397.83
3890,637,22,5,6413.61
3891,316,693,3,6006.25
3892,6860,483,1,33869.22
3893,5179,684,4,10297.17
3894,4742,36,4,47225.68
3895,3829,464,2,41556.61
3896,7302,967,3,7595.59
3897,6609,943,4,14931.34
3898,5881,383,1,21831.68
3899,2796,469,1,30809.2
3900,1614,999,1,47607.46
3901,6023,427,4,49381.33
3902,6815,28,4,13312.44
3903,328,407,2,6106.66
3904,5625,767,5,38978.75
3905,949,74,4,32305.03
3906,2852,41,5,39028.9
3907,1281,885,1,20073.63
3908,311,439,4,38943.07
3909,3745,376,1,41544.84
3910,873,3,5,45029.66
3911,5234,967,2,9783.25
3912,1113,915,5,32061.05
3913,5104,788,3,46597.97
3914,839,345,2,3102.18
3915,4342,465,3,19832.84
3916,7684,862,3,5318.69
3917,1069,253,1,16010.4
3918,1262,909,1,43750.82
3919,1260,308,2,30319.58
3920,754,365,1,47841.47
3921,5733,978,2,3633.74
3922,7573,247,2,20480.72
3923,2497,54,2,20679.04
3924,1176,449,4,34205.03
3925,6291,825,4,5920.7
3926,7183,103,4,2367.17
3927,3847,875,2,49951.26
3928,3936,728,3,33067.93
3929,1742,38,2,22143.69
3930,858,667,3,34170.61
3931,6718,720,5,26115.02
3932,3762,113,1,34437.57
3933,3031,136,4,16390.53
3934,6348,229,3,41718.13
3935,6695,175,2,46854.88
3936,7796,355,3,34328.96
3937,341,201,2,956.34
3938,4122,897,3,20588.23
3939,6608,907,4,13486.69
3940,589,372,2,14939.98
3941,2605,689,5,1704.18
3942,5258,720,5,18178.11
3943,3155,152,5,22482.86
3944,4495,142,2,28474.44
3945,1291,241,3,29196.93
3946,4879,233,4,45834.74
3947,4402,547,4,45836.96
3948,173,785,3,49727.06
3949,846,615,1,28568.91
3950,822,236,5,10988.86
3951,7876,130,4,39647.35
3952,7069,574,5,28428.04
3953,2211,139,2,10509.45
3954,2580,839,5,3816.97
3955,7761,415,3,43220.83
3956,673,830,4,31908.7
3957,4490,634,5,19666.06
3958,324,692,4,35353.72
3959,6398,759,3,30827.93
3960,3631,808,5,3977.81
3961,2231,267,3,22008.71
3962,7332,579,3,42764.82
3963,6228,496,3,46251.7
3964,3890,585,5,27196.04
3965,2572,702,1,12783.31
3966,4560,72,2,3463.69
3967,1836,543,3,41926.89
3968,5488,405,3,11697.63
3969,220,452,3,17455.63
3970,7448,33,4,16568.74
3971,4769,287,1,9090.86
3972,989,791,3,48921.01
3973,1494,760,2,43805.48
3974,4214,802,1,38422.64
3975,3173,160,4,3897
3976,3039,904,5,26586.26
3977,251,163,4,40050.38
3978,7095,705,1,9334.58
3979,115,402,4,16678.61
3980,2826,546,4,29794.76
3981,6934,801,1,10152.3
3982,3563,963,1,12348.9
3983,7135,412,1,44183.48
3984,1106,430,2,46684.41
3985,188,327,3,12133.17
3986,663,724,1,46587.78
3987,2183,856,2,2163.34
3988,5527,445,5,10551.3
3989,6555,765,4,1207.66
3990,4449,879,4,24842.05
3991,4941,665,3,22146.31
3992,6362,620,1,46258.29
3993,5899,100,2,8968.04
3994,2158,206,4,42803.77
3995,7176,439,1,9643.18
3996,5512,43,4,26212.7
3997,2036,179,5,25287.35
3998,2918,149,1,3800.62
3999,7217,435,1,24618.69
4000,3678,354,1,9604.88
4001,6507,981,3,46649.85
4002,7489,579,1,6322.45
4003,692,348,2,14477.19
4004,7239,346,5,30439.42
4005,1831,577,3,45525.83
4006,2238,694,1,41271.38
4007,3105,560,2,19719.14
4008,3096,303,4,11955.21
4009,4510,223,2,47713.54
4010,2893,43,4,21281.65
4011,3932,721,4,12418.62
4012,5555,671,3,2737.84
4013,2531,839,2,42057.96
4014,1098,723,1,43373.07
4015,819,396,1,46857.44
4016,1355,951,4,19619.17
4017,3895,143,5,9660.5
4018,1368,9,3,2858.65
4019,6495,553,5,21535.44
4020,291,199,2,22971.85
4021,2874,715,1,26501.6
4022,2983,331,1,10195.26
4023,7968,794,1,2714.66
4024,1267,926,5,5955.34
4025,4878,917,1,33460.09
4026,2292,517,4,20157.21
4027,801,496,2,37178.45
4028,5629,763,4,31015.71
4029,712,615,2,15206.03
4030,502,655,3,35223.69
4031,3945,335,5,15578.72
4032,6509,725,5,17971.22
4033,1276,792,3,34437.04
4034,4536,378,1,7883.59
4035,6984,245,3,25060.16
4036,5692,257,4,13568.3
4037,3959,255,5,30797.32
4038,4878,437,5,18905.63
4039,7235,302,4,41493.65
4040,1113,862,5,25511.24
4041,1246,898,4,21173.65
4042,6695,938,2,45982.28
4043,2608,862,5,2907.99
4044,874,677,2,9409.56
4045,5734,347,2,41445.75
4046,4203,416,5,41935.26
4047,6827,778,5,22729.31
4048,7453,192,2,30260.68
4049,3189,968,4,9083.35
4050,1249,15,4,40533.92
4051,6838,29,1,39447.75
4052,880,317,2,26143
4053,3859,806,2,27014.53
4054,2354,984,3,20354.05
4055,839,829,1,3261.31
4056,2362,666,4,19367.14
4057,297,998,1,29741.73
4058,3827,198,4,37598.04
4059,4717,3,4,30934.32
4060,2581,96,2,7488.04
4061,3237,775,1,36396.44
4062,5705,983,3,14139.07
4063,788,276,4,15314.67
4064,2740,798,1,33601.54
4065,3633,536,1,41989.61
4066,482,736,2,3156.49
4067,4419,496,3,42194.62
4068,5769,595,1,1555.77
4069,1001,369,3,27660.58
4070,3279,878,3,27825.67
4071,676,474,2,44392.85
4072,2372,674,1,45520.43
4073,5128,284,2,20008.29
4074,5157,311,3,37140.36
4075,1881,445,2,37549.79
4076,2985,161,4,21541.44
4077,7549,633,5,33884.55
4078,2924,341,2,31982.77
4079,7557,267,2,382.79
4080,6588,53,4,31530.8
4081,5516,529,1,2894.53
4082,6428,268,3,3031.99
4083,3204,416,1,28464.09
4084,4247,724,1,49036.95
4085,109,276,2,44056.7
4086,1050,286,2,10155.01
4087,666,212,5,1490.99
4088,2590,161,2,15838.67
4089,3998,856,5,13931.72
4090,6778,76,5,24805.64
4091,2188,195,2,9467.85
4092,5631,593,5,11749.32
4093,4027,548,3,34121.74
4094,6214,496,3,22961.52
4095,275,218,2,38545.58
4096,6330,366,3,46626.54
4097,1254,578,2,3793.61
4098,1852,654,4,35891.75
4099,5444,310,1,41453.99
4100,2880,897,3,4177.6
4101,4745,688,1,34598.75
4102,6855,90,2,34664.9
4103,5099,977,5,27527.02
4104,3099,211,5,21028.03
4105,7867,595,1,26054.3
4106,7327,71,3,9725.16
4107,2035,524,2,28092.51
4108,4439,884,5,49098.23
4109,2651,504,5,16126.77
4110,37,898,3,36503.78
4111,4281,321,5,10293.98
4112,3513,438,1,26878.83
4113,1803,515,4,7433.23
4114,19,207,3,46680.53
4115,5880,183,3,32312.6
4116,7118,390,2,11424.64
4117,7704,796,4,13880.27
4118,5251,495,5,44492.19
4119,2959,473,4,10534.02
4120,2104,354,2,41790.46
4121,4658,971,4,1974.93
4122,884,817,2,1302.52
4123,1927,777,3,37814.65
4124,3158,204,1,12749.28
4125,3051,330,1,45844.84
4126,5060,350,2,3387.64
4127,7022,483,5,26314.8
4128,1800,843,5,34794.77
4129,5241,682,3,6750.52
4130,5828,580,4,4038.76
4131,3792,697,1,29505.68
4132,7844,548,4,15392.88
4133,1494,933,1,33923.2
4134,7933,905,2,33477.15
4135,5092,317,4,5917.37
4136,6884,876,2,15575.08
4137,6296,312,4,27007.24
4138,1072,638,5,14932.98
4139,7112,92,2,44494.5
4140,6885,964,4,47203.42
4141,2146,258,3,48580.4
4142,7827,539,1,33857.63
4143,1191,560,5,22852.06
4144,7972,396,3,33988.15
4145,3978,24,5,28024.8
4146,1856,904,4,48081.7
4147,5810,882,3,5431.08
4148,2962,738,3,48031.64
4149,982,205,2,41671.28
4150,5267,62,4,23347.53
4151,924,500,1,11087.68
4152,842,941,4,13156.16
4153,7065,176,5,7486.03
4154,5589,538,3,34611.53
4155,7380,848,1,35820.66
4156,7547,956,3,16667.99
4157,1659,659,3,18126.43
4158,5424,133,2,21219.15
4159,3179,502,1,16540.24
4160,800,50,5,24958.67
4161,5335,166,4,5965.25
4162,7923,617,4,19300.99
4163,4263,74,4,23893.93
4164,5622,333,1,46889.99
4165,4534,547,2,39906.1
4166,5718,877,3,11256.66
4167,7854,696,5,36721.01
4168,5260,945,4,24868.24
4169,3394,882,3,41750.76
4170,7808,746,2,6880.37
4171,997,109,2,16790.98
4172,3086,333,5,20279.33
4173,4941,367,1,860.78
4174,3746,798,2,33481.53
4175,7076,231,5,16044.28
4176,2414,84,4,14758.53
4177,7847,118,4,4299.11
4178,3700,875,2,19433.54
4179,4019,160,5,21843.8
4180,5038,550,5,39139.01
4181,1093,215,3,16533.8
4182,2527,580,5,31288.88
4183,1846,322,3,20717.08
4184,3652,589,3,6927.2
4185,5720,627,5,7419.21
4186,3565,309,4,25743.51
4187,1206,95,4,24020.97
4188,7300,368,3,47362.66
4189,6260,679,1,42017.92
4190,7865,77,2,2670.67
4191,643,57,3,12193.48
4192,1137,986,1,32709.91
4193,5009,550,3,9478.4
4194,5959,433,4,17141.23
4195,2033,410,4,33985.3
4196,6597,636,4,37298.7
4197,4195,510,3,3414.23
4198,604,944,1,27841.25
4199,6373,534,5,4907.92
4200,1347,108,5,18771.71
4201,2473,995,4,28844.89
4202,1548,18,2,29457.52
4203,294,236,1,6454.4
4204,6438,821,4,49814.73
4205,312,710,1,6474.6
4206,4115,417,1,33128.03
4207,7312,735,3,31537.91
4208,7877,498,1,20103.14
4209,7748,713,3,16890.32
4210,7761,474,5,26776.24
4211,5589,868,5,34280.52
4212,7375,163,2,13394.94
4213,2611,556,1,8400.22
4214,6856,956,4,46749.02
4215,953,278,2,44040.18
4216,2389,523,1,4940.86
4217,3087,40,4,25129.57
4218,4322,489,3,8496.49
4219,4566,913,5,5946.34
4220,3978,314,1,13885.59
4221,6815,492,2,8385.93
4222,4195,697,4,37900.14
4223,1751,787,5,25930.05
4224,1381,78,1,5966.53
4225,111,681,3,49607.6
4226,2040,348,4,22552.86
4227,2945,482,4,33675.89
4228,6190,657,4,20891.61
4229,3310,716,5,23718.56
4230,3252,807,3,25689.82
4231,6554,683,5,37903.28
4232,123,925,5,11111.4
4233,282,536,5,34846.53
4234,3288,628,5,14141.54
4235,4309,637,3,17947.88
4236,5393,321,1,34527.11
4237,6528,21,2,19246.94
4238,2103,607,1,37179.9
4239,5340,553,4,14572.58
4240,5417,84,4,39146.92
4241,1645,431,2,35011.1
4242,4733,717,4,21903.52
4243,6597,654,3,15866.91
4244,7934,514,5,28198.98
4245,1008,938,5,27559.93
4246,3406,177,1,17483.5
4247,3365,417,4,14009.43
4248,506,133,5,19587.04
4249,5688,89,2,11579.91
4250,3968,349,3,38778
4251,6423,142,5,21487.75
4252,4285,500,4,22637.44
4253,2720,530,2,32787.74
4254,5858,866,2,34462.02
4255,921,265,5,45078.86
4256,1807,614,2,43860.82
4257,5627,21,4,49199.2
4258,5932,706,5,36214.69
4259,446,765,5,31980.17
4260,281,292,4,47460.17
4261,6816,946,5,24693.34
4262,3783,387,4,27541.3
4263,4450,360,1,20155.22
4264,6550,500,2,798.65
4265,3607,613,4,160.59
4266,5357,326,1,20111.5
4267,2099,474,1,27837.69
4268,2689,71,2,28942.34
4269,2593,159,5,11128.74
4270,4742,433,5,29131.07
4271,1249,363,4,33141.85
4272,2268,76,1,3568.96
4273,1996,177,5,44162.45
4274,7722,579,2,42060.7
4275,186,188,1,34897.96
4276,1518,582,5,35090.37
4277,4892,581,1,28260.5
4278,2323,676,2,43087.96
4279,2014,981,4,24779.29
4280,4731,918,4,24256.45
4281,1991,541,5,12507.87
4282,4940,66,4,875.55
4283,2844,661,1,4917.79
4284,5891,907,5,31793.02
4285,578,881,2,22335.27
4286,6328,95,5,44102.57
4287,6886,41,2,7036.74
4288,2235,951,3,27670.97
4289,5545,258,5,5654.77
4290,1757,581,1,39699
4291,1193,849,2,24265.99
4292,418,873,2,11492.35
4293,2758,513,3,14986.52
4294,1723,846,4,49160.86
4295,4755,347,3,47544.03
4296,546,598,4,37520.17
4297,2181,445,2,42684.41
4298,6806,739,3,15892.81
4299,4418,493,1,8356.34
4300,3175,372,2,30311.3
4301,2571,34,5,36140.57
4302,2478,316,5,6316.27
4303,5888,421,2,23279.21
4304,1657,732,4,11938.85
4305,4905,194,2,36319.08
4306,2155,532,1,7428.27
4307,4866,279,2,19567.27
4308,4573,752,1,41351.09
4309,2909,216,1,2176.45
4310,1086,197,2,9880.95
4311,7360,759,3,33863.42
4312,5711,158,3,5952.38
4313,6029,621,4,21675.8
4314,1306,483,4,6927.03
4315,3986,570,5,3878.32
4316,6428,846,5,13164.62
4317,5169,681,4,22612.79
4318,7838,699,1,37202.89
4319,5884,807,5,6159.09
4320,2205,767,1,25649.56
4321,2926,593,3,26268.1
4322,4829,466,2,5878.44
4323,4326,867,1,13869.53
4324,5093,670,2,10217.73
4325,1575,158,2,35682.49
4326,5068,914,4,14982.82
4327,5464,848,4,8846.15
4328,506,467,2,4926.33
4329,6606,327,2,15125.03
4330,707,623,1,30271.74
4331,5149,362,1,1457.18
4332,6902,963,4,5667.32
4333,4791,978,1,7421.23
4334,4678,915,4,39734.23
4335,5448,230,5,28135.25
4336,2598,383,5,9833.65
4337,7840,236,1,27053.16
4338,7366,335,3,26626.73
4339,3924,406,1,28291.5
4340,1745,518,3,10594.9
4341,259,731,5,3175.13
4342,7853,566,5,47194.27
4343,355,683,4,2029.36
4344,5894,597,3,18826.86
4345,1172,498,5,41127.75
4346,4697,409,1,10038.64
4347,6428,976,3,28301.36
4348,135,721,2,46308.9
4349,7622,158,5,47727.47
4350,4811,696,4,18249.23
4351,465,160,5,3003.71
4352,6799,492,4,3717.44
4353,4952,557,5,45196.78
4354,3006,988,4,43641.03
4355,5757,64,3,42183.95
4356,1393,620,5,28009.69
4357,3766,432,4,11442.83
4358,3835,850,3,21927.52
4359,3459,621,2,9746.68
4360,6206,728,2,49612.03
4361,4609,290,4,40044.68
4362,753,15,4,48954.88
4363,492,666,5,12723.93
4364,3023,679,5,24114.82
4365,2522,734,5,40029.86
4366,4043,458,5,17401.21
4367,5569,119,3,35307.43
4368,3942,66,1,23742.41
4369,862,913,3,38592.18
4370,6046,56,1,6273.36
4371,1004,746,4,22265.71
4372,7355,987,2,11068.61
4373,4321,721,4,26092.49
4374,6810,907,5,34732.74
4375,749,576,4,3568.81
4376,3253,493,3,10968.83
4377,6983,217,1,5172.22
4378,718,153,1,35354.74
4379,4150,325,3,652.47
4380,3983,952,5,7924.01
4381,5914,667,1,580.67
4382,4757,890,5,10783.91
4383,24,183,1,20857.91
4384,7278,808,3,34021.16
4385,3500,482,3,7859.73
4386,3765,93,5,43907.75
4387,2094,415,5,21883.76
4388,5761,700,3,2555.98
4389,5859,939,4,18804.18
4390,3523,803,4,9770.78
4391,189,683,5,30663.86
4392,5699,298,3,28900.55
4393,6842,583,1,33336.54
4394,1915,548,3,35080.15
4395,1521,381,3,48857.24
4396,1223,961,2,4804.12
4397,4909,389,2,40408.45
4398,5600,536,4,21312.79
4399,2206,464,2,16925.71
4400,4024,570,5,9104.18
4401,2692,75,2,36643.86
4402,4834,566,1,16973.54
4403,3108,193,1,1580.24
4404,2833,320,5,46207.62
4405,5598,378,1,35223.74
4406,1376,270,4,44950.7
4407,1432,446,5,9336.78
4408,5803,791,5,18480.97
4409,4278,115,4,18617.1
4410,32,681,2,17770.31
4411,4352,556,2,21048.74
4412,414,284,1,42450.62
4413,802,822,4,27027.54
4414,3281,218,5,18642.39
4415,1786,368,5,18317.53
4416,5048,168,2,30982.76
4417,5328,688,3,48343.52
4418,4225,915,2,3827.5
4419,3104,499,5,8550.53
4420,1167,422,3,34894.69
4421,1270,340,3,26301.32
4422,4755,830,2,48992.57
4423,3229,197,3,26091.94
4424,4446,678,4,27992.94
4425,6825,32,4,34089.92
4426,4035,542,5,30256.5
4427,2137,70,3,45654.81
4428,7188,907,4,42892.54
4429,1191,624,2,29140.69
4430,1701,497,1,24215.7
4431,232,842,5,35931.91
4432,1191,768,2,24224.53
4433,5707,820,4,17006.05
4434,2985,583,1,11885.44
4435,6401,223,1,24889.93
4436,433,267,3,26903.23
4437,1578,850,4,7499.17
4438,1614,613,2,6908.38
4439,107,55,1,8435.46
4440,1879,74,1,25845.67
4441,3715,319,5,37277.66
4442,5376,710,4,29030.71
4443,1668,536,2,11725.32
4444,798,479,1,22424.62
4445,7801,592,3,27459.87
4446,6571,198,2,46130.98
4447,592,726,5,19007.61
4448,3339,333,5,27853.82
4449,2887,916,3,21453.83
4450,834,202,1,46928.45
4451,843,140,1,1747.07
4452,6900,996,2,45063.87
4453,1465,277,3,22130.4
4454,2352,493,4,22735.02
4455,7859,149,3,35472.53
4456,4007,906,1,21861.51
4457,4071,745,4,3572.88
4458,7550,443,4,5456.94
4459,5469,120,2,9210.86
4460,4593,329,1,17984.81
4461,3219,260,2,45179.23
4462,798,805,2,22942.49
4463,2869,641,4,6266.77
4464,5292,382,4,38108.66
4465,2310,322,4,40401.97
4466,1795,154,5,2460.69
4467,743,36,5,43262.41
4468,3758,262,4,30910.92
4469,5459,15,3,33853.78
4470,444,880,4,43046.85
4471,1766,225,4,23943.38
4472,757,688,5,709.67
4473,4687,218,5,36499.07
4474,6052,756,5,19680.12
4475,2940,492,3,10147.39
4476,6673,276,1,26163.81
4477,7385,170,5,953.11
4478,3243,477,5,2099.94
4479,445,42,4,5022.58
4480,5552,234,2,5476.39
4481,6737,700,1,10579.14
4482,2332,679,3,40962.17
4483,4161,419,2,10628.74
4484,3669,513,5,47266.32
4485,2101,192,2,37045.46
4486,1289,639,1,25009.02
4487,4539,736,3,44700.72
4488,6284,842,4,7199.75
4489,1376,852,5,23190.71
4490,4249,209,2,31079.38
4491,5263,366,3,48268.34
4492,599,565,1,39975.36
4493,3010,360,1,22924.08
4494,4311,401,4,36341.16
4495,3072,667,5,45433.25
4496,7630,832,2,43818.36
4497,7301,191,1,41231.7
4498,3433,291,1,38200.39
4499,2863,442,4,3396.51
4500,451,160,3,21602.91
4501,5988,41,5,26922.83
4502,5359,124,2,17730.47
4503,2573,762,3,37279.78
4504,2982,687,2,25615.58
4505,5509,338,4,377.74
4506,2660,580,1,36327.36
4507,7205,104,5,46571.14
4508,2627,433,4,30224.63
4509,2802,892,5,5306.9
4510,4835,408,3,27140.19
4511,4313,629,1,46099.68
4512,3562,402,4,6328.39
4513,6859,965,4,20114.1
4514,4795,840,5,14678.34
4515,2004,107,5,4695.63
4516,3577,205,2,44025.75
4517,6029,272,3,46310.51
4518,7986,562,1,12108.36
4519,3602,847,5,6526.57
4520,7417,663,3,38728.19
4521,2911,664,1,22074.06
4522,4357,983,5,48318.82
4523,7431,453,4,48745.02
4524,3024,191,4,33655.7
4525,5273,174,2,35119.81
4526,486,395,1,40594.74
4527,6458,537,3,33498.62
4528,6886,863,1,47204.87
4529,2342,167,3,2571.75
4530,2509,166,3,16933.73
4531,51,219,1,9578.88
4532,4400,933,4,30036.6
4533,645,855,3,23251.96
4534,1103,118,4,12030.48
4535,1013,293,5,12937.37
4536,2611,804,2,31256.36
4537,2935,514,1,19596.14
4538,3674,107,2,6102.34
4539,4240,545,2,17743.15
4540,6904,674,5,8870.51
4541,3296,401,1,37128.73
4542,1044,407,3,1770.04
4543,1010,408,4,854.2
4544,773,716,1,36780.52
4545,7652,580,3,16394.23
4546,4763,39,2,37861.95
4547,508,262,4,5822.2
4548,5495,300,1,39924.36
4549,2791,332,1,23865.93
4550,607,100,2,25775.39
4551,6871,579,4,19240.83
4552,1178,992,5,20863.75
4553,2854,910,3,6970.22
4554,985,560,4,20253.9
4555,6997,461,1,8229.95
4556,4042,363,5,49947.45
4557,5544,240,3,7571.97
4558,982,996,1,38597.49
4559,4909,604,2,45781.15
4560,1014,198,5,18437.05
4561,7220,449,1,31696.53
4562,6822,930,5,18761.22
4563,4661,708,1,38873.33
4564,2837,273,5,900.88
4565,2425,690,3,10539.59
4566,2233,955,4,36193.81
4567,3002,183,5,3336.75
4568,2988,628,1,13183.92
4569,7269,904,4,47326.61
4570,110,638,2,31011.31
4571,3083,149,1,38771.31
4572,5398,352,3,30418.93
4573,3158,551,5,37468.76
4574,2306,234,5,1642.44
4575,6511,633,5,31735.35
4576,1064,820,4,14937.67
4577,7839,367,2,13258.4
4578,5875,942,1,42597.2
4579,7056,160,3,20542.52
4580,5668,729,3,18100.04
4581,3123,167,2,21809.06
4582,2697,638,3,4197.86
4583,2914,293,3,948.03
4584,3582,469,4,37711.57
4585,4803,448,1,36005.07
4586,4729,741,1,29536.65
4587,830,724,4,20245.91
4588,7369,363,3,9146.15
4589,1694,455,5,26113.51
4590,4325,411,5,9703
4591,4896,265,4,34712.15
4592,5460,271,4,13649.39
4593,2128,808,3,26281.49
4594,898,697,1,29915.84
4595,4500,147,3,23508.98
4596,3226,904,4,3062.03
4597,22,375,3,34566.15
4598,1206,776,4,36217.31
4599,7675,776,3,3263.59
4600,3696,520,5,30853
4601,1089,971,3,23051.09
4602,1188,810,1,24140.83
4603,1334,949,4,49192.57
4604,1641,452,2,49608.43
4605,3322,401,2,543.2
4606,6411,81,4,10194.6
4607,5609,237,1,15149.85
4608,315,600,2,24171.24
4609,2098,92,5,25798.24
4610,2328,873,1,2554.32
4611,6417,724,4,14905.57
4612,3459,791,4,132.6
4613,7025,107,1,36734.05
4614,2221,553,3,6541.52
4615,713,946,3,33978.18
4616,3083,359,3,27463.96
4617,5505,895,1,48568.94
4618,4098,568,2,44444.79
4619,7211,148,1,3957.62
4620,4786,365,1,2296.38
4621,3234,143,2,23817.03
4622,2803,892,3,48106.75
4623,7973,367,4,7053.74
4624,6201,801,4,26819.51
4625,1804,800,1,25879.93
4626,487,567,1,1735.87
4627,2901,435,1,37560.32
4628,6628,391,4,47927.56
4629,6442,724,4,49785.63
4630,4343,316,2,4050.33
4631,2925,196,4,28729.23
4632,2476,494,1,30379.85
4633,5075,40,4,12473.57
4634,18,33,1,40180.44
4635,7333,912,1,49588.45
4636,2679,66,1,41083.07
4637,39,481,1,32063.56
4638,1832,229,5,34309.13
4639,2037,193,2,34348.39
4640,7098,549,5,45440.23
4641,6443,619,2,48686.93
4642,4655,712,5,20050.35
4643,7985,262,2,44281.12
4644,4016,541,2,29793.77
4645,4361,583,2,7591.59
4646,2678,530,4,46264.29
4647,6761,130,5,29265.51
4648,2928,979,3,48519.74
4649,5210,814,2,35959.5
4650,489,903,5,31778.09
4651,2496,902,4,9114.74
4652,2350,190,4,23215.49
4653,2634,452,3,24696.06
4654,5672,855,1,735.11
4655,7382,231,4,2733.63
4656,7660,20,1,34950.61
4657,3712,599,5,12363.47
4658,6846,994,3,6604.79
4659,5346,754,5,7016.4
4660,2876,59,4,22198.02
4661,1266,981,1,12068.37
4662,6895,82,5,44288.77
4663,6774,245,1,42627.14
4664,2639,15,2,12175.99
4665,3820,809,4,35418.84
4666,7766,186,3,33023.78
4667,787,65,5,10927.66
4668,4748,243,5,842.63
4669,1617,1,1,14741.36
4670,6409,133,5,46724.88
4671,7784,898,1,30158.04
4672,4496,770,1,39826.33
4673,624,411,1,9408.99
4674,6323,888,2,39741.18
4675,7375,272,5,21890.13
4676,866,723,4,1091.87
4677,3871,809,5,25643.76
4678,2888,392,3,28982.25
4679,4371,247,2,42234.69
4680,6900,793,5,36763.97
4681,2446,71,3,47775.44
4682,5119,758,2,15574.63
4683,2925,931,4,45850.94
4684,3535,281,2,25613.29
4685,1650,758,4,10489.89
4686,184,118,5,24902.39
4687,7952,114,3,13505.42
4688,5435,617,5,26700.82
4689,2766,717,3,42448.25
4690,1160,436,3,26479.01
4691,779,999,1,23122.16
4692,7325,581,5,32058.28
4693,7807,632,4,8886.06
4694,5262,156,3,22761.5
4695,763,516,2,14261.44
4696,1024,803,3,6365.89
4697,5236,474,2,31119.95
4698,4287,626,2,29661.36
4699,5432,298,4,25483.26
4700,5196,472,3,2366.95
4701,1919,431,2,32346.89
4702,5109,683,1,35656.49
4703,6086,100,5,7985.48
4704,4918,669,3,24920.33
4705,6399,701,3,40411.97
4706,3723,460,1,47192.11
4707,3554,957,1,25748.52
4708,4093,923,5,17557.44
4709,3361,781,4,36550.86
4710,3628,603,2,6015.83
4711,6258,635,1,9938.8
4712,6146,681,1,38692.48
4713,3423,221,3,2603.26
4714,6368,576,5,32938.37
4715,4759,609,2,30441.1
4716,5430,811,1,15057.07
4717,5348,801,5,15417.25
4718,1367,55,2,43596.24
4719,7355,847,1,27008.84
4720,2911,864,4,9983.73
4721,6075,185,4,33521.89
4722,2878,109,4,19423.63
4723,4377,211,2,3685.23
4724,6974,403,3,33607.8
4725,3281,114,5,26824.4
4726,6894,126,4,34675.03
4727,2699,386,5,25087.51
4728,2473,756,2,23700.88
4729,2288,707,4,39948.42
4730,105,291,3,152.11
4731,605,852,3,36849.21
4732,7902,158,3,42801.1
4733,6356,136,5,3403.42
4734,3165,254,1,25302.19
4735,2173,408,4,47927.04
4736,4437,716,2,40214.41
4737,6477,854,4,28127.4
4738,3236,160,2,9695.71
4739,3795,13,5,12956.93
4740,4825,423,2,19373.05
4741,2228,189,4,15445.33
4742,4712,885,2,22913.46
4743,2703,299,4,6167.78
4744,7960,263,4,46724.51
4745,1948,681,3,23182.56
4746,7933,754,5,49913.52
4747,1728,804,1,21337.68
4748,6393,166,4,44209.7
4749,7409,861,3,34804.82
4750,3928,202,3,29429.14
4751,4125,60,2,33470.36
4752,1713,616,2,34569.87
4753,3726,573,5,21169.62
4754,3047,792,4,31654.97
4755,4413,633,5,16314.74
4756,7630,859,4,46293.91
4757,7564,181,2,24732.08
4758,4503,71,3,31557.41
4759,4839,609,5,19188.47
4760,109,505,5,48629.27
4761,4452,844,2,44062.39
4762,1411,463,4,42290.75
4763,4486,268,5,18799.54
4764,7110,670,2,17501.22
4765,6052,980,1,5670.63
4766,6788,346,4,30604.64
4767,2367,766,4,16130.88
4768,3905,684,5,8383.7
4769,506,552,3,32525.05
4770,5380,707,1,25622.67
4771,1216,233,1,16897.69
4772,1894,755,1,31331.47
4773,57,332,3,15588.08
4774,1453,833,1,39725.23
4775,164,255,5,1191.38
4776,5570,84,1,4919.49
4777,6325,819,2,26697.75
4778,7027,583,5,33786.66
4779,4990,26,4,39654.69
4780,4076,562,5,13395.86
4781,7111,680,2,31450.34
4782,5322,716,2,25639.67
4783,7397,668,5,33173.83
4784,4055,801,5,14107.96
4785,637,506,2,3918.55
4786,3293,193,4,30348.5
4787,1893,822,4,42720.7
4788,6805,787,3,14218.41
4789,944,640,3,26088.87
4790,1457,15,2,11219.59
4791,7373,228,4,17684.54
4792,7755,319,1,12578.16
4793,4394,504,3,32199.51
4794,3422,822,3,1362.58
4795,1429,460,5,20491.99
4796,2564,240,3,24143.43
4797,7381,213,2,1020.96
4798,3179,922,4,49775.63
4799,6267,406,1,26022.89
4800,1276,69,3,10392
4801,2422,139,3,4811.17
4802,4592,356,1,44995.6
4803,1970,975,4,48556.07
4804,7553,275,1,29008.39
4805,2789,193,1,3085.58
4806,3431,720,2,13241.84
4807,7063,628,3,39409.84
4808,4726,890,1,37453.24
4809,898,617,5,32656.3
4810,1275,204,5,40319.46
4811,2247,128,1,37295.86
4812,2155,399,5,45459.12
4813,7468,874,4,9704.03
4814,4480,511,2,19969.6
4815,6773,47,4,31290.74
4816,4282,753,1,40244.2
4817,5817,891,1,19308.06
4818,5809,973,2,46579.92
4819,4593,904,2,18134.42
4820,401,915,1,35908.64
4821,7188,800,2,15893.3
4822,2382,427,5,40642.93
4823,2263,20,1,21289.91
4824,1845,805,3,31268.92
4825,4682,892,5,35501.89
4826,7294,77,4,22103.76
4827,3,167,2,4765.77
4828,3174,761,2,49263.77
4829,7108,130,1,10721.89
4830,6849,463,5,14487.33
4831,5524,9,5,9815.91
4832,6533,508,4,26276.86
4833,3138,101,2,2313.22
4834,2588,747,1,30567.77
4835,7793,630,5,48079.52
4836,2022,647,3,46165.69
4837,3632,829,5,4311.94
4838,3669,715,1,28846.46
4839,4171,300,3,13945.72
4840,3621,654,3,13852.44
4841,7420,213,5,23982.93
4842,7605,451,4,38445.24
4843,432,724,3,7302.16
4844,6049,313,3,11794.86
4845,6461,190,4,2892.91
4846,5739,324,5,44303.29
4847,651,894,1,35352.72
4848,4495,492,1,34160.29
4849,147,691,3,22850.09
4850,7420,979,1,40686.32
4851,3594,509,2,14209.75
4852,4091,794,2,44220.26
4853,4773,442,1,25529.92
4854,5036,150,3,32656.23
4855,6427,623,4,23010.16
4856,431,269,3,28274.77
4857,4005,459,2,48107.93
4858,1353,350,2,12450.63
4859,2862,645,1,33777.21
4860,4572,114,4,24296.37
4861,6548,336,3,6963.41
4862,5468,530,4,2423.58
4863,778,369,5,19063.85
4864,6671,166,4,23604.35
4865,1696,182,3,10970.1
4866,4918,129,4,24355.78
4867,3834,454,3,47348.08
4868,2270,214,3,48359.67
4869,1089,724,5,21303.93
4870,1844,93,1,32366.08
4871,1656,999,5,49587.65
4872,2295,457,3,45615
4873,2182,796,4,3091.93
4874,6964,37,5,17701.37
4875,4042,610,2,36757.85
4876,446,89,4,18264.92
4877,2244,454,4,27056.97
4878,4135,550,5,43949.99
4879,4770,540,4,38992.69
4880,4048,366,3,26324.12
4881,5900,162,5,27761.35
4882,6185,114,5,38501.17
4883,2306,283,5,6168.32
4884,3944,446,5,4130.06
4885,1121,584,2,44904.26
4886,2948,421,5,6207.84
4887,4429,334,1,36508.94
4888,4666,26,1,219.14
4889,6851,180,3,23273.28
4890,4463,210,4,38984.49
4891,1284,676,1,7299.03
4892,2217,368,5,33693.85
4893,6586,575,2,26261.74
4894,4861,349,1,9238.47
4895,2340,159,2,46796.98
4896,7808,362,5,29204.33
4897,6844,326,4,39756.4
4898,6143,884,2,48597.41
4899,5138,120,2,30992.6
4900,7887,480,5,35739.82
4901,7627,171,5,37580.23
4902,4696,108,1,20872.52
4903,418,748,4,20582.47
4904,153,561,5,15765.95
4905,6764,18,4,35241.92
4906,58,244,3,44199.49
4907,5848,265,5,35718.86
4908,4793,552,4,11277.92
4909,5525,559,2,10293.4
4910,7424,876,3,39025.58
4911,4528,546,5,39858.25
4912,2059,68,3,33303.89
4913,3912,215,1,18519.08
4914,6383,812,2,45199.16
4915,7053,589,3,25169.37
4916,388,683,3,22172.67
4917,1932,771,3,49437.45
4918,5784,320,3,589.29
4919,7203,531,2,33639.3
4920,941,525,2,41069.78
4921,5692,193,5,22838.23
4922,7773,610,3,2354.85
4923,6598,126,3,37922.33
4924,4743,278,2,36790.82
4925,3379,983,5,5335.38
4926,3366,482,5,4034.78
4927,680,687,5,45439.03
4928,7623,529,2,13686.02
4929,6107,602,2,19684.94
4930,3798,375,1,3937.61
4931,5402,870,1,46558.01
4932,1129,3,5,15583.72
4933,30,360,5,39540.03
4934,5620,477,4,12473.25
4935,6945,190,5,8807.12
4936,4109,137,1,25248.26
4937,3474,219,5,17251.12
4938,3230,243,3,35668.05
4939,181,277,2,8857.01
4940,3372,784,3,1957.21
4941,3387,760,1,24570.26
4942,6664,899,2,2105.71
4943,7554,75,5,13262.76
4944,5914,857,2,42090.85
4945,7774,434,3,38320.86
4946,6143,525,2,9191.66
4947,429,405,2,13849.87
4948,2011,419,5,41325.79
4949,3000,352,1,13504.65
4950,5607,702,4,17894.13
4951,6745,254,5,7359.73
4952,5150,503,5,48423.09
4953,2765,66,1,46700.52
4954,7277,329,4,5128.53
4955,3197,959,1,2511.66
4956,6735,144,1,42388.23
4957,3794,522,3,8944.33
4958,3354,518,2,45000.54
4959,3268,815,4,30882.21
4960,5679,459,2,25922.09
4961,4532,982,4,34373.18
4962,4474,194,4,29017.9
4963,1745,95,3,20444.39
4964,2235,573,2,12437.17
4965,6556,101,2,23825.01
4966,4135,303,2,15861.01
4967,2689,709,5,8736.75
4968,6559,918,5,40635.33
4969,1285,430,4,48685.01
4970,6496,332,3,37380.08
4971,7763,185,4,7930.65
4972,7965,451,2,19585.1
4973,3597,474,5,19681.9
4974,4673,462,3,41329.71
4975,1835,447,3,40893.44
4976,5179,310,4,11480.07
4977,6934,546,5,4279.95
4978,7904,814,5,8651.89
4979,529,692,3,2031.58
4980,4376,133,4,40037.74
4981,7246,104,1,42554.34
4982,1925,646,1,2154.9
4983,3049,603,2,45988.56
4984,3920,868,2,179.5
4985,5153,36,3,22293.36
4986,3932,117,5,590.88
4987,6902,906,1,30972.06
4988,1443,105,3,4795.54
4989,2041,122,1,9464.23
4990,3042,484,1,35773.73
4991,3282,375,3,32590.11
4992,2686,238,2,34250.7
4993,6761,9,1,19446.49
4994,86,108,3,3470.04
4995,4035,149,4,22706.92
4996,736,822,2,23457.44
4997,4869,62,1,8205.82
4998,5375,911,4,35801.65
4999,7590,817,2,26204.16
5000,1889,132,4,8505.49
5001,1338,874,3,34150.99
5002,1589,105,2,27173.98
5003,1950,670,1,22779.31
5004,3616,476,1,22865.24
5005,7012,996,4,2172.82
5006,3702,584,2,19350.23
5007,7572,449,3,24073.49
5008,1669,842,4,28925.43
5009,3301,851,3,43360.36
5010,7555,561,1,20115.8
5011,2841,549,3,34862.36
5012,5458,53,3,15605.33
5013,255,445,4,48150.97
5014,1255,950,1,49441.04
5015,3044,124,2,16956.25
5016,5518,751,1,19398.63
5017,7045,938,4,1568.12
5018,7141,98,3,1687.99
5019,3267,202,4,40227.26
5020,4020,733,2,35069.55
5021,1694,74,5,45773.76
5022,1406,194,1,3562.6
5023,3187,366,4,46301.09
5024,4584,441,5,11712.82
5025,3053,339,5,44766.52
5026,5837,437,3,7231.61
5027,3798,45,4,1287.42
5028,2938,692,5,45105.35
5029,4194,625,5,11645.63
5030,5064,393,3,41126.92
5031,3264,345,3,4302.97
5032,2589,608,2,23083.73
5033,7133,773,3,3015.73
5034,4745,24,5,20712.9
5035,5962,179,4,35005.36
5036,4360,871,1,31957.35
5037,5975,174,2,33206.74
5038,7175,235,1,23704.23
5039,5101,982,5,26320.06
5040,2250,705,1,24813.57
5041,76,965,2,14045.27
5042,6333,70,2,16982.22
5043,3546,405,4,27130.43
5044,5071,880,1,6589.91
5045,184,494,5,18230.08
5046,1719,472,1,48336.56
5047,1014,684,4,33947.41
5048,7416,605,2,39548.47
5049,4303,518,4,31491.42
5050,4492,767,2,968.73
5051,3502,319,5,28149.41
5052,3212,837,2,46793.45
5053,787,445,2,30784.32
5054,1002,389,5,47045.91
5055,7515,967,4,32234.42
5056,4184,436,4,2106.91
5057,7967,447,5,31566.16
5058,5209,443,5,35046.28
5059,174,910,3,11502.25
5060,4254,817,5,25626.12
5061,7926,912,1,26496.13
5062,2253,993,1,6649.32
5063,4858,183,2,33305.45
5064,2794,52,1,34081.6
5065,3190,62,2,23619.63
5066,1291,146,4,533.61
5067,661,97,2,37014.79
5068,422,3,1,41585.51
5069,2600,116,1,13968.29
5070,235,678,4,25344.33
5071,3368,926,5,8454.8
5072,6420,644,4,5099.78
5073,7760,9,5,43136.06
5074,3245,787,5,2301.91
5075,7130,991,2,32792.02
5076,7586,56,3,21367.83
5077,6796,217,2,41573.27
5078,6730,682,3,5403.72
5079,3618,294,2,41180.88
5080,3904,977,2,43878.29
5081,7363,616,2,43344.83
5082,1,836,2,34496.28
5083,3953,81,1,24942.95
5084,2985,729,4,7798.36
5085,3464,188,2,13232.08
5086,606,788,4,24686.58
5087,2234,1,1,8265.65
5088,7940,655,1,31497.06
5089,3922,270,5,49937.62
5090,1951,903,4,199.6
5091,7812,608,1,7462.75
5092,4493,388,1,40142.43
5093,4290,696,3,34681.98
5094,111,792,5,41997.13
5095,5322,94,4,33343.58
5096,3775,782,5,11786.71
5097,6551,871,2,30438.22
5098,5659,120,5,31901.1
5099,3492,984,2,28721.42
5100,875,886,2,31726.27
5101,4830,597,1,17987.9
5102,3234,209,5,17878.86
5103,3313,487,2,28193.47
5104,7671,801,4,30166.45
5105,3836,475,2,5907.18
5106,6261,86,3,14186.73
5107,874,505,2,5418.34
5108,6195,900,2,11321.21
5109,4563,457,2,10838.96
5110,2946,246,3,26873.16
5111,5159,75,1,116.58
5112,7866,647,4,7944.82
5113,690,920,4,29667.01
5114,6235,216,3,40632.83
5115,1740,910,1,30557.18
5116,6875,966,5,5611.24
5117,5000,1000,4,12773.7
5118,878,295,4,34244.05
5119,7408,721,2,49960.23
5120,5956,834,2,27685.55
5121,5945,822,3,4886.23
5122,7620,35,4,16352.16
5123,425,16,2,6854.52
5124,2301,239,3,32660.88
5125,2819,569,2,18975.38
5126,5491,823,1,29480.67
5127,7090,1,2,29288.27
5128,1646,348,2,28083.85
5129,5310,628,1,24054.5
5130,5882,617,3,42797.61
5131,5252,770,2,7480.63
5132,6875,289,4,34514.64
5133,6569,323,5,12388.07
5134,1006,216,1,43465.38
5135,1757,969,1,7435.63
5136,4897,108,2,18213.4
5137,1803,174,2,44833.83
5138,1104,338,1,663.48
5139,2169,663,1,37487.75
5140,3775,625,5,24373.46
5141,2887,965,2,31902.57
5142,7849,972,3,7021.24
5143,230,793,1,11386.13
5144,7167,659,2,42914.29
5145,194,852,2,18790.12
5146,4360,548,1,15215.33
5147,6714,910,2,44219.06
5148,4543,420,1,2149.08
5149,7841,555,1,46390.1
5150,7274,338,4,49930.27
5151,2488,67,3,28288.57
5152,2815,842,4,30011.02
5153,6179,28,5,19259.66
5154,1101,344,1,49172.98
5155,358,331,1,11512.4
5156,6287,199,5,11351.01
5157,407,358,1,32639.22
5158,6049,421,5,30910.48
5159,1278,478,3,3263.61
5160,4643,415,5,26784.42
5161,1365,632,3,31414.62
5162,4247,155,1,23406.95
5163,5287,544,5,32924.17
5164,1018,866,1,7910.51
5165,792,267,5,38269.28
5166,2968,941,5,8677.37
5167,2760,992,3,40024.2
5168,7530,512,5,32600.29
5169,7247,620,5,867.76
5170,4155,253,2,36685.09
5171,4634,286,4,39040.23
5172,1574,119,4,35067.44
5173,2536,371,4,36679.68
5174,248,717,1,7701.53
5175,973,761,3,29422.04
5176,3125,70,3,18596.31
5177,1398,942,4,45110.35
5178,5189,866,1,9631.24
5179,524,957,1,44800.13
5180,7672,430,4,19633.92
5181,4853,521,4,11825.81
5182,7655,623,2,8834.43
5183,1250,392,1,2727.09
5184,3176,423,1,24693
5185,6102,661,2,37405.65
5186,5131,54,2,13279.28
5187,1821,802,2,2076.47
5188,7798,148,2,216.59
5189,1470,203,4,38086.57
5190,5181,214,5,16336.62
5191,5458,821,1,41441.68
5192,4493,240,4,30559.4
5193,4698,824,2,15014.16
5194,239,794,1,35593.3
5195,101,280,1,28201.21
5196,3132,329,2,28364.95
5197,5282,747,3,32796.52
5198,690,650,5,12826.74
5199,1331,372,3,29955.41
5200,7243,477,2,18432.89
5201,5922,139,1,30914.64
5202,923,727,3,31496.12
5203,4332,476,1,40255.46
5204,6164,345,1,26875.98
5205,4272,532,2,23849.73
5206,7572,619,3,33215.6
5207,1964,379,5,32518.77
5208,5295,316,3,27143.41
5209,6166,924,5,27617.33
5210,4572,676,3,6806.18
5211,1587,930,3,41826.73
5212,3992,652,5,35548.79
5213,2358,414,5,4876.08
5214,7238,985,3,884.94
5215,2662,587,2,8649.16
5216,2347,851,2,24727.87
5217,1388,731,2,5068.76
5218,3236,574,5,19299.38
5219,684,885,5,27913.07
5220,5920,83,1,40474.58
5221,7147,869,1,20121.49
5222,1566,586,5,9498.35
5223,6470,476,5,42837.62
5224,5679,597,2,46158.92
5225,3041,752,5,42767.04
5226,6934,352,5,7355.38
5227,6488,212,3,49181.69
5228,5744,572,1,48653.33
5229,6312,704,4,28469.8
5230,4544,184,5,6720.06
5231,5129,263,4,9247.3
5232,2705,44,1,8636.18
5233,6748,314,2,42216.84
5234,7825,245,2,33590.03
5235,946,150,5,13798.27
5236,7643,397,3,47843.15
5237,6218,552,4,28870.9
5238,680,717,2,10261.86
5239,5157,198,5,9546.95
5240,2309,418,4,5710.1
5241,4377,482,2,14693.5
5242,6324,647,1,46696.56
5243,3806,801,5,28566.68
5244,3048,244,3,25672.44
5245,4461,553,4,11550.52
5246,2481,302,2,38978.09
5247,6621,908,4,24140.09
5248,6707,165,1,13554.31
5249,5943,350,1,29398.37
5250,6305,929,1,9433.71
5251,6843,234,1,20550.72
5252,4337,404,4,12094.04
5253,2019,988,3,48766.87
5254,7029,365,5,6814.05
5255,5899,180,1,24115.49
5256,2880,292,3,2718.39
5257,4904,761,3,44774.79
5258,7603,62,3,46276.17
5259,5967,55,3,45967.56
5260,931,959,4,41372.14
5261,3242,642,5,13592.78
5262,4659,616,1,41844.75
5263,3014,484,2,21691.99
5264,4538,448,2,25939.68
5265,4053,453,2,798.21
5266,3032,390,3,48241.6
5267,4115,504,4,12930.49
5268,1526,190,2,47339.12
5269,4113,645,5,32539.22
5270,524,95,1,23213.46
5271,7458,18,1,6771.67
5272,6306,395,5,32443.19
5273,6626,19,4,1027.95
5274,4795,2,2,7589.49
5275,870,28,1,33718.46
5276,6036,971,3,24590.22
5277,7219,716,1,3408.47
5278,2810,788,1,7086.38
5279,3609,336,3,11373.97
5280,6767,923,2,28159
5281,5563,775,2,7005.21
5282,1130,721,5,24975.11
5283,1218,826,5,29465.55
5284,5042,34,2,26331.9
5285,7282,245,1,46897.43
5286,5002,525,1,49794.12
5287,1313,13,4,30599.78
5288,4669,909,3,21183.78
5289,1947,542,3,20129.78
5290,83,857,5,4477.14
5291,5455,129,5,36647.15
5292,6824,838,1,8367.34
5293,2315,200,2,48133.95
5294,2370,378,5,42257.09
5295,1356,908,5,24377.26
5296,5923,5,4,24880.01
5297,7817,817,3,22738.43
5298,5390,460,1,3265.9
5299,6451,830,2,38615.51
5300,5824,501,4,15182.74
5301,7735,280,2,8611.94
5302,4206,152,4,40087.14
5303,4413,702,2,40165.67
5304,5671,899,5,27125.67
5305,4968,207,5,21068.42
5306,6138,469,3,2540.68
5307,3918,717,1,7869.53
5308,5543,163,5,44384.45
5309,3614,871,4,1248.68
5310,6988,638,3,16232.9
5311,1441,204,2,41342.87
5312,6994,989,4,47560.21
5313,45,330,4,2157.92
5314,2923,316,3,9154.78
5315,6563,72,3,39658.77
5316,5791,753,3,11864.52
5317,6784,248,4,23434.55
5318,425,454,4,17490.47
5319,318,501,5,27721.99
5320,6563,336,4,47177.38
5321,7392,950,1,2780.23
5322,1237,491,2,11072.71
5323,6932,943,3,8299.81
5324,2255,58,1,46067.88
5325,3846,472,3,15043.6
5326,5333,676,5,36959.68
5327,4091,783,1,43478.09
5328,159,753,2,21327.83
5329,4562,769,3,22314.63
5330,4169,299,2,26229.4
5331,814,773,5,9184.23
5332,6809,52,4,4124.24
5333,4408,789,3,36844.31
5334,4501,882,1,7859.94
5335,1237,950,4,26825.96
5336,5455,235,1,24270.55
5337,6026,167,1,29473.23
5338,5157,328,3,20195.46
5339,7129,714,3,14615.99
5340,1480,62,1,46018.44
5341,2335,146,3,21335.21
5342,3510,699,2,38303.14
5343,6511,190,4,44698.22
5344,3804,411,2,2301.52
5345,7245,353,2,30917.72
5346,3157,71,5,17869.88
5347,100,107,5,27605.63
5348,2616,338,2,19341.48
5349,3511,993,1,23382.04
5350,7146,620,4,34978.23
5351,6365,133,4,4772.42
5352,5852,857,3,45025.63
5353,6085,915,1,47436.02
5354,3266,828,3,33152.79
5355,1608,814,2,42784.99
5356,5031,210,5,18695.38
5357,4570,736,4,7403.61
5358,6032,138,2,38411.83
5359,7355,369,4,1873.49
5360,2563,843,2,6671.1
5361,1399,176,5,42837.99
5362,5684,287,5,32433.37
5363,332,329,4,49264.92
5364,6656,187,2,5274.59
5365,1321,761,4,1691.28
5366,2990,891,3,9666.73
5367,2587,327,4,28317.28
5368,6536,172,5,11951.96
5369,3847,31,4,48069.69
5370,4042,475,1,48603.34
5371,6611,113,1,15767.77
5372,2703,194,1,8523.76
5373,3587,40,2,48187.46
5374,3255,726,5,20945.22
5375,1107,279,2,7834.11
5376,4338,314,1,36094.34
5377,4359,119,2,38337.43
5378,1970,904,4,10080.87
5379,7974,897,2,27930.74
5380,1152,776,5,6377.1
5381,7859,345,5,49606.8
5382,1484,209,1,42706.4
5383,2687,717,5,31044.14
5384,7040,414,3,27666.32
5385,2419,834,2,34159.23
5386,5151,721,1,36843.29
5387,5844,543,4,15092.78
5388,1407,232,3,18984.61
5389,2732,315,5,23165.89
5390,4047,141,1,43106.04
5391,452,544,5,12267.3
5392,5969,802,2,12205.2
5393,7969,267,4,30660.21
5394,3543,332,2,40440.31
5395,178,924,4,34758.61
5396,1217,924,5,22357.72
5397,3977,37,3,42836.44
5398,6193,645,5,41206.44
5399,6746,593,5,19011.27
5400,6247,8,3,16543.25
5401,7836,945,3,11571.59
5402,3924,31,1,15084.22
5403,5514,273,3,25946.94
5404,7656,734,2,26411.29
5405,4856,797,2,28759.98
5406,6797,321,2,39376.44
5407,2875,66,5,30811.39
5408,6604,236,3,3309.04
5409,4715,428,1,36335.19
5410,935,115,5,13580.21
5411,6331,878,2,44774.67
5412,468,981,1,48217.6
5413,1184,24,1,26198.13
5414,5770,595,1,23524.42
5415,530,74,4,481.33
5416,662,248,2,22076.52
5417,5181,842,2,20159.07
5418,6050,528,4,1294.28
5419,5386,470,5,30237.8
5420,7053,4,5,27121.42
5421,2364,726,2,10097.34
5422,4604,254,5,5089.88
5423,4922,228,2,39000.65
5424,6086,604,1,38863.23
5425,6710,78,1,34164.86
5426,7842,347,5,38164.33
5427,6986,325,2,35180.38
5428,7701,60,5,37131.96
5429,5493,825,5,24321.9
5430,802,242,4,27521.23
5431,1774,355,5,8225.73
5432,1752,544,4,45192.22
5433,4509,556,5,37888.44
5434,4335,983,4,26488.56
5435,2385,663,4,2589.86
5436,6201,464,3,5188.44
5437,649,499,4,49694.16
5438,5834,933,5,350.93
5439,2634,561,3,20616.66
5440,7394,731,4,17440.52
5441,1144,748,2,8025.32
5442,5247,157,3,32067.74
5443,5882,581,3,8241.2
5444,6098,139,1,24726.31
5445,2588,927,1,35421.19
5446,5189,716,3,7690.29
5447,929,863,5,32693.77
5448,4506,537,1,15771.65
5449,4648,348,3,42806.56
5450,4681,807,1,23572.29
5451,1142,360,4,18193.59
5452,6727,611,2,49354.4
5453,3732,258,2,9479.57
5454,4057,929,1,44308.44
5455,3801,474,5,35754.03
5456,648,822,4,35629.7
5457,6802,742,1,47435.67
5458,4358,719,2,15800.34
5459,578,34,2,3162.02
5460,5661,969,3,29845.73
5461,941,527,1,44400.83
5462,1049,47,2,46777.85
5463,2066,777,1,7463.08
5464,1818,827,2,45456.7
5465,5539,563,4,26820.68
5466,1921,500,4,48377.28
5467,5498,84,4,47734.71
5468,3117,881,2,4633.53
5469,2981,209,4,39471.49
5470,3612,602,5,24270.86
5471,5827,294,5,20009.58
5472,6800,423,4,45395.71
5473,463,340,5,7204.14
5474,1955,524,3,20980.68
5475,5881,239,5,40924.15
5476,5975,241,3,13512.2
5477,5503,983,1,31285.21
5478,7574,766,1,44448.1
5479,142,196,4,18160.01
5480,3150,9,5,41795
5481,6329,592,3,30668.24
5482,3239,116,1,9672.2
5483,4067,957,1,48246.05
5484,7483,592,1,45109.06
5485,3144,385,3,8904.05
5486,659,331,4,46865.84
5487,3285,490,3,21781.08
5488,423,405,5,14543.76
5489,4437,135,1,10620.04
5490,3961,615,4,33036.78
5491,1235,257,3,16528.2
5492,4297,628,1,40201.03
5493,6260,555,3,34580.39
5494,6969,506,3,44571.38
5495,2315,749,3,12583.43
5496,913,487,4,1989.12
5497,3104,576,4,41834.93
5498,6094,593,4,46385.85
5499,173,591,5,20006.49
5500,2360,11,2,34063.2
5501,3352,188,2,47775.64
5502,4469,980,2,44942.9
5503,249,805,3,585.14
5504,7024,159,4,7603.59
5505,5852,58,3,49687.19
5506,6967,619,2,36033.96
5507,3371,990,2,29152.56
5508,3725,434,2,34964.13
5509,4392,851,3,40419.89
5510,4918,922,3,39191.24
5511,7272,2,1,26021.81
5512,5797,734,5,26395.58
5513,4369,797,1,12229.4
5514,2599,973,2,23317.44
5515,2426,686,3,37531.19
5516,339,587,4,11477.62
5517,2783,838,1,16921.96
5518,4233,290,5,25437.05
5519,6812,605,1,28154.12
5520,660,376,1,44157.93
5521,7721,413,3,28223.13
5522,2408,472,2,16543.11
5523,5567,406,1,12197.68
5524,7545,821,3,24436.82
5525,7580,923,2,13235.76
5526,5868,344,1,25862.86
5527,7307,394,1,49442.33
5528,1159,536,4,16358.88
5529,218,189,5,43095.03
5530,5210,335,2,35043.49
5531,1217,97,3,11206.52
5532,2506,959,4,5126.67
5533,722,321,1,3578.02
5534,2112,764,4,46698.06
5535,614,902,3,3590.88
5536,7786,628,5,17416.56
5537,3342,31,4,39010.99
5538,3643,2,5,12743.8
5539,7606,3,5,49453.28
5540,6286,261,4,1028.39
5541,1893,778,1,34805.68
5542,6687,371,2,41955.29
5543,3266,449,4,6117.7
5544,3214,277,3,36181.07
5545,646,411,4,12500.17
5546,218,56,5,46728.93
5547,6336,287,1,33222.26
5548,1773,142,4,39964.26
5549,1356,5,2,36849.79
5550,1283,59,4,1506.34
5551,2478,963,1,36691.32
5552,4236,151,3,44032.36
5553,1068,368,4,41326.23
5554,159,366,5,12056.72
5555,2066,955,3,9716.08
5556,1993,30,5,42748.63
5557,3942,398,2,33218.63
5558,581,581,5,2976.42
5559,3725,131,2,22667.27
5560,1013,348,4,36874.18
5561,1181,85,3,3800.96
5562,2692,60,3,7333.39
5563,7674,202,5,27320.26
5564,4275,441,4,36305.65
5565,777,462,3,5682
5566,5190,245,1,41775.01
5567,7358,355,4,41308.44
5568,5616,473,5,30383.17
5569,4718,779,4,12446.66
5570,2840,819,2,9395.93
5571,4568,60,2,33045.67
5572,2401,827,2,46725.34
5573,823,420,1,35810.56
5574,4474,159,5,2620.76
5575,5930,696,4,19300.62
5576,2155,985,1,38603.66
5577,238,328,2,47690.75
5578,4550,22,2,22124.73
5579,7096,594,5,39208.21
5580,7538,705,5,19545.77
5581,2301,381,4,1065.91
5582,137,868,2,9258.47
5583,1529,498,3,46131.73
5584,2058,436,4,45036.34
5585,7124,851,1,22454.75
5586,7414,462,1,35402.22
5587,2531,598,5,7613.53
5588,5835,122,5,43984.84
5589,1739,339,3,36913.83
5590,7235,890,1,20294.9
5591,4114,960,3,29155.82
5592,7073,858,2,39154.57
5593,3821,485,3,46629.21
5594,5132,498,1,41079.13
5595,2041,739,3,6233.96
5596,7852,882,2,41844.03
5597,1948,178,4,19989.99
5598,2691,177,4,10902.22
5599,4709,472,4,17506.63
5600,6478,473,3,46157.85
5601,2111,345,3,24935.01
5602,5317,747,3,43093.41
5603,39,461,2,44069.74
5604,5883,681,3,24018.98
5605,7790,450,2,22710.51
5606,5275,478,5,29393.13
5607,4096,510,2,45348.84
5608,4682,141,3,43063.46
5609,3229,445,3,47355.9
5610,5915,947,1,34793.11
5611,258,651,2,26957.6
5612,5445,532,5,38585.35
5613,3447,466,3,16289.89
5614,7581,899,3,9857.15
5615,4169,103,2,41367.72
5616,7737,923,1,38872.9
5617,4528,835,1,29719.98
5618,1237,242,1,48778.48
5619,6320,220,5,32330.95
5620,2788,623,5,30187.52
5621,4803,192,1,46183.75
5622,2805,841,4,35188.03
5623,1412,144,1,48634.58
5624,5972,198,3,7041.51
5625,1621,575,4,44456.27
5626,85,172,3,38081.43
5627,3432,509,3,47106.21
5628,3452,655,5,3390.38
5629,4649,843,1,9477.33
5630,1754,355,1,35983.77
5631,6494,986,3,26330.68
5632,4035,82,2,2141.31
5633,5377,201,2,14749.26
5634,2874,811,5,17301.11
5635,4005,689,1,37191.73
5636,6980,615,1,24633.53
5637,25,375,2,49199.11
5638,7463,763,2,41710.55
5639,4604,504,4,16795.15
5640,1267,296,1,30457.93
5641,6541,282,3,47579.08
5642,5349,878,3,12508.77
5643,2470,357,5,36331.08
5644,4378,927,2,49887.83
5645,6590,716,3,35164.18
5646,5852,814,1,24306.54
5647,729,338,3,40972.18
5648,6697,196,1,19606.93
5649,80,201,5,28207.46
5650,4403,32,4,43642.41
5651,6633,372,2,30555.56
5652,7187,999,4,30918.13
5653,1607,747,1,37498.38
5654,2599,501,1,37810.36
5655,808,602,1,18641.95
5656,3678,127,4,17220.74
5657,7218,350,3,20348.28
5658,5058,877,1,24022.32
5659,7616,876,1,38900
5660,6368,875,5,542.44
5661,3038,626,4,41538.35
5662,7529,657,4,15285.67
5663,7921,523,3,37815.14
5664,445,759,1,30493.87
5665,7459,360,4,26444.51
5666,5526,369,2,8677.51
5667,4579,983,2,32593.96
5668,4617,423,5,12934.57
5669,6525,342,4,9503.11
5670,3197,707,5,7393.89
5671,4801,734,5,14587.65
5672,2927,813,5,6488.93
5673,6730,300,4,44458.38
5674,2983,1000,1,18400.55
5675,3479,653,2,22995.85
5676,1501,7,4,4496.31
5677,594,244,1,21197.31
5678,5065,981,4,1118.06
5679,2449,54,1,4893.49
5680,561,568,5,9631.8
5681,6638,565,2,37635.93
5682,566,702,3,26163.47
5683,520,749,3,28294.55
5684,2009,511,1,35575.12
5685,6024,198,1,19998.24
5686,1791,483,2,46424.27
5687,7825,425,3,15929.38
5688,3215,867,3,49245.29
5689,7285,795,2,1991.01
5690,7181,511,3,7384.8
5691,5145,813,1,2873.32
5692,2392,807,5,2672.3
5693,2206,235,5,27241.52
5694,2594,575,4,13671.03
5695,94,625,4,16314.69
5696,7759,396,3,6035.49
5697,5450,296,4,21129.32
5698,222,316,2,10035.38
5699,2421,381,4,26247.1
5700,4532,626,4,42055.52
5701,2803,549,1,30670.99
5702,3461,282,3,15284.99
5703,7182,199,4,39233.14
5704,1357,185,1,45878.05
5705,7974,870,1,17895.81
5706,3866,643,4,34458.36
5707,1318,545,3,20724.89
5708,7501,342,3,6471.06
5709,32,404,3,932.94
5710,4076,604,1,27249.66
5711,931,552,4,4746.39
5712,4115,292,5,11424.75
5713,858,818,4,43626.69
5714,3986,898,4,25337.07
5715,4799,707,4,21707.67
5716,174,452,2,9924.68
5717,6184,67,3,27120.03
5718,7774,523,3,5390.67
5719,1271,591,5,1935.6
5720,5316,368,5,9855.98
5721,6046,645,4,33994.5
5722,2698,990,4,47203.95
5723,5609,198,3,13417.51
5724,6605,843,5,14083.64
5725,7399,175,4,28446.64
5726,6647,274,5,46048.39
5727,3730,856,4,37681.36
5728,2512,47,2,30032.4
5729,1477,528,3,18986.7
5730,3007,361,3,7622.65
5731,2259,1,2,8941.38
5732,199,844,4,8300.18
5733,6424,357,4,34610.24
5734,7524,308,5,41896.98
5735,7868,539,2,46339.54
5736,16,40,4,46659.16
5737,5676,917,5,407.3
5738,249,849,1,31429.27
5739,4115,57,1,35731.11
5740,5118,288,4,43078.63
5741,5156,891,1,46657.46
5742,7848,507,4,12258.42
5743,5462,305,2,43000.86
5744,971,668,3,45338.45
5745,1786,871,2,41129.15
5746,4038,751,3,45034.88
5747,7900,810,2,42263.21
5748,4754,721,1,308.81
5749,1098,945,1,35786.05
5750,6241,735,5,4915.93
5751,4627,564,4,40175.14
5752,1501,525,5,40595.99
5753,5163,837,3,39880.56
5754,7011,89,5,36322.06
5755,4677,756,2,28474.61
5756,5803,767,3,39460.26
5757,2912,516,4,1370.4
5758,5699,576,2,28104.99
5759,4136,609,3,33506.93
5760,2897,965,1,28327.11
5761,4666,35,1,14777.61
5762,4025,298,4,48385.68
5763,2440,214,1,47798.38
5764,1798,428,5,38286.41
5765,6338,370,1,13771.44
5766,899,55,4,44944.45
5767,529,220,4,7315.61
5768,2307,796,3,21585.99
5769,5300,627,1,15310.47
5770,2986,140,1,30537.4
5771,2692,458,3,9731.56
5772,3978,579,1,16589.83
5773,1325,504,4,45959.32
5774,3797,421,1,38689.83
5775,1730,669,3,17047.81
5776,2593,767,5,29464.48
5777,5022,63,4,45060.2
5778,4938,554,1,5079.26
5779,5317,667,4,20572.92
5780,6325,795,4,25452.3
5781,2057,783,4,11063.35
5782,3670,883,2,31847.24
5783,6355,87,1,16350.6
5784,6785,72,4,5580.46
5785,4769,300,2,25545.14
5786,3632,469,4,9096.74
5787,2365,338,1,20089.01
5788,2230,35,5,28150.88
5789,605,416,3,33931.89
5790,3325,36,2,40017.8
5791,2375,702,5,23644.4
5792,3423,267,4,44413.66
5793,4180,232,1,2109.9
5794,2514,364,3,44496.06
5795,2650,248,2,25456.83
5796,6992,641,4,9193.94
5797,5136,935,1,16510.58
5798,1335,504,4,16612.3
5799,4969,761,3,20995.88
5800,7915,946,2,35878.14
5801,4572,118,1,36248.59
5802,1332,549,2,48546.14
5803,915,634,4,25161.38
5804,7718,497,1,10663.36
5805,6331,511,1,11228.11
5806,191,499,4,24489.62
5807,2269,123,1,48597.07
5808,1945,932,2,40326.41
5809,920,644,2,25467.16
5810,585,835,5,37289.13
5811,6931,650,4,35945.81
5812,2852,282,5,24867.95
5813,3394,859,5,40313.14
5814,5296,202,4,14810.49
5815,6480,480,3,13560.16
5816,7579,699,1,6253.47
5817,3647,702,3,39667.44
5818,628,499,3,49006.48
5819,7523,947,4,12538.81
5820,1214,621,3,26716.18
5821,2402,215,4,24596.04
5822,8000,294,2,35587.04
5823,1788,114,1,15054.35
5824,3384,504,4,39906.57
5825,1252,793,2,14004.3
5826,1759,516,2,22051.27
5827,2128,537,2,26574.35
5828,7101,803,2,4800.98
5829,2769,935,2,46712.66
5830,3991,694,3,4914.54
5831,420,826,1,41507.78
5832,7538,142,4,26742.2
5833,5087,966,1,46788.3
5834,871,272,1,28401.45
5835,689,155,1,9970.69
5836,7220,521,4,34821.56
5837,1780,630,4,11416.13
5838,92,31,4,46338.62
5839,7681,784,5,17142.98
5840,4432,390,2,31800.87
5841,881,906,2,9393.3
5842,5586,252,5,16104.08
5843,6073,202,1,44081.66
5844,4070,572,4,39227.36
5845,6739,378,2,46689.15
5846,7611,753,5,41780.73
5847,690,626,5,39331.31
5848,2852,704,2,42628.22
5849,7618,96,2,38003.02
5850,1081,51,4,1215.51
5851,3223,785,4,6682.64
5852,7599,26,3,24017.16
5853,744,930,4,31322.95
5854,769,589,5,9095.52
5855,4126,306,3,16025.59
5856,2280,232,2,48692.87
5857,3952,870,1,797.95
5858,2063,34,3,14002.01
5859,752,683,2,46272.2
5860,7583,415,1,2196.96
5861,1172,442,1,33555.69
5862,1057,646,1,21340.69
5863,4795,152,1,39882.52
5864,5245,513,2,7375.96
5865,4318,294,4,33349.69
5866,2906,501,5,1621.81
5867,3938,512,3,44916.96
5868,5295,644,5,5434.35
5869,3796,339,3,43858.75
5870,5278,289,3,17721.15
5871,2740,308,4,45520.18
5872,7008,312,2,8601.1
5873,2339,503,5,8236.89
5874,3347,852,3,28125.34
5875,220,317,1,3613.78
5876,4698,447,5,5911.24
5877,7399,834,4,3022.21
5878,741,903,3,19897.63
5879,7323,633,2,47542.36
5880,4884,160,5,16955
5881,1822,587,1,9995.24
5882,2587,842,5,42752.24
5883,935,4,1,20480.78
5884,2675,769,1,3498.14
5885,4065,607,2,47738.77
5886,5381,395,2,40189.89
5887,7605,617,2,38216.74
5888,6917,512,3,11015.36
5889,3739,424,3,32395.41
5890,4795,618,2,11969.18
5891,5090,233,2,5330.42
5892,7837,124,1,46008.71
5893,5880,164,3,14091.37
5894,4636,27,3,26004.11
5895,2411,863,3,955.48
5896,4764,99,1,6142.87
5897,1217,30,5,39359.29
5898,490,809,2,23760.88
5899,6431,733,3,38080.87
5900,7466,855,1,2937.05
5901,721,215,1,1514.18
5902,6215,115,5,47442.55
5903,6322,751,4,41455.11
5904,3852,126,5,32945.56
5905,3299,913,2,13044.78
5906,6649,201,4,17665.82
5907,337,322,3,9950.58
5908,4494,490,4,8985.21
5909,6125,246,2,19942.1
5910,5262,209,1,7683.97
5911,5486,456,4,20275.82
5912,7595,821,1,26468.46
5913,6414,166,3,9793.77
5914,6848,268,4,21659.53
5915,1749,9,2,14766.74
5916,1878,604,5,48465.68
5917,3865,17,3,39458.15
5918,7880,15,1,16950.32
5919,6808,919,5,25456.41
5920,1299,903,2,28097.27
5921,6618,871,4,28581.76
5922,4521,333,4,35851.74
5923,3230,9,3,9603.94
5924,5517,973,2,32823.19
5925,7747,911,2,46232.92
5926,5229,94,5,49482.62
5927,877,807,4,38978.14
5928,1027,660,5,31221.79
5929,3827,131,4,20432.56
5930,2901,849,3,13086.96
5931,4489,732,1,17628.43
5932,1762,566,3,49393.2
5933,3421,253,4,9158.36
5934,4809,421,4,13052.73
5935,916,167,2,3196.94
5936,56,721,2,4371.76
5937,4774,539,3,5692.96
5938,3449,887,2,8097.91
5939,1576,371,1,1651.57
5940,6973,954,1,3489.26
5941,5618,723,2,33565.6
5942,941,98,1,4947.98
5943,3141,348,5,17551.44
5944,2121,410,4,49164.73
5945,6061,966,2,47448.64
5946,5400,119,5,30455.98
5947,4242,774,4,968.09
5948,6699,345,3,39111.96
5949,2812,534,2,16491.97
5950,779,187,5,32747.82
5951,4327,833,3,44983.41
5952,6475,401,1,33118.56
5953,1071,112,5,573.4
5954,5239,989,2,20690.62
5955,273,205,3,27303.29
5956,6742,497,4,34295.8
5957,3354,398,3,30115.87
5958,6227,768,5,20603.8
5959,275,385,3,40013.38
5960,2171,839,4,4298.49
5961,4223,97,3,41761.42
5962,7910,703,1,2283.06
5963,4927,652,2,11558.34
5964,2449,852,2,4031.82
5965,6608,7,4,11580.14
5966,1112,546,5,17629.57
5967,4697,296,2,34181.08
5968,5631,595,3,11183.83
5969,3988,945,3,42671.45
5970,2290,812,1,17115.55
5971,7157,635,4,6222.57
5972,3408,118,3,33966.27
5973,1711,127,4,20966.86
5974,1486,201,4,3171.72
5975,2280,852,5,39909.68
5976,5138,756,3,29442.24
5977,422,612,5,46322.66
5978,3273,50,1,30285.93
5979,1663,472,3,15504.72
5980,2453,874,3,27954.72
5981,2144,92,1,38120.78
5982,122,851,4,20528.55
5983,7361,462,3,792.54
5984,5969,915,2,49262.87
5985,6909,288,4,16334.19
5986,7156,682,2,32482.38
5987,5819,327,2,15223.09
5988,1501,590,1,23364.56
5989,4410,84,3,47372.24
5990,5609,15,4,38540.35
5991,3902,339,4,33270.05
5992,7825,831,1,27292.19
5993,3648,889,2,11569.63
5994,256,258,1,21602.93
5995,2974,901,3,477.73
5996,3437,203,1,9236.77
5997,3661,178,1,20134.07
5998,7819,320,1,23837.44
5999,2906,289,5,5483.86
6000,5548,984,1,31358.87
6001,4071,510,1,40751.34
6002,776,673,5,43527.72
6003,3554,842,2,30073.34
6004,7258,971,5,15731.91
6005,5764,57,2,47928.93
6006,4101,147,5,31885.34
6007,5105,400,1,39313.99
6008,2731,17,4,31841.74
6009,2999,222,5,7755.8
6010,3652,886,4,20981.4
6011,3890,639,4,21816.8
6012,6079,113,2,25332.43
6013,2067,12,2,10135.36
6014,286,765,1,2709.53
6015,4454,287,4,7511.13
6016,4525,225,3,44864.85
6017,6113,402,2,31329.64
6018,7201,311,4,31233.61
6019,5402,73,1,33227.11
6020,3455,506,4,16080.97
6021,4528,1,1,1156.5
6022,2219,427,4,18217.61
6023,2378,1000,3,11095.7
6024,872,927,1,35728.55
6025,3289,119,1,3995.51
6026,5304,496,4,6703.87
6027,3877,268,4,9446.59
6028,2431,543,3,10634.17
6029,2690,882,4,42214.1
6030,7380,528,1,33999.59
6031,2237,588,4,11013.65
6032,4589,426,1,2026.07
6033,508,527,4,30683.83
6034,6296,332,4,45675.33
6035,2647,766,2,17241.59
6036,6396,141,5,21628.14
6037,6972,761,2,12830.16
6038,179,624,5,8577.31
6039,2522,798,3,2837.35
6040,1788,864,3,3487.6
6041,4710,548,1,46851.43
6042,1473,884,1,38138.05
6043,4470,548,1,39811.56
6044,1784,658,5,10353.23
6045,5350,546,4,30806.19
6046,7111,832,2,9880.91
6047,2302,239,3,19313.74
6048,235,489,2,44135.47
6049,102,483,4,30255.13
6050,4378,806,2,19176.94
6051,1592,152,4,34891.57
6052,7336,806,3,28926.27
6053,4697,858,5,37808
6054,5144,2,4,42140.21
6055,1180,1,1,35498.21
6056,6737,229,5,25486.74
6057,4371,469,4,45250.52
6058,7757,32,2,43145.05
6059,4750,812,2,22411.3
6060,381,665,3,42785.37
6061,7050,584,2,29379.18
6062,1375,510,2,47528.73
6063,5360,112,4,28828.05
6064,1378,329,2,20037.97
6065,927,28,3,19174.03
6066,251,71,4,31005.77
6067,907,423,4,23017.01
6068,5833,415,2,2433.53
6069,7779,421,2,31394.67
6070,5437,640,5,27856.84
6071,7025,387,5,8497.77
6072,7640,478,4,34311.1
6073,2035,210,4,38987.45
6074,4849,326,1,3101.42
6075,3060,775,3,49062.19
6076,4193,579,2,47450.9
6077,1833,28,2,20113.44
6078,4070,659,3,38859.52
6079,1691,782,1,48450.78
6080,2080,124,4,12979.07
6081,4816,399,2,8072.06
6082,4903,85,5,45938.38
6083,6846,956,3,23687.06
6084,651,803,1,17636.49
6085,528,880,2,44201.53
6086,1859,371,4,3902.49
6087,3539,713,3,17618.23
6088,7237,762,4,44219.95
6089,1786,733,3,5081.18
6090,657,576,5,36752.21
6091,5867,136,3,16372.78
6092,5333,527,3,40937.73
6093,2225,829,3,22951.83
6094,4964,54,2,6847.66
6095,900,911,1,2472.13
6096,3901,301,5,40436.94
6097,1119,383,1,30400.57
6098,5377,467,4,4363.81
6099,7552,984,3,44771.72
6100,4990,706,5,23403.61
6101,2601,961,5,47473.59
6102,3500,1,1,21728.41
6103,4878,702,1,42947.97
6104,1491,567,5,643.64
6105,4793,207,2,21485.89
6106,616,6,4,5071.95
6107,3604,14,1,20412.53
6108,2898,35,4,12558.72
6109,3493,684,3,36387.85
6110,5090,693,5,17183.99
6111,2631,360,4,39639.73
6112,1213,589,2,8727.67
6113,3140,839,1,46537.19
6114,3348,393,1,2041.98
6115,7025,814,3,1233.38
6116,3021,166,2,8317.57
6117,4010,249,1,1727.2
6118,4977,105,4,19111.8
6119,2087,983,5,23026.27
6120,6719,187,4,48077.18
6121,4460,736,2,43700.47
6122,518,139,2,14054.88
6123,438,257,4,5327.05
6124,5671,57,2,19229.58
6125,7866,500,4,42188.15
6126,21,333,4,26791.61
6127,4930,960,3,5523.71
6128,6021,827,2,2469.19
6129,1443,343,3,32788.84
6130,5442,689,2,24819.6
6131,2925,592,2,39318.26
6132,306,664,3,19181.85
6133,5364,547,5,24995.08
6134,2357,47,2,7989.68
6135,6416,345,3,27409.19
6136,2317,307,4,25067.66
6137,7518,677,4,47531.11
6138,1611,828,1,47645.05
6139,6577,654,4,39939.64
6140,529,903,2,43546.42
6141,7328,343,5,14595.78
6142,2723,775,1,28114.59
6143,4186,935,2,27231.62
6144,7775,815,2,4524.22
6145,726,855,4,40473.29
6146,4930,410,4,47059.84
6147,6954,953,3,33404.88
6148,1494,15,1,23268.47
6149,4270,344,1,24531.2
6150,561,866,4,30321.74
6151,6534,253,1,20007.85
6152,5317,634,1,19094.59
6153,1345,608,4,46032.94
6154,4590,215,3,2573.22
6155,2780,843,5,32300.24
6156,999,253,2,1038.68
6157,5378,699,4,41423.23
6158,7634,335,5,6622.53
6159,6207,293,1,10649.47
6160,5830,130,1,45994.81
6161,3270,22,1,39189.37
6162,7859,85,2,44771.96
6163,981,912,1,34700.12
6164,3154,745,2,14263.04
6165,7102,992,1,21252.8
6166,518,237,3,32083.03
6167,3857,818,2,14526.46
6168,379,306,2,37724.92
6169,5298,547,1,49520.33
6170,6329,160,2,22641.88
6171,878,193,4,27304.83
6172,2891,937,5,7715.12
6173,503,111,4,6258.13
6174,3804,920,3,17958.07
6175,3315,699,4,15943.55
6176,3377,584,5,41972.21
6177,7723,898,2,17182.12
6178,5443,449,1,10619.57
6179,816,702,3,41001.07
6180,2136,553,2,37283.52
6181,5092,659,5,10089.74
6182,1544,251,3,40939.53
6183,980,60,5,34205.42
6184,75,631,3,5968.18
6185,6890,507,5,2953.93
6186,1067,577,4,4579.05
6187,2893,294,4,46814.51
6188,107,782,4,34221.9
6189,5166,528,5,39365.98
6190,4914,762,4,38596.14
6191,7650,662,4,47424.47
6192,902,207,1,34895.34
6193,6463,207,4,31953.86
6194,5810,830,2,25268.8
6195,5365,881,3,18545.55
6196,6708,624,4,44374.56
6197,2489,322,2,30162.21
6198,48,257,3,20283.97
6199,1000,110,5,3813.52
6200,3390,262,2,47985.11
6201,5403,88,4,36880.5
6202,3573,342,5,48053.45
6203,1316,844,2,18230.01
6204,324,291,3,5294.53
6205,7253,576,2,16617.15
6206,3773,385,5,16548.09
6207,912,939,4,11054.18
6208,5587,875,4,40254.88
6209,7828,141,4,32199.8
6210,3030,816,5,13980.53
6211,3740,792,1,22845.02
6212,3665,679,1,24597.73
6213,7769,255,1,28072.18
6214,4995,451,2,10000.48
6215,6749,261,3,11775.7
6216,5812,314,2,15803.63
6217,3263,767,3,5391.47
6218,2865,415,5,9866.19
6219,4273,569,5,4724.77
6220,6612,753,5,9213.76
6221,3312,281,4,23614.26
6222,1862,821,3,15138.64
6223,7957,43,2,23139.45
6224,2011,352,1,28185.45
6225,7756,562,2,6748.97
6226,2143,385,1,38011.02
6227,164,569,4,49992.39
6228,4107,870,2,28155.82
6229,1846,149,1,32905.05
6230,3194,176,5,9705.11
6231,3405,585,5,29208.14
6232,1816,860,2,8348.62
6233,1665,805,2,47738.18
6234,3417,677,1,31937.62
6235,911,788,4,7090.49
6236,3017,856,5,25124.4
6237,852,327,4,40179.48
6238,1543,893,3,22753.26
6239,615,405,3,48614.93
6240,5874,572,1,9049.06
6241,1886,234,1,48629.95
6242,711,242,2,9767.43
6243,2019,267,5,31262.81
6244,4382,175,5,4730.82
6245,1652,768,1,9987.28
6246,4815,705,4,11728.46
6247,5402,466,3,30014.07
6248,1708,851,4,12482.33
6249,7746,449,4,41307.64
6250,1735,488,5,21939.77
6251,5936,154,3,15127.66
6252,1959,957,1,41594.18
6253,3565,644,1,10931.19
6254,173,859,2,784.81
6255,1192,661,4,19569.11
6256,1400,652,4,41858.63
6257,285,533,4,17845.21
6258,2408,843,2,4276.72
6259,7784,702,3,41035.44
6260,7944,472,5,2726.89
6261,2678,993,2,14270.31
6262,6654,536,5,11189.16
6263,2653,368,4,7960.06
6264,3237,220,2,29935.19
6265,3495,604,4,15909.9
6266,3410,664,4,29057.56
6267,5280,918,2,17961.34
6268,1196,28,5,26062.92
6269,7852,669,2,3652.75
6270,2620,139,2,10802.57
6271,6961,201,4,18919.55
6272,4007,63,2,18301.31
6273,3283,267,2,31207.94
6274,4087,779,1,24467.24
6275,2380,980,5,5332.67
6276,4894,795,5,17766.91
6277,1397,734,5,45498.46
6278,1215,355,2,17225.01
6279,146,917,2,2506.92
6280,3715,765,5,6518.77
6281,4543,723,5,30909.34
6282,2898,223,4,14987.36
6283,7887,955,2,15955.67
6284,3439,474,5,6083.82
6285,6449,41,1,40397.08
6286,1496,279,3,11437.95
6287,3878,31,2,44547.92
6288,2224,383,3,38197.3
6289,2132,736,3,36035.95
6290,1190,402,2,27857.38
6291,6712,527,5,28803.8
6292,3271,974,4,38580.36
6293,7438,386,5,25133.35
6294,6007,853,4,3363.18
6295,5491,105,3,13368.1
6296,7123,131,1,47316.8
6297,1381,798,3,34965.23
6298,5179,797,5,12720.24
6299,654,594,4,3803.42
6300,2281,167,1,16439.99
6301,717,792,5,14027.51
6302,6534,392,3,36497.21
6303,382,289,4,47730.07
6304,7066,143,4,33453.94
6305,7077,861,5,30903.31
6306,4759,107,4,22199.01
6307,4643,827,5,25961.69
6308,6869,6,3,45824.92
6309,1156,87,4,3167.53
6310,6366,156,1,47343.06
6311,1061,297,3,11333.2
6312,7885,507,1,11274.39
6313,2299,452,4,13150.17
6314,1976,85,3,22079.62
6315,4113,836,3,14143.68
6316,5851,372,5,19513.98
6317,7780,9,3,38757.97
6318,7378,589,3,17402.86
6319,5572,720,4,46148.27
6320,6662,190,3,39321.42
6321,716,771,1,14350.71
6322,7008,864,4,33851.19
6323,7647,965,5,7118.04
6324,266,143,3,23158.91
6325,4114,764,1,22506.17
6326,3970,185,4,29289.88
6327,1833,564,3,10791.3
6328,6610,319,2,46171.57
6329,3149,260,5,28793.23
6330,3216,417,1,27663.07
6331,640,971,5,33071.9
6332,931,475,5,18321.18
6333,1793,721,3,22459.14
6334,3037,367,1,3955.94
6335,5974,291,4,42810.12
6336,3109,556,4,47462.52
6337,3736,596,4,47347.82
6338,4391,870,2,10689.02
6339,2836,371,2,5010
6340,7173,614,2,10411.24
6341,5664,664,5,29198.41
6342,6967,614,2,10567.48
6343,3665,948,1,44008.26
6344,6624,408,2,30557.67
6345,649,905,4,44663.12
6346,1981,501,2,47557.38
6347,4689,77,1,43887.47
6348,1760,674,2,503.79
6349,3031,904,4,29244.57
6350,2998,54,5,41532.16
6351,2897,723,5,33079.19
6352,5362,202,1,45115.68
6353,7408,181,1,16094.7
6354,3297,974,5,15887.92
6355,2818,940,4,10584.25
6356,5469,35,4,49161.85
6357,2014,943,2,41011.49
6358,314,355,2,24179.04
6359,2535,798,2,33026.68
6360,7108,510,5,48558.65
6361,2866,36,2,19682.4
6362,5123,389,5,48499.72
6363,3324,624,1,942.85
6364,1688,852,4,17367.55
6365,4503,555,5,40379.13
6366,1081,510,4,47439.91
6367,7651,294,2,46333.82
6368,4630,654,4,6492.79
6369,2279,235,4,10087.37
6370,4441,750,4,23380.33
6371,1264,187,2,33115.61
6372,3684,208,4,47765.87
6373,2978,926,4,6362.65
6374,2752,596,2,6518.36
6375,2233,912,3,8248.41
6376,5567,422,3,24432.95
6377,4519,617,5,16532.88
6378,5810,572,5,31060.79
6379,7071,105,2,17774.95
6380,7388,1,4,30663.76
6381,5640,118,5,13071.93
6382,6306,606,5,44645.34
6383,1850,37,4,27979.76
6384,3268,638,5,10448.89
6385,772,602,4,16360.71
6386,246,682,2,32364.16
6387,2627,34,5,45080.69
6388,1902,297,2,44068.58
6389,7783,932,3,45092.96
6390,642,418,2,48336.55
6391,6180,592,2,4298.27
6392,3931,450,2,14922.68
6393,5695,224,5,35322.52
6394,6935,649,3,32386.01
6395,5686,138,2,28389.16
6396,7567,755,4,38754.75
6397,339,167,4,25815.81
6398,5387,368,1,26419.67
6399,2475,536,3,36558.06
6400,6882,587,5,40355.7
6401,3525,363,2,20309.87
6402,6754,93,4,20769.41
6403,6,751,5,42449.74
6404,1131,703,4,14769.56
6405,3314,175,1,25887.08
6406,2936,554,1,43980.26
6407,5901,510,1,43375.27
6408,5514,487,1,1092.24
6409,1032,643,1,2954.7
6410,4294,623,5,18556.47
6411,7275,668,3,9277.79
6412,6042,395,2,10954.68
6413,87,552,2,32428.51
6414,5076,27,3,45251.62
6415,1686,277,5,37395.71
6416,3800,951,5,8058.37
6417,7685,934,5,21392.15
6418,2060,75,4,13437.76
6419,458,553,5,16368.43
6420,1214,896,5,28754.33
6421,4445,558,4,20455.97
6422,3361,509,1,18824.19
6423,499,498,3,39433.2
6424,3257,161,1,33442.07
6425,103,951,3,6747.5
6426,4665,305,1,41987.93
6427,4046,953,5,15387.08
6428,149,818,2,10376.96
6429,5103,328,1,36649.19
6430,6434,405,2,33113.2
6431,5493,335,4,18231.35
6432,7252,719,5,26016.34
6433,3956,811,3,44555.46
6434,367,71,2,3101.73
6435,2143,538,1,22352.2
6436,4811,371,2,2823.89
6437,6418,588,1,42278.03
6438,6107,446,5,6408.63
6439,4921,134,1,47609.93
6440,2569,506,5,22188.91
6441,876,229,3,7600.92
6442,4573,826,1,3095.92
6443,5949,661,4,35859.56
6444,6707,781,1,36400.77
6445,1646,976,2,40177.5
6446,2983,492,2,32039.06
6447,2269,236,5,21328.5
6448,2573,903,3,4950.04
6449,3184,709,4,45975.52
6450,7276,585,4,41610.62
6451,2136,479,4,43882.77
6452,2282,942,3,38923.25
6453,1392,972,4,39820.93
6454,5112,121,5,48557.43
6455,6940,130,3,22753.54
6456,2526,643,4,30038.65
6457,6501,60,3,41308.73
6458,7551,892,4,17833.78
6459,152,729,4,40158.32
6460,5251,570,4,44953.89
6461,6330,383,5,43964.33
6462,6960,224,2,13427.53
6463,6175,729,2,11922.67
6464,7171,403,5,2543.71
6465,2369,239,1,38326.99
6466,150,73,1,44066.06
6467,1724,494,3,46896.41
6468,1246,753,3,16001.66
6469,4330,42,2,16514.27
6470,4936,34,2,15028.06
6471,6071,897,5,31881.12
6472,539,114,4,19946.72
6473,6884,851,3,11659.01
6474,7630,191,1,6022.98
6475,3937,46,1,36270.65
6476,2415,940,4,39768.21
6477,3553,859,3,18544.62
6478,7428,126,4,36279.16
6479,2996,705,2,46403.75
6480,7070,884,5,44370.14
6481,4068,466,3,6234.5
6482,2037,26,1,47489.46
6483,6226,683,2,17726.45
6484,3226,978,3,1131.69
6485,5647,556,4,28547.46
6486,1164,756,5,36131.92
6487,1117,45,3,21621.12
6488,3321,451,3,12537.53
6489,5065,241,2,8054.01
6490,4861,816,1,35372.69
6491,4032,674,4,22587.92
6492,2126,34,2,11564.19
6493,814,333,2,48673.58
6494,3138,981,2,37772.69
6495,7423,170,2,26541.22
6496,1839,272,2,42544.03
6497,7502,218,2,37246.26
6498,4244,357,5,4564.65
6499,4193,242,3,1338.01
6500,7126,4,2,13433.54
6501,5290,678,4,43589.87
6502,5797,978,3,15339.21
6503,7038,322,1,27270.78
6504,7748,288,1,3644.17
6505,6238,790,1,29721.45
6506,159,268,1,8292.67
6507,4853,800,1,12086.12
6508,1458,125,3,34084.05
6509,4365,786,2,37217.23
6510,2276,77,3,3974
6511,379,388,2,42774.38
6512,5600,87,1,1366.55
6513,6590,609,5,9610.36
6514,3651,189,3,40670.23
6515,3312,647,1,12255.83
6516,1471,486,1,4919.24
6517,3786,558,5,23163.52
6518,6597,746,4,21604.63
6519,1866,617,2,36373.02
6520,3673,183,4,44984.35
6521,3403,259,2,45212.19
6522,1749,520,3,15912.54
6523,6782,151,5,40785.42
6524,3871,900,3,45965.95
6525,3021,300,2,33568.17
6526,5058,720,2,15063.65
6527,5390,257,2,48306.31
6528,5182,885,2,20214.33
6529,6944,97,1,26327.81
6530,3429,125,1,33746.92
6531,565,322,5,5324.21
6532,4955,815,3,14037.47
6533,1981,713,4,22136.41
6534,3011,489,2,30129.77
6535,3111,374,4,22834.03
6536,3889,706,4,48442.38
6537,6889,841,5,34231.14
6538,4529,431,3,21496.79
6539,2589,152,3,45380.73
6540,1395,57,4,6698.09
6541,4736,787,2,8716.58
6542,2215,605,2,11316.79
6543,2269,576,4,7481.41
6544,7996,226,5,47974.32
6545,2402,156,3,46221.49
6546,2269,785,5,6545.59
6547,7906,292,2,20525.9
6548,1494,620,5,33247.74
6549,5841,199,3,10340
6550,5460,888,1,45706.92
6551,2594,337,4,2653.39
6552,5297,713,4,14154.88
6553,4390,890,4,19156.75
6554,4569,486,5,18957.38
6555,3667,723,4,43996.01
6556,3994,156,1,11962.44
6557,6876,437,1,12786.4
6558,4492,94,5,49956.5
6559,3153,830,3,33128.06
6560,7020,492,3,28030.61
6561,2204,103,3,33994.91
6562,7843,315,4,24922.64
6563,925,283,5,39825.9
6564,2019,645,4,11100.33
6565,5481,414,3,43349.8
6566,1379,574,5,14887.98
6567,1547,683,1,3360.57
6568,266,549,5,15712.02
6569,5064,712,5,26241.04
6570,2284,807,2,23200.69
6571,2721,484,2,27860.49
6572,5657,724,2,43804.42
6573,3975,858,2,24453.38
6574,5136,594,2,36536.26
6575,3352,27,4,39738.08
6576,3637,936,2,12849.26
6577,3344,724,2,7431.28
6578,7621,739,1,11427.35
6579,1169,335,3,48343.81
6580,5582,687,4,19672.93
6581,6469,448,4,37148.71
6582,2427,228,2,35772.81
6583,5709,771,5,40131.12
6584,2531,924,1,5279.7
6585,4848,317,2,13344.18
6586,5263,115,2,32990.03
6587,4194,538,2,42995.94
6588,3589,108,5,9512.5
6589,7285,774,4,15483
6590,1649,568,1,31338.14
6591,1408,441,2,44609.86
6592,6940,275,3,41854.35
6593,7225,14,3,16510.04
6594,3562,758,3,49940.45
6595,4666,403,1,33974.77
6596,6485,96,2,19180.79
6597,6931,173,2,39780.72
6598,1688,176,3,5779.7
6599,2613,24,3,42363.14
6600,6418,186,4,32109.94
6601,1339,103,2,32564.98
6602,4698,140,2,10940.06
6603,6441,38,5,40849.02
6604,490,29,3,3642.56
6605,4664,162,2,35128.3
6606,6084,5,1,1627.5
6607,7503,116,2,18197.7
6608,363,197,1,38648.89
6609,5219,76,1,994.1
6610,242,66,4,10887.39
6611,967,318,2,30429.4
6612,3978,205,1,19586.57
6613,966,13,3,4297.69
6614,5483,55,5,14574.96
6615,7588,935,1,3704.44
6616,2130,716,1,25468.01
6617,2588,688,3,23628.69
6618,5861,434,2,39148.66
6619,1206,924,3,36517.14
6620,2693,959,3,20434.8
6621,4873,524,2,36655.01
6622,1749,981,3,48891.84
6623,5078,200,2,49782.19
6624,4770,530,4,9534.21
6625,274,427,3,12276.36
6626,6921,126,2,7922.57
6627,4685,698,5,48410.87
6628,2055,659,4,20550.78
6629,6047,226,3,43517.43
6630,4055,166,2,5929.15
6631,3024,771,3,21024.04
6632,3164,321,4,9477.86
6633,6237,363,3,13311.05
6634,4242,567,3,44669.21
6635,1518,214,2,8945.02
6636,8000,68,4,49725.31
6637,2856,758,2,46495.82
6638,4644,524,2,2985.06
6639,5469,862,3,40603.92
6640,4492,532,1,2308.78
6641,6157,535,1,34298.86
6642,4133,715,4,15677.39
6643,6587,439,3,1473.18
6644,1709,562,2,33933.75
6645,4140,740,5,35216.27
6646,7853,452,4,32829.89
6647,1342,502,4,30923.12
6648,5336,360,3,12721
6649,5881,13,5,1288.66
6650,5214,169,3,19233.3
6651,1952,456,2,2207.8
6652,5630,520,3,6426.54
6653,2557,26,4,10712.84
6654,6682,247,1,39827.56
6655,3932,430,2,8297.82
6656,4090,286,3,29547.19
6657,5397,111,5,21670.45
6658,3002,980,5,11007.86
6659,1766,398,2,20974.46
6660,3488,415,3,37549.29
6661,2250,635,2,37318.52
6662,7852,726,4,13186.69
6663,5206,423,5,25742.7
6664,5237,713,5,6211.48
6665,4247,374,4,31700
6666,2432,288,5,459.39
6667,5825,560,3,3562.87
6668,4660,218,3,12839.02
6669,6122,142,5,20941.04
6670,5198,539,4,44834.89
6671,5209,858,2,14209.21
6672,648,898,2,44919.45
6673,7955,473,5,23060.85
6674,7072,343,5,11543.97
6675,2937,250,5,19785.9
6676,716,654,5,40439.76
6677,4656,555,1,39822.01
6678,3840,163,3,1891.48
6679,3280,533,1,29791.97
6680,6773,961,4,24260.19
6681,3449,213,1,39201.99
6682,3251,402,1,19548.18
6683,6436,929,4,9607.1
6684,6051,331,2,4399.78
6685,3275,563,1,32033.63
6686,4273,923,1,46695.47
6687,5311,218,4,40034.37
6688,3814,286,2,29309.09
6689,6020,126,1,25257.77
6690,857,471,2,7392.03
6691,286,880,4,46833.81
6692,5115,570,4,43223.76
6693,5911,278,3,3513.68
6694,2033,337,3,26777.45
6695,5640,219,2,7150.79
6696,3531,906,3,23622.57
6697,7574,45,1,4890.63
6698,1215,516,2,13005.2
6699,6438,768,5,26176.11
6700,3699,636,3,39687.02
6701,2463,984,3,16513.87
6702,36,488,3,9796
6703,7517,72,5,42360.49
6704,4981,480,4,17441.13
6705,3771,575,5,34574.12
6706,1363,411,4,759.3
6707,7690,744,3,40555.32
6708,4226,36,5,39676.3
6709,1963,711,4,13880.9
6710,1441,802,4,46791.36
6711,2583,660,1,12588.6
6712,3207,798,1,31121.03
6713,965,764,5,3993.89
6714,924,495,3,14233.22
6715,4492,910,3,22359.6
6716,5334,970,3,43764.72
6717,4403,139,3,38094.73
6718,7749,730,3,29082.89
6719,4677,211,2,41987.72
6720,845,92,2,6684.41
6721,123,933,1,27651.86
6722,2320,977,3,39747.75
6723,194,90,2,1692.99
6724,7194,441,2,44825.7
6725,2499,517,1,8847.89
6726,432,159,5,14924.31
6727,7028,20,5,7680.74
6728,7176,567,4,44093.16
6729,3819,16,5,21886.89
6730,558,733,4,28758.46
6731,1263,284,3,10322.4
6732,4263,275,3,36174.71
6733,4170,392,2,43643.64
6734,5050,116,4,41455.42
6735,4859,80,3,13881.32
6736,6094,838,5,19896.7
6737,4416,115,4,20494.58
6738,4475,333,5,5536.71
6739,3123,228,1,26199.89
6740,341,232,4,2309.53
6741,2662,747,5,7889.59
6742,6950,332,3,48962.49
6743,5151,86,4,4834.22
6744,486,499,4,28280.26
6745,5484,853,1,36810.5
6746,2932,106,3,9561.73
6747,2997,194,4,193.26
6748,5226,689,4,21984.25
6749,6301,512,4,12260.43
6750,4478,976,4,33457.77
6751,1315,337,2,47779.05
6752,5925,684,5,39994.97
6753,6834,996,2,6971.75
6754,3656,215,2,30360.57
6755,5360,415,5,2745.42
6756,7079,551,3,47407.02
6757,2156,652,4,33806.21
6758,6987,649,2,26878.76
6759,229,541,4,6754.9
6760,5962,400,5,14239.62
6761,208,810,4,10772.03
6762,2144,90,5,7805.41
6763,1500,681,2,30981.85
6764,6860,270,3,38191.73
6765,6349,667,1,35397.94
6766,50,490,1,47585.38
6767,591,280,2,18360.2
6768,1318,174,3,35315.33
6769,1365,941,2,7683.43
6770,3934,492,3,10095.6
6771,4370,195,2,12949.35
6772,4721,364,1,13929.8
6773,3316,265,1,1760.95
6774,3019,774,3,42321.79
6775,5297,350,1,40468.73
6776,7080,162,3,44725.08
6777,3738,94,2,11593.81
6778,7710,584,4,27244.46
6779,3874,782,2,7805.2
6780,597,190,2,15425.3
6781,6552,158,5,11860.62
6782,2412,352,5,5628.44
6783,7262,920,4,44950.09
6784,5591,956,5,46648.36
6785,2263,287,5,35221.91
6786,2047,202,5,11555.71
6787,2882,112,5,1310.36
6788,2908,390,1,10263.95
6789,557,884,2,13790.1
6790,5774,84,5,2446.23
6791,1853,484,1,9939.29
6792,5210,627,3,41431.99
6793,1120,686,5,13159.34
6794,183,774,5,14779.95
6795,7609,203,4,29021.78
6796,6074,412,3,46994.91
6797,6254,650,4,22566.52
6798,2529,534,1,6376.79
6799,814,628,3,4454.95
6800,580,28,4,21827.73
6801,7392,38,3,45442.42
6802,3444,410,5,1594.81
6803,251,800,1,21163.21
6804,7632,103,1,47790.96
6805,1981,980,3,49527.01
6806,3120,728,3,28893.29
6807,5214,428,2,18841.19
6808,1042,750,3,40196.5
6809,5076,762,4,42757.18
6810,5213,827,3,3387.69
6811,2388,508,5,47389.85
6812,3667,963,1,39720.09
6813,2093,215,3,23037.67
6814,7278,793,3,13449.72
6815,5230,157,2,35518.7
6816,4995,302,3,18032.58
6817,3561,729,4,47717.68
6818,2502,904,2,8169
6819,1273,631,5,25641.7
6820,2690,761,3,7210.54
6821,4172,724,1,37162.75
6822,4178,627,5,23479.56
6823,2735,519,3,33824.53
6824,3072,545,2,6520.85
6825,618,954,1,30921.76
6826,4751,742,4,47904.65
6827,1919,762,3,14535.87
6828,3735,881,2,24019.87
6829,4062,961,1,7376.49
6830,6272,947,4,39382.83
6831,240,176,2,26870.08
6832,2460,933,1,8305.12
6833,2286,564,5,40715.27
6834,5135,258,2,44752.85
6835,2247,15,1,48117.61
6836,1010,148,4,37310.63
6837,3179,350,5,22135.03
6838,2906,908,5,28748.84
6839,1815,112,4,26070.6
6840,682,653,1,7147.19
6841,2233,628,5,41431.07
6842,7943,454,1,46061.15
6843,5118,893,2,20192.52
6844,6335,353,2,40909.01
6845,4973,568,4,43020.78
6846,2123,821,5,41827.15
6847,4066,103,5,36646.23
6848,1259,854,1,38652.64
6849,1055,760,1,26867.39
6850,3394,112,3,43513.27
6851,9,590,4,19018.78
6852,3872,733,2,27221.5
6853,2770,986,4,49356.21
6854,6679,112,3,13500.75
6855,2518,293,5,42563.75
6856,6586,882,2,38985.15
6857,210,972,5,26299.63
6858,5186,352,2,36583.98
6859,2006,615,4,3003.29
6860,4200,122,1,23125.7
6861,5126,712,5,49956.17
6862,2408,244,1,25299.06
6863,7350,559,2,35741.73
6864,7002,669,1,35579.31
6865,4062,176,2,30939.2
6866,6594,398,3,46523.83
6867,1671,163,4,3586.98
6868,270,474,4,43307.32
6869,7414,766,5,208.7
6870,1114,808,3,36399.59
6871,1068,871,3,6527.73
6872,4515,189,4,16549.97
6873,238,928,3,21275.56
6874,7655,194,5,29044.84
6875,3863,319,5,42765.68
6876,7170,600,3,49775.89
6877,6849,117,2,35308.36
6878,5690,586,5,15359.98
6879,5811,78,4,22368.56
6880,3819,391,1,27105.63
6881,6939,939,1,30013.71
6882,7307,631,5,49565.97
6883,3862,834,3,21444.86
6884,2519,143,1,11336.84
6885,1725,87,1,6928.92
6886,1743,747,1,15241.9
6887,5629,808,4,2836.81
6888,7868,476,5,19398.26
6889,4717,544,3,14253.01
6890,4736,508,1,42220.91
6891,2062,656,1,28589.69
6892,1887,257,3,3751.83
6893,2207,856,5,39297.57
6894,1021,557,5,4217.02
6895,5241,71,2,27146.27
6896,7180,394,1,10476.86
6897,1664,861,2,19784.04
6898,4438,163,2,9909.13
6899,972,567,4,4737.16
6900,895,906,2,1903.92
6901,4155,59,5,46337.06
6902,3442,302,1,10451.14
6903,7226,44,4,28456.43
6904,4343,909,1,11505.91
6905,5971,715,1,47768.42
6906,4279,676,2,25254.95
6907,7547,955,2,44157.08
6908,7594,225,1,8592.49
6909,4741,311,2,3461.35
6910,1488,880,2,14798.31
6911,319,538,5,32867.14
6912,4489,658,5,25131.59
6913,6417,592,1,36634.93
6914,1002,574,2,16264.46
6915,3948,560,4,824.93
6916,5862,125,3,13030.19
6917,1398,568,2,13944.3
6918,6025,200,1,46903.4
6919,6597,518,4,14188.48
6920,6921,355,5,33094.62
6921,71,717,1,29226.45
6922,4171,7,2,33884.97
6923,5578,788,1,39309.88
6924,4105,497,3,18147.52
6925,6827,243,1,37677.63
6926,7191,787,4,45769.3
6927,4548,734,4,14099.43
6928,5639,977,3,10543.26
6929,697,87,1,27531.8
6930,1093,256,4,48544.28
6931,782,934,1,34540.42
6932,1212,11,4,18402.61
6933,1473,833,2,30492.2
6934,3621,76,3,10772.29
6935,7574,390,1,16400.88
6936,846,284,1,11553.43
6937,2241,63,3,14091.3
6938,1726,253,5,1976.35
6939,3140,214,2,12051.51
6940,7809,407,3,34289.68
6941,5909,262,2,33848.19
6942,1839,644,5,34377.69
6943,2983,304,5,42709.2
6944,2654,517,3,43391.17
6945,6090,732,3,43147.29
6946,2850,664,1,19019.9
6947,6978,367,4,25068.46
6948,5132,745,4,43129.49
6949,3847,498,5,6775.37
6950,4465,380,1,18757.23
6951,7624,388,5,8812.48
6952,4898,664,3,31819.26
6953,2540,821,5,46817.85
6954,5399,525,3,38414.66
6955,2285,132,2,22826.33
6956,243,632,5,44546.99
6957,3696,890,5,17852.19
6958,3117,867,1,41001.75
6959,1548,611,4,18277.01
6960,3111,602,3,17374.89
6961,2340,154,4,42500.5
6962,3171,336,1,29015.75
6963,3066,657,2,14769.13
6964,6481,687,5,27763.89
6965,2254,368,4,18245.29
6966,7061,367,3,21111.32
6967,4768,562,1,33375.16
6968,3177,799,2,20483.71
6969,7561,193,2,32262.77
6970,1395,845,5,43271.86
6971,5348,955,2,43083.11
6972,4282,654,5,17606.65
6973,1411,328,4,44835.01
6974,6370,442,4,25708.05
6975,4387,692,4,47976.7
6976,3348,820,5,47219.13
6977,1262,108,5,48538.28
6978,3316,191,3,35389.84
6979,4414,357,4,3736.94
6980,7746,774,2,39585.92
6981,3541,838,5,36750.14
6982,7596,568,4,2961.59
6983,7660,495,5,41034.06
6984,6257,631,4,5426.55
6985,3618,936,4,5770.11
6986,3610,173,4,11279.49
6987,3144,419,5,43498.19
6988,7661,14,4,14592.61
6989,4716,85,3,4780.06
6990,2793,577,2,47321.61
6991,4119,789,4,29062.27
6992,4066,398,5,18144.34
6993,4457,591,3,42947.61
6994,3912,61,3,34655.59
6995,778,565,3,27520.48
6996,882,766,4,1365.47
6997,6226,153,5,42301.32
6998,1198,418,1,1038.66
6999,1342,583,1,10313.32
7000,4114,103,1,41145.19
7001,5839,825,5,28161.73
7002,7291,712,5,35148.99
7003,2725,491,3,24928.5
7004,1690,441,2,6008.86
7005,658,688,1,24924.66
7006,351,428,5,13535.06
7007,4099,124,1,5948.44
7008,5756,734,1,28936.14
7009,726,309,4,49249.18
7010,6301,554,2,10972.48
7011,6825,705,1,31689.21
7012,3410,331,3,35737
7013,988,141,1,325.38
7014,1010,619,3,45837.41
7015,2416,239,1,40152.59
7016,2930,319,4,32201.14
7017,3711,427,1,34284.38
7018,7662,155,2,27594.48
7019,3009,661,2,14019.49
7020,1062,885,2,23938.73
7021,5824,514,1,30313.34
7022,4094,518,3,40974.02
7023,3350,29,3,13076.05
7024,3816,216,2,33833.53
7025,2739,376,5,35732.18
7026,3427,193,5,1454.52
7027,4220,494,4,37751.29
7028,6214,172,2,42446.08
7029,5239,128,1,10619.74
7030,6724,558,2,11780.68
7031,2169,819,5,15515.76
7032,7220,829,2,30503.52
7033,3482,617,1,13320.12
7034,7471,203,1,3199.04
7035,5517,714,2,33095.76
7036,4434,863,2,8222.49
7037,5420,6,5,35723.88
7038,5931,310,2,45948.88
7039,1652,811,2,302.21
7040,7202,515,1,22832.49
7041,4043,698,4,35301.25
7042,7452,331,1,31547.02
7043,7470,171,1,37746.83
7044,1384,870,5,13982.22
7045,3623,881,3,24723.3
7046,5636,984,3,19380.44
7047,4106,60,3,22618.55
7048,5010,932,4,47153.6
7049,889,625,4,4132.61
7050,4315,588,3,23936.89
7051,4786,342,1,22893.18
7052,7052,374,4,36997.99
7053,6567,571,1,14329.37
7054,4293,49,3,11869.54
7055,7327,971,5,1592.77
7056,7067,887,5,18436.64
7057,3308,991,2,2375.11
7058,5302,976,2,30152.32
7059,1264,615,2,4915.31
7060,3689,622,2,40114.91
7061,7481,468,5,15493.02
7062,7275,706,3,17317.37
7063,98,878,5,30180.74
7064,4306,101,3,38051.54
7065,2963,543,4,29479.08
7066,1897,848,1,5575.7
7067,2660,342,4,47924.37
7068,7373,855,3,42414.79
7069,4006,117,5,47521.53
7070,5641,241,2,38037.08
7071,6091,742,4,18410.4
7072,4507,191,3,29061.41
7073,5505,478,2,45396.19
7074,3156,659,2,20246.58
7075,6394,135,5,16993.01
7076,6133,780,2,177.43
7077,2240,347,3,14259.46
7078,5895,389,3,41983.26
7079,1386,442,4,4858.93
7080,775,797,5,9628.39
7081,5689,723,3,26354.33
7082,4955,377,5,41140.07
7083,2288,345,4,8988.11
7084,287,999,4,41952.97
7085,7809,628,1,30295.69
7086,853,67,4,19961.54
7087,4003,784,3,29362.87
7088,346,233,5,32334.63
7089,3004,543,2,22092.56
7090,6541,17,3,7098.49
7091,7544,719,1,46410.82
7092,657,282,5,49870.34
7093,1874,120,5,1604.45
7094,2780,100,2,35575.28
7095,5898,625,5,15174.38
7096,4122,162,5,6495.98
7097,6365,86,1,6366.19
7098,7711,818,5,16067.9
7099,4904,273,3,48208.69
7100,1729,611,3,49743.17
7101,7656,161,3,21897.42
7102,1254,464,1,41264.43
7103,5567,720,1,44189.24
7104,1063,138,4,37975.13
7105,2873,759,5,16960.97
7106,5323,266,1,13426.78
7107,5498,901,4,6861.61
7108,7079,1,2,47550.2
7109,2264,359,2,15513.92
7110,610,252,1,27386.57
7111,6308,304,3,32439.73
7112,6650,286,4,19484.01
7113,7600,214,1,27238.02
7114,5390,362,1,27213.22
7115,2521,529,3,579.37
7116,2411,635,2,6174.37
7117,3895,318,5,3567.83
7118,860,259,5,14448.63
7119,4776,406,1,5371.83
7120,5696,211,4,43568.83
7121,4949,409,1,13936.51
7122,3730,822,1,43299.97
7123,2160,487,5,45712.43
7124,842,595,3,48612.01
7125,6062,776,3,19415.16
7126,1050,655,4,2946.62
7127,806,274,2,3411.65
7128,2403,935,3,44501.87
7129,6518,668,1,49405.29
7130,832,448,1,23100.79
7131,2094,105,5,29466.19
7132,1225,9,3,17499.42
7133,2685,871,5,8153.25
7134,1766,775,5,39954.43
7135,941,898,4,10243.2
7136,3155,468,1,20085.84
7137,5775,172,5,42473.58
7138,7913,491,2,19049.76
7139,4971,83,3,5018.62
7140,1949,221,5,11833.14
7141,292,502,3,7210.86
7142,5634,134,5,25075.83
7143,2348,357,5,24237.3
7144,729,623,5,26957.19
7145,4043,767,5,19338.55
7146,1669,272,5,8093.37
7147,2364,789,4,25762.01
7148,3965,39,2,14603.78
7149,4994,616,3,35213.47
7150,5034,795,3,42465.33
7151,3183,973,2,21820.01
7152,7293,611,1,34996.52
7153,388,155,4,7070.65
7154,3756,162,2,35915.55
7155,1801,73,4,12025.4
7156,4595,846,4,37505.19
7157,3206,801,2,11217.26
7158,6117,80,5,28272.55
7159,6563,796,5,14863.21
7160,2056,139,4,5231.02
7161,5174,716,4,45261.56
7162,6248,734,5,10419.78
7163,795,376,5,48371.79
7164,6325,564,5,10746.72
7165,681,46,3,30775.47
7166,1581,557,2,31450.73
7167,3257,111,3,15593.16
7168,6174,520,2,20178.1
7169,5281,422,5,20593.53
7170,3273,517,2,32768.01
7171,3610,441,1,32233.56
7172,1753,351,5,6069.73
7173,166,529,4,29589.52
7174,520,559,2,14926.09
7175,2141,898,4,20818.17
7176,4221,362,3,23999.15
7177,219,398,5,35258.87
7178,4643,76,1,46418.77
7179,4405,5,2,30675.63
7180,263,166,4,42259.85
7181,188,268,1,17228.91
7182,4704,918,2,20824.23
7183,6053,459,2,15150.88
7184,3919,841,3,1600.47
7185,2836,512,2,8550.5
7186,3310,350,5,18335.17
7187,4479,610,3,37383.46
7188,2328,25,4,28818.2
7189,2441,358,4,8607.05
7190,5618,439,3,27616.82
7191,1636,795,1,39164.88
7192,7239,279,4,36475.35
7193,1675,770,3,1796.53
7194,6454,742,5,8933.5
7195,2535,989,5,7772.01
7196,7288,409,4,18190.61
7197,2197,501,2,25919.59
7198,3426,591,2,30973.86
7199,199,534,2,12063.16
7200,2401,6,2,5948.44
7201,6978,329,4,39059.43
7202,3501,291,4,39198.85
7203,5936,544,4,40442.38
7204,2739,13,4,6882.18
7205,7848,812,1,47681.67
7206,5594,408,1,23726.46
7207,704,418,2,36132.02
7208,5842,308,3,28327.55
7209,4596,872,2,4737.44
7210,4022,725,3,29125.54
7211,7819,244,2,1214.46
7212,4867,826,3,31183.28
7213,5976,89,1,7213.11
7214,6959,824,3,45301.12
7215,1933,545,4,47929.39
7216,4906,369,4,15460.27
7217,5337,17,4,17570.45
7218,4586,716,2,31542.86
7219,2340,163,5,12438.41
7220,4362,179,1,39145.84
7221,5801,505,1,38412.77
7222,1113,62,1,12959.68
7223,5826,547,5,46212.05
7224,1295,672,1,15054.08
7225,4130,184,4,38602.49
7226,3070,89,4,277.61
7227,6370,12,4,28285.59
7228,3670,432,3,12405.32
7229,3277,52,3,45432.65
7230,299,947,1,36479.56
7231,3974,22,3,42392.96
7232,4628,774,2,5699.39
7233,3229,151,5,48469.74
7234,3852,399,4,14798.33
7235,3864,215,5,40550.96
7236,1640,755,2,22392.11
7237,1344,186,5,23901.32
7238,3549,263,1,14716.48
7239,5981,313,2,39548.68
7240,1762,648,1,7229.31
7241,5387,383,2,10005.93
7242,5299,86,5,781.51
7243,6937,755,1,48717.04
7244,7190,47,2,21672.45
7245,6624,375,3,250
7246,3584,800,2,32617.39
7247,4412,881,2,25157.9
7248,2722,16,5,26122.42
7249,1075,402,1,15749.03
7250,4141,492,5,32264.21
7251,426,809,2,42854.46
7252,7775,822,5,17045.33
7253,3011,225,4,45422.36
7254,7854,814,2,36991.28
7255,6767,459,3,42520.26
7256,6841,639,3,35742.01
7257,7281,377,3,4562.62
7258,2486,317,5,43900.29
7259,6728,198,1,7673.17
7260,7276,906,5,42165.29
7261,6339,667,5,21347.63
7262,2585,884,2,29528.12
7263,1220,722,1,27740.61
7264,2875,879,4,31765.03
7265,6008,259,1,18867.44
7266,1456,425,5,49267.65
7267,1639,51,5,36769.18
7268,7106,564,3,2753.89
7269,3371,986,3,42948.54
7270,4491,174,5,47036.09
7271,2611,658,2,1097.7
7272,4491,359,4,36252.37
7273,4343,101,5,41370.51
7274,377,334,3,49575
7275,6057,578,1,35914.8
7276,1938,285,1,8308.37
7277,7914,672,4,20621.9
7278,7273,954,3,13516.6
7279,4890,844,4,21695.34
7280,646,150,5,4992.47
7281,5761,658,4,37975.72
7282,6898,684,1,39113.04
7283,5547,933,3,27874.12
7284,1328,682,2,48829.18
7285,375,916,1,35716.47
7286,4675,305,1,711.43
7287,7682,147,5,5836.37
7288,3161,862,1,1888.34
7289,619,962,2,30063.12
7290,3015,452,1,21560.03
7291,6363,369,1,20270.64
7292,6220,911,4,15691.44
7293,488,57,1,28573.34
7294,5426,769,2,4314.81
7295,240,39,3,24766.61
7296,3238,110,5,18131.19
7297,3464,652,2,19320.75
7298,5800,277,3,13975.62
7299,4288,721,5,19483.68
7300,1958,188,1,1269.39
7301,3107,460,4,27760.78
7302,7050,323,3,5941.18
7303,5600,691,4,5389.57
7304,7590,206,2,12782.94
7305,6040,458,1,6904.43
7306,2797,619,4,15634.67
7307,3144,810,2,20945.63
7308,7976,599,4,33472.18
7309,6556,525,5,31121.34
7310,6238,108,1,32655.76
7311,2230,981,1,43470.13
7312,7191,202,2,13054.79
7313,2014,664,5,9296.1
7314,7701,190,2,42283.93
7315,432,863,3,42471.64
7316,4619,166,4,21844.66
7317,7480,537,1,12607.06
7318,4885,26,4,40761.17
7319,918,460,2,4885.75
7320,3378,35,3,42741.54
7321,4981,497,4,12169.73
7322,993,730,3,27137.92
7323,6103,983,3,42770.58
7324,2367,353,2,48580.96
7325,5903,252,4,29675.67
7326,6385,252,5,38160.49
7327,4823,277,5,47235.2
7328,2836,702,2,9763.89
7329,7625,884,1,37176.88
7330,2452,876,1,17359.7
7331,1705,92,1,15374.02
7332,1351,800,3,25052.59
7333,250,912,4,37873.47
7334,7098,543,5,20841.2
7335,6395,982,2,30818.87
7336,7003,297,1,20564.9
7337,647,346,4,27087.06
7338,5157,746,3,9646.28
7339,3589,173,2,11447.6
7340,5369,639,5,22151.53
7341,4560,781,5,43702.07
7342,5059,713,5,11830.91
7343,3721,506,4,43119.79
7344,998,761,3,22108.41
7345,1865,233,1,6727.45
7346,5007,299,4,10546.59
7347,1057,794,1,1682.45
7348,5346,500,5,3592.95
7349,5127,986,1,33626.56
7350,1971,623,3,38256.09
7351,523,595,1,3448.42
7352,2619,803,3,39511.96
7353,5573,988,2,28010.54
7354,2033,857,5,29838.57
7355,280,132,5,45747.03
7356,6285,681,3,39417.13
7357,2863,16,1,10681.18
7358,1840,711,2,37206.61
7359,6434,937,3,19787.13
7360,4688,177,2,15038.15
7361,6703,599,2,32580.11
7362,2448,39,4,7267.62
7363,1647,984,2,48174.55
7364,1548,149,5,26278.9
7365,6915,37,4,19571.67
7366,5044,428,5,3639.58
7367,6157,214,4,43121.43
7368,3195,159,1,11721.56
7369,5969,87,5,3484.08
7370,6440,644,1,10631.04
7371,3293,27,4,9652.71
7372,4321,790,1,14321.14
7373,3693,302,3,29772.44
7374,4062,789,5,11709.81
7375,6006,485,2,15145.2
7376,7809,352,4,33951.36
7377,5766,109,3,1465.81
7378,6378,857,1,10794.17
7379,239,78,1,30776.99
7380,7,649,4,46250.54
7381,5721,156,5,24928.92
7382,4495,862,4,12347.67
7383,5464,529,5,15192.59
7384,2163,72,3,33647.06
7385,6915,747,2,22393.33
7386,5860,809,3,16091.81
7387,989,528,3,27115.56
7388,3832,487,1,9449.7
7389,299,129,1,15796.35
7390,7113,187,2,45930.04
7391,7835,433,2,11618.58
7392,6286,809,2,31195.28
7393,1462,119,5,37771.64
7394,2083,719,3,44446.74
7395,6652,200,5,33698.24
7396,5111,179,1,28774.36
7397,265,975,3,36771.79
7398,3816,809,1,9285.82
7399,6574,821,1,20703.32
7400,3975,595,5,25941.55
7401,7460,856,1,32358.37
7402,4954,745,1,20156.87
7403,5064,122,2,301.99
7404,4778,304,3,34356.56
7405,1809,261,1,10014.77
7406,7278,360,1,31695.27
7407,4326,324,1,30964.51
7408,402,817,4,48808.8
7409,904,556,1,34670.64
7410,4651,286,2,45516.25
7411,4542,372,3,31580.99
7412,609,737,1,22154.02
7413,3144,226,1,6618.49
7414,633,11,2,1061.79
7415,5621,499,5,37285.14
7416,1498,395,2,20868.64
7417,47,716,2,18329.23
7418,5167,526,5,1622.84
7419,6380,940,3,16268.63
7420,7501,508,4,6935.56
7421,126,644,3,17434.74
7422,6933,254,1,25869.73
7423,1071,939,1,19910.79
7424,4244,380,3,40055.18
7425,1756,513,5,7309.25
7426,7979,249,3,9602.27
7427,6057,485,5,37849.21
7428,6938,262,5,18965.65
7429,3729,182,1,4466.9
7430,2889,694,1,15217.5
7431,2695,688,5,13988.88
7432,2637,806,1,21794.36
7433,5803,846,5,718.11
7434,4054,540,5,28056.77
7435,649,128,3,24149.51
7436,7980,516,3,38908.21
7437,6048,669,1,28061.92
7438,1747,110,2,25638.01
7439,5835,742,5,39069.62
7440,1197,326,3,38093.88
7441,6531,983,2,22898.44
7442,4950,493,5,32558.58
7443,5192,134,5,35067.6
7444,7895,721,3,3093.36
7445,2430,968,2,34810.07
7446,623,479,3,16939.92
7447,1552,993,4,19492.16
7448,6609,674,5,9992.84
7449,4556,901,1,25513.77
7450,246,76,3,41654.56
7451,6745,460,1,45548.43
7452,1004,680,1,10935.49
7453,6624,37,1,24290.67
7454,4382,462,5,10669.46
7455,7215,279,5,33980.83
7456,1881,435,2,41749.19
7457,7579,196,2,15105.74
7458,1012,893,3,16876.65
7459,829,996,2,28768.45
7460,928,38,2,15035.05
7461,3727,182,5,37097.85
7462,3103,111,5,25804.31
7463,899,194,5,19847.71
7464,5833,407,3,11203.1
7465,749,211,1,4626
7466,380,916,2,5841.35
7467,4285,350,2,24913.91
7468,4090,64,3,45018.81
7469,2562,472,3,34167.14
7470,6765,317,4,37704.45
7471,4178,126,4,22968.97
7472,6893,847,5,375.62
7473,3872,471,1,15357.03
7474,4160,833,1,7309.81
7475,5440,232,1,41087.69
7476,6913,407,2,43906.6
7477,3075,544,1,44816.05
7478,7263,612,1,17116.63
7479,471,14,4,14227.25
7480,4255,424,2,26136.34
7481,5737,736,5,36981.21
7482,555,278,2,31969.05
7483,7486,766,4,22669.28
7484,2676,333,4,11018.4
7485,1972,654,2,36046.28
7486,3674,334,4,6804.68
7487,6077,682,5,21377
7488,6040,257,4,45139.23
7489,7550,357,2,31758.72
7490,2479,398,5,9868.5
7491,4349,169,4,21526.57
7492,1562,440,1,45515.43
7493,23,137,3,41494.1
7494,5748,425,4,47752.63
7495,1680,484,2,41914.35
7496,1125,717,5,39985.92
7497,6335,17,4,1996.96
7498,5720,562,1,1831.83
7499,7515,346,4,48384.83
7500,5460,333,1,28973.95
7501,914,254,2,26372.5
7502,7295,62,1,13390.8
7503,4460,931,5,46909.52
7504,3981,928,2,8146.5
7505,6938,509,4,7737.4
7506,257,4,3,23894.9
7507,5434,559,3,45166.76
7508,7261,70,2,19176.36
7509,997,321,1,31424.42
7510,1027,652,1,30117.44
7511,1730,13,4,49763.43
7512,403,36,3,25823.02
7513,725,7,5,783.94
7514,13,606,2,28126.93
7515,7859,662,4,7452.36
7516,7508,890,2,21163.8
7517,7246,941,4,12452.92
7518,3390,636,2,11563.68
7519,3767,411,2,49914.01
7520,1653,999,1,35576.52
7521,4526,718,4,46934.26
7522,6371,410,5,47843.84
7523,7583,58,4,37193.86
7524,2449,368,4,14547.89
7525,7250,325,5,29778.55
7526,1539,479,4,49670.62
7527,2888,237,1,42116.6
7528,5310,486,4,21610.4
7529,7602,481,4,43732.81
7530,6588,794,5,42470.54
7531,3560,37,4,27242.18
7532,5869,642,3,43664.86
7533,727,300,4,19351.27
7534,7177,726,5,49301.26
7535,3981,358,1,8007.72
7536,2447,126,5,9323.35
7537,5275,294,2,44576.66
7538,2998,111,3,25135.33
7539,4756,820,2,37613.64
7540,1833,868,5,20836.88
7541,5362,611,5,12820.76
7542,5022,425,1,4581.39
7543,571,336,5,6509.79
7544,517,214,5,15056.87
7545,4505,100,1,18267.73
7546,6561,937,5,22072.9
7547,3111,944,5,19923.65
7548,1044,765,1,14706.58
7549,5661,155,1,44461.16
7550,1837,958,2,3408.85
7551,5863,777,1,11746.59
7552,871,170,3,29472.35
7553,3148,199,5,30824.82
7554,2104,15,4,8063.8
7555,4140,808,1,8686.79
7556,6384,715,5,29169.47
7557,5853,384,2,9829.64
7558,80,310,3,32419.18
7559,878,184,2,5949.98
7560,5972,992,1,45506.44
7561,4063,217,1,11659.34
7562,6725,423,5,11951.4
7563,44,79,4,13176.49
7564,5214,717,3,32497.05
7565,5133,926,4,45159.98
7566,478,826,5,4844.51
7567,349,560,5,16094.69
7568,1226,531,3,596.82
7569,5385,539,2,15367.57
7570,7281,45,5,16038.55
7571,61,655,2,25832.53
7572,1972,80,1,46199.07
7573,1969,656,5,20616.81
7574,4532,211,3,26189.71
7575,4182,810,3,13080.35
7576,518,382,2,5306.4
7577,1050,372,3,33256.87
7578,1641,211,1,39793.98
7579,6326,942,4,24881.53
7580,6520,437,5,15172.68
7581,4661,951,4,27751.12
7582,1588,919,5,3238.52
7583,3059,559,1,742.65
7584,1722,758,2,39417.54
7585,4273,54,2,38551.2
7586,4479,848,5,25277.76
7587,5812,135,5,49203.45
7588,7232,88,4,49971.03
7589,4424,37,3,38077.14
7590,991,572,1,8536.47
7591,4874,166,5,24369.77
7592,808,133,4,40732.12
7593,7617,572,1,16552.15
7594,5624,777,5,33618.71
7595,3278,877,1,8861.32
7596,2119,783,5,45078.57
7597,5745,78,3,23927.26
7598,2421,801,2,14605.29
7599,5183,703,4,21428.26
7600,2739,989,1,14922.86
7601,6565,234,5,23527.77
7602,3149,308,5,9362.14
7603,5847,341,2,46638.9
7604,2962,809,2,38961.53
7605,6559,334,1,27561.98
7606,3528,66,4,17605.49
7607,7861,999,4,48467.1
7608,4716,450,4,15741.97
7609,5386,274,2,2247.47
7610,7544,607,1,23284.77
7611,71,677,3,6083.48
7612,3235,692,2,44091.63
7613,4810,924,5,42427.93
7614,3985,745,4,35237.86
7615,7568,909,4,44499.78
7616,1400,662,5,42463.92
7617,2419,694,1,39315.79
7618,4439,876,3,2484.65
7619,3391,776,5,35104.73
7620,4516,687,2,3859.06
7621,7251,275,5,34951.27
7622,3527,756,1,6454.5
7623,6363,224,3,12963.31
7624,4726,121,1,4408.73
7625,4864,330,5,12232.91
7626,811,260,3,13232.37
7627,1589,15,3,25215.57
7628,7211,224,1,40417.78
7629,1535,381,1,9062.21
7630,1741,719,5,13622.96
7631,5378,130,3,35124.36
7632,4389,806,2,30694.04
7633,7591,222,4,48601.3
7634,6477,784,3,29885.88
7635,5207,996,4,11573.57
7636,6048,496,3,8392.21
7637,4732,629,5,45743.36
7638,2109,304,4,33666.8
7639,5370,398,2,3602.68
7640,693,532,1,4079.84
7641,5112,626,4,13464.21
7642,4715,988,2,27985.95
7643,7845,422,2,19920.42
7644,5263,73,3,5517.01
7645,890,287,3,17049.25
7646,1401,336,5,23433.79
7647,1893,385,5,16966.83
7648,3443,748,1,6058.66
7649,65,459,5,10526.45
7650,6176,754,4,18776.47
7651,2486,424,2,34730.84
7652,4278,847,1,423.58
7653,4321,264,3,10675.06
7654,5350,904,4,19430.56
7655,616,793,1,20153.49
7656,1710,621,3,32290.54
7657,7699,32,3,38880.11
7658,6512,546,4,23645.25
7659,1223,16,3,34557.73
7660,1974,136,3,15622.87
7661,1499,686,5,3038.12
7662,1778,622,4,29557.09
7663,4906,480,1,16139.1
7664,7056,131,4,21887.33
7665,2527,371,5,25193.12
7666,7263,233,3,44885.47
7667,3952,104,2,38897.55
7668,6742,698,2,39047.53
7669,3607,411,3,11115.98
7670,1743,42,5,13029.02
7671,5013,303,5,4813.06
7672,1666,606,4,3364.48
7673,3356,75,5,44687.08
7674,6084,35,1,36425.16
7675,6970,994,1,18238.29
7676,1510,115,5,46605.47
7677,3597,885,1,13854.68
7678,5722,615,4,34260.4
7679,3804,344,1,27958.71
7680,6313,242,5,5676.53
7681,3066,900,3,36219.13
7682,6038,987,1,24070.79
7683,3171,940,5,30813.73
7684,3763,691,1,24020.32
7685,4152,141,5,14055.06
7686,3260,24,4,40624.03
7687,3875,25,3,32784.21
7688,6327,337,1,5983.14
7689,3987,177,1,42304.13
7690,1640,86,1,8661.69
7691,1636,856,5,17754.76
7692,4528,427,5,30821.68
7693,1398,267,1,49136.09
7694,1982,282,1,9770.88
7695,1001,235,4,15483.61
7696,568,131,2,32660.17
7697,4396,525,4,28156.11
7698,3148,35,1,14600.49
7699,7209,44,2,17348
7700,4804,527,3,15192.41
7701,7628,488,5,46478.67
7702,6741,718,3,21361.5
7703,2938,294,4,27548.18
7704,5527,214,4,38792.31
7705,3613,355,1,33209.47
7706,2448,499,4,29424.73
7707,6504,547,5,5833.27
7708,7068,815,1,2389.52
7709,747,263,4,42137.91
7710,1930,29,2,35951.52
7711,4858,747,1,33013.66
7712,5773,763,1,38063.2
7713,4019,514,1,3669.77
7714,522,622,3,8359.66
7715,2623,528,2,2896.76
7716,5913,82,2,6208.03
7717,2252,188,1,49410.68
7718,6656,713,1,990.77
7719,5744,35,2,4936.35
7720,4621,11,2,42487.89
7721,4758,694,2,27001.42
7722,4624,224,3,14032.39
7723,1402,567,5,42533.56
7724,5362,335,5,2317.74
7725,4993,229,3,21788.46
7726,2669,309,1,49720.11
7727,789,488,5,26897.27
7728,3960,425,2,45733.95
7729,7659,429,4,37624.52
7730,569,493,3,35160.8
7731,7736,421,3,15946.12
7732,1357,257,4,46965.79
7733,3091,624,3,27021.42
7734,7458,355,2,33056.5
7735,3339,420,5,16239.17
7736,787,708,4,17481.05
7737,2661,520,3,39199.38
7738,7698,279,5,7426.15
7739,6205,102,3,29009.8
7740,3640,945,5,20330.77
7741,2391,720,3,30883.35
7742,1437,62,4,13367.69
7743,494,947,1,3545.01
7744,1923,260,1,5064.36
7745,1825,690,5,26190.65
7746,7080,261,5,22597.53
7747,153,659,5,28257.94
7748,7176,707,1,5032.88
7749,7374,866,3,43528.62
7750,6655,689,1,39111.63
7751,2445,931,2,5155.41
7752,3087,786,2,26009.42
7753,6112,677,2,14933.14
7754,7031,141,1,16720.34
7755,7383,838,4,39345.09
7756,6209,805,1,40950.58
7757,895,208,3,22942.32
7758,7052,137,3,43720.38
7759,3024,247,1,27787.36
7760,2291,112,1,26841.39
7761,3701,745,2,49339.58
7762,3654,663,2,24144.8
7763,1,55,5,13493.32
7764,6948,840,2,14777.53
7765,6800,373,3,17226.17
7766,6845,577,5,31656.69
7767,7734,927,5,11024.58
7768,653,997,2,36868.32
7769,4174,999,1,5432.02
7770,7556,155,4,39122.57
7771,1354,758,2,40421.01
7772,2008,369,5,25435.59
7773,6882,965,3,29228.78
7774,5436,386,2,49437.4
7775,2374,320,3,14499.44
7776,4099,533,5,36322.89
7777,4706,287,3,48554.08
7778,4386,370,4,8498.85
7779,4555,998,3,21966.16
7780,105,916,3,21433.72
7781,4059,687,1,46559.07
7782,7868,857,5,35400.54
7783,1036,430,1,45035.35
7784,5087,881,4,35907.18
7785,7268,239,3,34362.89
7786,7343,823,2,24482.11
7787,197,582,3,43645.52
7788,5334,755,2,4191.16
7789,5996,176,5,14245.47
7790,3863,533,2,27389.74
7791,6306,482,1,11963.66
7792,6777,186,4,12290.5
7793,1349,253,2,33702.98
7794,7673,896,5,40806.89
7795,2957,156,3,37077.09
7796,2765,435,5,22256.51
7797,257,410,3,32314.89
7798,6464,342,2,19385.12
7799,4829,785,2,36451.79
7800,5836,257,4,45515.37
7801,7621,802,2,35926.34
7802,7481,726,4,46113
7803,1053,395,4,13680.33
7804,287,740,2,25689.15
7805,5716,849,4,46586.89
7806,3954,113,4,6791.25
7807,7213,600,4,43788.7
7808,800,520,5,4160.16
7809,5748,677,1,36097.19
7810,4463,868,2,35471.39
7811,120,286,5,48851.94
7812,3957,418,4,39048.75
7813,2271,537,1,46145.82
7814,57,235,4,39260.23
7815,6848,75,2,4455.11
7816,2727,683,1,47481.23
7817,7372,985,5,18315.55
7818,6186,96,3,30750.56
7819,1480,538,2,25092.91
7820,60,960,5,26084.51
7821,3224,830,1,49703.42
7822,2780,134,2,15525.67
7823,7975,383,3,23322.56
7824,891,615,3,38163.7
7825,7085,887,1,16633.1
7826,705,858,2,18428.23
7827,1958,167,2,49094.66
7828,2917,497,2,14579.06
7829,5960,638,2,1422.86
7830,2177,657,4,22054.55
7831,5508,674,4,46992.46
7832,6479,892,5,46136.95
7833,4821,164,2,1882.01
7834,45,357,2,40785.12
7835,4066,880,1,39119.38
7836,3927,475,5,22329.97
7837,6112,217,4,35658.35
7838,4286,976,2,17815.89
7839,6443,810,4,27151.18
7840,7743,655,1,46648.27
7841,1090,933,3,24782.61
7842,6185,964,1,10184.76
7843,3404,559,2,13556.72
7844,2167,163,1,38789.55
7845,6648,693,3,46358.33
7846,2235,701,5,29793.67
7847,2499,797,4,35462.45
7848,3634,372,2,4618.96
7849,3887,360,1,24496.23
7850,7985,696,2,13297.92
7851,7939,383,4,25154.67
7852,4016,190,3,42620.81
7853,4653,640,4,33207.07
7854,1082,721,2,22237.18
7855,1573,565,5,35311.83
7856,3985,791,5,32397.1
7857,1183,470,5,31188.43
7858,6387,393,1,21096.08
7859,1873,264,5,32207.17
7860,1377,159,2,21261.13
7861,1859,65,1,4828.7
7862,6728,419,1,11882.09
7863,6184,292,3,8493.86
7864,4350,665,1,5548.58
7865,6711,869,2,25564.19
7866,538,203,2,42491.73
7867,7705,468,2,48811.65
7868,1595,886,1,49916.41
7869,448,655,1,24897.85
7870,5,90,4,49721.78
7871,4245,463,1,12555.72
7872,812,857,5,5900.34
7873,3335,895,1,2625.38
7874,3291,768,4,46824.7
7875,7291,929,3,31289.94
7876,7329,124,4,47881.65
7877,6118,177,4,35999.03
7878,5814,292,2,16946.35
7879,5110,1000,1,33535.83
7880,7852,82,3,1778.75
7881,5866,384,1,36707.77
7882,4562,658,2,42146.09
7883,6223,741,4,10879.13
7884,2158,972,3,48375.24
7885,6913,1000,3,820.92
7886,5507,187,5,49950.98
7887,2399,869,1,37793.26
7888,7275,788,4,33992.75
7889,681,579,3,4076.45
7890,4511,190,1,22020.71
7891,843,660,3,2393.8
7892,4615,489,5,22120.03
7893,5448,729,1,22269.62
7894,5724,222,2,34482.13
7895,5896,33,2,12758.97
7896,6193,835,4,38003.93
7897,6181,189,2,12990.35
7898,4499,840,2,12610.7
7899,111,568,1,7633.16
7900,3402,181,5,27801.56
7901,3280,417,2,20956.12
7902,1189,515,1,17785.78
7903,1142,907,4,46632.43
7904,4749,980,3,10426.92
7905,3132,28,5,118.01
7906,6691,229,4,39314.64
7907,5022,279,1,41391.7
7908,4304,963,1,14541.33
7909,3790,767,5,35478.36
7910,2872,425,4,37846.06
7911,625,597,5,44892.99
7912,5464,217,4,13977.7
7913,1141,717,3,4821.89
7914,2663,86,3,38714.31
7915,1981,435,1,18377.84
7916,6060,971,5,35421.32
7917,4119,735,1,40656.25
7918,2659,474,2,29958.7
7919,232,383,3,24214.05
7920,3795,902,2,7138.66
7921,3976,961,5,24960.3
7922,2944,723,2,8698.15
7923,1246,928,1,28395.03
7924,4339,75,1,2123.88
7925,820,252,3,2642.31
7926,4450,271,5,38340.06
7927,5140,958,4,43699.82
7928,6984,742,5,33617.34
7929,978,800,1,45492.11
7930,4855,159,3,48782.88
7931,2915,697,4,4307.82
7932,3805,354,4,13576.94
7933,7366,606,4,38216.9
7934,7888,196,3,27100.84
7935,7340,898,5,4194.69
7936,3302,190,1,15600.93
7937,1663,97,5,20703.5
7938,2592,960,1,44183.68
7939,7627,314,1,2003.07
7940,4208,572,3,15574.28
7941,3430,260,3,15253.72
7942,216,880,1,18191.27
7943,3557,199,4,31415.47
7944,4044,84,1,34617.68
7945,5425,551,2,38877.85
7946,924,931,4,25603.49
7947,1165,948,3,34812.63
7948,2840,406,2,9075.98
7949,1099,71,4,31844.5
7950,1733,370,3,27316.77
7951,4086,386,4,4122.52
7952,3296,439,2,32466.85
7953,66,701,5,6826.06
7954,4111,823,5,45537.17
7955,3283,829,1,29634.08
7956,6468,255,4,6305.08
7957,7740,126,5,5500.34
7958,2645,653,1,7216.95
7959,3281,423,5,37117.19
7960,7901,152,3,14015.23
7961,4727,667,5,45292.93
7962,7531,636,5,6595.3
7963,7740,356,4,29661.3
7964,787,122,4,11573.57
7965,1506,581,4,32245.06
7966,6102,327,1,11917.92
7967,2277,417,4,35905.37
7968,3892,933,3,4123.01
7969,2386,193,4,10344.93
7970,1630,820,4,21588.54
7971,5697,286,5,45608.97
7972,1575,854,2,4392.01
7973,4663,417,5,41359.66
7974,2278,360,1,19631.92
7975,5427,32,2,4558.22
7976,6196,528,5,13597.18
7977,537,817,4,34493.14
7978,7100,505,3,40546.01
7979,7901,348,5,1966.58
7980,2777,819,3,6726.32
7981,468,444,4,14104.61
7982,2396,839,4,16546.37
7983,7422,284,4,6866.49
7984,2489,625,4,17626.44
7985,3036,223,4,29146.28
7986,4916,457,2,26992.47
7987,437,372,4,41089.81
7988,2433,113,1,7748.87
7989,2945,136,5,24503.32
7990,5849,854,3,20019.73
7991,1510,339,2,16215.3
7992,5830,363,3,34615.63
7993,4300,597,1,15288.31
7994,6824,430,2,7198.29
7995,6743,493,1,22631.93
7996,532,322,5,22719.2
7997,2757,189,1,24469.16
7998,4377,84,2,3018.05
7999,3314,671,1,30822.91
8000,3588,250,5,48446.72
8001,1320,690,3,1764.19
8002,23,129,1,35685.03
8003,6631,55,3,872.38
8004,4945,832,5,30416.92
8005,7156,26,5,19463.55
8006,1174,245,4,17612.64
8007,4362,916,2,27885.19
8008,1950,58,1,43203.73
8009,7590,51,2,19898.66
8010,5910,775,2,25514.51
8011,495,530,2,10536.15
8012,2095,334,4,15835.4
8013,4628,414,1,1582.48
8014,3899,349,2,42294.05
8015,5118,501,3,32848.84
8016,1578,598,2,34082.8
8017,5447,674,2,19885.71
8018,6290,838,1,23139.13
8019,3012,717,1,21624.05
8020,5659,506,3,28395.19
8021,2500,47,4,22205.71
8022,4559,169,2,28577.59
8023,6561,832,3,7152.04
8024,3242,616,2,16661.66
8025,6651,946,3,19157.14
8026,1810,274,1,40178.45
8027,5478,824,4,3703.93
8028,5232,571,5,46371.96
8029,2087,259,5,38679.64
8030,6934,106,1,1892.19
8031,7575,421,2,44310.96
8032,4970,164,3,40528.96
8033,4823,221,4,9584.72
8034,6990,97,5,48067.1
8035,3046,266,1,6371.98
8036,6753,516,4,27525
8037,4759,631,5,14846.96
8038,5834,201,1,5371.01
8039,894,330,2,33453.07
8040,6196,9,1,1444.04
8041,383,299,3,49369.52
8042,6886,774,5,20480.76
8043,2832,584,4,1594.51
8044,7335,720,1,3515.3
8045,2170,570,1,34110.39
8046,7468,143,4,49630.18
8047,417,286,5,984.02
8048,4113,268,4,25776.56
8049,3946,842,1,38037.14
8050,5326,341,5,29767.78
8051,3583,68,4,11065.46
8052,2392,705,4,21177.8
8053,6552,531,1,35517.79
8054,270,15,2,42294.95
8055,3624,184,1,12845.92
8056,3629,516,4,45103.77
8057,4521,154,2,18177.86
8058,6154,830,1,13164.84
8059,6430,989,1,40312.57
8060,3015,407,1,11387.46
8061,2738,786,2,43163.79
8062,5353,77,4,25602.29
8063,2807,675,4,12126.65
8064,3238,107,2,31965.68
8065,6931,252,5,3159.23
8066,6093,895,4,43126.33
8067,7604,305,1,46055.71
8068,2750,893,5,23875.18
8069,5153,979,1,41293.25
8070,6328,766,5,42384.24
8071,294,658,4,14853.24
8072,2755,677,2,49630.9
8073,2275,705,4,36304.79
8074,6914,376,3,6381.42
8075,1199,881,3,28746.24
8076,2954,730,3,398.1
8077,5321,831,1,4252.69
8078,1028,287,1,45795.26
8079,6079,10,5,45047.38
8080,7516,693,3,29870.27
8081,3510,286,1,8515.64
8082,5384,288,2,1989.26
8083,6111,113,1,1761.61
8084,3103,425,3,39777.4
8085,6235,155,5,13966.39
8086,4562,507,4,41524.89
8087,5758,166,1,20947.31
8088,4527,396,1,7041.19
8089,5749,665,3,18704.92
8090,6818,559,1,24466.63
8091,5851,421,5,13909.32
8092,3803,882,1,13324.32
8093,1988,115,4,223.05
8094,1939,109,3,736.36
8095,2127,472,2,17087.88
8096,4996,107,3,29224.62
8097,3351,128,2,26962.08
8098,3650,22,3,24258.08
8099,7992,718,1,29294.47
8100,519,152,4,32493.71
8101,2222,513,2,6180.05
8102,5031,996,2,19403.88
8103,6403,160,3,39100.28
8104,79,708,4,13531.74
8105,1934,822,3,34312.59
8106,3652,519,1,35753.58
8107,7711,273,2,12528.71
8108,2637,352,2,12475.41
8109,394,497,2,36663.45
8110,1657,933,2,47124.75
8111,6563,873,1,26288.53
8112,1371,335,4,21390.22
8113,4583,902,5,13690.98
8114,5656,953,4,29262.09
8115,7514,533,2,7754.69
8116,2565,181,2,31785.39
8117,3080,499,4,10336.8
8118,3800,731,4,12958.31
8119,131,96,4,45553
8120,1261,510,5,34838.99
8121,7812,349,1,33089.69
8122,1962,103,2,34186.48
8123,4777,212,3,9469.11
8124,6491,341,5,22443.68
8125,1647,92,4,1028.52
8126,2282,252,2,23544.47
8127,3823,500,5,22586.34
8128,1869,857,3,28456.57
8129,4217,882,2,6619.9
8130,521,106,1,35038.57
8131,531,573,3,41842.06
8132,5344,616,2,36858.87
8133,879,22,5,35572.31
8134,3474,880,3,26918.32
8135,7704,762,5,30692.35
8136,4147,597,1,23136.18
8137,92,760,2,23533.09
8138,4207,835,4,4035
8139,7257,453,1,31252.92
8140,5446,296,4,48473.87
8141,3114,22,1,17855.58
8142,4865,673,5,27480.67
8143,750,925,5,49627.32
8144,3497,596,4,46847.75
8145,4707,615,3,34460.93
8146,4567,232,1,8541.85
8147,6453,607,4,25212.83
8148,3122,460,4,39669.57
8149,3618,332,4,31818.37
8150,1133,973,1,5327.69
8151,4741,779,2,34353.35
8152,2427,96,2,27299.83
8153,3279,942,4,33251.36
8154,5954,696,1,20525.76
8155,5458,400,4,37770.79
8156,3561,930,4,36096.78
8157,4882,133,1,26841.48
8158,3652,733,1,9709.79
8159,5317,624,5,40094.98
8160,4605,281,1,35969.74
8161,4149,207,2,42702.41
8162,385,870,3,34486.62
8163,1655,977,3,21213.79
8164,3509,212,3,39017.26
8165,421,123,2,3830.1
8166,2703,880,3,33493.94
8167,2607,481,3,29654.92
8168,3765,663,4,27144.88
8169,6254,138,5,35375.48
8170,6380,544,1,11774.94
8171,7617,665,2,39479.5
8172,5078,950,4,40029.61
8173,2714,364,2,41512.2
8174,506,295,3,37519.19
8175,313,817,2,43651.26
8176,4743,557,3,21187.31
8177,2289,750,1,12323.3
8178,3363,533,3,25992.53
8179,6603,445,5,19823.55
8180,2372,594,2,46565.9
8181,4937,628,5,36873.27
8182,4076,334,1,47547.61
8183,1597,322,2,13321.5
8184,856,860,5,45021.44
8185,6383,259,1,40304.04
8186,3983,144,3,1880.72
8187,5754,682,3,31911.67
8188,4480,806,1,15316.68
8189,7225,897,2,18670.92
8190,4284,825,5,2287.84
8191,6204,612,3,4489.14
8192,2105,364,2,1033.17
8193,387,582,1,48333.85
8194,2207,500,5,26359.58
8195,7030,757,5,27101.19
8196,6941,645,3,31120.49
8197,578,707,1,18022.23
8198,644,813,1,21710.46
8199,2822,555,2,14911.22
8200,220,998,2,11461.66
8201,6408,213,1,11652.99
8202,6574,886,5,10456.05
8203,4260,469,4,19585.74
8204,4827,155,4,37762.71
8205,5177,484,2,2754.45
8206,4426,600,3,10626.07
8207,101,870,1,20344.33
8208,1079,312,2,585.04
8209,3418,544,2,41349.92
8210,6139,135,5,15725.81
8211,6828,929,4,6338.44
8212,3805,594,1,39035.73
8213,61,740,1,41440.93
8214,7428,8,3,47072.87
8215,6181,328,4,45429.73
8216,1867,659,1,28636.36
8217,4188,204,4,42542.42
8218,887,120,2,18424.62
8219,6620,260,2,5724.84
8220,7515,489,1,15100.31
8221,2537,777,3,22861.22
8222,5504,183,3,45283.67
8223,1990,671,3,19814.08
8224,1996,430,3,20040.86
8225,4797,832,5,13128.9
8226,4825,502,3,16660.39
8227,5996,218,5,15527.6
8228,3027,584,3,4722.52
8229,6531,499,5,45847.31
8230,924,220,5,14475.14
8231,4150,784,3,20078.35
8232,4125,114,2,18666.32
8233,4979,23,5,29328.17
8234,3240,293,5,12709.13
8235,6122,375,4,19455.93
8236,2881,532,5,5174.84
8237,5543,43,4,37588.06
8238,5845,400,4,36601.13
8239,436,935,4,13129.06
8240,6173,457,2,36579.56
8241,7871,311,5,17638.01
8242,4355,869,2,38969.26
8243,4275,384,5,43369.06
8244,4809,474,4,33876.28
8245,854,570,4,9014.23
8246,3524,959,1,17218.04
8247,7880,21,3,45211.89
8248,2799,232,1,9140.08
8249,5315,378,3,23069.45
8250,3407,327,4,37156.23
8251,6629,958,1,42081.13
8252,5891,314,2,14404.81
8253,4831,210,1,40650.94
8254,474,637,5,42681.16
8255,2719,98,5,11683.22
8256,44,480,2,16735.45
8257,6401,59,4,36248.61
8258,7667,443,2,43177.47
8259,6768,298,5,48874.72
8260,4465,932,3,14824.08
8261,3484,391,3,44721.12
8262,7087,940,2,48941.59
8263,2918,824,4,7706.77
8264,7321,787,4,22172.75
8265,737,400,5,12090.99
8266,2706,677,4,2010.77
8267,4481,719,3,8349.31
8268,7848,113,5,13517.91
8269,1561,145,2,29437.04
8270,5638,746,5,31580.98
8271,3636,732,4,30740.99
8272,4678,944,4,37713.52
8273,376,119,4,2672.3
8274,2057,62,2,4751.9
8275,589,250,1,49329.42
8276,659,143,5,40207.27
8277,3334,119,1,15401.46
8278,765,757,2,18438.01
8279,1222,657,1,23878.51
8280,1037,694,4,4035.02
8281,6982,316,5,17028.22
8282,5533,362,4,28842.61
8283,3387,382,1,46286.93
8284,2989,192,3,43459.67
8285,4156,300,5,38096.33
8286,7565,178,2,49860.01
8287,2760,789,2,23849.33
8288,6238,379,1,17846.45
8289,4349,950,3,13191.77
8290,5493,21,2,48826.28
8291,561,580,4,12485.89
8292,3289,150,2,38906.22
8293,6197,611,1,16333.18
8294,1846,910,1,36677.28
8295,64,233,2,42997.62
8296,2124,474,5,48422.06
8297,5872,765,5,13137.71
8298,7220,375,4,9010.58
8299,4094,58,3,31866.59
8300,5624,347,4,20140.34
8301,6271,220,5,39415.44
8302,2355,479,3,10471.86
8303,4661,996,2,47448.16
8304,7167,952,1,27833.33
8305,5888,722,1,14424.65
8306,3998,501,2,4927.31
8307,7353,369,4,17599.14
8308,5505,169,4,8174.64
8309,7563,175,1,4738.6
8310,5338,553,2,35408.69
8311,7230,900,2,5830.89
8312,7647,286,4,13916.96
8313,6376,518,1,49928.96
8314,2212,913,3,30210.79
8315,6662,396,3,17793.31
8316,1949,100,3,36243.42
8317,7766,410,4,46582.5
8318,6283,71,1,16415.93
8319,4051,196,5,43708.7
8320,4360,846,4,8673.4
8321,3501,630,1,20011.62
8322,6598,255,3,19964.9
8323,6831,830,2,46267.99
8324,7529,848,5,9902.87
8325,1185,680,5,41017.53
8326,1614,505,4,5912.05
8327,195,484,5,25235.13
8328,182,391,4,34443.81
8329,5244,549,2,45656.89
8330,4679,966,1,9831.72
8331,7571,258,4,30554.1
8332,4055,923,1,32156.4
8333,760,399,1,47869.79
8334,6361,618,3,43636.38
8335,106,824,3,25103.25
8336,6808,974,4,41893.54
8337,2757,935,4,36612.63
8338,4920,96,3,22580.65
8339,3195,770,4,15390.55
8340,1538,966,2,7919.52
8341,5008,91,3,9569.85
8342,2276,275,5,21243.86
8343,3009,110,2,6306.83
8344,1602,675,4,15303.38
8345,2474,256,3,25608.58
8346,2316,319,4,9746.01
8347,977,598,2,31249.41
8348,7562,327,4,44533.59
8349,5458,386,3,49593.05
8350,588,475,3,535.47
8351,6344,75,1,1837.57
8352,170,735,5,27772.38
8353,2636,853,3,7584.89
8354,4464,751,2,30200.69
8355,1168,675,4,20781.7
8356,3813,568,2,30712.89
8357,1781,514,3,15517.71
8358,3145,723,5,28324.65
8359,6010,973,1,17136.11
8360,7529,951,2,42694.56
8361,828,360,3,49670.28
8362,7506,483,3,15515.47
8363,174,597,4,36726.52
8364,737,434,3,8472.19
8365,3387,960,3,33092.17
8366,4267,453,5,43566.06
8367,4483,129,3,29696.24
8368,2899,364,1,31464.17
8369,5596,243,4,17197.32
8370,1539,681,4,37559.93
8371,3666,816,5,23925.27
8372,6817,75,4,41036.22
8373,5717,172,2,42031.33
8374,4806,989,2,1915.09
8375,1426,389,2,36576.74
8376,1752,675,5,44949.72
8377,7693,837,3,36792.11
8378,1220,355,5,8113.11
8379,4417,999,3,6968.53
8380,7219,731,2,29803.98
8381,3398,360,3,340.57
8382,5792,259,1,21936.31
8383,7549,339,1,22634.14
8384,6683,327,2,40109.61
8385,3116,929,5,7399.07
8386,6613,644,1,21256.55
8387,7427,392,5,139.72
8388,5584,799,2,44902.19
8389,7534,325,2,25797.65
8390,4612,442,2,4378.65
8391,4396,51,3,13397.95
8392,5367,932,4,2265.47
8393,1670,679,4,44817.85
8394,2568,172,2,8873.93
8395,2726,633,2,30751.28
8396,6683,609,4,628.89
8397,442,816,1,7761.31
8398,3364,237,2,36115.15
8399,6807,298,4,1937
8400,4131,756,3,46561.55
8401,1928,370,1,29554
8402,2634,180,1,45711.22
8403,2494,956,4,42703.15
8404,2941,681,3,9417.28
8405,7045,364,1,4302.48
8406,490,607,5,33903.77
8407,6781,894,3,15824.71
8408,1224,403,4,34031.52
8409,1793,187,3,40404.43
8410,545,114,1,47407.98
8411,2631,553,3,13469.48
8412,3920,108,5,16782.23
8413,5382,298,3,4810.14
8414,1908,132,2,27727.96
8415,10,180,3,46992.91
8416,6324,536,2,23135.28
8417,1221,198,2,46534.48
8418,2176,895,5,9942.8
8419,6207,29,3,28988.59
8420,6278,418,5,4395.81
8421,7894,55,3,5262.01
8422,2629,788,4,33859.86
8423,245,777,1,2973.21
8424,4925,41,5,15044.16
8425,1831,852,1,40156.92
8426,6015,136,3,17509.15
8427,6748,401,5,5638.98
8428,3520,865,4,10923.89
8429,5478,338,5,41220.77
8430,6698,182,1,28764.54
8431,3335,488,2,42725.8
8432,2511,374,3,36512.04
8433,4537,757,1,40686.89
8434,6379,123,2,15746.54
8435,5083,986,4,144.18
8436,5733,639,2,29741.07
8437,497,401,3,30840.43
8438,3683,130,5,24749.7
8439,4574,216,3,45917.83
8440,2211,39,3,42055.97
8441,1993,867,3,22974.54
8442,2024,961,2,35860.11
8443,7715,754,4,37702.68
8444,5636,559,3,24566.24
8445,3689,546,2,25850.56
8446,6470,126,4,33462.61
8447,4410,928,5,44916.84
8448,1107,154,1,26319.88
8449,1417,301,2,26945.35
8450,837,5,4,42749.62
8451,3375,568,5,17860.75
8452,2763,756,3,11628.49
8453,604,2,5,43343.4
8454,7503,477,4,18543.02
8455,2698,926,4,43175.49
8456,7435,324,5,8895.01
8457,5893,4,4,18370.99
8458,4550,756,3,11390.92
8459,7089,634,5,12493.29
8460,2037,381,2,36519.51
8461,4084,378,1,21276.95
8462,615,119,5,8477.75
8463,7978,413,4,16656.07
8464,4356,893,3,48133.72
8465,5248,856,5,26517.49
8466,3766,272,4,6915.02
8467,754,969,3,11926.33
8468,485,401,1,26139.8
8469,1150,548,3,40971.58
8470,2527,391,2,47389.69
8471,3095,526,4,6046.77
8472,3313,523,2,34191.68
8473,5726,887,4,7979.44
8474,3832,523,5,41157.2
8475,966,480,1,20741.72
8476,7270,184,2,1371.56
8477,3313,851,3,24717.45
8478,7107,513,1,5552.42
8479,2924,301,3,30766
8480,326,826,5,39780.55
8481,7897,246,5,16611.6
8482,7261,833,4,42654.72
8483,5650,459,2,961.08
8484,615,832,3,40521.07
8485,4288,975,4,41705.62
8486,4427,911,2,34424.02
8487,4538,810,4,32897.37
8488,5675,649,4,31976.59
8489,6196,655,3,22475.38
8490,7846,283,4,21016.66
8491,656,89,4,21098.38
8492,3979,856,5,41818
8493,1825,847,5,351.01
8494,4106,140,5,24125.66
8495,7577,432,3,2562.35
8496,3389,577,5,35119.37
8497,2765,76,2,6985.44
8498,40,82,5,27488.16
8499,3414,276,3,5865.23
8500,6936,388,5,14624.26
8501,974,469,4,41167.72
8502,6050,226,4,28196.46
8503,67,162,3,32107.6
8504,6187,243,3,44529.72
8505,3892,193,3,1296.35
8506,4662,812,5,33924.6
8507,6585,794,4,4662.27
8508,3617,981,1,44676.89
8509,7874,962,1,30796.57
8510,4789,703,5,14561.41
8511,3416,52,4,971.44
8512,5267,723,1,36665.82
8513,2113,999,2,19328.81
8514,4077,943,2,39132.73
8515,4373,936,4,42713.05
8516,4108,136,4,32330.97
8517,1359,904,1,12717.32
8518,4810,801,2,6406.12
8519,6136,278,5,1686.12
8520,1481,130,2,48966.3
8521,3656,994,1,19850.26
8522,7663,510,1,19240.97
8523,2903,440,5,31587.49
8524,7066,108,5,43112.56
8525,5499,726,1,18145.15
8526,2414,288,4,26518.1
8527,2590,830,5,27230.43
8528,282,333,3,715.66
8529,3096,723,3,18977.2
8530,762,69,3,34161.29
8531,6159,967,2,27369.37
8532,1967,447,4,44286.98
8533,2780,927,3,2782.69
8534,4824,831,1,16531.91
8535,307,298,5,19022.92
8536,2288,99,1,14694.29
8537,2602,155,1,27190.67
8538,7792,60,5,39705.52
8539,1705,293,4,26243.74
8540,1741,564,5,3600.24
8541,6573,259,2,29611.44
8542,5792,461,3,42015.85
8543,1221,975,4,35457.06
8544,7550,963,4,49421.29
8545,3932,502,3,11789
8546,3534,663,3,37226.81
8547,4408,521,3,42220.18
8548,2309,836,5,24267.4
8549,1597,777,1,12228.97
8550,5415,533,1,18684.66
8551,7819,483,2,47551.51
8552,1782,449,1,9267.35
8553,2068,846,2,6594.36
8554,1057,173,2,35614.9
8555,882,6,1,38733.73
8556,1562,364,2,17182.81
8557,2748,88,5,48222.19
8558,5772,756,1,24771.74
8559,2707,612,1,38226.41
8560,3191,490,5,19501.58
8561,5667,396,3,20170.46
8562,2290,267,2,39221.55
8563,1673,591,4,38524.15
8564,6411,818,2,38894.69
8565,3077,713,2,10571.7
8566,6189,782,1,41948.23
8567,5600,551,3,5827.45
8568,2984,370,4,3407.82
8569,3327,121,2,25020.36
8570,4679,645,2,42171.24
8571,2538,623,3,46669.84
8572,5895,684,3,18149.58
8573,6011,284,3,3149.88
8574,6905,168,2,3100.53
8575,505,483,2,19471.11
8576,7190,191,2,41618.51
8577,5314,912,4,47134.34
8578,4594,90,5,45444.57
8579,1309,197,5,48028.63
8580,1351,435,2,34015.71
8581,6547,788,1,36423.75
8582,6272,534,5,4630.6
8583,504,236,4,48978.18
8584,7133,690,4,39072.43
8585,1634,285,1,5641.98
8586,1736,293,4,6682.44
8587,7466,3,4,45978.07
8588,5971,334,5,7761.88
8589,6596,749,5,7423.74
8590,2013,617,3,4995.34
8591,4316,639,4,12924.1
8592,1649,724,2,39619.82
8593,2757,284,4,37978.91
8594,4005,345,1,21849.37
8595,2452,546,1,22861.98
8596,6439,869,3,23642.49
8597,2387,399,2,41126.74
8598,2094,497,3,25421.86
8599,7993,139,5,21937.23
8600,5691,379,4,5742.06
8601,4028,731,1,29137.5
8602,2414,397,3,19591.39
8603,1221,181,2,39176.58
8604,1322,624,5,30842.87
8605,3012,959,5,38574.03
8606,3164,546,2,45206.74
8607,1212,884,4,774.94
8608,204,37,4,17579.21
8609,5802,710,5,689.29
8610,7362,710,4,48863.58
8611,7268,627,4,17616.64
8612,4107,565,1,9030.38
8613,4272,359,4,28062.34
8614,3076,673,1,27024.91
8615,444,486,3,19431.99
8616,3534,473,4,10591.81
8617,5964,824,3,42581.03
8618,1504,212,5,48205.1
8619,7476,717,3,22775.08
8620,7478,303,3,13396.47
8621,3870,784,1,35964.12
8622,6518,259,5,15318.01
8623,7311,500,2,42037.45
8624,2999,964,3,35211.44
8625,1313,645,5,18144.43
8626,4107,16,4,40623.55
8627,5791,251,2,3687.27
8628,5248,913,5,19057.24
8629,5584,751,3,36256.11
8630,3289,303,2,13850.51
8631,3756,394,3,4167.74
8632,4377,91,4,37717.49
8633,7128,349,2,39377.42
8634,5632,790,3,41592.34
8635,7428,256,1,12950.68
8636,2166,793,2,37593.08
8637,5610,704,1,37215.91
8638,826,922,2,47397.19
8639,3847,829,3,24137.51
8640,4050,235,1,24390.48
8641,4775,336,5,14055.36
8642,5372,182,3,7629.58
8643,3383,521,2,11713.69
8644,1459,121,4,28256.58
8645,5730,155,2,12429.55
8646,5509,260,4,32460.11
8647,2601,371,5,26251.51
8648,5884,650,4,7251.54
8649,6736,439,4,29193.14
8650,6481,804,4,19229.77
8651,2885,248,5,16971.47
8652,6657,281,1,2833.92
8653,1118,113,1,48586.43
8654,3958,32,5,34227.65
8655,48,124,5,8868.06
8656,204,264,5,41286.94
8657,6776,290,1,42096.85
8658,3595,434,2,42166.3
8659,2296,161,4,47561.65
8660,6450,857,1,33171.65
8661,2455,945,1,9828.15
8662,3805,583,2,25133.29
8663,1306,190,2,29178.91
8664,3756,505,3,12137.77
8665,7240,342,4,46548.86
8666,411,114,2,35467.66
8667,2677,568,4,12508.01
8668,2128,515,1,7538.36
8669,7777,213,1,35536.18
8670,4834,337,3,18366.11
8671,936,387,4,47308.48
8672,1900,693,1,5910.15
8673,1992,13,4,10617.28
8674,930,928,2,33752.45
8675,4558,81,5,9695.07
8676,3996,682,2,22245
8677,1390,471,2,33242.29
8678,3075,267,4,14610.4
8679,5321,964,1,3371.64
8680,6891,539,1,8528.67
8681,3195,776,2,1060.81
8682,6709,771,4,19892.47
8683,7015,814,1,22992.22
8684,5898,69,1,37654.2
8685,244,323,3,14080.62
8686,4945,787,2,29935.11
8687,346,518,5,46498.86
8688,5776,821,3,1407.77
8689,5057,803,2,26588.64
8690,2330,310,5,41809.14
8691,7304,980,3,8779.6
8692,412,715,1,31065.01
8693,7411,893,2,41485.41
8694,5324,122,4,9344.78
8695,7829,530,2,36816.6
8696,4442,621,2,25339
8697,6805,343,1,12150.97
8698,54,292,1,20452.5
8699,6987,112,2,43743.92
8700,7472,927,3,6739.91
8701,7930,445,3,2659.31
8702,7608,204,5,21486.5
8703,7229,729,5,5014.13
8704,5148,95,1,9727.9
8705,7087,969,1,16067.6
8706,6407,194,2,7935.25
8707,2996,110,4,8406.63
8708,1715,584,5,39379.63
8709,5402,849,5,23084.52
8710,6451,5,1,43994.87
8711,3555,74,4,27981.02
8712,1539,756,4,20522.91
8713,4971,849,1,24268.29
8714,6975,55,1,1550.04
8715,2347,430,5,12705.95
8716,2470,724,1,14903.18
8717,5149,696,3,10960
8718,3826,470,4,37398.74
8719,76,631,2,1993.22
8720,1796,207,2,25476.24
8721,6641,107,2,10634.71
8722,3446,333,5,32993.67
8723,493,628,2,44344.08
8724,7671,608,1,43693.07
8725,4255,801,1,643.57
8726,7820,95,3,21963.01
8727,5587,946,1,7333.88
8728,6945,222,1,34397.5
8729,4960,30,4,22483.37
8730,2344,126,5,15320.38
8731,329,767,5,48644.12
8732,206,604,1,12415.09
8733,275,770,2,42777.49
8734,7141,476,4,43653.7
8735,5141,554,5,21166.81
8736,419,532,1,41549.51
8737,7290,719,1,37628.64
8738,518,902,3,17012.95
8739,5016,321,1,17692.7
8740,2764,351,3,19850.59
8741,2861,194,5,39218.81
8742,2343,628,4,3032.88
8743,532,958,4,48722.86
8744,3310,887,2,43485.85
8745,359,637,5,16335.3
8746,986,455,4,44568.68
8747,7176,460,3,8751.96
8748,821,501,5,43693.63
8749,7702,744,1,27190.26
8750,2029,992,2,30851.54
8751,1582,5,5,46159.38
8752,1748,964,1,26216.73
8753,195,90,5,45188.33
8754,5870,854,3,20651.29
8755,7952,61,5,19876.08
8756,5903,503,5,12368.33
8757,4647,289,1,30653.55
8758,172,235,1,24647.85
8759,7981,681,5,17035.66
8760,4882,844,2,17853.22
8761,1242,11,1,48155.21
8762,4086,760,5,17918.36
8763,1673,289,1,7747.96
8764,2680,667,1,30604.83
8765,6239,917,4,23568.01
8766,6765,435,4,7093.08
8767,7107,145,3,4397.24
8768,3498,368,1,33781.51
8769,7739,815,1,33188.04
8770,5690,876,4,22640.77
8771,6306,39,3,699.6
8772,519,259,1,34881.58
8773,3933,979,5,40936.43
8774,5682,756,2,3896.93
8775,4334,304,1,37395.12
8776,6471,203,3,40508.34
8777,3253,517,3,286.61
8778,1302,484,1,33272.87
8779,2815,422,3,10045.73
8780,6877,92,1,27151.76
8781,7787,303,2,17183.07
8782,5944,939,4,2782.69
8783,740,762,2,37539.12
8784,2404,933,3,21583.54
8785,3160,352,5,22407.49
8786,4388,319,4,3903.4
8787,24,254,5,33007.43
8788,532,90,2,14671.76
8789,2674,216,1,42788.74
8790,7663,703,3,13507.69
8791,7802,529,4,3785.49
8792,7596,180,3,27041.6
8793,4049,590,3,20999.35
8794,5020,534,3,8216.07
8795,6309,34,1,7749.25
8796,5000,813,5,42189.8
8797,539,811,4,25318.9
8798,6555,555,4,3405.73
8799,4778,300,2,14132.77
8800,211,700,1,5889.29
8801,3810,305,2,47513.93
8802,2278,23,4,20772.04
8803,5969,214,5,30515.85
8804,5689,126,2,23246.66
8805,1026,798,1,46909.99
8806,3797,580,1,20061.46
8807,6177,908,4,7692.34
8808,222,622,1,16988.83
8809,5795,639,4,42171.09
8810,7886,322,1,25472.08
8811,3774,213,5,20142.75
8812,7766,395,4,24060.39
8813,6999,625,4,1467.13
8814,6641,810,2,7679.8
8815,3469,329,1,23659.15
8816,6744,992,1,10804.71
8817,7157,715,1,5090.1
8818,5119,452,5,1255.48
8819,2968,824,5,42514.94
8820,2608,201,1,8604.49
8821,2605,873,1,18140.7
8822,495,696,4,26563.86
8823,7364,546,3,10751.25
8824,4492,843,1,17182.24
8825,2307,809,5,10467.63
8826,4223,330,1,14184.24
8827,1889,294,2,15175.02
8828,968,401,3,34448.92
8829,5765,870,4,9037.6
8830,1603,434,3,6820.07
8831,503,60,5,48673.24
8832,5561,76,3,46458.43
8833,4888,537,4,32890.89
8834,1772,725,3,27340.03
8835,136,340,1,2928.11
8836,6631,653,3,42829.94
8837,6371,8,5,49330.22
8838,4544,330,5,26904.39
8839,6320,107,2,37825.22
8840,6077,650,5,30472.44
8841,2583,851,2,47283.51
8842,6058,779,5,47059.15
8843,7485,679,2,18042.6
8844,5032,17,3,20696.21
8845,3966,762,1,33612.36
8846,3782,974,2,36786.65
8847,7106,977,4,22469.34
8848,6768,273,1,49957.81
8849,6364,484,5,8716.9
8850,4293,548,1,36964.43
8851,5248,135,5,43616.13
8852,4266,842,5,48668.83
8853,6893,247,4,16708.7
8854,2914,105,1,31198.43
8855,2370,12,1,37894.32
8856,1543,389,1,11472.49
8857,2518,773,1,44599.72
8858,821,419,4,44451.36
8859,7017,273,2,32202.54
8860,6804,162,1,49107.17
8861,1765,129,1,28412.93
8862,827,529,2,26424.91
8863,5227,332,4,49970.04
8864,7020,392,1,5047.24
8865,1465,279,5,23450.16
8866,6695,649,4,1178.17
8867,6461,157,5,9199.8
8868,4960,183,5,38730.9
8869,6253,339,3,2525.56
8870,2572,817,5,31527.97
8871,7654,783,4,44282.51
8872,528,532,3,28568.83
8873,4693,698,5,48977.35
8874,5284,475,4,33916.23
8875,3277,100,1,32211.35
8876,5087,513,5,25318.81
8877,3300,158,1,33742.68
8878,4808,267,5,29850.4
8879,2983,766,3,7114.38
8880,1048,451,4,44898.8
8881,6258,569,1,10679.61
8882,2376,957,2,43275.53
8883,5706,876,1,26522.82
8884,7627,690,5,14812.87
8885,7873,407,3,48708.88
8886,3208,92,2,14642.91
8887,399,313,3,8713.61
8888,4299,827,3,31865.24
8889,5892,234,1,48996.15
8890,5800,385,1,24373.77
8891,1755,386,3,15047.95
8892,5206,296,5,19637.99
8893,483,468,5,46022.24
8894,2494,258,2,42527.07
8895,6217,997,5,36002.5
8896,2306,660,5,2211.83
8897,1209,908,2,26195.36
8898,5775,526,3,14464.22
8899,3200,176,2,35393.41
8900,7437,938,5,16973.16
8901,4171,14,1,30826.15
8902,6242,392,4,21924.57
8903,2425,301,5,18740.25
8904,4453,237,3,3920.41
8905,7322,772,1,28978.37
8906,2152,914,3,29352.51
8907,5361,163,4,41821.64
8908,266,363,3,25592.39
8909,7953,369,5,41565.34
8910,6802,611,2,25294.1
8911,3226,404,3,48699.8
8912,6957,623,1,14134.71
8913,7595,34,2,41084.84
8914,7319,937,3,21955.83
8915,3161,948,4,31473.06
8916,3694,623,2,37703.13
8917,4684,246,3,17210.73
8918,5289,298,3,3430.48
8919,841,110,3,21403.46
8920,7666,61,1,30397.32
8921,7376,387,3,44038.76
8922,429,149,1,31575.62
8923,573,960,3,5288.66
8924,5574,319,1,931.42
8925,3207,769,1,38069.72
8926,6298,685,4,43989.31
8927,6578,121,5,20094.77
8928,1342,147,3,13271.16
8929,446,312,4,20630.41
8930,172,746,5,35777.75
8931,2778,40,2,14678.18
8932,6465,137,4,4662.32
8933,4229,677,3,18603.02
8934,7005,422,2,8794.42
8935,5906,591,1,44344.68
8936,3230,575,4,30005.05
8937,2233,73,4,4575.75
8938,3841,555,5,5666.19
8939,5203,5,5,6254.12
8940,4300,465,1,3010.23
8941,1481,346,1,41593.1
8942,1809,473,1,3718.04
8943,5820,840,2,10451.67
8944,938,964,1,21610.95
8945,7595,480,5,5122.63
8946,308,602,2,12114.56
8947,5369,12,2,35720.95
8948,6257,323,3,19019.26
8949,3751,654,1,9120.24
8950,5243,649,5,2620.24
8951,1497,267,4,18659.06
8952,3771,399,1,42575.24
8953,6974,807,1,24882.43
8954,6840,260,5,1738.87
8955,2767,7,3,42025.36
8956,909,341,3,13896.24
8957,4211,414,2,744.11
8958,5173,709,5,42003.96
8959,6476,508,2,16462.18
8960,1035,743,4,49929.55
8961,2996,374,1,46977.89
8962,4351,869,3,3220.6
8963,4945,817,1,15648.69
8964,522,920,4,18474.4
8965,6287,815,1,14478.75
8966,1244,900,3,48856.59
8967,1630,630,5,31619.57
8968,6744,636,4,12722.55
8969,1312,379,5,31633.14
8970,4152,131,2,23678.65
8971,7424,309,2,36040.84
8972,5713,97,2,2741.85
8973,2019,691,1,42316.73
8974,4836,890,1,34388.84
8975,279,857,3,26960.66
8976,6986,39,5,26862.26
8977,3276,29,5,3996.29
8978,813,412,1,37231.21
8979,4553,306,1,46470.86
8980,1068,675,2,42747.91
8981,4113,925,3,38073.52
8982,6982,592,1,2935.03
8983,6673,976,3,41702.68
8984,7127,998,5,2254.23
8985,1112,271,1,37902.69
8986,7644,858,2,44755.61
8987,1163,405,5,40625.2
8988,4131,304,3,24617.72
8989,1916,116,3,42260.27
8990,1142,780,3,24573.9
8991,4047,340,2,48404.6
8992,2103,572,5,34138.72
8993,497,638,4,47258.02
8994,7377,807,5,31432.24
8995,2946,998,5,21055.87
8996,2097,392,5,13564
8997,3919,807,3,14689.01
8998,4991,955,5,28226.77
8999,4606,575,5,42315.46
9000,7508,38,2,20544.34
9001,4410,211,2,40243.2
9002,2836,53,4,39483.96
9003,4344,822,2,40979.34
9004,4307,147,2,22243.42
9005,758,289,5,36598.39
9006,4129,926,2,27249.55
9007,2227,571,1,13888.99
9008,2503,979,3,33359.2
9009,1982,315,4,45823.51
9010,3943,369,1,14085.44
9011,1687,582,3,9337.25
9012,5764,909,2,39306.89
9013,2625,747,4,35725.41
9014,3863,822,2,10848.91
9015,6722,644,1,40336.33
9016,685,685,5,9285.64
9017,6966,647,1,24643.13
9018,4399,946,4,36208.36
9019,327,70,4,31704.85
9020,6309,184,2,8680.5
9021,7030,644,1,43753.18
9022,7899,866,1,43829.54
9023,5009,538,4,6194.14
9024,4834,432,2,2528.35
9025,7051,192,2,40316.11
9026,1034,216,3,48494.98
9027,3509,106,4,32810.41
9028,4390,171,2,24200.46
9029,2129,572,2,4422.98
9030,7459,83,4,30630.37
9031,5365,966,3,14466.69
9032,5725,131,4,17116.99
9033,5005,361,4,2221.78
9034,3166,640,1,13318.79
9035,1819,710,5,13338.17
9036,3101,895,4,12437.27
9037,2071,180,1,38290.27
9038,4656,3,4,716.16
9039,7478,481,5,32753.17
9040,995,68,2,28027.92
9041,598,479,2,7325.93
9042,1980,576,2,45437.13
9043,5894,848,3,42878.49
9044,2705,529,4,39611.56
9045,1255,34,1,15811.62
9046,1866,813,1,12493.78
9047,2870,419,3,7037.23
9048,573,401,3,24813.86
9049,6349,560,1,15177.57
9050,129,311,1,17069.04
9051,7845,856,2,16467.17
9052,3479,271,4,20368.75
9053,428,605,2,34429.32
9054,7001,44,2,44107.68
9055,3450,509,3,12521.73
9056,574,624,3,44786.38
9057,3926,310,1,15311.79
9058,49,249,5,48653.31
9059,3420,903,1,15030.72
9060,2619,21,3,46845.79
9061,7138,413,4,11927.11
9062,6232,821,1,42592.29
9063,895,577,4,21702.8
9064,984,529,1,9287.97
9065,2930,711,2,16499.33
9066,3321,978,4,48375
9067,4566,212,5,43015.5
9068,5897,162,1,15645.4
9069,4271,574,4,40628.74
9070,319,442,4,26938.67
9071,5771,649,5,42044.91
9072,7483,266,1,29186.58
9073,1495,124,5,44666.26
9074,1154,981,4,38094.74
9075,2986,496,5,1352.18
9076,345,152,3,18739.29
9077,5598,250,3,35829.96
9078,2047,881,3,20302.37
9079,2809,855,1,17364.4
9080,7547,414,1,36730.36
9081,6187,59,4,8013.8
9082,7760,378,2,31196.05
9083,1101,108,5,30683.67
9084,3810,80,2,11943.87
9085,1703,763,1,12458.8
9086,4340,534,1,43179.99
9087,7334,515,2,48553.53
9088,2981,890,1,28607.88
9089,6369,108,1,15330.57
9090,234,967,3,48519.6
9091,2267,936,5,3993.07
9092,3137,692,4,38508.21
9093,2774,333,1,6054.62
9094,6321,399,3,37833.44
9095,5221,818,1,25073.25
9096,434,380,3,42726.36
9097,3972,17,3,4575.33
9098,1650,59,4,21400.35
9099,1742,456,1,9326.5
9100,3605,591,2,28570
9101,1251,152,2,32465.29
9102,7285,2,1,37908.07
9103,3376,675,4,14375.15
9104,3177,634,4,15893.58
9105,3569,192,4,24374.63
9106,4054,503,5,48690.21
9107,6739,419,1,47898.05
9108,2104,855,2,16825.21
9109,1971,110,2,16990.68
9110,6741,543,1,31428.64
9111,575,981,3,1257.6
9112,2418,11,2,17565.88
9113,5909,938,3,43696.05
9114,6070,717,2,5659.42
9115,3451,147,3,27639.58
9116,4280,43,1,29290.04
9117,6096,85,2,22711.56
9118,6437,49,3,363.37
9119,5491,344,5,20236.74
9120,6479,528,3,31380.2
9121,4677,912,4,39945.07
9122,1102,54,1,14203
9123,1528,172,4,14202.8
9124,3598,826,3,31361.08
9125,3807,216,4,43198.31
9126,380,564,1,40790.87
9127,3054,660,3,39243.17
9128,4605,588,2,18653.93
9129,2695,515,4,44655.1
9130,6275,726,4,14212.59
9131,5971,103,3,49745.78
9132,2632,190,5,49285.84
9133,1175,515,2,16319.57
9134,4433,736,2,23781.83
9135,6132,857,2,10911.95
9136,5861,978,5,26923.89
9137,2136,267,5,28859.31
9138,7579,826,4,31468.17
9139,73,62,4,37968.42
9140,6220,62,5,48454.88
9141,1094,32,3,47921.71
9142,269,874,2,23712.81
9143,6294,330,5,44459.87
9144,4827,396,2,37063.62
9145,6965,432,5,20994.25
9146,3909,917,1,19359.14
9147,7643,879,4,39035.59
9148,1391,51,4,23701.58
9149,3004,920,3,12811.09
9150,204,955,4,35797.25
9151,6079,553,5,21701.19
9152,1777,851,4,147.79
9153,5801,660,3,15982.56
9154,2159,725,1,23520.77
9155,6581,539,1,36402.31
9156,2041,15,2,29798.68
9157,1759,113,3,25474.47
9158,5388,735,5,30837.54
9159,1685,948,2,10295.65
9160,4885,449,1,356.06
9161,4512,268,1,736.27
9162,4538,590,5,31965.53
9163,369,699,3,38784.69
9164,4283,634,5,27709.54
9165,6652,737,4,37614.25
9166,4104,423,3,2077.93
9167,5943,301,4,12659.97
9168,6417,192,5,18000.69
9169,7128,172,3,31789.15
9170,1214,266,3,34551.98
9171,181,850,3,26481.25
9172,1738,433,2,35265.41
9173,6948,950,5,18791
9174,3888,18,2,34379.92
9175,778,842,1,19947.94
9176,1756,932,3,1592.47
9177,4152,897,4,1303.39
9178,3869,730,5,3911.58
9179,1232,620,5,14431.06
9180,5610,647,3,5843.12
9181,2622,636,4,26295.43
9182,7914,545,4,49299.19
9183,4557,979,5,1660.06
9184,7624,606,5,27438.21
9185,22,642,3,9190.39
9186,1724,131,4,2829.84
9187,7111,489,4,25235.62
9188,1369,523,1,33138.15
9189,208,153,2,32024.43
9190,5919,53,4,26886.71
9191,254,832,2,625.93
9192,7712,29,1,28167.55
9193,2998,945,2,13274.89
9194,2543,418,2,12583.03
9195,3522,699,2,29639.02
9196,2682,231,4,19456.19
9197,7412,895,3,48179.96
9198,4157,613,3,891.77
9199,889,744,4,28006.39
9200,6674,322,5,26691.73
9201,1458,208,3,3901.17
9202,1071,652,4,3657.41
9203,1389,1,4,29346.39
9204,2882,720,1,17345.69
9205,6230,703,4,22419.17
9206,2811,367,2,16894.97
9207,1614,785,3,18230.11
9208,6534,169,1,2206.56
9209,2727,104,5,34634.98
9210,2096,278,5,20888.23
9211,6021,533,4,31612.78
9212,2836,922,2,49379.04
9213,4592,60,2,32423.78
9214,3252,358,1,46274.32
9215,5576,322,4,31003.83
9216,4900,322,5,17993.37
9217,1529,560,4,14612.7
9218,2097,630,4,18896.49
9219,3856,149,5,45014.17
9220,5117,93,2,30992.68
9221,7645,424,4,27250.19
9222,4267,58,2,19156.06
9223,2858,855,3,26615.21
9224,6878,394,2,3210.9
9225,3922,715,2,8684.13
9226,5373,610,3,48246.68
9227,2081,905,5,2317.7
9228,1712,672,1,8407.38
9229,6654,51,5,10098.55
9230,2209,959,2,11829.53
9231,277,699,1,25824.01
9232,593,973,5,14906.5
9233,4749,924,1,38260.56
9234,4453,69,3,42887.83
9235,641,736,1,19821.05
9236,4559,823,5,2633.4
9237,1815,821,3,41119.58
9238,4952,918,4,7312.94
9239,6234,878,1,33182.02
9240,1193,717,2,27429.44
9241,3472,428,3,5825.96
9242,6327,400,4,30284.5
9243,1412,764,2,40816.92
9244,6005,241,5,10172.55
9245,6874,923,3,27648.99
9246,834,939,5,8232.27
9247,2852,450,5,32736.54
9248,7995,304,4,31184.48
9249,4332,550,5,9174.09
9250,5554,367,2,38979.12
9251,5390,919,2,18039.9
9252,4193,823,2,38514.33
9253,695,408,2,19655.64
9254,543,885,4,39582.42
9255,1455,168,2,35642.1
9256,420,307,3,31750.5
9257,6103,859,5,43448.81
9258,4456,319,5,26345.4
9259,4992,73,2,38680.08
9260,4818,297,4,31111.43
9261,2992,178,5,3713.79
9262,3379,75,5,24028.93
9263,7526,790,3,34128.18
9264,7829,59,4,29514.37
9265,3050,331,2,27688.06
9266,2765,279,1,32401.31
9267,7660,133,3,33365.64
9268,7325,77,1,44208.08
9269,1911,83,5,23765.46
9270,5879,170,4,1300.83
9271,7392,180,5,8590.96
9272,1056,894,5,27292.87
9273,4595,524,2,44076.91
9274,2590,985,1,35908.14
9275,7845,1000,3,41350.17
9276,6309,697,5,30858.18
9277,6959,839,1,20861.38
9278,4129,722,5,14417.21
9279,1949,800,3,9191.72
9280,7285,444,2,10526.58
9281,5413,853,3,49926.89
9282,7172,223,5,10055.62
9283,5048,307,5,31548.55
9284,5412,580,5,48457.55
9285,3982,343,2,49873.65
9286,5680,391,5,18248.73
9287,4464,549,4,11780.39
9288,856,437,4,40124.82
9289,6564,808,4,32597.18
9290,5148,898,2,36316.9
9291,3418,699,4,49557.86
9292,6695,666,5,37310.09
9293,1272,758,2,12676.85
9294,621,819,2,40719.82
9295,6423,737,3,37909.28
9296,6229,168,5,35387.89
9297,4130,985,1,47288.89
9298,296,257,4,30746.74
9299,1296,718,3,46171.09
9300,1533,773,4,17359.03
9301,5854,620,3,7250.05
9302,1612,650,3,43728.11
9303,7137,622,1,14124.24
9304,1427,282,1,1570.38
9305,7362,914,1,33555.98
9306,3349,729,2,28280.12
9307,5009,379,4,37762.7
9308,2515,703,2,3114.9
9309,418,171,2,7907.67
9310,7428,432,3,11663.5
9311,2975,370,4,14868.55
9312,3378,501,1,13400.02
9313,1621,457,5,25411.95
9314,6160,298,5,42909.97
9315,5416,84,5,23607.66
9316,3282,882,1,24524.51
9317,4029,25,4,43886.08
9318,415,455,4,10245.47
9319,248,83,4,47035.05
9320,4682,769,2,45456.14
9321,6286,452,4,19450.44
9322,5352,153,5,3672.95
9323,6079,905,3,2744.69
9324,1330,965,2,21948.67
9325,795,27,4,9730.59
9326,4452,653,2,37851.87
9327,1718,645,3,18360.19
9328,4121,369,3,47225.7
9329,1521,768,2,42903.85
9330,3712,750,5,41441.79
9331,5134,961,2,41796.44
9332,7199,231,2,18810.45
9333,5904,300,2,34253.85
9334,4021,59,4,19442.08
9335,6238,340,5,35620.45
9336,2416,276,1,9663.58
9337,6276,519,3,10620.43
9338,4143,122,5,652.69
9339,1942,217,2,49310.74
9340,6893,590,1,10732.34
9341,5288,821,5,4962.7
9342,5970,936,5,30784.1
9343,7927,515,3,6421.78
9344,4137,659,3,19176.64
9345,3943,297,2,34608.58
9346,2696,910,1,20312.44
9347,7700,903,1,27467.88
9348,2420,238,3,21446.16
9349,3701,586,5,35991.46
9350,2599,624,5,48737.66
9351,1523,882,5,5346.66
9352,4668,468,5,10614.67
9353,5886,468,3,31853.7
9354,3134,109,3,21623.93
9355,5583,882,5,17468.88
9356,716,225,3,11041.88
9357,3005,911,3,45550.76
9358,261,524,4,7041.2
9359,916,347,1,20326.8
9360,7585,608,3,35957.44
9361,2380,433,4,19403.63
9362,7820,268,5,28651.78
9363,6409,828,4,16131.54
9364,352,563,5,39790.07
9365,7433,80,5,26875.25
9366,2429,877,1,28483.95
9367,4932,472,5,12827.15
9368,5021,948,3,14099.64
9369,4769,182,2,39640.64
9370,916,999,3,17685.12
9371,6253,263,5,39817.72
9372,1483,461,5,18125.95
9373,7784,677,3,35746.99
9374,5007,363,2,34373.94
9375,1247,611,1,6900.39
9376,983,327,4,41359.87
9377,6822,986,1,36604.6
9378,2914,685,5,12050.69
9379,4963,247,5,34352.27
9380,1505,444,4,24080.99
9381,6626,480,3,43363.78
9382,7754,823,1,24996.47
9383,6957,831,1,4369.45
9384,4234,900,4,4955
9385,3708,854,4,38089.56
9386,5861,676,3,18527.29
9387,7490,790,2,32456.61
9388,5078,403,3,43748.91
9389,642,557,5,6238.99
9390,244,977,5,4886.39
9391,838,556,4,25298.02
9392,6516,563,4,7199.65
9393,2025,132,3,30992.74
9394,4674,597,5,24900.6
9395,1399,459,1,28214.54
9396,1701,168,5,25092.47
9397,7504,713,1,38027.95
9398,421,333,4,4048.31
9399,7349,261,4,2578.23
9400,893,917,3,20495.46
9401,4328,109,2,36897.19
9402,5696,995,5,14397.63
9403,1807,225,4,9874.19
9404,5512,823,3,124.43
9405,7320,194,1,5669.09
9406,6699,731,1,24377.15
9407,2461,110,3,16517.19
9408,5610,691,4,3553.23
9409,1106,418,1,16980.89
9410,4678,741,4,49777.42
9411,5850,23,2,17922.84
9412,5167,157,3,7866.45
9413,3750,264,1,31310.08
9414,3803,82,5,27325.58
9415,786,504,5,47496.99
9416,7472,650,2,15241.04
9417,2596,976,3,39414.04
9418,504,333,2,37557.97
9419,4788,29,2,47402.27
9420,2017,690,2,29758.06
9421,271,672,1,44552.13
9422,1519,17,1,23996.71
9423,1417,557,5,25076.27
9424,7119,76,1,48687.74
9425,3236,599,4,18507.33
9426,3401,357,3,9070.44
9427,511,44,2,33720.66
9428,6907,826,4,17962.35
9429,4585,295,1,5321.27
9430,1639,165,1,47782.75
9431,6440,110,1,24584.39
9432,3139,258,1,22761.67
9433,1769,984,1,36252.65
9434,2761,953,1,21583.34
9435,5797,104,1,5116.51
9436,5282,34,2,10238.78
9437,2306,903,3,44861.16
9438,6621,387,4,1306.65
9439,1796,821,1,44293.47
9440,2962,630,2,18701.55
9441,2914,84,3,11311.78
9442,4469,203,5,17693.38
9443,7658,797,1,33225.68
9444,1611,323,5,44577.15
9445,7328,351,2,6899.49
9446,4319,877,3,24225.15
9447,3123,494,3,21725.74
9448,3754,701,2,2235.76
9449,1895,768,3,16821.37
9450,5290,568,1,24469.16
9451,4831,378,5,947.17
9452,1482,441,3,2743.78
9453,4407,794,1,29401.04
9454,2368,658,4,13484.48
9455,691,344,2,1217.77
9456,6642,811,1,22313.61
9457,5608,225,2,48538.4
9458,5154,882,3,6430.16
9459,4341,789,4,39349.46
9460,5968,807,5,23670.82
9461,2656,910,4,39653.55
9462,606,501,2,26497.74
9463,1366,337,3,35291.96
9464,3654,556,5,40081.2
9465,6047,959,5,46101.63
9466,3187,526,2,15473.68
9467,5798,30,5,27882.26
9468,4679,19,4,13242.67
9469,5728,396,5,45219.05
9470,5790,548,2,40192.69
9471,2746,813,3,14842.39
9472,3583,336,4,3128.46
9473,446,836,1,7227.49
9474,4499,808,5,18802.48
9475,889,710,2,18163
9476,6392,64,5,48879.92
9477,5869,872,3,36674.58
9478,2928,903,5,13060.43
9479,7395,576,5,22223.92
9480,6940,154,1,39860.91
9481,7299,307,2,17411.9
9482,6671,823,3,29368.92
9483,4904,461,2,29874.72
9484,1444,136,4,22796.31
9485,7580,592,3,6459.38
9486,2990,848,2,49985.71
9487,5247,575,3,20539.3
9488,6766,3,5,45147.28
9489,4616,181,1,27074.62
9490,454,182,2,20455.96
9491,1436,440,1,14571.84
9492,1163,722,5,3794.1
9493,2088,454,5,6084.21
9494,2550,982,2,9159.88
9495,5732,621,5,27405.96
9496,5186,818,4,12126.98
9497,5083,384,3,39256.24
9498,3804,476,4,20778.68
9499,5616,399,1,44584.8
9500,5772,725,5,5109.82
9501,7360,369,2,3968.39
9502,5499,547,4,40888.79
9503,498,670,4,6757.82
9504,4997,781,4,27065.03
9505,6139,383,5,23674.22
9506,7953,476,3,31739.73
9507,5991,954,3,21721.83
9508,5676,247,1,11796.11
9509,4075,424,1,37071.19
9510,4136,95,1,49648.76
9511,6830,810,4,34523.91
9512,444,797,1,5563.4
9513,6071,804,1,30709.02
9514,7274,344,1,11997.73
9515,3166,769,4,31241.15
9516,4104,14,5,9178.93
9517,3609,881,2,24546.05
9518,2594,320,5,33190.87
9519,3029,857,3,5807.63
9520,1235,172,5,39657.3
9521,6803,656,2,23751.84
9522,5323,626,2,45588.35
9523,1053,963,3,36814.97
9524,564,217,3,32951.09
9525,4631,508,3,30807.9
9526,4622,330,5,14093.76
9527,4904,706,2,26364.59
9528,239,52,3,31238.58
9529,5392,516,3,22746.23
9530,7951,752,2,14574.11
9531,4336,992,2,36175.57
9532,3739,435,2,48790
9533,3503,556,1,6838.73
9534,4766,806,1,28220.69
9535,3377,393,5,42832.8
9536,3130,160,3,14795.46
9537,3870,237,2,30957.44
9538,360,712,3,12950.4
9539,1087,956,4,41559.43
9540,5439,718,5,38252.01
9541,6010,742,1,18399.21
9542,3148,451,4,48284.72
9543,1403,174,5,17480.93
9544,2705,105,4,31372.89
9545,3008,895,5,31500.42
9546,3017,242,3,12420.15
9547,4334,722,2,22908.38
9548,6169,145,5,12949.14
9549,117,682,4,8625.28
9550,4827,700,1,48757.79
9551,1524,857,5,24887.22
9552,5215,149,4,20428.91
9553,4875,236,4,10180.65
9554,7109,768,3,5884.06
9555,6095,374,3,26800.32
9556,350,491,3,6211.13
9557,3307,876,3,10970.72
9558,7502,404,2,49100.59
9559,7303,924,3,49674.37
9560,4211,766,5,37272.23
9561,5207,518,4,4474.91
9562,1303,338,1,48500.16
9563,7748,14,4,5958.36
9564,2656,146,3,36094.78
9565,455,626,5,43652.84
9566,6025,301,2,37863.13
9567,2560,218,5,40881.55
9568,1081,477,4,26926.02
9569,2872,724,4,42971.4
9570,6098,760,3,19713.1
9571,1046,687,1,8692.04
9572,1054,231,1,14721.38
9573,7822,126,4,34477.42
9574,2888,477,3,33952.1
9575,3015,674,3,19296.43
9576,4937,555,4,49969.36
9577,7512,511,3,2490.2
9578,5566,309,5,37214.84
9579,7066,882,2,9812.95
9580,1255,371,2,10123.34
9581,1342,806,3,2881.36
9582,6783,736,3,31702.23
9583,7447,520,2,13550.75
9584,7662,786,5,11154.43
9585,5618,162,4,1758.11
9586,2332,55,5,22397.2
9587,2217,863,4,20840.53
9588,2070,99,2,26374.77
9589,1998,408,3,11911.49
9590,3020,452,5,38266.14
9591,4985,117,5,37552.55
9592,7898,69,3,29527.35
9593,2164,716,5,41837.66
9594,5056,860,1,2610.04
9595,786,457,3,41276.97
9596,2319,924,1,17682.72
9597,4049,166,3,10497.3
9598,5041,81,4,11723.41
9599,1753,305,4,12280.93
9600,1407,34,5,49964.82
9601,6649,237,5,41052.85
9602,575,778,3,37540.54
9603,1965,205,4,45388.2
9604,282,847,2,38036.26
9605,7655,892,3,11432.64
9606,7297,550,5,7439.32
9607,4568,537,1,17580.43
9608,3900,140,2,22425.79
9609,645,452,3,42052.8
9610,7906,345,2,14758.89
9611,7260,512,4,26352.97
9612,3509,635,5,5846.45
9613,550,860,1,10223.61
9614,742,441,4,46725.18
9615,1083,648,5,10660.35
9616,5763,729,4,26552.73
9617,140,629,2,21000.23
9618,4054,645,5,11432.77
9619,3196,77,3,43225.59
9620,5296,134,3,48298.16
9621,7821,584,1,2239.03
9622,171,722,4,25454.21
9623,4572,634,4,20531.44
9624,651,194,2,49611.84
9625,3534,585,1,20685.36
9626,5245,845,3,23331.87
9627,1169,274,2,9137.52
9628,176,258,2,3860.09
9629,6528,843,1,24604.66
9630,5231,563,2,17132.44
9631,4174,306,3,44900.33
9632,1784,131,2,38446.63
9633,1512,261,2,36823.37
9634,1215,711,1,33883.85
9635,1448,81,4,48468.34
9636,6672,916,1,47157.06
9637,1939,551,1,29282.88
9638,7249,615,2,26832.01
9639,6716,259,4,34828.9
9640,3208,841,5,26543.32
9641,7998,436,2,26230.31
9642,6298,755,4,47682.42
9643,3811,779,3,29440.34
9644,799,241,5,47155.76
9645,1591,973,2,40578.53
9646,4023,275,3,30597.05
9647,2131,142,2,13564.98
9648,7380,457,1,31907.82
9649,2713,145,4,8854.86
9650,6231,525,3,8855.04
9651,3761,889,4,10582.37
9652,85,256,2,33434.44
9653,7459,903,3,39008.66
9654,1373,430,1,692.69
9655,6453,766,5,2612.46
9656,1380,734,1,42379.82
9657,4305,883,1,37864.25
9658,4303,887,3,3469.57
9659,3832,334,2,45644.97
9660,1093,551,5,43795.2
9661,6440,534,3,49555.5
9662,4889,766,5,14554.11
9663,802,231,3,21505.95
9664,2133,844,5,2884.12
9665,44,403,2,45683.51
9666,734,738,2,47387.34
9667,84,392,4,27349.04
9668,3635,357,3,36139
9669,1291,546,1,9351.1
9670,850,763,3,27081.59
9671,3733,850,5,32791.74
9672,2414,819,3,35527.17
9673,6930,300,5,1288.36
9674,7142,275,1,23922.86
9675,3297,985,5,3801.06
9676,1865,583,4,17153.34
9677,3949,803,3,9882.05
9678,2903,17,1,6111.13
9679,5772,559,1,26185.42
9680,728,320,4,22702.97
9681,3697,470,3,38880.7
9682,2467,707,3,7797.35
9683,7062,534,1,30848.36
9684,2540,597,2,4762.78
9685,3864,945,2,11004.14
9686,1904,180,4,45445.67
9687,3348,441,1,25177.45
9688,2721,665,5,755.54
9689,6184,359,2,2028.04
9690,5766,359,2,27110.47
9691,1253,414,5,45227.95
9692,7744,670,5,4385.72
9693,5884,450,5,11322.77
9694,3912,468,1,993.91
9695,875,268,2,37057.48
9696,3541,920,5,25861.35
9697,6407,979,3,19762.31
9698,2525,855,3,18406.64
9699,59,570,2,11186.56
9700,189,729,5,13140.87
9701,2388,754,2,37542.76
9702,269,123,1,34164.78
9703,5648,465,3,43043.84
9704,1207,556,5,35530.23
9705,3865,133,2,17401.02
9706,2226,395,4,39856.17
9707,1394,278,2,19856.18
9708,1859,428,1,27590.21
9709,1021,774,3,35386.09
9710,1734,645,2,12111.61
9711,409,57,2,47782.65
9712,4327,805,3,19893.57
9713,7265,955,1,32798.6
9714,4975,445,5,23354.6
9715,5048,113,3,731.26
9716,2489,390,4,40875.66
9717,342,656,5,34076.23
9718,5008,13,3,1058.94
9719,3686,895,5,10405.7
9720,3997,534,2,18911.81
9721,5352,797,5,19921.86
9722,1234,462,3,25363.54
9723,2605,480,3,40271.62
9724,1880,385,4,4943.08
9725,4483,622,4,7629.63
9726,5798,696,3,49741.85
9727,177,90,3,16821.34
9728,7518,820,1,13530.3
9729,197,38,1,11198.25
9730,2251,406,2,8126.68
9731,6227,852,1,45337.02
9732,4840,448,5,42833.64
9733,855,895,3,45030.19
9734,6936,126,4,26507.03
9735,3115,574,3,39308.04
9736,1083,710,4,7157.29
9737,5313,381,5,13211.42
9738,1288,281,4,12161.08
9739,587,360,5,13424.27
9740,5766,196,4,30670.73
9741,785,52,2,7161.27
9742,1323,233,4,40865.9
9743,96,742,3,27617.96
9744,7277,350,4,10666.13
9745,6172,632,2,39647.11
9746,3214,154,2,509.17
9747,3894,840,2,43398.99
9748,7137,414,5,29273.17
9749,1735,681,5,17392.71
9750,5412,47,1,44091.24
9751,3967,200,4,33583.79
9752,6072,124,5,40890.66
9753,7027,861,1,35625.58
9754,3106,680,3,15892.03
9755,230,748,3,32500.82
9756,4066,440,1,23179.39
9757,6604,525,3,30385.35
9758,3173,945,5,22219.38
9759,2795,900,5,7902.11
9760,2659,699,1,26019.92
9761,6020,546,1,44244.97
9762,2497,944,4,43116.99
9763,5169,254,2,15662.74
9764,4845,873,5,16330.06
9765,5260,808,1,38643.92
9766,3634,799,3,912.87
9767,6316,40,4,15249.25
9768,2358,877,5,34782.08
9769,1686,685,1,33644.46
9770,5035,611,3,5829.35
9771,7326,107,4,49603.25
9772,7036,207,4,22659.97
9773,3607,879,3,7499.48
9774,1995,663,4,35374.62
9775,4781,112,5,40594.13
9776,6678,698,5,44115.49
9777,7281,427,5,33786.97
9778,2913,591,5,17738.79
9779,4569,531,3,27421.42
9780,5607,756,3,47560.33
9781,2266,240,2,8100.09
9782,2629,565,2,12193.33
9783,7218,151,5,31929.7
9784,2928,11,1,15127.18
9785,696,459,4,20874.78
9786,1248,863,5,15176.32
9787,7099,888,3,4272.57
9788,1536,852,3,4263.88
9789,4985,793,3,6048.08
9790,5845,208,4,6050.79
9791,1855,786,3,21354.29
9792,3784,868,1,30254.08
9793,6160,865,5,10320.81
9794,963,580,3,49230.57
9795,2960,96,2,21915.17
9796,3005,377,5,29006.04
9797,6979,898,3,49892.97
9798,7725,721,3,45097.58
9799,14,763,4,45098.63
9800,2095,375,1,42861.49
9801,390,20,5,34715.54
9802,4813,419,3,19611.02
9803,6558,248,5,3094.7
9804,1044,361,1,8854.81
9805,155,222,3,20541.39
9806,4451,251,4,29429.19
9807,1362,834,1,35848.18
9808,5992,983,5,499.37
9809,4901,244,2,4295.07
9810,4052,745,4,27726.28
9811,2385,746,3,39450.88
9812,7991,247,4,26472.5
9813,5077,44,2,38359.03
9814,1920,587,2,43233.97
9815,5190,681,1,9906.45
9816,3543,540,4,5455.44
9817,690,322,2,7754.49
9818,1765,265,2,29246.59
9819,7983,137,4,1318.77
9820,3010,62,5,34663.96
9821,7769,852,4,23862.76
9822,7261,815,3,21059.91
9823,4516,912,3,37558.53
9824,6610,761,4,48710.9
9825,4581,936,3,31871.63
9826,6621,526,1,28956.66
9827,7064,836,2,16773.31
9828,5805,666,5,401.23
9829,1352,142,2,17702.47
9830,6436,421,2,14934.62
9831,1427,500,4,6749.38
9832,5416,537,4,41018.43
9833,6326,375,5,42349.66
9834,7775,400,5,8744.8
9835,1842,25,5,44337.23
9836,2197,551,1,402.64
9837,3445,72,3,26886.49
9838,467,57,5,21266.02
9839,5117,570,3,17470.7
9840,7132,127,4,6634.14
9841,2950,539,2,49618
9842,6709,311,5,20376.12
9843,4793,471,4,34669.69
9844,3024,336,4,7124.68
9845,1086,24,5,40005.47
9846,3442,617,3,17803.64
9847,668,435,1,18817.24
9848,2093,300,3,10305.59
9849,5998,259,3,45752.08
9850,4218,191,3,39955.85
9851,4354,936,5,44275.06
9852,4280,61,1,20963.39
9853,6691,819,4,22606.11
9854,5928,418,2,40364.22
9855,5814,547,4,13453.36
9856,2688,834,5,3516.3
9857,7878,215,1,27304.66
9858,4921,551,1,1256.3
9859,7793,515,3,31868.01
9860,2766,17,3,29265.14
9861,1812,492,1,47751.65
9862,5594,54,2,18968.78
9863,1418,646,5,42606.07
9864,5894,934,4,3179.22
9865,3296,857,5,20962.7
9866,5748,155,1,38218.73
9867,5099,566,2,26380.33
9868,7144,916,1,42780.64
9869,418,817,4,39885.95
9870,605,901,2,12190.45
9871,5011,658,4,48732.42
9872,4275,568,1,12995.27
9873,632,71,3,15964.18
9874,7920,283,3,36429.92
9875,2110,514,5,16338.18
9876,5333,681,3,4170.24
9877,6424,200,2,29976.99
9878,3962,396,4,36922.03
9879,3511,590,1,46482.95
9880,1168,8,3,18009.15
9881,7846,68,1,34455.23
9882,7557,272,2,33676.26
9883,3261,504,5,22169.02
9884,1294,248,2,26859.92
9885,5546,140,3,20170.15
9886,1465,784,5,14320.06
9887,6107,820,3,19870.92
9888,7705,955,1,19015.14
9889,6306,181,2,11598.05
9890,1202,10,3,30664.48
9891,7286,206,2,21778.98
9892,3614,174,5,17668.01
9893,6198,124,2,20269.15
9894,395,19,3,42970.67
9895,7094,982,4,13246.72
9896,89,262,2,30460.57
9897,100,798,1,39984.43
9898,6412,67,2,45672.11
9899,5545,15,3,1148.48
9900,6483,770,3,25759.03
9901,1830,706,3,41569.85
9902,7700,21,4,12676.37
9903,6788,129,5,32512.36
9904,3081,654,5,26713.07
9905,4448,750,4,5317.15
9906,3730,879,2,31067.1
9907,3947,239,5,9506
9908,1516,240,5,17318.4
9909,6742,854,5,38325.72
9910,6016,387,2,20940.07
9911,107,847,4,26804.06
9912,6200,127,2,11663.74
9913,7152,806,4,33715.69
9914,681,227,5,44074.66
9915,4310,448,1,1270.69
9916,2227,581,3,36972.95
9917,2239,496,1,36155.37
9918,1593,705,2,22965.23
9919,5967,585,4,37005.19
9920,5126,373,4,38879.22
9921,7690,952,5,43824.95
9922,7534,941,3,29434.98
9923,7012,965,2,41915.69
9924,4161,7,1,18463.17
9925,1745,400,3,14078.88
9926,6534,171,4,33315.19
9927,497,11,5,45366.67
9928,4756,8,1,5451.31
9929,5583,490,4,9575.2
9930,547,124,4,41742.41
9931,6210,690,3,30110.25
9932,2506,183,2,49166.65
9933,7567,480,5,25529.94
9934,1861,805,4,45723.72
9935,2333,2,2,36334.22
9936,178,783,1,16648.72
9937,7444,870,2,45700.01
9938,1605,886,1,37795.41
9939,1125,271,5,39256.47
9940,2230,824,5,25704.5
9941,2429,884,4,15308.44
9942,4710,27,5,4097.94
9943,7528,98,3,18032.03
9944,3555,622,1,43048.25
9945,4016,596,3,42084.53
9946,5862,191,1,29602.93
9947,6402,855,5,3314.12
9948,2393,650,3,42112.35
9949,4696,308,2,19609.07
9950,1215,242,5,44914.88
9951,4369,343,2,25973.44
9952,2104,601,3,43386.92
9953,5612,93,4,15426.78
9954,7926,826,2,22645.53
9955,3270,650,5,7142.05
9956,5979,866,3,15102.24
9957,2674,911,3,19498.85
9958,4879,163,4,31886.4
9959,6300,183,1,22902.18
9960,7551,340,5,9003.51
9961,6057,287,1,17129.28
9962,3452,581,3,16551.87
9963,4957,112,2,47397.06
9964,1560,634,4,39342.02
9965,4580,135,3,18376.43
9966,1962,577,4,15841.49
9967,359,560,5,26642.25
9968,2120,598,2,39045.11
9969,659,2,3,32502.25
9970,4222,345,3,41095.55
9971,4739,317,3,42341.11
9972,591,390,4,4488.3
9973,467,27,4,2234.74
9974,3430,867,4,24660.42
9975,6006,63,1,21741.48
9976,3297,736,4,10331.03
9977,5137,540,1,13782.36
9978,7035,648,2,26237.64
9979,3255,92,5,43399.12
9980,3515,457,4,13370.05
9981,507,688,3,28003.96
9982,3652,877,4,8863.95
9983,7169,765,3,11337.84
9984,3233,140,3,28578.5
9985,4283,753,4,27177.47
9986,4538,632,3,3175.41
9987,5161,78,4,37979.48
9988,2785,652,5,5515.36
9989,7888,466,4,19691.28
9990,6170,762,1,44991.14
9991,1437,158,4,1223.45
9992,4216,431,4,16936.2
9993,576,95,3,40200.37
9994,6499,539,5,45827.31
9995,6252,803,3,37303.45
9996,5760,231,1,1306.16
9997,1766,575,4,42267.37
9998,939,890,5,22237.43
9999,1270,893,5,22293.66
10000,2414,964,4,11003.13
10001,7311,233,5,2866.19
10002,779,247,4,44777.1
10003,3459,511,5,21034.65
10004,4940,782,1,16845.27
10005,4259,671,1,12091.05
10006,6408,710,5,48757.9
10007,3958,163,1,290.28
10008,1421,907,3,34716.56
10009,3551,794,4,25309.13
10010,1965,288,5,13977.19
10011,6984,721,3,44010.81
10012,1466,429,5,28974.48
10013,129,633,3,40350.12
10014,6203,492,1,23627.28
10015,2421,517,3,14611.85
10016,5835,138,5,13570.97
10017,7888,259,3,7632.54
10018,7133,316,4,3893.08
10019,6283,462,3,10096.24
10020,3623,51,2,15584.19
10021,4724,215,4,47943.84
10022,2997,672,3,39075.15
10023,2409,507,1,48915.68
10024,4160,854,2,48356.46
10025,3280,358,4,22659.35
10026,377,621,4,29438.35
10027,7866,264,1,22391.8
10028,4239,442,2,704.39
10029,5784,609,3,26965.53
10030,7699,914,5,47760.63
10031,7052,535,2,29131.49
10032,6723,878,4,47128.2
10033,6513,961,4,25784.85
10034,1093,773,3,44013.14
10035,2739,379,3,10370.18
10036,3405,426,4,26259.56
10037,3811,22,1,49900.12
10038,2226,579,5,24167.54
10039,4972,195,3,17160.07
10040,585,791,5,4442.57
10041,4747,658,1,17917.22
10042,4236,201,2,3413.38
10043,2431,934,1,35775.81
10044,4383,432,3,30171.44
10045,1210,845,2,49269.9
10046,6192,496,2,27432.22
10047,4789,768,2,16067.2
10048,5461,622,4,38345.65
10049,6171,428,5,13604.72
10050,1274,565,2,5805.7
10051,1219,91,5,47830.7
10052,4947,182,1,3455.98
10053,4739,184,3,27569.46
10054,4412,880,5,13452.01
10055,2397,32,3,12366.9
10056,3377,103,3,44132.68
10057,3770,32,4,26507.24
10058,2366,243,5,25603.94
10059,5665,942,5,9670.66
10060,1810,59,5,18713.1
10061,5192,13,3,14889.65
10062,1696,560,1,252.03
10063,3849,979,4,1346.76
10064,3686,619,3,24698.18
10065,1409,974,2,15441.97
10066,60,836,3,33850.49
10067,4142,32,5,33239.07
10068,3511,958,5,46414.96
10069,4004,485,2,22665.93
10070,1963,196,1,48772.91
10071,2750,382,4,47768.93
10072,7587,187,2,26130.48
10073,6832,528,4,44830.49
10074,2511,252,5,41434.62
10075,6202,858,3,3941.27
10076,5891,215,3,44226.48
10077,2041,597,3,19624.28
10078,5837,243,1,1546.38
10079,3640,50,5,13364.59
10080,7820,840,4,7241.92
10081,2155,537,5,32274.74
10082,2230,188,4,48422.47
10083,1047,944,3,1269.47
10084,1331,782,4,14643.52
10085,6308,791,1,4395.23
10086,3394,505,3,33883.65
10087,536,918,4,11334.73
10088,3732,770,2,13972.02
10089,2569,357,4,12132.37
10090,3978,624,2,35871.03
10091,3150,609,2,15787.76
10092,830,130,3,35984.79
10093,6788,881,5,31342.67
10094,5744,551,2,41589.07
10095,4585,605,5,45489.93
10096,1094,305,2,12866.35
10097,5888,438,3,17941.72
10098,3624,17,3,35948.35
10099,4283,352,5,6226.16
10100,5100,423,3,24449.42
10101,6080,691,2,47099.35
10102,1872,509,4,33092.97
10103,3519,728,3,33545.39
10104,1752,76,1,18885.49
10105,5979,615,1,32381.35
10106,3096,628,3,45301.96
10107,7499,198,1,31230.05
10108,6210,506,5,8361.31
10109,6606,860,4,9950.01
10110,3828,315,2,27937.34
10111,6431,568,1,37671.53
10112,1811,912,3,37086.55
10113,2004,314,1,12718.01
10114,6743,228,2,10094.26
10115,3392,917,1,16402.06
10116,7242,455,3,23224.28
10117,5819,553,3,45492.19
10118,4466,816,1,592.64
10119,2361,205,3,43993.01
10120,813,571,1,15837.44
10121,5436,133,3,34194.59
10122,340,403,3,28065.68
10123,1708,288,3,45496.84
10124,4316,269,5,7368.34
10125,592,121,5,32795.94
10126,7334,32,5,6775.32
10127,5568,641,2,28167.71
10128,2023,70,3,22998.9
10129,7279,886,2,25032.95
10130,2868,418,3,19879.79
10131,5430,156,1,22884.8
10132,3270,631,1,9204.3
10133,3456,829,5,15183.08
10134,6055,390,3,35198.33
10135,2555,160,3,47913.97
10136,3255,286,4,36701.73
10137,1046,11,2,16239.72
10138,6583,888,5,1301.2
10139,1090,338,1,8337.06
10140,3735,20,3,9933.39
10141,3219,934,3,45186.92
10142,3558,443,4,842.42
10143,6556,523,2,26764.85
10144,6375,559,2,33586.38
10145,4996,811,5,47902.24
10146,3623,311,1,44706.88
10147,3232,185,1,23279.99
10148,2064,646,1,48317.15
10149,6324,456,5,5617.13
10150,4774,363,2,21806.03
10151,3989,792,2,39516.83
10152,717,761,1,41960
10153,659,186,2,43447.95
10154,1589,158,3,39279.59
10155,1918,202,1,13228.3
10156,3480,44,2,13965.7
10157,2641,612,1,39097.07
10158,3790,195,2,31106.65
10159,2431,628,1,29796.53
10160,2330,161,3,27590.63
10161,2358,111,5,3939.99
10162,1779,940,2,164.62
10163,4738,815,2,31230.77
10164,2898,387,5,16013.68
10165,2509,967,5,31694.21
10166,2894,245,2,8266.54
10167,3589,762,2,46368.67
10168,3372,307,1,45442.56
10169,3288,471,1,22950.11
10170,6403,220,2,46599.91
10171,5216,563,5,37794.85
10172,1219,278,1,43427.17
10173,5252,131,1,46877.39
10174,6039,373,4,12176.08
10175,2456,271,5,44002.14
10176,235,100,4,44279.19
10177,1445,846,5,49120.34
10178,3397,227,1,39356.38
10179,1154,695,3,21484.01
10180,1543,71,5,5302.58
10181,6562,909,2,46969.02
10182,2641,311,1,30608.91
10183,4571,237,3,9640.65
10184,5734,933,5,22010.15
10185,5506,752,1,9828.73
10186,4633,274,5,11211.62
10187,1096,797,4,34416.86
10188,151,321,3,7522.99
10189,6943,681,5,43629
10190,4781,214,3,7592
10191,3634,261,4,16354.82
10192,1887,702,5,23937.58
10193,5230,380,5,44652.8
10194,1463,92,4,34113.48
10195,3471,907,5,2874.56
10196,4500,451,3,35987.28
10197,2959,255,2,28136.8
10198,5225,583,3,36974.37
10199,3065,857,1,34520.54
10200,4367,318,1,25640.48
10201,7503,671,1,3396.65
10202,5326,470,3,25326.39
10203,2749,372,4,20729.13
10204,7934,931,4,14994.06
10205,4489,739,4,11785.5
10206,5196,72,2,36575.52
10207,5430,354,4,35040.56
10208,6988,167,1,12172.45
10209,4111,529,3,13859.1
10210,2205,265,5,8011.73
10211,4500,24,3,39230.82
10212,2111,612,1,1249.39
10213,6290,611,2,21669.55
10214,3470,405,1,35012.71
10215,312,783,5,33511.59
10216,7490,945,5,24314.81
10217,7298,52,5,26876.26
10218,3077,9,4,26919.97
10219,6245,699,4,21207.19
10220,5809,330,1,32258.44
10221,3427,284,1,14427.72
10222,572,730,2,9175.69
10223,3613,772,5,15438.62
10224,2072,793,3,48183.13
10225,3358,475,5,2540.02
10226,4629,248,5,49794.45
10227,3527,178,3,10674.75
10228,1098,78,4,26951.39
10229,4638,378,5,39296.27
10230,5246,207,5,44949.3
10231,4298,965,4,21235.4
10232,1974,84,5,38418.26
10233,894,786,3,3873.04
10234,6226,490,5,27252.77
10235,3190,891,5,11706.97
10236,4243,254,5,32557.26
10237,7368,379,2,13486.26
10238,1505,839,5,8126.6
10239,859,377,4,745.09
10240,1758,648,2,40334.49
10241,1199,781,1,33076.58
10242,5253,617,2,13629.66
10243,7201,25,2,48732.5
10244,2518,35,2,33958.69
10245,5524,469,5,25579.15
10246,2743,548,4,16953.87
10247,3581,23,2,29757.57
10248,3824,397,3,25817.48
10249,1054,524,1,23033.21
10250,2603,734,3,10116.28
10251,2715,380,4,35347.15
10252,2566,882,5,42905.01
10253,7522,105,5,42507.72
10254,91,277,4,12629.1
10255,6240,369,4,9988.7
10256,507,152,1,16299.93
10257,719,562,4,15457.82
10258,6291,476,2,49074.12
10259,7790,683,1,48518.72
10260,4307,210,5,37819.91
10261,5138,345,1,254.6
10262,2560,818,1,33009.06
10263,6042,507,1,44295.71
10264,6692,560,3,46043.16
10265,369,639,1,47391.71
10266,5655,658,1,21557.86
10267,1881,118,3,2636.22
10268,3706,454,4,15433.07
10269,1493,783,3,15627.32
10270,2708,718,5,46845.76
10271,6251,736,3,43002.3
10272,5755,794,5,9036.36
10273,2938,216,5,22319.28
10274,1538,184,2,28262.32
10275,2832,896,5,13191.98
10276,6510,418,5,5576.49
10277,7366,252,4,24134.49
10278,735,158,3,3918.59
10279,5247,669,3,36924.72
10280,443,403,4,27028.04
10281,3154,470,3,19587.3
10282,2247,584,2,6131.7
10283,4476,248,3,47071.04
10284,3259,236,4,40992.37
10285,5051,876,2,32082.51
10286,6550,58,2,17534.68
10287,1624,80,4,47007.55
10288,3745,6,3,33295.46
10289,7526,705,5,40451.49
10290,1351,893,4,14661.27
10291,3361,583,2,25847.13
10292,7475,489,5,43665.65
10293,6284,431,1,21327.01
10294,4753,277,2,23102.38
10295,5176,672,3,20319.29
10296,6521,844,2,21609.19
10297,1017,410,3,13540.98
10298,2637,139,5,15002.27
10299,6379,403,5,4464.49
10300,1876,987,1,4217.97
10301,1121,329,4,8306.65
10302,3149,92,3,39797.7
10303,1872,738,3,35281.82
10304,7263,848,4,30815.22
10305,5601,530,1,11362.92
10306,5723,257,2,48752.59
10307,7196,965,4,11590.08
10308,2210,223,2,32611.57
10309,5779,24,4,9215.44
10310,3735,338,1,3005.68
10311,6875,353,2,9826.74
10312,3055,982,4,30010.93
10313,4057,501,5,14366.65
10314,2426,510,1,34349.95
10315,1633,774,3,33836.2
10316,7327,563,1,23116.52
10317,2623,497,2,11404.13
10318,1225,190,3,18460.58
10319,573,460,3,41870.44
10320,3990,881,2,35961.2
10321,7867,542,2,46689.87
10322,7109,938,5,15377.75
10323,6067,591,4,44484.74
10324,7935,879,5,14505.57
10325,5044,349,4,6626.11
10326,4275,25,4,13012.88
10327,4777,954,1,14253.51
10328,5309,522,3,20667.92
10329,813,20,4,44555.4
10330,4157,99,5,23319.62
10331,68,861,1,22781.59
10332,7528,709,5,7056.12
10333,7781,864,3,24062.58
10334,1191,368,1,19313.02
10335,7844,671,4,7167.84
10336,3294,109,4,26839.65
10337,3470,479,3,17174.07
10338,1412,342,4,1749.27
10339,4960,61,1,3988.3
10340,6038,580,3,27232.09
10341,3977,382,2,16770.18
10342,4000,613,1,26166.26
10343,1321,329,5,47100.16
10344,4556,924,5,43849.68
10345,3502,853,2,43942.46
10346,204,121,3,25884.8
10347,3507,148,1,7108.44
10348,1428,310,3,19383.7
10349,6096,391,4,41878.03
10350,4727,631,3,33119.01
10351,3642,100,2,24843.8
10352,5522,31,5,46220.44
10353,3238,97,1,37949.3
10354,4911,910,3,40160.66
10355,6333,882,2,6358.98
10356,7833,204,5,6806.44
10357,3938,625,4,9907.2
10358,7406,270,2,38748.45
10359,3143,86,5,42029.41
10360,5733,778,4,46697.57
10361,1203,793,5,40919.28
10362,7152,320,2,37598.52
10363,3987,779,1,46206.41
10364,7837,256,4,13938.48
10365,1188,213,1,21873.7
10366,1266,593,2,15833.44
10367,2485,307,4,831.91
10368,7889,52,4,47985.53
10369,1503,250,1,34078.59
10370,4939,422,3,34959.84
10371,2189,494,1,21970.72
10372,5878,551,4,46919.12
10373,4979,171,2,32933.4
10374,4295,139,4,29180.93
10375,1282,602,5,40183.34
10376,1391,908,4,8982.82
10377,4913,640,4,10066.79
10378,6225,543,2,9498.68
10379,3001,129,4,37263.25
10380,295,68,4,25819.18
10381,214,357,4,28863.09
10382,5214,921,3,3040.77
10383,411,864,2,35212.91
10384,2774,157,1,31192.79
10385,6521,409,4,5312.15
10386,3890,276,3,49552.87
10387,3543,725,3,23433.5
10388,4419,74,3,6747.93
10389,2453,767,5,40881.55
10390,6326,78,3,40539.54
10391,816,489,1,47335.05
10392,1793,376,1,30111.35
10393,5746,770,4,23169.95
10394,2034,654,2,42325.49
10395,7459,119,2,36632.19
10396,1469,967,1,35196.97
10397,3791,996,5,5181.73
10398,1446,660,1,15341.17
10399,3192,649,2,17681.51
10400,340,998,3,41342.81
10401,6997,7,2,32290.67
10402,2932,302,4,15652.72
10403,2814,356,3,46106.46
10404,4194,378,3,22584.45
10405,2222,372,3,25733.56
10406,338,457,4,30265.04
10407,1009,926,2,10319.82
10408,5110,917,3,23734.01
10409,6665,286,5,18790.72
10410,4261,505,5,16929.82
10411,2484,201,4,18271.44
10412,1192,550,5,34250.89
10413,5666,994,4,33705
10414,2384,820,4,49223.08
10415,3740,306,5,6430.2
10416,6122,495,1,13709.03
10417,3874,413,1,40860.92
10418,4890,141,3,47264.72
10419,7301,796,4,43878.48
10420,6523,184,5,38505.4
10421,110,585,3,40091.5
10422,5066,153,2,33175.53
10423,4209,486,2,12373.56
10424,4936,170,2,29499.98
10425,711,548,3,40178.85
10426,2588,534,5,35786.92
10427,4071,618,5,16440.43
10428,5045,247,1,21260.69
10429,2057,898,2,42034.26
10430,501,919,2,991.1
10431,6872,227,3,3994.41
10432,3175,554,4,43366.61
10433,3021,213,1,20359.71
10434,6486,26,5,40417.81
10435,6275,964,5,6917.78
10436,7133,757,3,42176.15
10437,414,775,5,16844.56
10438,7975,607,2,43467.69
10439,3719,84,4,9781.93
10440,5950,2,4,1471.17
10441,1382,254,2,46352.5
10442,2260,567,1,2147.81
10443,6976,464,4,34003.1
10444,4025,293,4,12866.28
10445,3973,799,2,1170.1
10446,4238,761,3,23661.46
10447,4779,853,5,15541.58
10448,544,488,5,17785.44
10449,4080,421,3,10845.05
10450,2733,295,1,11423.06
10451,1112,878,3,16717.88
10452,3113,718,3,31870.93
10453,381,683,2,34304.4
10454,540,31,2,9619.36
10455,7431,777,1,40261.25
10456,7332,184,4,21491.15
10457,140,89,3,27119.38
10458,6045,734,5,46213.55
10459,2066,782,3,34418.93
10460,6612,850,4,33366.62
10461,6265,616,1,35292.59
10462,4756,754,4,33053.72
10463,7350,719,1,42677.19
10464,7505,105,1,37312.7
10465,4818,134,2,46436.73
10466,5271,421,4,4722.18
10467,3165,806,1,32758.65
10468,3767,552,3,19738.31
10469,250,723,2,25539.59
10470,6004,965,3,24109.2
10471,1639,893,5,12307.21
10472,6807,926,3,25831.54
10473,6928,415,2,4069.49
10474,7241,727,4,27946.92
10475,6296,622,3,28504.42
10476,4217,295,2,3629.75
10477,3282,934,3,18315.46
10478,6534,346,5,27755.91
10479,2232,208,5,19226.73
10480,7144,567,4,12061.93
10481,924,276,1,48109.64
10482,7374,254,1,32887.53
10483,6507,669,2,16643.56
10484,5760,183,1,16703.11
10485,3636,178,2,17969.23
10486,5011,886,2,26437.11
10487,7823,134,5,25978.76
10488,3023,320,1,39119.26
10489,4315,459,3,9996.68
10490,4534,29,4,3060.3
10491,4332,242,5,45515.3
10492,7672,600,1,39186.84
10493,361,474,1,30029.34
10494,7970,391,3,6490.52
10495,6772,205,5,5875.51
10496,6473,675,5,36307.68
10497,1244,442,2,43876.6
10498,5829,366,2,13549.94
10499,7252,122,2,131.56
10500,5168,815,1,5445.22
10501,7721,39,3,16108.23
10502,428,389,5,38912.88
10503,2967,411,4,10584.24
10504,7552,63,5,21679.43
10505,5965,923,3,31041.25
10506,4322,853,1,34920.15
10507,2759,41,3,7207.71
10508,5466,522,1,49943.56
10509,6521,684,2,44518.38
10510,7271,977,4,2755.16
10511,1327,537,5,20423.25
10512,2909,172,2,41678.3
10513,2505,966,5,13359.8
10514,1542,553,3,19387.6
10515,669,169,4,1307.9
10516,4290,349,4,7730.37
10517,4424,827,1,49533.85
10518,4274,202,1,17046.63
10519,1519,48,4,38445.92
10520,1818,849,1,7926.31
10521,68,204,2,22169.51
10522,874,579,4,18692.11
10523,877,992,3,41011.88
10524,5537,679,1,36341.41
10525,4948,197,1,47028.75
10526,1161,765,2,33443.64
10527,3200,291,5,14861.79
10528,5189,292,2,15969.8
10529,1713,87,4,18497.54
10530,3245,598,1,14450.64
10531,5289,205,2,22260.12
10532,4880,978,3,10082.68
10533,1403,874,2,12734.04
10534,822,904,3,39714.79
10535,5718,850,1,7526.45
10536,563,666,4,768.5
10537,3503,110,1,28809.41
10538,983,473,5,33503.49
10539,2393,608,2,21974.62
10540,7094,326,2,18336.69
10541,1272,976,3,48090.86
10542,1610,274,5,19003.8
10543,298,684,5,24842.57
10544,5738,349,3,2269.07
10545,6871,987,5,42226.62
10546,4897,600,3,14348.56
10547,4070,962,4,43112.4
10548,3678,184,5,40429.2
10549,2446,274,4,40099.36
10550,7312,11,2,4171.75
10551,4725,578,1,38863.56
10552,932,382,1,46491.19
10553,1429,1,1,32690.48
10554,3492,146,4,22840.77
10555,2526,607,4,7590.13
10556,4672,587,3,29351.24
10557,1698,998,5,8542.78
10558,2627,452,3,199.78
10559,5923,99,5,25253.6
10560,447,855,1,6302.1
10561,2279,635,2,46491.97
10562,6442,650,2,40636.1
10563,2009,312,3,2151.99
10564,5631,134,2,11456.56
10565,6168,674,3,28619.19
10566,2487,786,3,35551.2
10567,6376,582,4,3295.31
10568,1372,782,2,26003.93
10569,1344,464,5,38343.12
10570,1934,35,5,47339.84
10571,2879,890,4,8165.12
10572,3011,956,2,39054.77
10573,2291,512,4,17222.91
10574,5759,490,1,8021.85
10575,1656,14,2,5329.44
10576,7997,358,1,43738.56
10577,7147,100,1,2844.52
10578,539,82,4,8759.26
10579,6246,102,1,47379.21
10580,1394,960,4,31030.77
10581,7595,200,3,41379.77
10582,6546,399,2,27767.5
10583,7835,36,5,3596.58
10584,5932,354,3,14433.68
10585,933,573,3,20180.94
10586,2678,13,1,47592.3
10587,7299,322,3,23721.24
10588,5663,449,5,37876.59
10589,6925,31,5,15293.78
10590,6273,88,3,42452.84
10591,3,241,2,9145.73
10592,7161,221,2,23837
10593,6398,209,3,29758.29
10594,5231,334,5,3521.28
10595,4658,843,2,47470.27
10596,6327,823,4,48036.4
10597,5326,90,1,6732.84
10598,5300,432,4,33276.35
10599,4056,791,1,49167.47
10600,6028,71,2,12052.28
10601,7418,556,3,32822.26
10602,7270,129,2,5006.4
10603,4842,856,2,10166.01
10604,7406,531,5,46344.53
10605,1548,103,1,27551.3
10606,5589,933,2,2899.37
10607,5539,890,1,15337.64
10608,1350,319,5,25105.18
10609,1002,62,1,9590.01
10610,3944,41,1,43558.83
10611,7212,621,2,29672.43
10612,830,597,2,19148.11
10613,86,170,4,26014.89
10614,4084,936,1,45980.31
10615,1028,895,3,42798.21
10616,6325,150,4,9338.13
10617,5409,934,4,20648.95
10618,2107,619,1,1050.33
10619,280,630,5,16822.12
10620,2373,422,2,3894
10621,6801,631,3,14370.32
10622,1842,440,2,11520.99
10623,271,414,1,40426.4
10624,7955,35,5,9998.37
10625,1273,875,3,24691.2
10626,2137,284,1,11361.97
10627,4140,800,5,18403.54
10628,4015,970,5,22095.25
10629,7009,612,4,29558.15
10630,7631,67,3,34664.44
10631,5680,196,2,41794.42
10632,6162,432,2,12827.74
10633,7347,507,2,44147.42
10634,7250,260,5,5706.03
10635,2010,515,5,29776.55
10636,6824,807,1,36654.53
10637,3372,635,2,46755.85
10638,729,27,4,49184.8
10639,1899,250,4,38598.91
10640,262,633,5,42981.01
10641,436,927,2,33655.17
10642,4885,932,4,6704.67
10643,4752,989,4,25358.73
10644,2323,529,2,9847.4
10645,2200,489,3,27397.53
10646,693,857,2,8502.43
10647,5079,764,3,41538.1
10648,411,892,5,20226.3
10649,5479,384,4,40880.5
10650,1188,675,2,6820.68
10651,3194,653,5,38493.31
10652,3476,195,2,9873.81
10653,823,832,4,16968.38
10654,2905,690,1,38858.45
10655,7558,634,5,48322.58
10656,2975,176,3,31067
10657,7607,44,3,37989.42
10658,5596,434,4,5937.68
10659,6229,256,2,6445.65
10660,3174,838,2,40822.7
10661,1648,91,1,7140.57
10662,3512,97,1,45356.74
10663,7484,651,3,6965.21
10664,5203,837,3,39468.35
10665,5132,195,1,47329.09
10666,3604,338,1,26118.99
10667,4317,985,3,32869.52
10668,3092,411,3,5629.76
10669,7975,771,4,44022.29
10670,6918,844,4,42105.51
10671,7917,536,2,40954.22
10672,3565,579,5,41192.03
10673,3006,326,2,31265.8
10674,2387,875,2,18603.32
10675,6861,159,3,29374.09
10676,7249,902,4,12596
10677,6846,389,4,8300.91
10678,5458,743,4,11367.33
10679,1301,644,4,14043.96
10680,3958,217,5,34298.36
10681,6809,378,4,40926.76
10682,6112,485,2,27770.19
10683,5047,43,4,25516.04
10684,5190,874,5,41207.68
10685,6205,92,5,14170.97
10686,7898,354,4,25971.99
10687,5618,565,1,21686.68
10688,2925,622,1,24849.29
10689,7240,863,1,38700.01
10690,5990,148,2,13607.98
10691,6917,588,3,37797.65
10692,4568,518,3,46760
10693,4317,11,5,28715.41
10694,2094,624,4,30906.09
10695,1256,402,5,40836.02
10696,1227,468,5,5957.62
10697,4097,412,1,1561.57
10698,6417,15,3,21644.34
10699,4460,978,2,20838.7
10700,3292,650,4,4863.5
10701,4315,371,1,3366.99
10702,1521,779,4,26112.94
10703,5778,601,4,13111.94
10704,1240,375,1,8775.26
10705,6741,502,1,25756.68
10706,424,624,1,28013.63
10707,2609,793,1,10264.77
10708,2229,145,3,29582.72
10709,3229,853,5,47211.35
10710,4642,379,3,43043.82
10711,4044,101,1,41892.84
10712,7109,458,4,34184.52
10713,4552,386,4,26077.5
10714,4060,289,3,42492.49
10715,6029,982,1,18274.69
10716,4195,212,1,43526.97
10717,2333,246,2,7714.17
10718,4428,222,2,37191.27
10719,4099,243,3,18107.68
10720,383,906,1,33075.92
10721,2578,850,4,33070.36
10722,3540,378,3,20868.07
10723,7875,532,4,26158.2
10724,5763,166,3,29341.59
10725,5525,603,2,14750.87
10726,6673,965,3,48242.33
10727,4837,326,3,21314.57
10728,1044,38,1,3607.24
10729,6410,892,1,48829.04
10730,7643,71,5,3277.98
10731,2073,519,5,16732.1
10732,1878,782,3,367.17
10733,7833,123,2,13917.59
10734,7611,16,2,43007.41
10735,646,217,4,24598.49
10736,826,544,3,32636.77
10737,4534,665,3,44345.51
10738,6907,120,2,16809.58
10739,1575,414,2,20147.32
10740,3698,248,3,10078.4
10741,7060,18,5,25068.63
10742,4500,981,3,44424.55
10743,5579,126,1,4300.31
10744,5885,561,3,48410.94
10745,5054,996,3,48977.44
10746,3253,498,3,26324.84
10747,6352,42,3,45530.85
10748,5052,662,3,41865.48
10749,6701,361,5,22150.69
10750,3143,141,4,2451.59
10751,5195,941,2,2996.77
10752,5553,966,3,40907.02
10753,6463,802,3,22084.01
10754,6652,780,4,9889.75
10755,2510,546,4,35836.54
10756,3676,131,2,45867.93
10757,7301,156,5,21405.88
10758,4298,498,5,42768.9
10759,5405,997,1,25015.03
10760,5497,511,2,40528.15
10761,5903,575,1,6776.42
10762,3513,659,5,36524.47
10763,7813,973,4,27520.16
10764,426,417,5,386.66
10765,2824,730,1,38605.31
10766,7826,424,5,14359.3
10767,1322,314,2,10529.93
10768,6692,223,1,14927.37
10769,5609,710,2,47108.37
10770,4881,873,4,42490.29
10771,4344,793,2,9823.66
10772,5732,351,2,1847.33
10773,1694,201,1,11727.84
10774,267,453,1,17005.45
10775,2090,11,1,40811.12
10776,5294,140,3,38385.74
10777,6677,403,5,9082.29
10778,5,852,5,9028.6
10779,934,764,2,3389.59
10780,2800,304,2,47187.65
10781,35,752,3,27014.17
10782,3343,92,2,45894.78
10783,943,398,4,1135.72
10784,6061,650,2,29772.44
10785,6763,336,1,15644.57
10786,7338,456,3,46704.79
10787,7453,430,5,379.33
10788,2000,6,1,39857.12
10789,5624,39,2,18507.76
10790,502,460,1,9322.85
10791,6638,571,5,12497.19
10792,4984,918,1,33385.07
10793,1142,661,4,4939.73
10794,4483,825,4,49527.64
10795,6858,461,3,9459.12
10796,706,719,1,39199.03
10797,5588,542,2,20930.52
10798,2735,368,2,38409.38
10799,6118,208,2,17733.63
10800,687,528,5,20901.24
10801,4461,31,1,19249.51
10802,6607,356,4,48810.19
10803,5684,170,2,31265.39
10804,899,421,4,19443.96
10805,4573,297,5,31816.01
10806,201,148,1,2645.26
10807,7151,411,3,26596.79
10808,6188,548,5,4500.6
10809,2781,378,1,20400.01
10810,2763,714,3,8498.6
10811,6120,389,3,16479.25
10812,5740,91,2,20945.98
10813,4942,365,2,4312.39
10814,3367,310,2,29757.28
10815,5809,752,4,22653.95
10816,1459,264,4,4675.24
10817,7160,970,3,14326.72
10818,4274,21,3,45713.03
10819,1006,729,2,17778.43
10820,5095,430,4,14792.39
10821,2492,492,1,13816.27
10822,364,925,4,33856.93
10823,4175,174,3,15170.37
10824,48,913,5,5286.97
10825,5198,508,4,16285.84
10826,3693,364,1,36314.41
10827,487,811,1,45259.29
10828,6582,399,5,15126.52
10829,918,675,2,4947.38
10830,1254,802,1,9912.64
10831,1739,228,5,6554.1
10832,5705,595,1,27923.41
10833,7928,344,3,18156.73
10834,7190,312,5,26459.15
10835,5705,823,5,3834.5
10836,5936,926,3,4260.35
10837,4403,816,4,28654.37
10838,3715,360,2,36671.96
10839,4772,739,2,17035.26
10840,5433,195,1,19906.2
10841,7785,674,3,23717.53
10842,7428,538,5,44688.65
10843,3040,567,2,2167.7
10844,7158,727,5,15553.01
10845,2360,387,1,36926.36
10846,4489,220,4,44233.39
10847,764,323,3,4416.8
10848,2477,210,4,28704.86
10849,2349,870,4,26927.68
10850,6394,858,2,30991.94
10851,4869,116,5,41726.95
10852,7051,792,3,31401.5
10853,3430,909,2,25046.15
10854,4498,677,1,17397.57
10855,5871,911,3,13220.83
10856,6716,104,4,49890.62
10857,3451,182,5,33020.52
10858,5400,3,4,19712.99
10859,4569,361,4,2345.27
10860,5028,64,2,49009.69
10861,5663,380,2,3321
10862,5130,44,2,8011.95
10863,4770,396,5,22531.51
10864,5794,733,4,2244.6
10865,4311,432,4,14687.08
10866,5994,698,1,39700.48
10867,6541,457,5,24911.49
10868,7367,851,5,37763.45
10869,6883,952,5,46026.88
10870,917,597,5,31101.77
10871,5146,967,1,24560.43
10872,3829,1000,4,49796.4
10873,4982,85,1,29117.17
10874,6617,460,5,44787.28
10875,1362,283,3,37033.55
10876,5552,410,3,24278.91
10877,7817,86,2,684.66
10878,7772,962,3,10587.91
10879,2629,784,3,9234.65
10880,6410,615,1,10853.15
10881,5482,412,2,48420.74
10882,1721,238,5,5762.02
10883,7828,5,4,39365.45
10884,3684,693,3,42371.69
10885,5768,791,4,24767.91
10886,3573,592,4,24330.51
10887,7034,858,2,2343.8
10888,932,274,1,1322.99
10889,4803,530,5,12499.08
10890,5381,155,5,7306.78
10891,7034,973,1,20579.18
10892,5762,13,1,38146.02
10893,4688,686,3,31761.01
10894,2136,793,3,36305.06
10895,5814,777,1,34760.82
10896,1590,587,3,34401.5
10897,4408,33,2,2979.76
10898,959,890,2,17716.43
10899,3328,943,3,7114.95
10900,3279,249,5,21173.28
10901,6861,394,4,45961.62
10902,497,691,2,19734.58
10903,711,964,1,8834.74
10904,1201,880,2,1583.13
10905,6504,34,3,15672.5
10906,1001,78,2,10396.29
10907,5863,245,5,23820.17
10908,7094,214,1,12009.13
10909,791,341,2,30769.09
10910,6214,281,5,16490.4
10911,2204,926,3,24572.62
10912,6494,155,3,26847.23
10913,7314,836,1,6217.17
10914,6232,806,5,31389.94
10915,2425,483,4,38286.51
10916,2496,609,4,4724.49
10917,6443,133,5,21351.98
10918,1459,860,3,46082.44
10919,6646,948,3,20226.44
10920,5731,786,5,18662.49
10921,42,135,1,7546.87
10922,508,148,2,26558.19
10923,1045,338,2,18579.75
10924,6589,75,2,19431.04
10925,2173,170,5,38634.17
10926,1773,244,3,11102.54
10927,3,3,5,9711.83
10928,4324,289,1,3124.84
10929,3584,13,5,14888.26
10930,1551,343,2,41298.61
10931,51,620,5,14858.66
10932,6213,619,3,15581.29
10933,6885,798,4,44326.97
10934,1819,504,5,41245.12
10935,7094,59,1,20558.76
10936,2373,765,2,20201.24
10937,7311,896,4,16123.86
10938,2616,904,3,6048.22
10939,785,854,2,11854.6
10940,3333,380,2,16951.61
10941,599,147,2,15592.35
10942,7033,289,1,9229.11
10943,2867,648,3,16187.93
10944,1668,122,1,16161.05
10945,3460,936,3,926.24
10946,4250,916,2,30628.01
10947,4954,200,4,47819.66
10948,471,419,5,7078.28
10949,2203,629,3,45941.75
10950,1498,787,1,1616.93
10951,5937,723,2,43578.6
10952,2874,335,1,6856.89
10953,1445,143,5,10610.17
10954,5378,74,4,32323.69
10955,3737,193,3,25075.29
10956,6109,74,1,28057.13
10957,7201,238,4,41710.11
10958,1914,453,5,34059.61
10959,2576,775,3,12462.69
10960,2889,768,4,21991.31
10961,6919,140,1,308.8
10962,5406,800,2,37165.44
10963,4302,178,3,787.56
10964,6325,566,5,41495.58
10965,5422,165,3,31601.39
10966,6628,826,4,29838.54
10967,386,460,3,37059.82
10968,6419,850,2,29073.49
10969,1107,454,2,39975.38
10970,577,673,3,20287.95
10971,6662,594,5,42116.03
10972,4913,864,3,14053.81
10973,1659,366,1,49443.81
10974,2454,332,5,38586.15
10975,7873,81,1,24354.4
10976,7625,339,2,8305.73
10977,2713,292,5,3042.68
10978,4563,950,1,17765.08
10979,6690,77,3,28018.48
10980,6019,212,4,11893.4
10981,1887,369,2,29885.03
10982,5838,962,2,15457.09
10983,3302,523,4,34830.77
10984,124,374,5,10986.98
10985,7401,30,3,23525.09
10986,4202,911,2,16853.55
10987,1265,603,5,4669.93
10988,4582,545,3,36241.53
10989,6812,910,2,888.33
10990,1535,127,3,14405.49
10991,7250,640,4,33152.23
10992,2629,857,1,38829.6
10993,2715,95,3,34489.29
10994,5066,115,5,45396.73
10995,3202,522,5,32283.21
10996,541,455,5,38156.74
10997,4264,537,5,38875.55
10998,3882,300,2,7989.58
10999,5820,729,2,33223.2
11000,5414,608,4,45158.91
11001,6113,794,5,35984.45
11002,365,934,2,36428.41
11003,6666,191,5,15157.6
11004,4605,975,2,43142.73
11005,95,427,3,35347.1
11006,6671,134,3,33068.93
11007,4782,101,5,13888.36
11008,388,405,1,27895.92
11009,6459,993,5,23519.27
11010,106,241,3,6998.92
11011,7127,310,3,24687.06
11012,330,272,2,255.44
11013,5590,713,2,40437.72
11014,3595,812,2,30244.58
11015,4524,793,3,33504.26
11016,6144,782,2,29421.5
11017,224,812,4,4394.91
11018,4284,919,4,25803.91
11019,7972,62,5,29199.98
11020,7288,384,1,26726.47
11021,6299,808,3,25684.88
11022,6017,513,3,9200.55
11023,1527,625,1,46069.43
11024,4051,180,1,37786.16
11025,5603,48,1,18386.99
11026,4684,565,1,309.04
11027,4718,315,5,4288.05
11028,7436,801,3,37165.72
11029,3442,697,1,8658.41
11030,1014,702,1,7362.64
11031,3221,967,2,934.25
11032,6926,153,2,10005.93
11033,7748,873,2,30511.23
11034,5934,245,5,3064.98
11035,3004,856,4,16045.07
11036,3342,244,5,7563.69
11037,4608,798,2,21299.98
11038,5146,35,4,31789.81
11039,4003,28,5,25961.54
11040,837,873,2,22165.09
11041,2140,671,1,39250.12
11042,4521,553,3,18735.57
11043,256,42,5,23737.99
11044,1907,891,4,24651.7
11045,1625,474,1,19718.69
11046,1936,684,5,6522.45
11047,5031,283,3,30319.98
11048,4921,650,2,48264.06
11049,4467,597,5,31677.6
11050,5414,239,4,43123.75
11051,2509,709,3,35128.56
11052,6031,634,1,8915.52
11053,1751,65,1,27395.99
11054,1449,147,4,15924.5
11055,2931,486,2,32481.78
11056,7907,610,3,23145.96
11057,7409,399,1,16593.88
11058,689,912,4,15421.48
11059,25,287,3,14885.9
11060,6700,301,2,13544.27
11061,2929,650,2,24738.14
11062,1146,190,5,22631.27
11063,2466,645,1,45931.29
11064,7096,418,2,22327.44
11065,591,663,5,31363.77
11066,4616,472,5,44485.15
11067,2292,865,2,41347.85
11068,1137,917,4,29878.64
11069,451,576,3,18136.7
11070,3242,43,1,12540.62
11071,7782,642,3,20021.59
11072,3538,816,2,17779.64
11073,4841,354,1,24817.99
11074,5188,335,5,16211.23
11075,4553,646,2,5057.88
11076,1174,677,4,7830.96
11077,4384,588,3,38639.95
11078,428,966,2,16134.04
11079,7449,44,4,4249.65
11080,1346,712,4,2510.16
11081,1693,794,5,14896.48
11082,1103,308,3,31945.86
11083,1811,844,1,14289.91
11084,1990,264,5,16653.43
11085,582,676,4,28446.83
11086,578,223,2,10300.03
11087,5498,739,4,36420.94
11088,256,89,4,12693.67
11089,4785,353,4,24383.84
11090,6551,211,4,25085.92
11091,1710,736,1,34577.81
11092,6991,30,5,48650.42
11093,3672,834,3,26588.62
11094,1435,381,5,32438.91
11095,5807,796,4,9271.1
11096,6229,226,3,29841.3
11097,2508,791,5,15088.48
11098,2437,988,1,1893.07
11099,4103,120,3,29839.41
11100,2772,930,3,17555.32
11101,2188,610,2,42218.37
11102,1151,623,3,3623.76
11103,4505,725,2,38746.86
11104,1549,563,4,10540.13
11105,1422,458,2,21577.24
11106,539,607,4,22405.95
11107,4947,124,5,34605.45
11108,975,435,3,45368.21
11109,3355,347,5,585.83
11110,653,450,1,31464.93
11111,811,101,4,1465.15
11112,1116,591,4,49581.87
11113,2297,518,4,36605.04
11114,3396,753,3,4946.89
11115,937,726,2,41141.9
11116,4331,595,2,34105.16
11117,4713,301,3,27255.51
11118,6666,224,1,48488.12
11119,3503,758,2,23187
11120,660,949,4,2374.84
11121,3840,591,2,27845.38
11122,2141,750,4,38350.54
11123,4015,46,3,4591.13
11124,2904,310,2,25212.16
11125,4751,895,1,4256.4
11126,7173,977,3,31685.86
11127,2643,730,4,24766.76
11128,2224,45,2,41389.23
11129,5030,393,1,30937.06
11130,1453,233,4,10926.73
11131,7773,587,2,35803.72
11132,4176,425,4,46733.63
11133,3374,263,2,24881.2
11134,5884,750,1,1072.04
11135,7531,584,1,28093.78
11136,4730,320,2,44698.5
11137,5650,284,5,27112.09
11138,6099,594,1,19969.93
11139,5796,274,5,11659.63
11140,774,230,3,13820.19
11141,1634,935,1,8640.29
11142,7617,531,3,8622.52
11143,984,218,4,6856.89
11144,7147,628,5,47470.38
11145,2059,472,5,13936.12
11146,6428,18,2,987.98
11147,5137,219,2,21698.5
11148,903,668,4,48179.48
11149,7205,268,5,39044.38
11150,7932,201,2,24131.57
11151,3081,117,5,31033.85
11152,7987,174,5,10934
11153,1399,416,4,25645.87
11154,5551,801,2,9591.65
11155,4247,892,4,34604.53
11156,1003,192,5,9949.19
11157,4731,144,5,47942.2
11158,839,361,5,19662.85
11159,2730,789,2,36338.8
11160,7827,938,2,21369.82
11161,7593,58,1,39040.64
11162,1855,455,4,15405.06
11163,6023,855,1,49715.11
11164,453,893,2,45807.46
11165,932,734,2,17189.64
11166,2043,242,2,15595.51
11167,4349,987,5,32598.36
11168,4809,103,3,11689.41
11169,7523,771,3,34460.75
11170,6249,371,1,45392.62
11171,416,316,5,6346.82
11172,4780,643,1,5445.1
11173,259,622,1,40201.13
11174,6917,275,2,44733.94
11175,1750,285,3,13127.04
11176,5859,978,4,6803.15
11177,5550,825,2,28960.69
11178,7761,608,3,14658.27
11179,5360,324,3,46238.06
11180,6387,240,4,25507.84
11181,5456,26,3,27834.49
11182,1041,822,5,18322.97
11183,437,131,5,42651.31
11184,4224,998,4,8353.25
11185,3233,867,1,14042.4
11186,1481,783,3,14992.77
11187,7778,44,1,12317.67
11188,1746,488,4,8024.24
11189,4280,464,5,668.28
11190,7493,859,3,9537.13
11191,6250,842,2,32850.97
11192,5899,183,3,7058.7
11193,2744,146,1,21152.84
11194,2707,185,1,15144.14
11195,4344,569,4,25399.49
11196,1261,303,4,27577.7
11197,2695,323,2,6687.05
11198,1320,313,5,21439.93
11199,5138,733,2,41784.64
11200,885,269,4,8100.58
11201,742,548,3,20611.68
11202,2531,454,1,26473.05
11203,1118,235,1,14295.06
11204,6337,35,2,48038.09
11205,2579,409,2,48220.01
11206,5685,236,2,8237.23
11207,5727,923,3,37286.45
11208,3858,376,1,46169.99
11209,5496,874,2,26082.61
11210,6360,814,1,7091.37
11211,5417,853,1,22612.37
11212,1984,484,4,45450.23
11213,2890,649,2,46178.59
11214,3218,640,1,18491.5
11215,5311,893,3,43838.75
11216,6239,640,1,36343.35
11217,3302,444,3,29930.21
11218,7508,211,3,36535.69
11219,1272,840,5,30642.15
11220,3582,622,4,21280.74
11221,5209,439,3,24723.11
11222,3764,943,1,29295.3
11223,7327,860,1,34899.96
11224,3762,649,3,7763.39
11225,7606,582,2,41678.13
11226,6324,46,5,25570
11227,577,600,1,6198.01
11228,7232,651,1,30385.92
11229,7646,518,2,20807.6
11230,4526,598,1,3615.07
11231,6813,661,3,29991.58
11232,39,440,4,23552.83
11233,1083,228,2,47873.83
11234,5082,881,5,30079.68
11235,3322,306,1,8317.1
11236,1222,686,1,34214.79
11237,1163,724,3,48139.84
11238,6826,716,2,24517.18
11239,6675,452,1,12934.45
11240,5442,255,5,40334.05
11241,5983,362,4,45068.36
11242,7782,224,1,8843.63
11243,5986,953,3,13942.2
11244,1488,966,5,618.79
11245,2692,670,2,14767.79
11246,4240,669,5,23283.01
11247,942,784,1,4554.11
11248,3090,779,4,11312.63
11249,2565,732,2,46351.62
11250,387,53,3,36736.88
11251,4967,256,2,49851.09
11252,5427,653,2,14592.25
11253,7364,885,5,29894.45
11254,1335,809,5,22732.35
11255,6491,328,1,40598.34
11256,4573,815,1,13428.18
11257,5516,951,2,47888.85
11258,3194,429,3,11866.56
11259,6367,441,1,31883.1
11260,4970,646,3,5580.28
11261,302,568,4,23663.16
11262,3837,267,2,49287.17
11263,6782,127,4,25254.78
11264,3475,973,4,23576.71
11265,3092,711,1,43096.99
11266,888,404,3,23782.67
11267,3154,60,5,25616.76
11268,594,583,1,43445.48
11269,7447,848,1,10543.49
11270,1486,863,1,20525.22
11271,2593,691,1,39167.67
11272,6219,148,4,37512.99
11273,7567,852,1,24439.35
11274,5443,75,1,31993.29
11275,3257,405,2,45784.71
11276,2952,169,5,1943.55
11277,7072,40,4,10750.27
11278,1738,836,5,1618.82
11279,6550,818,2,15519.61
11280,6163,824,1,17262.35
11281,6706,294,2,7913.58
11282,3835,844,1,27617.28
11283,2681,870,4,7901.07
11284,6868,100,2,32749.6
11285,7998,400,5,8369.15
11286,2424,589,1,33533.42
11287,3931,626,5,33832.8
11288,6254,445,5,43612.39
11289,5554,769,2,1135.84
11290,6614,995,1,42224.27
11291,7543,611,4,18609.67
11292,3922,872,4,8751.2
11293,5175,723,1,37315.38
11294,6536,418,4,17604.89
11295,444,330,3,43428.75
11296,4863,751,3,47927.91
11297,6361,104,5,19861.43
11298,5738,819,1,24696.49
11299,7252,475,5,31859.95
11300,7405,109,1,34370.53
11301,1888,170,2,47262.49
11302,3868,272,3,41438.92
11303,6140,641,4,16295.01
11304,1860,559,4,28150.65
11305,2445,838,4,24311.95
11306,234,540,4,25497.01
11307,2868,831,4,373.45
11308,4047,857,1,32155.52
11309,1404,217,4,7117.35
11310,3917,402,1,26393.76
11311,5821,618,3,13637.36
11312,2812,493,1,1172.5
11313,7461,750,2,38011.12
11314,6636,340,2,16741.84
11315,7900,395,1,44695.44
11316,3484,31,4,5235.33
11317,1872,936,3,31292.74
11318,5679,339,2,23528.13
11319,3666,930,2,30959.56
11320,822,734,3,19501.91
11321,910,842,5,17474.18
11322,3031,931,2,8258.61
11323,2972,341,2,24534.05
11324,555,696,3,34766.48
11325,1000,348,3,26398.28
11326,5917,210,5,12426.23
11327,5566,786,3,9728.49
11328,3447,256,1,30934.25
11329,7713,787,4,2491.9
11330,1430,567,1,16614.22
11331,221,753,2,11546.73
11332,5079,672,4,21093.83
11333,7151,930,4,34507.54
11334,4735,891,3,32936.01
11335,6130,588,5,47263.03
11336,3212,763,3,33368
11337,6033,503,4,26562.97
11338,1681,101,1,40723.06
11339,4138,949,4,44960.56
11340,4653,603,2,9854.02
11341,2876,549,2,37509.54
11342,874,749,3,32893.64
11343,1628,159,4,46721.71
11344,3967,522,1,10256.33
11345,5103,97,5,18353.33
11346,277,697,4,48093.68
11347,4196,423,4,48712.32
11348,178,295,5,44766.98
11349,4690,45,2,37700.92
11350,6129,976,5,30484.62
11351,3455,991,5,3924.42
11352,2095,326,4,36687.01
11353,4312,2,2,24648.08
11354,819,932,1,29900.45
11355,1778,903,4,44510.53
11356,543,742,5,40026.86
11357,5610,785,4,5450.73
11358,962,994,1,24908.18
11359,6455,669,5,12981.71
11360,6357,681,2,17511.92
11361,6632,540,4,30922.57
11362,2657,791,5,39944.78
11363,49,531,1,34794.61
11364,7079,359,1,18886
11365,322,264,2,23419.71
11366,318,177,4,47045.66
11367,3371,704,5,21250.55
11368,5052,828,1,8906.35
11369,2277,16,4,42417.78
11370,7689,265,2,42072.4
11371,3822,249,1,3278.81
11372,5326,793,5,32002.12
11373,7872,914,5,10140.56
11374,2436,172,1,27644.88
11375,4755,380,4,41886.87
11376,4477,275,4,49425.9
11377,2845,598,3,47933.51
11378,2434,111,4,24737.24
11379,2767,404,2,5697.04
11380,5509,623,4,26787.22
11381,510,374,2,20424.8
11382,7554,596,2,47801.02
11383,7509,442,4,23452.47
11384,6149,28,3,1417.84
11385,6683,407,3,11540.15
11386,2783,358,2,26459.79
11387,6951,988,2,47442.12
11388,6653,778,1,42607.94
11389,5382,854,3,25453.53
11390,3751,142,2,39272.5
11391,7955,765,3,32659.89
11392,495,807,2,30518.47
11393,2624,402,2,16022.06
11394,7105,24,4,10852.75
11395,4045,850,2,28244.99
11396,3965,827,3,18423.36
11397,2923,469,3,4077.21
11398,6519,745,4,16238.81
11399,4947,863,2,41339.75
11400,5752,839,5,37283.5
11401,4247,638,1,49457.16
11402,5738,926,5,38983.24
11403,4334,597,3,9721.3
11404,6950,454,5,37039.41
11405,3420,242,3,27352.25
11406,2028,48,2,18203.34
11407,252,217,1,11139.1
11408,6700,921,1,48172.12
11409,2023,563,5,21378.55
11410,1728,744,3,19317.9
11411,1445,535,4,21490.26
11412,5953,156,4,18514.27
11413,7987,952,3,32411.22
11414,2739,845,1,32556.67
11415,197,795,5,7151.21
11416,4785,485,1,36739.32
11417,3990,851,5,47118.21
11418,6758,703,2,42634.67
11419,6351,200,4,9362.04
11420,4045,913,1,369.82
11421,7109,832,5,27611.52
11422,2974,661,3,5376.44
11423,3419,213,5,41884.99
11424,4443,55,3,36365.98
11425,7879,165,4,34540.45
11426,3120,137,2,15712.5
11427,3521,789,4,3978.32
11428,4420,672,5,12237.25
11429,2652,110,2,11476.76
11430,4872,952,1,26250.65
11431,4259,202,5,19354.68
11432,3469,822,2,24990.84
11433,2021,474,3,17479.71
11434,1963,94,2,4649.2
11435,574,581,4,37766.43
11436,81,588,2,45578.6
11437,1458,211,3,26955.37
11438,3620,335,1,1013.34
11439,4346,340,3,9222.95
11440,6480,678,5,16860.42
11441,4124,308,1,13808.12
11442,7462,804,3,6334.2
11443,3826,882,5,42225.04
11444,2143,70,1,48956.28
11445,1453,625,4,13089.27
11446,6089,239,3,11058.94
11447,4918,691,4,13837.22
11448,2277,172,4,49678.84
11449,7449,379,3,3598.46
11450,2725,690,3,12234.98
11451,72,112,5,30072.7
11452,4774,477,4,36085.2
11453,6204,903,2,20196.84
11454,520,860,3,23136.09
11455,233,263,1,17085.98
11456,7390,680,3,35167.69
11457,4643,681,4,21442.33
11458,4448,937,4,29415.29
11459,5305,556,1,43964.65
11460,1611,873,1,41222
11461,3180,534,4,15468.34
11462,1553,253,3,488.74
11463,4201,668,2,39124.97
11464,6943,42,3,31542.76
11465,7395,809,4,49941.61
11466,7632,995,5,16783.09
11467,6821,288,2,33386.16
11468,1498,884,3,43913.2
11469,2716,732,1,27221.83
11470,2598,708,5,31876.56
11471,2264,163,2,29299.06
11472,461,224,3,39045.61
11473,3348,73,2,13634.66
11474,6594,618,3,45296.77
11475,3585,511,5,27577.19
11476,1621,857,5,1126.89
11477,1303,329,3,18508.6
11478,1411,296,2,38159.83
11479,1008,966,1,18800.02
11480,6779,241,4,11951.98
11481,2460,80,3,17665.98
11482,4930,124,1,49622.27
11483,2583,379,2,40278.62
11484,4574,368,4,8256.98
11485,3300,288,3,22777.81
11486,1543,908,3,35109.33
11487,7994,474,3,33061.42
11488,2328,971,2,25501.56
11489,966,928,2,7169.47
11490,40,701,5,6007.5
11491,2124,606,5,44893.49
11492,5475,673,2,10226.19
11493,6737,197,2,41771.21
11494,5644,268,4,2954.16
11495,7074,926,2,49496.95
11496,6544,369,3,15380.13
11497,3122,820,5,7830.29
11498,5122,622,3,31854.2
11499,2169,257,2,5515.8
11500,2069,687,3,36717.16
11501,4485,893,1,22736.52
11502,1883,287,5,8049.93
11503,1887,412,5,18824.71
11504,265,296,3,21949.02
11505,7073,136,1,25495.13
11506,2076,315,1,43959.83
11507,6708,228,5,15880.16
11508,956,661,4,27055.87
11509,3162,915,4,599.31
11510,6511,391,1,41853.15
11511,5315,392,1,4737.4
11512,2947,97,5,42539.46
11513,4076,847,1,47543.61
11514,4255,116,2,4437.9
11515,1193,485,3,24406.46
11516,1753,467,4,45999.49
11517,6374,730,3,22830.73
11518,7832,352,2,4949.57
11519,4064,213,1,2921.97
11520,2988,907,2,37884.13
11521,68,778,5,36676.11
11522,846,963,3,36490.62
11523,7632,424,2,18321.36
11524,6926,164,2,117.75
11525,4962,9,2,29746.87
11526,4244,86,3,48492.15
11527,1735,136,4,34783.83
11528,2350,111,3,39114.22
11529,2995,120,1,2451.65
11530,4189,369,4,15897.68
11531,65,227,4,21126.98
11532,6255,261,3,27679.79
11533,4449,904,2,42665.01
11534,4054,955,3,25139.88
11535,6168,501,4,32764.28
11536,5097,513,5,48892.25
11537,1958,5,2,31863.07
11538,6538,621,1,25258.66
11539,6020,682,4,41138.76
11540,1810,420,2,1701.28
11541,4001,18,2,17179.03
11542,6243,468,5,12792.26
11543,7466,959,2,18663.49
11544,6691,302,2,34443.74
11545,607,645,1,2851.56
11546,7134,319,1,7707.47
11547,6649,370,2,33700.32
11548,6237,802,3,12832.34
11549,5725,783,2,19980.57
11550,5835,434,5,14379.27
11551,7816,105,4,21228.71
11552,1764,490,4,1302.07
11553,5131,759,5,22375.95
11554,1902,351,4,30554.19
11555,1760,748,5,4151.08
11556,5153,536,2,857.54
11557,684,256,3,36625.56
11558,6541,889,1,43874.73
11559,4219,762,3,8655.11
11560,3271,936,3,25987.59
11561,7238,389,1,47354.35
11562,6622,513,1,31109
11563,6637,957,3,19678.82
11564,816,153,5,45012.54
11565,4440,929,2,42400.77
11566,844,126,2,11812.66
11567,5728,567,1,19092.13
11568,6101,566,5,44070.47
11569,7202,314,5,16069.09
11570,3992,112,3,15396.11
11571,1237,797,5,10832.63
11572,6819,213,3,30985.84
11573,2827,849,5,25845.75
11574,2360,290,5,22588.45
11575,2808,327,5,8531.39
11576,3205,769,5,5852.84
11577,4863,10,1,34682.19
11578,5399,158,1,41557.79
11579,2959,98,1,1951.24
11580,6942,23,1,34482.63
11581,1767,383,2,16743.07
11582,6848,745,3,37852.51
11583,762,491,1,2182.36
11584,2449,712,1,4399.32
11585,4323,908,1,14839.34
11586,2695,923,2,48072.7
11587,1888,317,2,19449.65
11588,4187,649,4,43536.67
11589,1237,254,1,16926.27
11590,2219,123,3,6641.67
11591,6667,577,3,10267.92
11592,2865,230,5,10772.01
11593,3565,491,2,8261.5
11594,683,646,5,5315.48
11595,307,425,1,7715.09
11596,2872,841,2,20427.57
11597,1841,670,4,4782.21
11598,1208,712,1,45293.33
11599,114,91,2,29254.85
11600,877,768,4,474.11
11601,1390,868,4,39724.66
11602,436,339,5,1029.42
11603,1957,61,2,36451.33
11604,7882,453,1,39713.42
11605,3696,283,3,12434.09
11606,7248,959,5,23287.26
11607,3607,897,2,44500.53
11608,4577,597,1,11909.98
11609,634,285,3,23816.98
11610,7792,402,5,20922.23
11611,3959,39,4,44199.15
11612,1347,287,2,9031.31
11613,2677,325,5,33704.7
11614,1992,737,5,34517.44
11615,6647,79,1,7146.7
11616,1672,439,1,10388.86
11617,1398,576,2,46469.76
11618,4739,885,5,607.43
11619,4583,754,5,26190.67
11620,3223,46,4,27987.29
11621,3682,525,4,47952.63
11622,7494,487,3,21280.1
11623,2257,885,1,18097.76
11624,6046,331,5,2644.3
11625,7995,17,3,23938.84
11626,6331,818,4,11044.07
11627,6876,803,4,34818.2
11628,3809,852,1,47406.78
11629,1101,664,4,21563.27
11630,3329,541,1,30564.55
11631,7045,247,4,8875.59
11632,4207,234,1,23902.52
11633,380,352,4,29781.59
11634,1868,393,4,21734.01
11635,1270,785,3,13715.91
11636,6632,459,5,40935.37
11637,3789,794,2,676.26
11638,7895,916,1,8370.69
11639,1328,829,4,18818.07
11640,4940,819,1,44137.81
11641,6376,88,4,26656.04
11642,1377,657,3,22402.9
11643,4656,242,4,7588.61
11644,860,790,1,44291.95
11645,7632,121,4,41729.81
11646,6400,680,5,47372.01
11647,3392,242,3,10806.79
11648,7810,130,2,24791.16
11649,2706,212,1,8550.31
11650,4025,140,2,37637.23
11651,756,820,3,4688.4
11652,2036,139,5,22395.88
11653,1616,250,4,4072.1
11654,6990,418,3,37517.27
11655,1700,264,5,27207.4
11656,4606,618,2,7466.42
11657,7937,787,2,25270.76
11658,122,299,2,21958.49
11659,3371,28,1,32179.63
11660,2504,606,1,39658.74
11661,5882,996,4,49232.84
11662,2616,263,5,38471.3
11663,2973,64,5,28868.05
11664,1276,193,1,39076.62
11665,64,805,5,20109.12
11666,1335,225,3,7461.66
11667,6872,989,5,48992.26
11668,1722,822,1,46958.51
11669,6130,590,4,19513.46
11670,4903,748,2,29509.43
11671,2613,757,4,22817.97
11672,2895,965,3,5469.02
11673,7257,383,5,16865.86
11674,6235,400,2,42083.55
11675,5955,679,3,17525.13
11676,7861,297,2,805.93
11677,4091,187,2,22707.04
11678,1281,305,2,30093.49
11679,1256,246,5,49570.01
11680,3613,758,5,37185.53
11681,4776,935,2,48771.05
11682,7858,733,5,33673.08
11683,430,14,3,41644.94
11684,6853,448,2,23590.31
11685,1018,199,2,16154.66
11686,7078,103,5,44581.33
11687,5970,759,1,26345.71
11688,3244,875,3,47941.97
11689,730,757,3,28084.98
11690,5866,106,2,31658.86
11691,1747,879,2,25540.99
11692,4760,277,2,15420.15
11693,7716,74,5,27461.34
11694,6205,212,2,19794.59
11695,3634,468,1,30750.73
11696,6287,639,2,42923.07
11697,1076,314,3,24989.76
11698,7627,431,5,9279.06
11699,5311,801,5,16536.75
11700,6315,418,2,9010.36
11701,6540,662,5,5837.8
11702,7539,497,5,3592.46
11703,321,636,4,5206.74
11704,2975,943,3,14182.16
11705,7811,41,5,30737.28
11706,5355,83,3,47514.53
11707,6934,804,2,47773.98
11708,4567,223,3,30503.29
11709,1519,574,1,20084.88
11710,308,181,5,32659.59
11711,754,252,4,25201.71
11712,2777,539,4,24049.02
11713,499,293,3,34365.06
11714,5428,481,3,22213.33
11715,1935,326,1,34635.99
11716,3067,228,5,38678.13
11717,2331,722,4,45529.91
11718,6881,176,2,39433.13
11719,6070,678,3,45864.38
11720,5259,736,4,38677.37
11721,5208,489,4,29806.3
11722,4859,96,5,14080.63
11723,2415,595,3,14573.86
11724,3892,706,3,1173.04
11725,7834,32,2,11278.57
11726,1382,704,3,21064.16
11727,3639,662,3,18931.11
11728,972,941,4,47457.81
11729,4429,48,5,1817.81
11730,7306,830,3,3111.89
11731,3687,735,1,39737.74
11732,6943,154,3,41137.6
11733,77,41,4,4648.74
11734,3064,300,2,6029.83
11735,1867,559,2,24583.8
11736,5110,112,5,35791.84
11737,900,548,1,40187.39
11738,3073,520,3,33840.44
11739,7967,573,5,47654.51
11740,4918,298,3,16260.4
11741,6652,587,4,2401.18
11742,1148,153,5,5709.93
11743,6032,356,5,31682.19
11744,1932,734,4,22267.84
11745,4610,763,5,28073.45
11746,3527,127,1,26054.16
11747,4870,802,5,12766.27
11748,4685,106,2,628.47
11749,2690,718,3,40060.47
11750,2728,321,1,17423.79
11751,7605,502,4,11896.86
11752,4631,444,1,48507.05
11753,7061,195,3,15846.06
11754,1535,73,3,26097.27
11755,1988,329,4,24362.7
11756,4653,749,1,31843.84
11757,3208,784,4,33736.23
11758,195,292,1,39347.81
11759,1021,869,3,17668.05
11760,6195,855,5,10074.12
11761,7511,696,4,27043.44
11762,1431,652,1,26540.59
11763,7797,269,3,11744.01
11764,5858,953,2,22283.61
11765,452,394,2,17275.01
11766,6037,282,5,8321.3
11767,6922,110,1,17405.71
11768,5080,399,2,24546.17
11769,863,403,5,17921.13
11770,4137,118,4,9892.99
11771,6245,946,5,36281.16
11772,7203,314,4,16674.21
11773,7037,682,5,49878.87
11774,1394,87,1,35258.27
11775,4717,92,4,28293.75
11776,7180,169,1,9526.27
11777,2963,279,2,16020.87
11778,6883,188,3,3787.74
11779,3804,654,2,46767.99
11780,2019,990,2,36553.35
11781,3367,67,4,45741.87
11782,1107,572,4,20593.94
11783,4642,424,3,3703.85
11784,4524,134,4,21062.2
11785,4536,163,1,9102.57
11786,5404,259,1,40511.36
11787,364,821,3,6323.56
11788,2880,251,5,16333.75
11789,5646,502,5,7321.68
11790,132,467,2,28592.32
11791,379,906,5,27765.61
11792,2541,476,5,10124.45
11793,3240,265,4,21918.05
11794,1751,260,5,16398.29
11795,6149,456,2,4190.87
11796,5692,909,1,15697.41
11797,3114,472,2,37905.02
11798,5144,354,4,15662.26
11799,4760,498,5,13246.26
11800,3517,95,4,11384.32
11801,5422,92,2,31504.78
11802,7137,752,2,36371.24
11803,1465,719,3,38610.66
11804,2707,1000,3,35752.59
11805,2011,182,3,5485.71
11806,7073,636,2,34952.25
11807,5466,756,1,48692.74
11808,1706,51,1,32371.11
11809,266,44,4,49602.67
11810,911,410,3,32491.67
11811,7723,268,2,42617.47
11812,1359,613,5,17875.05
11813,6182,80,4,32605.53
11814,6334,110,3,24133.51
11815,6575,840,1,25439.76
11816,5670,252,3,48173.9
11817,6310,828,2,47963.26
11818,7878,63,2,26084.96
11819,425,560,4,36279.52
11820,4233,28,5,6226.9
11821,7460,596,1,19228.66
11822,5693,827,5,20377.67
11823,388,272,2,16191.76
11824,6472,516,3,33695.15
11825,4016,395,1,21103.06
11826,2397,150,3,19653.52
11827,2315,869,4,28870.7
11828,7678,816,5,40472.92
11829,1384,714,1,30734.42
11830,2170,296,5,44759.99
11831,2081,444,3,25745.22
11832,3654,991,3,49952.03
11833,1134,342,3,42470.44
11834,4842,369,3,19802.38
11835,6719,748,3,43377.62
11836,2436,318,2,10757.91
11837,155,870,1,25735.62
11838,2241,321,2,2949.42
11839,5961,841,1,49397.05
11840,6491,721,1,24246.31
11841,3787,854,4,30718.49
11842,6431,353,5,35334
11843,4880,594,4,19877.89
11844,7890,887,1,2113.99
11845,2810,241,4,7739.7
11846,2889,355,5,4121.69
11847,1048,959,2,9386.88
11848,2522,908,1,8952.84
11849,910,961,5,46324.47
11850,5108,122,4,16089.21
11851,5728,500,1,15359.03
11852,571,224,3,42116.56
11853,3851,578,5,38490.29
11854,744,623,5,40303.42
11855,3595,810,1,48028.93
11856,6615,718,3,1714.1
11857,5282,485,2,44441.28
11858,5577,616,2,3219.13
11859,12,835,2,33512.53
11860,2022,300,5,14231.83
11861,2129,592,3,31267.55
11862,399,695,3,48981.63
11863,2118,259,2,45938.21
11864,3112,758,3,39983.77
11865,6688,955,1,7190.7
11866,3736,969,1,21651.36
11867,1720,398,3,13242.76
11868,7479,78,5,6826.58
11869,7139,949,5,27806.9
11870,6735,999,3,12524.95
11871,6989,563,3,38014.6
11872,1843,166,4,37177.47
11873,3546,616,1,26458.04
11874,2960,695,3,47267.88
11875,5489,996,2,42865.52
11876,1401,862,4,28396.5
11877,7827,746,5,10513.89
11878,4653,110,5,7616.06
11879,6920,274,5,6362.15
11880,7287,647,4,2300.43
11881,970,867,2,37670.99
11882,4676,276,4,49765.61
11883,2955,280,2,26875.01
11884,3970,615,2,49667.32
11885,2140,758,1,40620.79
11886,1332,344,1,14599.93
11887,6488,803,4,3671.9
11888,5339,262,1,41044.16
11889,7588,923,3,6703.78
11890,6903,552,3,27985.37
11891,4617,851,4,32842.28
11892,7405,52,4,6528.24
11893,2024,814,3,46572.21
11894,3292,9,4,42998.71
11895,5668,85,2,13326.76
11896,3758,917,3,18566.22
11897,4328,283,3,770.5
11898,6221,137,3,37768.36
11899,3790,625,2,11948.31
11900,1306,72,1,45670.12
11901,1969,392,2,12878.93
11902,2932,436,3,31769.49
11903,3576,650,1,13084.88
11904,4461,581,1,22982.81
11905,5541,937,1,12277.52
11906,2884,738,5,22616.35
11907,3015,774,4,48034.35
11908,1301,258,5,36778.42
11909,5062,29,2,2492.01
11910,6018,404,4,45268.85
11911,7204,161,3,20225.58
11912,7783,627,2,11008.96
11913,7066,579,2,220.6
11914,4647,958,2,24049.84
11915,3956,221,3,22858.37
11916,2208,304,2,42764.18
11917,2372,407,4,28852.38
11918,1830,473,4,28977.13
11919,1060,753,3,5173.91
11920,2170,89,4,34125.34
11921,5595,295,5,33975.76
11922,7803,829,2,535.92
11923,4206,14,3,34961.98
11924,2092,852,1,36291.85
11925,4170,196,1,6418.65
11926,5561,405,4,38521.44
11927,3724,665,3,41620.7
11928,3358,109,5,8863.5
11929,2580,102,2,3619.88
11930,3663,389,4,23756.51
11931,2765,897,3,13781.49
11932,6450,303,3,15948.8
11933,4200,551,4,23115.95
11934,6887,130,1,7764.63
11935,5336,94,4,37771.06
11936,4083,587,1,6362.11
11937,2716,569,3,14252.65
11938,2650,636,2,41293.71
11939,551,181,3,3438.07
11940,3303,815,5,2357.7
11941,1492,76,2,10243.49
11942,4337,599,5,27133.32
11943,5953,745,5,38465.12
11944,5648,771,5,3300.79
11945,3935,568,1,36352.26
11946,2600,605,2,26944.95
11947,7164,929,5,25097.77
11948,6939,702,1,44246.2
11949,2660,243,1,9560.77
11950,5483,170,2,22568.19
11951,6133,518,1,40224.78
11952,2232,580,2,29422.35
11953,7174,347,1,457.73
11954,5985,623,2,1449.16
11955,7897,831,1,9258.1
11956,338,646,4,47486.71
11957,2177,950,2,28098.79
11958,604,440,4,13348
11959,7599,473,5,19443.84
11960,807,253,2,41958.83
11961,4094,182,1,7130.66
11962,1931,179,2,1860.87
11963,7983,576,1,6287.2
11964,1796,993,3,31185.32
11965,4261,747,4,37768.41
11966,967,971,2,27502.21
11967,1186,546,4,9091.03
11968,3960,545,1,38327.69
11969,6259,676,1,43314.55
11970,7684,585,4,17457.76
11971,4208,543,4,27042.16
11972,5380,57,5,14948.7
11973,1017,700,2,20467.86
11974,3502,14,5,38318.33
11975,2443,902,1,33810.54
11976,1393,978,1,46655.42
11977,706,188,2,42672.99
11978,4459,845,2,25646.11
11979,5227,270,3,9211.37
11980,2459,600,3,26851.08
11981,6020,759,2,29073.95
11982,5627,705,1,48274.36
11983,1580,385,1,15306.72
11984,6976,287,3,22742.54
11985,6274,52,3,19673.71
11986,2870,656,1,38305.64
11987,6687,63,2,43275.73
11988,3605,252,4,10787.25
11989,4294,150,2,26481.13
11990,7871,439,4,9956.76
11991,460,948,3,7652.94
11992,3622,900,4,11766.59
11993,5697,271,2,5222.53
11994,1254,322,5,15788.26
11995,2855,40,2,37466.2
11996,5835,84,4,24098.4
11997,6359,783,5,39476.93
11998,5416,65,5,477.57
11999,4410,103,5,1123.26
12000,7620,246,1,32027.66
12001,3345,989,3,20458.91
12002,3390,846,2,11395.33
12003,4517,972,2,44972.52
12004,6951,842,5,24425.63
12005,4963,413,3,2986.45
12006,460,202,3,32712.05
12007,4606,140,2,12265.44
12008,7545,495,1,22156.09
12009,5743,101,1,18398.54
12010,1212,257,1,37629.53
12011,871,89,2,34452.81
12012,3497,938,3,7139.51
12013,7647,762,4,30963.97
12014,785,138,1,8641.68
12015,7804,398,2,25294.09
12016,1664,814,1,10578.2
12017,3914,945,3,24595.05
12018,3229,557,2,10638.66
12019,608,926,4,34845.66
12020,1078,538,4,9715.29
12021,1396,307,3,47796.17
12022,1637,10,4,36431.05
12023,1251,765,5,9198.87
12024,3608,549,5,19523.63
12025,1079,126,1,42487.14
12026,1841,880,3,6853.01
12027,2676,50,5,11911.55
12028,7903,38,1,3478.22
12029,523,778,5,1524.9
12030,4086,592,2,8837.71
12031,7585,933,2,39353.28
12032,541,618,1,17237.54
12033,4696,616,4,19241.18
12034,317,775,2,15273.92
12035,2736,270,1,44745.83
12036,1312,533,1,6917.1
12037,2603,992,4,14897.22
12038,4821,805,2,29518.59
12039,4710,215,2,38493.13
12040,3721,245,5,47356.43
12041,7460,215,1,22126.16
12042,7996,597,2,30356.8
12043,4593,36,2,14253.56
12044,3042,655,1,35795.47
12045,1265,591,5,38065.74
12046,1833,190,5,17019.87
12047,1293,685,5,34625.86
12048,6420,417,1,1485.28
12049,4007,311,3,48768.11
12050,817,569,2,27631.99
12051,5880,117,5,39239.41
12052,29,466,3,32240.42
12053,365,348,2,21331.82
12054,218,85,5,22575.61
12055,3129,978,1,26183.9
12056,937,17,5,12715.49
12057,5067,825,3,2464.24
12058,5219,154,1,25261.5
12059,5073,800,1,4818.41
12060,809,189,4,16825.54
12061,3087,958,2,8020.34
12062,782,788,1,42974.98
12063,3885,760,2,40272.88
12064,1197,881,4,21051.35
12065,5041,225,2,12940.98
12066,3183,192,5,13183.37
12067,6023,101,4,49141.16
12068,6994,352,1,12824.75
12069,3620,946,5,44119.68
12070,7194,740,5,13376.83
12071,3885,326,1,44948.55
12072,6742,283,5,47438.69
12073,6299,850,1,14996.01
12074,462,543,3,1959.58
12075,6293,498,3,26085.3
12076,642,585,1,13891.23
12077,6244,395,5,49542.27
12078,2155,232,4,32334.5
12079,2743,444,2,29806.18
12080,4073,772,3,9896.99
12081,889,41,3,18355.82
12082,546,98,5,22122.93
12083,7764,602,1,25769.13
12084,7162,573,4,23789.44
12085,3618,919,5,32581.21
12086,7340,490,4,27853.84
12087,104,465,3,23169.79
12088,2723,578,2,2769.62
12089,3569,180,3,4020.96
12090,5797,986,4,48347.66
12091,5613,55,2,32236.61
12092,6978,67,1,12942.58
12093,1927,545,1,47191.5
12094,3301,708,4,14400.12
12095,7770,645,1,8128.39
12096,244,690,1,34569.35
12097,2201,852,5,28621.76
12098,7957,912,2,25466.77
12099,2618,341,5,9995.78
12100,4266,281,5,48636.17
12101,3750,719,1,22336.52
12102,22,829,4,31798.68
12103,1519,739,5,29787.12
12104,3013,184,3,33693.93
12105,7040,215,4,8582.01
12106,2856,132,5,48152.91
12107,770,43,2,10192.82
12108,6618,694,1,28065.4
12109,5489,146,3,46778.78
12110,7628,80,3,31217.5
12111,1516,457,4,44240.51
12112,1651,772,1,31161.1
12113,3954,434,3,6175.56
12114,7852,37,4,43919.61
12115,4422,180,5,8213.78
12116,7319,8,1,4692.03
12117,4982,606,1,35256.47
12118,6384,855,4,23536.13
12119,4110,103,5,24007.88
12120,5057,483,4,7755.1
12121,135,855,3,10105.58
12122,132,787,1,11709.24
12123,7870,237,3,21497.51
12124,2584,818,4,36395.12
12125,7400,926,2,2750.58
12126,2318,589,2,46829.74
12127,838,985,3,38013.66
12128,3202,285,5,23296.3
12129,7730,907,2,39665.23
12130,6173,206,1,35864.85
12131,314,722,3,344.28
12132,6872,247,4,11158.91
12133,1894,255,3,11305.77
12134,2001,444,5,181.45
12135,3893,892,5,19662.59
12136,5914,75,2,28657.83
12137,3789,521,3,33996.67
12138,6954,60,2,9184.34
12139,6437,17,4,9008.52
12140,6260,400,5,34758.05
12141,1326,22,1,44109.04
12142,1947,896,1,48181.63
12143,5526,315,4,19143.4
12144,3780,635,5,42791.4
12145,1404,573,1,41219.37
12146,3225,473,4,27520.69
12147,1591,8,4,24012.67
12148,1686,387,1,16075.67
12149,2562,171,2,4710.49
12150,7548,476,1,40766.44
12151,3403,522,3,20621.84
12152,355,578,2,32190.76
12153,4143,563,3,29307.66
12154,98,670,4,38547.31
12155,3059,948,2,19814.47
12156,1323,785,4,19721.75
12157,7417,115,1,14767.84
12158,3273,88,3,6954.98
12159,7255,681,2,8708.65
12160,863,242,5,6338.14
12161,4448,277,5,23764.39
12162,402,87,4,25055.84
12163,4733,693,2,22305.7
12164,2459,410,1,6367.55
12165,7359,318,4,44272.01
12166,4959,333,3,11645.33
12167,3975,438,1,17546.62
12168,6716,198,2,9850.69
12169,6711,444,4,6545.4
12170,1265,225,4,21370.82
12171,5450,400,2,23375.25
12172,5690,215,5,38737.62
12173,5943,63,2,10285.57
12174,6022,837,1,8014.95
12175,5961,688,4,5418.51
12176,3624,293,3,2645.45
12177,1045,563,4,663.21
12178,2855,89,2,11476.5
12179,6996,591,3,303.21
12180,2683,313,4,24827.99
12181,3591,568,1,38423.73
12182,6421,226,2,551.45
12183,3337,168,2,25030.1
12184,1209,667,1,18220.42
12185,6533,314,1,15360.83
12186,685,192,2,5798.42
12187,6381,710,3,35364.32
12188,2636,768,5,44877.89
12189,2522,584,3,23506.47
12190,873,868,5,38085.25
12191,5853,591,4,2543.28
12192,47,447,2,534.51
12193,3090,555,3,20326.9
12194,7975,615,3,48501.93
12195,4760,541,2,49537.27
12196,7284,548,4,46263.54
12197,2380,545,2,24048.57
12198,5315,304,1,4207.49
12199,3549,270,3,35076.38
12200,823,652,4,25360.95
12201,3688,70,5,11754.4
12202,4692,977,2,30381.37
12203,6958,421,3,2962.8
12204,4734,592,2,41128.4
12205,3478,138,1,4616.22
12206,7900,813,3,3376.75
12207,7814,250,3,19009.83
12208,1110,691,3,13575.74
12209,6760,303,1,34522.62
12210,6146,850,2,48455.66
12211,1077,883,4,19207.77
12212,4442,59,5,10119.61
12213,4536,263,5,24258.05
12214,527,416,2,36350.48
12215,2698,590,3,14854.34
12216,2095,790,3,13776.21
12217,4833,977,5,37712.13
12218,1676,473,4,34175.64
12219,6724,549,3,10814.52
12220,932,878,1,10617.19
12221,1793,885,5,49530.63
12222,7053,198,3,24365.41
12223,4126,494,5,325.69
12224,6709,821,5,48066
12225,3119,344,4,32128.01
12226,2433,314,4,22720.69
12227,2154,379,5,19572.11
12228,2012,576,2,14460.78
12229,7872,847,3,9164.69
12230,7148,260,5,11159.77
12231,4744,191,1,23659.47
12232,186,258,5,25074.9
12233,4301,428,1,22702.32
12234,5028,762,3,14303.59
12235,3855,493,3,39055.11
12236,6468,908,5,32705.34
12237,6584,386,4,15291.12
12238,2951,198,2,47547.73
12239,1829,969,5,43846.9
12240,5814,378,3,44652.73
12241,3875,76,4,9430.91
12242,3318,637,5,5134.22
12243,2854,583,5,36445.77
12244,4561,286,3,10272.04
12245,3909,587,4,32909.6
12246,4193,715,4,6762.11
12247,5436,455,5,9597.5
12248,7504,463,2,6366.5
12249,3502,644,3,35461.61
12250,2951,116,1,41503.39
12251,5008,451,5,35735.55
12252,976,809,5,9295.04
12253,3067,988,4,31709.77
12254,4732,343,2,1734.88
12255,1092,203,5,41984.1
12256,5228,171,1,13089.05
12257,6934,998,4,15680.1
12258,5464,839,3,13253.27
12259,4416,192,2,5869.95
12260,6309,418,1,15834.21
12261,3359,929,5,45747.12
12262,4577,467,1,35932.41
12263,6371,901,4,13849.61
12264,7948,766,3,31350.17
12265,6001,906,4,35350.63
12266,4286,107,1,4741.26
12267,1028,983,3,41137.98
12268,3265,162,4,36728.6
12269,4960,51,4,33245.69
12270,2085,673,3,23714.41
12271,5959,178,3,4377.2
12272,6674,763,4,15018.98
12273,2696,988,2,17108.64
12274,2683,342,3,7442.77
12275,7439,4,4,37465.15
12276,1582,851,5,32308.08
12277,6328,869,1,21180.91
12278,7479,838,5,7723.56
12279,1465,897,1,49080.9
12280,7282,918,4,46419.6
12281,2715,251,5,683.59
12282,6493,890,4,49218.06
12283,4199,788,5,32425.91
12284,5010,405,5,24509.49
12285,906,614,4,1809.23
12286,4899,799,4,21149.08
12287,2939,566,4,38750.84
12288,560,997,1,11393.88
12289,7221,374,1,41103.05
12290,5021,195,5,2326.4
12291,4779,377,1,27784.1
12292,6584,970,5,13419.31
12293,3379,487,5,20481.25
12294,6290,618,1,43956.01
12295,2188,706,3,40440.44
12296,802,609,3,8833.77
12297,1542,648,5,10525.63
12298,563,305,5,5690.31
12299,5363,472,3,47684.77
12300,1558,582,3,32863.2
12301,765,319,1,30388.89
12302,7443,787,4,31200.48
12303,5666,868,4,39135.04
12304,6747,585,5,22495.7
12305,2620,499,4,24944.73
12306,5963,77,5,13811.2
12307,2620,482,2,7975.24
12308,4940,754,5,25029.35
12309,3960,458,3,26754.62
12310,1861,841,2,34842.56
12311,1744,894,2,20658.89
12312,6050,42,5,35534.6
12313,2319,40,4,42704.4
12314,954,83,4,22019.82
12315,4018,815,2,1517.25
12316,6857,62,3,43778.96
12317,1923,599,4,17454.07
12318,995,693,5,23596.27
12319,3385,180,4,44444.94
12320,2770,252,2,32834.36
12321,3363,505,4,28815.32
12322,7132,995,2,29776.83
12323,4877,632,2,4226.38
12324,177,388,5,23243.51
12325,6672,148,4,41645.35
12326,5610,444,5,5062.25
12327,6817,634,4,46770.03
12328,4194,688,3,1063.47
12329,1215,289,4,18540.14
12330,6030,591,4,42877.15
12331,7861,677,3,25230.94
12332,2527,298,1,4244.79
12333,5587,649,5,19099.94
12334,6952,283,5,36957.13
12335,376,748,5,3968.9
12336,6794,143,5,3429.77
12337,727,842,1,44502.41
12338,5371,984,5,47859.02
12339,5288,637,4,30625.44
12340,5157,416,3,30157.33
12341,1259,69,3,9756
12342,6321,69,2,34610.95
12343,6324,875,2,8134.43
12344,3513,980,3,47096.37
12345,2743,413,1,49891.68
12346,1142,305,2,21843.38
12347,5525,728,5,11393.7
12348,5405,931,4,41139.99
12349,1435,772,5,4916.07
12350,375,375,3,42738.86
12351,4848,465,5,37833.59
12352,5147,145,1,2939.82
12353,1308,183,4,43920.04
12354,6941,184,2,7804.11
12355,642,710,4,9151.86
12356,400,109,3,6758.89
12357,38,707,3,32647.43
12358,445,460,2,29019.34
12359,4265,894,3,31447.88
12360,5092,14,2,22207.81
12361,1897,219,4,33555.36
12362,7056,314,4,36696.17
12363,22,398,4,35268.25
12364,3451,703,3,17430.87
12365,6278,944,4,14067.65
12366,7329,587,1,35762.77
12367,3260,627,1,3679.97
12368,3311,396,3,13049.77
12369,1239,993,3,27947.68
12370,6344,747,3,10790.27
12371,1108,894,3,38127.51
12372,2717,678,5,26954.49
12373,1533,713,1,14999.12
12374,1093,232,3,29612.09
12375,2702,257,4,17757.57
12376,3510,893,5,18871.25
12377,5616,883,3,5278.76
12378,2035,639,1,5524.94
12379,3335,207,3,14633.15
12380,4763,396,5,33106.97
12381,7710,568,2,43161.61
12382,558,283,4,19092.41
12383,4666,546,4,5856.05
12384,6719,414,5,36814.44
12385,7095,792,1,20802.28
12386,5780,134,1,890.95
12387,1605,811,3,9572.93
12388,6340,900,3,24058.95
12389,5693,173,1,19149.25
12390,3820,436,3,46506.75
12391,7267,656,3,33797.76
12392,3660,851,5,26462.01
12393,7585,559,3,32672.17
12394,4469,470,3,21509.57
12395,5287,276,4,9516.17
12396,7038,374,4,40194
12397,1029,604,1,2762.91
12398,378,505,5,33278.29
12399,7642,880,2,18030.42
12400,6996,599,3,18442.27
12401,4352,829,4,16817.5
12402,7653,543,1,11665.17
12403,2940,177,5,5156.33
12404,7393,23,1,49713.48
12405,7113,949,4,24419.31
12406,1920,843,5,21319.76
12407,152,414,3,29257.75
12408,4789,976,4,41351.93
12409,6620,803,5,28946.24
12410,7026,169,1,2690.47
12411,2975,203,1,39125.11
12412,3999,87,4,22472.74
12413,6149,847,2,39685.62
12414,3252,405,1,41849.21
12415,7324,383,5,26939.14
12416,4708,981,5,14548.72
12417,4688,825,3,7790.05
12418,6519,416,4,3285.58
12419,5920,529,1,6150.65
12420,2676,658,5,39686.09
12421,5769,4,1,32865.84
12422,2241,537,1,38369.97
12423,1530,697,2,27660.87
12424,930,125,4,1356.95
12425,1283,912,1,22275.72
12426,3459,670,4,844.95
12427,5864,766,3,8885.99
12428,7753,486,4,30605.38
12429,1913,343,5,37934.8
12430,969,499,4,32345.08
12431,1968,216,2,16653.67
12432,7133,257,4,3988.55
12433,3116,885,5,37456.43
12434,1878,725,5,29844.52
12435,7401,978,1,8038.49
12436,3552,4,1,21097.68
12437,6177,50,3,2006.1
12438,7465,451,2,18763.34
12439,6746,545,1,8314
12440,291,648,2,14645.2
12441,1934,666,3,7825.88
12442,6811,772,5,8852.53
12443,2351,195,1,11664.53
12444,5522,214,3,14952.9
12445,3431,372,4,16054.86
12446,788,35,3,8678.5
12447,3045,254,2,40250.56
12448,7595,641,1,45746.19
12449,2572,475,3,29182.16
12450,3770,616,4,7759.09
12451,400,138,1,30369.13
12452,5435,826,3,25319.98
12453,2181,222,4,9989.48
12454,3067,625,3,45389.1
12455,6804,685,3,20079.64
12456,5733,686,1,45888.72
12457,5505,9,3,30637.57
12458,7724,847,1,11152.62
12459,3323,196,4,3284.39
12460,4541,344,1,7982.14
12461,3228,217,2,47881.56
12462,251,169,3,47273.26
12463,2761,663,5,25945.49
12464,4923,695,2,10004.54
12465,7109,73,5,19030.6
12466,3473,26,2,39529.84
12467,7010,152,3,36649.34
12468,5624,744,2,41144.92
12469,3561,352,1,12331.19
12470,5054,851,5,47415.88
12471,7558,312,4,34165.17
12472,6784,682,5,12593.78
12473,2953,693,4,31512.2
12474,7549,362,3,33654.9
12475,5516,443,2,45103.29
12476,4303,394,5,39930.09
12477,516,660,2,40199.17
12478,4057,686,3,13189.24
12479,1198,343,3,6895.92
12480,3059,164,1,5566.31
12481,6344,372,5,44314.33
12482,6788,425,5,28280.74
12483,2514,49,2,48994.69
12484,5769,498,2,41292.67
12485,905,377,3,36688.05
12486,2013,754,1,38834.13
12487,336,214,3,16931.95
12488,6623,427,3,25954.43
12489,3557,834,1,19837.18
12490,1019,200,4,18421.75
12491,2485,342,1,22647.84
12492,4420,364,5,43232.54
12493,4066,942,5,9045.68
12494,5046,287,1,41945.78
12495,7041,703,5,5546.42
12496,784,357,2,29377.56
12497,1075,418,3,7558.49
12498,807,424,5,18875.16
12499,5252,999,3,37669.97
12500,4579,366,5,42075.04
12501,7957,303,3,21252.65
12502,750,954,2,44385.71
12503,6443,409,1,32669.09
12504,6439,371,1,3008.15
12505,1125,91,2,23969.09
12506,3483,959,4,5027.64
12507,498,439,2,28566.76
12508,5635,255,2,49124.86
12509,5616,361,1,8667.4
12510,1763,210,1,23118.96
12511,2276,924,3,18631
12512,4367,493,5,35358.33
12513,3868,48,1,27896.95
12514,324,382,4,29433.93
12515,5163,63,1,33586.66
12516,1043,658,3,48304.05
12517,7815,849,4,44751.63
12518,7174,273,5,29305.44
12519,1764,469,3,32006.91
12520,3060,504,5,17814.73
12521,2682,825,5,37478.18
12522,6787,672,2,11480.25
12523,1014,606,4,31805.32
12524,2737,878,3,6480.01
12525,3901,233,2,22813.42
12526,6656,748,2,32378.41
12527,2448,708,4,48590.24
12528,5234,675,2,8739.17
12529,2471,386,2,38359.58
12530,6103,706,1,32630.48
12531,3405,995,4,2030.45
12532,2046,160,2,38974.09
12533,6907,372,4,24331.49
12534,804,886,4,34395.13
12535,625,710,5,3398.02
12536,6742,776,2,21311.43
12537,7655,294,3,1227.77
12538,7611,198,4,37314.96
12539,709,511,5,18077.54
12540,2917,999,1,24975.04
12541,3437,556,3,41271.22
12542,5505,514,2,3369.09
12543,3164,170,1,28170.28
12544,3542,497,1,43788.2
12545,3178,966,5,29253.34
12546,3363,36,5,33755.61
12547,258,261,5,28502.11
12548,125,741,3,34652.05
12549,1070,523,4,37721.08
12550,7572,575,2,30960
12551,6905,208,1,36573.41
12552,668,306,1,33600.9
12553,276,595,4,25658.96
12554,4510,107,1,4506.09
12555,7037,602,3,45932.97
12556,4480,741,4,42867.35
12557,1280,693,1,37660.68
12558,7707,199,4,20208.42
12559,3384,27,5,40381.55
12560,5460,312,2,18329.85
12561,4669,892,2,24753.41
12562,2896,947,5,47414.49
12563,4214,117,3,17987.83
12564,6624,916,4,35449.55
12565,782,404,1,38511.18
12566,6447,525,3,7434.48
12567,1338,223,2,25491.07
12568,117,633,1,8464.41
12569,1309,674,4,8158.68
12570,6165,420,4,30962.71
12571,7342,359,2,15344.04
12572,1152,873,4,22485.41
12573,2936,378,3,26011.75
12574,3159,180,4,23949.53
12575,2034,960,1,17610.06
12576,7780,526,2,23921.39
12577,4789,886,5,42292.16
12578,6164,835,1,15171.88
12579,4177,879,3,32789.44
12580,5173,469,3,30432.96
12581,7351,496,1,10092.57
12582,6143,633,2,43503.52
12583,4108,951,2,21533.58
12584,6821,106,1,7243.4
12585,2410,452,4,9964.9
12586,5106,810,4,47994.28
12587,2298,794,1,30478.98
12588,4239,138,3,993.11
12589,4485,390,5,22062.02
12590,4340,831,5,29139.96
12591,4946,824,1,18715.75
12592,7886,773,5,49356.69
12593,5271,444,5,15599.38
12594,5520,726,2,18281.37
12595,5067,54,1,4618.09
12596,5153,840,1,2059.96
12597,2403,712,2,49080.67
12598,5756,250,5,40611.53
12599,6399,332,5,23273.54
12600,687,768,5,40600.18
12601,2806,23,5,31437.45
12602,6234,303,3,38839.19
12603,4950,894,5,40224.79
12604,1253,665,2,32123.24
12605,3633,312,1,29455.2
12606,7935,254,4,31145.31
12607,2302,347,3,45165.54
12608,126,121,5,19116.49
12609,4780,126,4,10219.19
12610,7718,181,5,4038.43
12611,4926,723,1,25404.3
12612,6786,72,3,4849.29
12613,3029,995,3,5076.08
12614,861,967,1,17955.18
12615,6043,63,3,6333.41
12616,5502,686,3,16667.75
12617,7963,132,3,351.85
12618,6460,827,2,986.68
12619,3544,379,2,46633.6
12620,4124,179,4,45403.5
12621,3650,447,3,10459.88
12622,3402,19,5,9826.96
12623,7686,224,2,49007.52
12624,4509,10,5,46854.95
12625,5429,500,1,17451.73
12626,7567,395,5,42570.88
12627,2322,912,3,13228.25
12628,4368,254,3,36014.03
12629,7513,696,5,3819.85
12630,3066,578,4,38570.64
12631,475,335,3,44107.01
12632,7942,981,2,41714.75
12633,6549,859,5,47542.44
12634,6128,442,4,41089.91
12635,3235,46,2,27715.01
12636,4907,891,2,654.45
12637,3626,476,4,37581.03
12638,2480,574,3,22982.95
12639,1107,672,1,48381.57
12640,7542,26,3,13659.45
12641,3713,585,1,24499.04
12642,2831,889,3,48088.68
12643,7059,993,3,19818.27
12644,3994,419,1,10611.2
12645,448,18,4,8058.58
12646,6956,126,1,5483.51
12647,2817,71,5,40601.4
12648,6769,719,5,28984.33
12649,1455,295,4,15177.15
12650,5132,599,1,20467.01
12651,1653,55,3,41298.39
12652,2401,168,4,6568.58
12653,3560,344,2,42856.68
12654,3187,496,1,14881.38
12655,5221,509,3,42002.57
12656,7850,649,2,19007.5
12657,3675,418,5,39123.78
12658,248,630,1,6314.45
12659,243,217,2,34532.64
12660,367,695,5,8778.93
12661,4630,497,5,33382.33
12662,1013,68,2,14955.35
12663,2858,549,2,41371.53
12664,6575,180,1,45433.26
12665,5793,910,2,19693.68
12666,579,382,4,2586.71
12667,1338,811,4,4812.81
12668,6409,218,5,1820.61
12669,3722,254,2,30658.02
12670,4989,306,5,28819.59
12671,5389,323,4,6511.56
12672,4647,685,4,16183.58
12673,4421,25,4,28106.04
12674,7477,840,3,44308.43
12675,5037,822,2,28564.84
12676,4805,776,1,40079.75
12677,7856,31,2,3260.26
12678,6347,775,3,22387.86
12679,1789,836,5,10654.91
12680,7131,687,4,7187.08
12681,4910,116,1,49827.3
12682,7892,321,5,47418
12683,94,852,1,43646.5
12684,6905,90,3,20638.62
12685,1627,214,1,3087.83
12686,1360,145,4,2399.33
12687,2429,976,2,48486.93
12688,5663,335,3,37302.03
12689,198,511,1,24609.44
12690,7856,150,5,1991.15
12691,6527,972,5,8199.03
12692,4488,637,5,14251.93
12693,1577,558,5,20026.53
12694,5699,187,1,20010.55
12695,7908,524,4,1722.99
12696,665,705,1,38069.84
12697,7122,986,5,40908.09
12698,98,774,3,46736.26
12699,952,521,4,46686.62
12700,6527,552,3,13904.43
12701,7386,883,1,6163.75
12702,6166,131,3,27261.2
12703,7664,670,3,31893.97
12704,968,949,4,34029.01
12705,2999,47,3,18205.92
12706,1258,928,5,35473.62
12707,7542,81,1,16066.6
12708,619,58,3,12707.94
12709,6998,949,4,21569
12710,2246,13,2,16519.47
12711,2144,339,2,48908.59
12712,5478,439,1,24729.29
12713,2261,65,4,26299.61
12714,4806,638,3,17347.75
12715,3979,107,3,15747.68
12716,901,708,2,8074.15
12717,6373,742,2,23551.62
12718,2983,846,1,47676.23
12719,2442,757,3,44109.99
12720,4043,130,5,17056.44
12721,6204,812,1,30921.31
12722,311,858,1,45567.63
12723,7031,649,5,47616.12
12724,3438,809,1,40522.08
12725,6432,178,1,35050.69
12726,852,842,5,39241.6
12727,7309,336,4,24439.69
12728,3385,835,2,48221.78
12729,5598,24,1,13317.25
12730,7775,187,5,39201.52
12731,3294,492,4,48715.76
12732,3408,613,2,14359.68
12733,6116,102,2,35933.89
12734,5563,831,4,34477.32
12735,6150,396,3,38690.21
12736,6199,209,3,9604.33
12737,4283,579,2,24020.21
12738,5185,862,1,1536.16
12739,2260,115,3,28805.37
12740,303,639,5,26507.45
12741,4127,657,2,7832.37
12742,7883,93,1,31418.71
12743,2781,71,4,3531.99
12744,2822,800,2,41282.71
12745,4854,140,2,21246.58
12746,7040,254,1,32681.33
12747,2247,117,2,22005.38
12748,5068,329,2,13223.32
12749,2188,966,4,12128.8
12750,2041,500,3,17213.2
12751,1973,770,3,15127.92
12752,3029,841,5,26873.61
12753,3920,671,1,7239.71
12754,1512,108,4,20165.13
12755,4645,769,1,47681.38
12756,7033,74,2,654.68
12757,4340,574,2,4129.09
12758,4113,216,4,24483.54
12759,2050,798,4,49481.46
12760,7665,742,4,2855.01
12761,799,238,1,36969.42
12762,2505,205,1,44922.63
12763,951,147,4,28193
12764,4782,673,2,1632.07
12765,5505,368,4,15442.4
12766,1006,199,1,6919.87
12767,3380,615,2,36348.28
12768,4105,456,3,7304.2
12769,3939,244,4,31514.74
12770,5985,34,4,29929.12
12771,965,152,4,3164.88
12772,7273,380,1,24474.83
12773,1202,55,5,7209.02
12774,2840,725,3,8446.39
12775,1987,828,2,38350.43
12776,6630,927,2,18147.45
12777,2227,821,3,17980.56
12778,3506,885,1,28499.98
12779,1842,277,2,3454.2
12780,7379,851,3,42649.06
12781,5566,557,4,14377.67
12782,6001,460,1,19917.29
12783,1885,696,2,8107.8
12784,1929,371,3,46359.54
12785,3231,45,4,9056.08
12786,6576,658,1,16704.7
12787,7685,459,4,43756.55
12788,3659,552,4,26357.61
12789,5562,567,2,38485.02
12790,7505,232,2,12985.51
12791,4294,137,2,20901.25
12792,780,852,5,28333.72
12793,4281,327,5,42228.62
12794,7509,320,5,1653.09
12795,6993,614,3,42031.83
12796,522,119,5,36411.41
12797,510,78,3,15240.74
12798,594,342,2,21268.44
12799,5974,195,3,43137.56
12800,5627,573,1,27434.71
12801,3898,424,3,49123.69
12802,7004,557,5,31320.7
12803,5052,736,1,41048.79
12804,4912,624,3,49288.23
12805,6822,505,1,38627.19
12806,6119,448,3,34969.83
12807,1753,35,1,13360.04
12808,201,274,3,14863.67
12809,1173,391,4,16437.57
12810,2456,599,3,34143.47
12811,7923,245,5,11727.1
12812,6998,614,4,28251.03
12813,410,170,2,12594.06
12814,3024,73,1,43704.66
12815,5914,566,4,19094.06
12816,1585,524,5,27782.49
12817,270,207,4,15418.58
12818,5429,836,4,1371.34
12819,5580,954,3,48883.14
12820,2465,155,1,3140.49
12821,3833,559,5,19340.94
12822,7740,830,3,34547.47
12823,1329,299,2,22653.92
12824,744,192,1,46529.67
12825,5125,587,5,5671.45
12826,5945,660,3,11176.94
12827,3770,444,2,4427.74
12828,3363,419,2,33034.3
12829,3111,514,2,42521.63
12830,5724,912,5,17285.61
12831,2586,400,4,7144.36
12832,6731,595,3,35197.84
12833,2132,93,4,17659.56
12834,4023,748,5,22844.28
12835,3351,64,4,34288.84
12836,4790,589,4,43923.78
12837,1818,298,3,46383.23
12838,2718,216,5,14193.65
12839,6350,306,2,45008.17
12840,5955,316,1,31477.92
12841,65,156,4,34624.53
12842,7346,515,3,680.22
12843,7232,899,4,31507.49
12844,2254,195,1,3818.28
12845,119,683,5,36941.42
12846,1236,697,2,36907.67
12847,5275,325,1,11107.55
12848,6228,709,3,41484.77
12849,6927,765,4,41118.96
12850,7725,341,4,48053
12851,7282,132,4,35050.48
12852,1811,731,5,16108.58
12853,7946,544,2,12132.08
12854,3033,428,4,25953.59
12855,6092,592,4,6953.77
12856,7298,338,4,17143.38
12857,3252,467,3,48099.02
12858,7703,528,5,31487.63
12859,6418,548,5,13902.7
12860,6636,31,4,10872.06
12861,2710,710,4,14817.23
12862,676,848,4,4275.26
12863,7118,664,2,37827.17
12864,7263,508,2,10156.79
12865,2807,737,4,4345.33
12866,15,204,5,24681.66
12867,315,697,3,45486.08
12868,1316,426,5,44011.92
12869,808,544,5,6679.26
12870,2158,673,5,42175.83
12871,3322,171,3,8755.56
12872,3574,266,4,1628.97
12873,7300,939,4,25276.76
12874,4647,506,2,866.73
12875,5328,977,4,26905.75
12876,987,135,1,25092.15
12877,6139,862,2,49170.34
12878,3980,935,1,18256.45
12879,4175,244,2,40218.74
12880,7258,511,2,49769.31
12881,3495,273,1,25929.5
12882,7063,456,1,40739.63
12883,7696,870,3,41068.21
12884,3233,535,3,20968.62
12885,4723,306,4,28365.06
12886,683,508,5,22080.7
12887,7691,233,3,26399.87
12888,5278,200,2,33335.48
12889,3195,185,2,2067.57
12890,2249,402,4,32039.78
12891,7475,359,5,40552.03
12892,467,990,4,14131.83
12893,4817,304,2,26150.41
12894,941,577,3,11192.31
12895,7982,710,2,25929.06
12896,3277,485,2,8559.47
12897,4197,220,2,41384.75
12898,6767,856,2,12907.58
12899,1929,355,5,35741.74
12900,3433,108,3,1730.56
12901,1947,575,5,29313.26
12902,3105,247,2,36066.55
12903,6350,402,3,42821.19
12904,2948,848,3,41049.35
12905,2532,580,3,16631.03
12906,3184,243,4,36651.79
12907,6290,886,5,32004.87
12908,5189,993,2,18149.44
12909,5188,805,1,11048.46
12910,309,775,5,16760.02
12911,2706,50,5,40808.63
12912,4470,926,4,8182.41
12913,955,350,2,28149.45
12914,7123,528,5,18636.25
12915,7521,835,4,34398.5
12916,1435,445,1,47289.69
12917,4535,112,1,14896.9
12918,3348,680,2,39024.26
12919,4818,173,1,26484.36
12920,5780,179,4,34232.1
12921,2367,371,3,1752.78
12922,7802,111,3,28842.55
12923,715,248,3,2252.09
12924,5524,670,3,36048.13
12925,4730,165,1,15998.71
12926,474,2,4,40661.53
12927,1924,574,4,42957.83
12928,3234,428,5,24759.44
12929,5938,216,4,17854.11
12930,7060,170,5,32588.15
12931,4605,657,5,12357.5
12932,300,836,5,46394.4
12933,1932,782,1,31390.9
12934,457,986,4,26912.9
12935,7465,668,2,41369.25
12936,3946,995,4,2253.45
12937,4171,897,4,7245.06
12938,2941,591,5,23618.72
12939,3785,722,5,17985.78
12940,4174,633,5,38365.23
12941,1235,185,2,37785.8
12942,563,95,2,25387.02
12943,248,292,2,6690.34
12944,7911,819,2,10587.03
12945,7824,258,2,5221.33
12946,7441,432,5,12545.54
12947,7185,656,4,15372.61
12948,6270,532,1,46045.61
12949,5000,502,3,36870.77
12950,2396,41,3,43328.13
12951,5965,786,2,22806.35
12952,2915,504,1,13452.93
12953,739,632,3,13562.07
12954,1435,296,4,45309.68
12955,7122,403,5,2749.17
12956,269,908,3,39209.12
12957,4353,252,3,14996.2
12958,4021,946,1,25824.96
12959,6545,125,4,10991.19
12960,785,126,3,29590.88
12961,1707,72,1,31009.24
12962,811,29,1,2512.32
12963,2200,463,4,35464.91
12964,931,748,5,7057.32
12965,2366,127,2,23478.32
12966,5983,14,1,3412.21
12967,2868,539,1,7441.65
12968,5098,254,4,21597.34
12969,2704,735,3,8243.72
12970,4277,326,3,29849.75
12971,6375,407,1,29632.78
12972,6112,95,4,10115.91
12973,5759,280,1,46878.36
12974,6863,175,1,42857.71
12975,7537,128,1,5122.94
12976,2160,524,4,26066.28
12977,407,285,5,33215.18
12978,3233,468,2,42170.1
12979,655,488,3,17911.56
12980,2075,16,3,14188.19
12981,7944,323,5,40411.39
12982,3835,64,1,18469.72
12983,1176,667,5,4246.77
12984,7958,550,5,10809.12
12985,12,910,1,35860.27
12986,2802,844,5,21785.84
12987,267,523,1,37457.74
12988,6554,848,3,140.29
12989,2076,794,2,6686.32
12990,5353,580,3,38905.23
12991,407,164,3,17524.59
12992,4128,381,4,47768.4
12993,5951,429,3,30038.18
12994,6189,710,4,42415.08
12995,5160,315,3,22677.48
12996,142,219,4,25017.23
12997,6017,961,2,27983.36
12998,4714,754,3,22177.98
12999,4600,197,2,20778.67
13000,5500,551,2,20983.97
13001,2466,923,5,32271.59
13002,2534,503,4,9674.7
13003,1674,830,3,6946.57
13004,97,811,3,33669.57
13005,2974,19,3,11691.65
13006,274,475,4,25602.36
13007,398,447,4,25371.94
13008,5794,310,5,25634.52
13009,1291,702,3,17930.63
13010,3648,439,3,41533.84
13011,1174,898,1,49148.98
13012,7794,227,5,13733.27
13013,4645,143,5,29730.07
13014,1928,840,2,45691.25
13015,2436,808,4,31991.9
13016,3274,504,3,36727.9
13017,3268,928,3,37945.15
13018,3600,796,1,25146.13
13019,7409,177,3,27609.84
13020,2013,919,1,36461.08
13021,5740,904,1,46979.46
13022,1107,867,3,45599.57
13023,5351,62,5,25388.9
13024,2234,535,1,13395.72
13025,1959,9,3,12960.61
13026,7472,48,5,40358.68
13027,6450,754,5,24595.72
13028,1457,627,2,25620.49
13029,4773,421,2,37830.82
13030,3177,278,4,42237.52
13031,2242,840,2,6853.63
13032,3022,891,5,6258.64
13033,6242,612,3,32043.92
13034,7603,961,2,39011.79
13035,512,807,4,41975.82
13036,6228,169,4,42100.63
13037,3783,131,4,10688.59
13038,3767,527,2,42987.43
13039,2328,828,5,3113.98
13040,4681,927,4,44451.43
13041,2530,82,4,46195.13
13042,7809,361,2,31398.72
13043,1830,75,2,19243.52
13044,4445,642,1,42473.13
13045,2785,899,2,17044.37
13046,6231,40,1,892.94
13047,3172,274,2,41990.22
13048,6933,121,2,38602.77
13049,3396,411,1,5520.55
13050,7776,288,3,48632.25
13051,5961,714,2,49892.12
13052,4951,770,5,36862.96
13053,183,586,1,43830.34
13054,2309,511,2,8074.96
13055,7644,332,2,28092.17
13056,1721,755,2,22789.26
13057,1961,729,1,25412.8
13058,2653,428,3,33242.35
13059,6958,984,2,12909.52
13060,3215,632,4,19359.48
13061,3733,323,2,5697.03
13062,411,146,3,15057.22
13063,3519,390,3,13938.75
13064,1227,217,2,16051.93
13065,2029,552,3,15616.86
13066,4454,685,3,1855.34
13067,220,234,2,21692.9
13068,1926,470,2,32627.39
13069,163,355,4,42164.12
13070,6816,370,4,23296.95
13071,2089,190,2,25788.04
13072,5377,352,1,3897.6
13073,7760,466,2,10468.26
13074,6272,519,3,39247.1
13075,3435,401,5,29554.83
13076,554,197,1,4964.09
13077,7445,868,1,1315.66
13078,4482,80,2,13689.11
13079,5018,967,3,16319.89
13080,5586,993,1,5746.16
13081,7516,215,4,14122.95
13082,5320,119,4,24310.19
13083,3936,897,4,138.4
13084,1631,553,2,865.49
13085,5671,894,3,36586.31
13086,340,869,5,49234.23
13087,1308,24,4,19881.81
13088,2612,691,2,30498.05
13089,2183,833,1,11077.31
13090,646,846,2,21597.38
13091,2019,343,5,44272.6
13092,4864,721,1,37643.05
13093,7454,874,3,16764.83
13094,7989,176,1,43300.99
13095,7512,805,4,46580.23
13096,2450,948,3,31451.3
13097,5934,157,4,39130.05
13098,3145,874,5,6461.77
13099,4380,89,1,1666.6
13100,4136,34,4,46634.39
13101,3363,192,1,8380.65
13102,2106,275,2,41356.74
13103,7831,843,3,3456.86
13104,141,879,3,35696.82
13105,6788,518,1,20288.83
13106,6089,461,4,30762.6
13107,4119,42,2,49756.03
13108,5753,142,2,18643.5
13109,4812,888,2,28232.3
13110,2091,1000,2,31926.67
13111,4318,744,2,34264.02
13112,6744,237,4,19952.8
13113,2184,615,1,24241.52
13114,7559,320,3,34985.88
13115,5934,287,1,46082.8
13116,1719,636,2,39077.97
13117,557,571,5,32904.63
13118,5190,391,2,727.77
13119,3846,897,2,33101.69
13120,1412,7,1,37144.95
13121,7276,518,4,37057.84
13122,4759,342,3,28116.66
13123,336,837,5,3725.53
13124,3171,779,3,11246.26
13125,508,589,3,34902.3
13126,2657,121,3,11518.29
13127,2862,828,2,48898.32
13128,462,57,3,26398.22
13129,1885,206,2,23793.38
13130,2537,83,1,28693.23
13131,156,477,1,48205.4
13132,5058,860,2,7975.38
13133,7331,692,1,14736.6
13134,5577,926,1,19237.85
13135,47,181,3,32307.05
13136,3660,167,5,11582.49
13137,6827,614,2,44368.31
13138,1487,923,3,49115.58
13139,5130,723,4,9074.55
13140,113,624,1,22844.79
13141,5568,874,4,41698.2
13142,194,536,4,9244.47
13143,1513,375,5,5076.73
13144,6591,246,1,17779.71
13145,4586,741,1,25739.46
13146,7954,634,4,31728.96
13147,7572,879,3,34001.56
13148,1685,246,1,28799.18
13149,6772,720,2,22104.44
13150,1671,280,1,21097.47
13151,3551,438,1,23300.6
13152,4504,131,5,2611.91
13153,6674,1,4,3513.47
13154,6513,852,4,16383.45
13155,2909,437,3,4860.31
13156,6893,794,2,29695.16
13157,5139,297,3,35760.14
13158,7441,706,3,11966.3
13159,7328,481,5,17661.47
13160,6378,88,3,7388.93
13161,5649,266,1,11672.22
13162,7321,14,5,10745.98
13163,1544,147,1,15517.74
13164,5305,679,5,43517.54
13165,618,655,5,12792.92
13166,3538,947,5,23770.75
13167,2233,265,4,29883.99
13168,2643,60,4,29017.58
13169,1069,975,1,40822.62
13170,126,864,4,6853.74
13171,6609,713,5,22978.89
13172,1071,577,1,21427.54
13173,7539,883,3,26034.72
13174,905,22,4,40778.96
13175,1221,396,2,45189.2
13176,6783,925,5,12290.24
13177,6327,725,5,9546.38
13178,5855,822,2,11108.11
13179,120,539,5,47466.55
13180,6529,215,5,40363.09
13181,6858,643,3,9869.59
13182,408,884,4,7735.58
13183,714,38,4,40856.01
13184,996,896,2,21830.86
13185,1705,164,4,48036.16
13186,2017,947,2,45424.45
13187,3809,174,2,33995.25
13188,630,335,2,25475.09
13189,2786,258,4,28469.81
13190,2404,612,5,5669.61
13191,5771,625,2,19812.42
13192,4525,805,4,21010.06
13193,1304,252,2,44247.48
13194,5235,609,1,26941.65
13195,5290,957,4,24260.28
13196,7361,689,3,25160.58
13197,4679,428,3,2615.1
13198,7545,145,2,41477.06
13199,4446,999,4,22508.52
13200,7435,919,5,43287.58
13201,5904,269,1,12674.85
13202,6789,1,5,26545.27
13203,2375,58,2,34569.83
13204,6612,988,3,38892.76
13205,1065,504,3,14973.45
13206,108,48,4,12660.17
13207,4046,814,4,40071.35
13208,6883,967,1,47442.47
13209,4860,976,2,42408.94
13210,5535,967,2,696.91
13211,7870,89,1,34240.73
13212,6848,975,5,26372.28
13213,4266,760,2,165.64
13214,1033,278,5,797.99
13215,1727,799,5,33187.83
13216,4256,326,1,1798.64
13217,1088,637,3,1210.2
13218,5217,408,5,47166.1
13219,632,615,3,24780.48
13220,1452,115,4,46177.56
13221,5849,192,3,46702.68
13222,97,801,5,17160.78
13223,3664,171,1,3467.98
13224,6478,659,4,22040.14
13225,1975,488,2,36197.88
13226,5689,852,2,7727.02
13227,4656,142,4,15317.5
13228,2061,871,5,48028.71
13229,7499,898,4,15832.08
13230,1845,728,2,22057.16
13231,6685,430,4,29381.82
13232,4469,428,1,22972.76
13233,3686,241,5,237.78
13234,3386,134,4,11960.12
13235,3402,937,4,39309.53
13236,2158,110,5,20750.36
13237,6779,446,4,11214.62
13238,4920,59,1,18524.36
13239,4138,227,4,30462.16
13240,557,926,1,18769.17
13241,4711,565,2,16180.76
13242,1227,843,3,43420.91
13243,7707,214,1,27888.84
13244,524,546,4,11480.6
13245,228,504,4,12006.23
13246,684,537,5,1278.39
13247,4750,473,2,43247.94
13248,2791,90,1,38241.7
13249,5896,518,1,30879.8
13250,4520,141,5,7184.02
13251,4088,574,5,5087.91
13252,878,874,3,43548.38
13253,1057,249,2,16440.85
13254,909,224,4,42410.88
13255,3868,273,2,32800.65
13256,6898,389,5,13552.86
13257,3396,415,5,19737.96
13258,6803,946,3,18177.54
13259,5887,909,1,4270.83
13260,5105,98,3,34204.48
13261,3503,135,1,33222.4
13262,6434,894,1,37276.59
13263,974,749,3,38809.43
13264,4598,729,3,37945.9
13265,2781,321,2,4469.46
13266,5590,378,5,39848.77
13267,6237,37,5,15094.6
13268,2451,771,3,43063.24
13269,2267,389,2,15377.5
13270,6090,710,4,49229.44
13271,4549,861,2,17652.06
13272,3438,733,5,45511.9
13273,1086,182,4,31283.28
13274,1381,976,1,11648.31
13275,7072,651,4,25915.88
13276,7263,694,3,48807.24
13277,6108,911,2,41599.42
13278,3017,468,4,43633.55
13279,4189,102,5,13758.19
13280,3631,148,1,5588.08
13281,3386,730,1,3335.48
13282,5588,176,4,31890.02
13283,1890,345,5,35741.7
13284,6446,867,4,28109.69
13285,4524,475,2,8680.83
13286,4349,97,2,24255.37
13287,5617,709,2,9911.07
13288,4207,880,5,18857.26
13289,2241,22,1,19871.05
13290,2062,364,4,34260.72
13291,2170,880,4,15405.97
13292,6096,526,4,5216.4
13293,6520,895,2,11071.89
13294,2995,421,1,31754.15
13295,5673,114,3,35909.59
13296,6176,163,3,39537.95
13297,7045,681,4,41542.57
13298,1803,781,1,5476.13
13299,7897,268,1,16391.8
13300,4106,634,4,24687.73
13301,2512,818,5,22197.17
13302,2774,926,4,21139.98
13303,372,476,2,36429.62
13304,4561,525,3,37846.25
13305,2234,256,3,42907.36
13306,3823,387,4,32572.27
13307,7930,939,5,7746.54
13308,3511,365,2,48068.74
13309,5930,726,2,19404.83
13310,5646,549,4,38725.49
13311,3510,256,4,30217.44
13312,6343,67,2,44449.96
13313,5168,883,5,11002.34
13314,3455,503,4,12280.15
13315,7763,336,1,7054.46
13316,4049,144,3,19605.32
13317,5580,61,4,32965.56
13318,1367,110,1,39703.8
13319,1754,400,2,16977.35
13320,7715,517,2,40214.79
13321,1534,347,2,7689.74
13322,7751,120,3,25745.29
13323,2741,719,2,45717.76
13324,6202,871,3,23505.38
13325,3542,498,4,14519.94
13326,328,867,4,8739.6
13327,4018,443,1,40972.78
13328,6079,788,2,42466.73
13329,2371,628,1,40551.9
13330,7351,430,1,5047.51
13331,6154,104,2,26682.93
13332,727,29,3,48585.75
13333,7284,538,5,25779.73
13334,5729,176,2,7303.98
13335,87,418,4,7145.89
13336,3276,472,1,40958.21
13337,4438,417,1,9681.69
13338,4468,401,2,11456.09
13339,5274,291,2,20035.3
13340,5796,459,4,20788.89
13341,7374,15,1,41789.7
13342,5481,519,5,21637.3
13343,2680,801,4,43356.47
13344,2606,541,3,16956.34
13345,6034,595,5,198.12
13346,2298,718,4,48555.51
13347,4237,664,2,37088.54
13348,214,735,4,21918.78
13349,2958,41,5,48850.31
13350,3773,962,1,32983.5
13351,6002,952,4,30431.06
13352,1866,753,3,22332.32
13353,904,417,2,27987.91
13354,6892,70,5,26048.42
13355,4211,383,4,41384.47
13356,7414,832,4,18891.15
13357,2613,327,1,10678.82
13358,3507,422,3,29178.44
13359,554,52,1,30108.99
13360,822,522,1,20099.93
13361,3657,230,2,34581.78
13362,2873,250,2,9473.71
13363,7156,483,3,3849.76
13364,6617,632,3,33912.41
13365,4913,33,4,15461.52
13366,1706,136,2,48065.11
13367,4157,529,1,38726.48
13368,4183,778,1,11269.79
13369,7140,59,5,46309.64
13370,2947,690,5,16181.74
13371,3255,189,3,2331.74
13372,1125,851,5,28818.72
13373,166,448,2,10124.06
13374,3531,601,1,49660.92
13375,2504,99,3,48718.73
13376,3515,999,2,14431.02
13377,6790,702,3,2246.03
13378,2724,348,2,42125.22
13379,1277,187,5,7623.95
13380,585,488,1,8481.04
13381,4132,46,3,15838.06
13382,7895,549,1,39616.78
13383,1736,314,5,15625.89
13384,1695,514,3,37819.01
13385,4102,720,4,36441.55
13386,4812,811,5,23258.55
13387,7327,377,1,18362.8
13388,232,296,4,34399.65
13389,3628,742,1,13725.64
13390,3389,672,2,41904.27
13391,5837,299,1,36291.11
13392,317,911,4,15154.48
13393,2666,42,2,24669.12
13394,2235,850,2,42502.14
13395,449,747,4,1415.77
13396,2993,395,3,17887.89
13397,5799,888,1,6620.08
13398,2741,665,4,18750.96
13399,199,1000,5,15762.55
13400,2327,499,2,4994.86
13401,2673,822,3,31424.4
13402,1967,531,3,20742.25
13403,978,844,1,14216.52
13404,161,745,2,30028.37
13405,1829,451,4,47410.23
13406,2048,273,3,28189.31
13407,903,238,4,32798.35
13408,6690,901,1,34435.72
13409,4029,24,5,6205.08
13410,6921,267,5,30709.05
13411,6809,974,4,29765.26
13412,1033,727,3,17632.01
13413,272,199,2,7063.56
13414,3255,243,2,7658.99
13415,2312,936,1,44695.19
13416,3773,196,1,21319.36
13417,5848,361,5,19335.88
13418,7498,586,3,27288.01
13419,1248,274,4,16820.26
13420,7170,431,1,5860.5
13421,7230,487,3,17868.23
13422,4266,732,3,20394.97
13423,2372,39,2,37814.74
13424,1053,806,5,46269.14
13425,7882,250,5,48193.25
13426,5991,536,2,11897.17
13427,999,650,5,2640.2
13428,6457,565,5,8277.08
13429,5379,819,1,4788.9
13430,6116,790,2,27371.04
13431,5727,373,2,43364.82
13432,2440,168,3,414.55
13433,2548,512,2,34312.1
13434,3880,165,4,28841.99
13435,1230,292,2,23226.97
13436,2772,790,3,44997.23
13437,3660,351,1,30114.95
13438,2562,243,1,21984.94
13439,230,570,5,18150.3
13440,6692,210,5,5518.81
13441,4245,587,1,21716.81
13442,2790,23,3,9818.41
13443,7865,321,2,5624.02
13444,7326,352,5,40147.46
13445,2178,428,4,37656.2
13446,124,919,1,44512.27
13447,4444,271,2,7487.79
13448,2098,252,1,18461.68
13449,5276,851,2,749.49
13450,7536,150,5,47319.92
13451,5867,395,4,39506.87
13452,1589,422,3,13820.78
13453,6738,206,5,42082.76
13454,4278,720,2,27351.19
13455,2567,639,4,19615.61
13456,5257,664,3,24300.43
13457,2344,171,5,7763.83
13458,5518,673,1,38868.58
13459,2926,541,2,20015.71
13460,4056,617,3,6190.96
13461,4856,791,1,49087.2
13462,1240,515,4,12426.12
13463,2902,340,1,22894.29
13464,1279,155,1,37867.29
13465,281,570,3,8515.91
13466,4176,138,1,26722.78
13467,7746,553,2,49841.54
13468,4169,968,3,3858.1
13469,3535,707,1,15262.28
13470,4258,153,2,3154.93
13471,3684,623,1,23689.39
13472,5447,647,4,37475.07
13473,4053,111,5,20718.89
13474,56,138,5,20520.97
13475,12,752,2,19917.17
13476,6897,938,3,2918.69
13477,1995,997,1,6378.91
13478,2769,193,3,37862.6
13479,4174,269,4,33637.37
13480,2509,626,2,14422.31
13481,5026,837,3,43647.66
13482,2039,81,3,45084.44
13483,6308,289,4,19027.82
13484,4402,809,4,11071.87
13485,6212,470,1,30675.6
13486,828,564,2,32862.04
13487,1617,663,5,30417.02
13488,5211,371,4,48115.74
13489,5375,648,5,42719.33
13490,1764,791,2,6111.71
13491,2556,350,2,42622.01
13492,4252,442,4,23064.8
13493,4680,169,1,6667.62
13494,4204,58,5,46393.03
13495,1415,792,3,17081.71
13496,5040,296,3,40684.44
13497,7145,879,5,8294.89
13498,1723,611,1,22291.14
13499,495,644,2,8455.75
13500,6132,201,2,35426.31
13501,4996,323,3,7824.21
13502,4929,781,5,28699.08
13503,155,426,1,18369.06
13504,605,315,1,16335.24
13505,1720,23,3,26098.36
13506,2575,973,2,17279.9
13507,6747,996,3,10363.06
13508,4043,479,3,23983.38
13509,7054,776,1,8914.82
13510,7955,584,4,32502.17
13511,4863,935,1,2934.65
13512,7818,971,1,46549.19
13513,715,360,2,48627.58
13514,846,26,3,25010.02
13515,4386,831,5,45917.39
13516,5014,575,4,3422.99
13517,6689,821,4,18387.42
13518,3321,164,3,45195.15
13519,3969,737,4,7904.77
13520,2749,602,4,22260.89
13521,722,872,3,23778.62
13522,2794,234,4,49340.87
13523,841,193,4,15820.79
13524,2650,184,1,45165.69
13525,2675,67,2,47142.03
13526,2454,240,2,14256.37
13527,6004,168,5,19250.14
13528,6784,243,5,14942.64
13529,709,227,1,39962.2
13530,2583,953,5,36501.19
13531,1289,699,1,12296.39
13532,6726,808,1,21085.57
13533,5243,356,4,24687.67
13534,7744,235,5,18383.44
13535,5208,954,1,34684.39
13536,2797,582,2,49191.49
13537,2157,757,4,44305.1
13538,324,374,1,48159.67
13539,5851,546,3,3745.17
13540,3344,891,5,23949.43
13541,2192,557,2,42560.55
13542,4808,427,2,5504.51
13543,971,720,2,6326.71
13544,4646,74,4,6801.88
13545,4294,430,1,872.31
13546,5341,826,4,20544.61
13547,1666,529,5,19676.32
13548,2444,357,5,15851.41
13549,4611,284,2,6291.1
13550,2171,767,2,24207.16
13551,6799,183,5,49564.7
13552,4001,146,4,11717.57
13553,7854,213,2,31166.76
13554,4657,84,3,31187.67
13555,1576,891,1,48593.18
13556,4403,157,1,30941.39
13557,6809,732,3,40814.17
13558,6778,260,4,11538.41
13559,7536,793,4,23278.73
13560,4806,83,1,12319.3
13561,7543,751,2,17164.7
13562,3628,71,4,7678.26
13563,749,826,2,48087.59
13564,1423,517,4,23135.55
13565,263,438,2,5106.34
13566,1794,301,1,13733.05
13567,7333,807,5,30529.71
13568,191,942,2,25757.74
13569,7864,9,2,2108.97
13570,5453,357,4,36795.33
13571,7188,341,1,36354.05
13572,7703,822,5,25780.02
13573,1708,79,1,12054.51
13574,5315,301,5,25498.3
13575,5955,786,1,45647.73
13576,3691,977,4,3018.47
13577,3819,623,2,26691.67
13578,2026,103,4,20057.43
13579,776,799,5,22837.16
13580,156,279,1,22663.31
13581,1890,354,1,6911.65
13582,7815,898,5,15934.98
13583,1033,603,2,32712.13
13584,7581,859,2,38605.41
13585,6392,440,4,39878.16
13586,2860,659,4,42524.59
13587,238,482,4,22722.57
13588,297,500,3,30541.81
13589,7728,326,3,15060.92
13590,576,456,4,29226.44
13591,6455,75,1,43904.25
13592,5347,386,3,19056.85
13593,5067,851,3,17031.84
13594,4824,214,4,48110.63
13595,6334,501,5,37629.88
13596,4314,406,4,38497.52
13597,1123,405,2,17463.9
13598,5153,25,4,27824.25
13599,5812,891,4,3821.37
13600,599,535,5,12237.04
13601,6107,486,2,25330.44
13602,4316,842,2,22870.93
13603,4770,709,1,13858.71
13604,5406,818,3,42211.07
13605,2007,213,5,3313.84
13606,4271,453,3,13030.23
13607,2477,461,2,42550.44
13608,2678,130,4,34348.39
13609,280,131,1,37511.07
13610,4376,46,3,26751.04
13611,7639,301,5,36835.97
13612,5655,595,1,45844.99
13613,1743,142,2,15515.43
13614,2670,771,1,18076.26
13615,6979,89,4,43809.75
13616,5094,78,3,12600.27
13617,6256,179,3,8587.28
13618,3783,992,3,28398.98
13619,82,195,1,5248.89
13620,5565,922,4,41559.17
13621,1229,477,5,4032.13
13622,274,286,5,37380.49
13623,1407,741,3,32706.7
13624,6432,740,3,11621.71
13625,7874,653,5,26222.72
13626,1137,161,4,49527.56
13627,1301,451,5,21996.86
13628,1212,642,2,10698.92
13629,6609,306,3,3648.1
13630,7896,830,1,28058.14
13631,4714,747,1,27441.13
13632,1288,677,1,47216.93
13633,2655,559,5,18603.98
13634,4083,18,2,24008.96
13635,7587,268,2,49457.03
13636,5349,634,5,47230.07
13637,1218,782,5,35307.86
13638,7626,199,2,23539.73
13639,3886,408,3,20126.38
13640,3360,476,4,3873.17
13641,1630,327,5,31949.34
13642,2554,328,2,2893.81
13643,199,707,5,18718.82
13644,6803,369,3,28480.65
13645,7323,967,5,40065.94
13646,2441,464,5,2340.65
13647,6793,382,4,29834.92
13648,1078,735,4,34888.55
13649,1036,709,2,49826.67
13650,3182,254,1,14253.29
13651,4567,753,4,24828.98
13652,1338,191,1,1193.1
13653,7192,130,2,44684.74
13654,1575,883,4,15073.82
13655,7758,714,5,39887.04
13656,7190,861,4,46291.22
13657,3447,73,4,39743.49
13658,4047,632,3,9356.89
13659,6601,471,3,7922.07
13660,5053,654,1,43869.92
13661,5162,114,5,13427.28
13662,2477,435,4,43509.17
13663,4191,880,2,17276.04
13664,2008,531,5,42499.85
13665,3379,778,1,37452.01
13666,54,958,5,17701.29
13667,3554,33,3,31597.85
13668,1541,874,5,15403.58
13669,642,202,5,34195.92
13670,3014,816,4,6421.03
13671,5940,735,1,38896.27
13672,3209,631,3,17754.67
13673,5274,655,1,26247.92
13674,6022,34,2,28351.72
13675,5430,846,3,45496.46
13676,641,751,3,4270.3
13677,7910,152,4,34468.27
13678,7680,162,2,32621.24
13679,65,387,1,37591.73
13680,651,530,4,329.82
13681,6057,886,4,11764.62
13682,7096,634,2,45618.04
13683,1287,529,4,14498.36
13684,2101,532,3,16103.13
13685,616,19,5,44592.51
13686,6470,507,5,37875.09
13687,4284,617,2,43682.5
13688,6920,61,4,17495.7
13689,4377,187,2,2803.36
13690,1623,441,1,1902.07
13691,6588,854,3,4675.22
13692,7611,115,4,38666.04
13693,2544,611,4,10036.56
13694,1792,844,2,38012.08
13695,7911,532,5,42712.63
13696,3017,83,5,449.74
13697,7523,869,3,9173.97
13698,6025,302,3,31095.36
13699,6817,497,1,27890.39
13700,7025,619,5,48913.35
13701,604,674,4,18430.71
13702,5285,849,1,48730.85
13703,2083,940,2,2336.94
13704,7336,775,3,15112.1
13705,5457,12,1,34113.48
13706,3285,356,2,46102.87
13707,4237,870,5,32556.43
13708,148,221,4,8695.83
13709,5477,258,3,23167.84
13710,4468,905,1,41986.6
13711,1694,406,1,33824.51
13712,4889,742,5,18697.24
13713,246,348,2,8220.01
13714,2116,673,5,14068.38
13715,5913,234,5,6648.1
13716,105,503,5,8196.97
13717,6485,998,2,30863.94
13718,3113,503,5,2558.4
13719,2133,348,5,16529.31
13720,2775,781,2,25676.65
13721,2746,303,4,10181.68
13722,7226,731,1,1212.08
13723,4251,410,3,522.52
13724,7308,142,5,42948.03
13725,1309,736,5,5925.13
13726,5669,339,5,29965.42
13727,3130,483,3,29033.6
13728,4896,482,1,22045.06
13729,1945,368,2,15525.37
13730,7342,241,5,30031.75
13731,3189,238,5,38726.87
13732,358,113,2,35043.26
13733,2233,958,5,33380.67
13734,7846,615,5,48492.63
13735,5279,517,2,17061.32
13736,2776,316,5,39135.27
13737,1863,342,5,542.55
13738,7480,660,2,15206.41
13739,6044,763,4,34764.39
13740,1923,403,4,32039.5
13741,2896,771,1,24009.88
13742,2254,783,3,49453.22
13743,2260,693,4,28500.67
13744,2070,484,5,14750.47
13745,3569,31,5,47383.69
13746,5932,577,5,17030.02
13747,7302,600,3,37895.21
13748,2744,18,2,13008.58
13749,4340,92,1,16789.01
13750,6198,206,4,8538.56
13751,2454,372,3,37509.27
13752,6836,842,2,18537.19
13753,4874,640,1,33760.31
13754,4739,480,3,27531.62
13755,740,313,3,43590.95
13756,349,295,2,23937.11
13757,4498,470,3,10258.58
13758,4047,113,1,29381.09
13759,1698,626,3,21073.04
13760,4233,379,5,2850.45
13761,2702,982,3,42219.94
13762,4776,862,4,6553.05
13763,1617,713,5,40017.73
13764,6600,877,2,44154.55
13765,1546,80,3,30586.97
13766,855,617,4,32088.3
13767,7950,833,4,14567.73
13768,3403,908,2,3734.14
13769,2172,501,2,17129.05
13770,4034,102,4,12671.27
13771,4314,208,5,46270.96
13772,6302,322,1,47380.51
13773,2640,174,5,32150.44
13774,7246,869,1,12933.57
13775,5293,734,3,33712.34
13776,4357,807,3,26620.52
13777,576,999,3,47601.17
13778,2988,695,3,15481.6
13779,4891,724,5,18344.43
13780,6896,425,5,46561.26
13781,802,340,1,21971.71
13782,5943,228,3,16858.83
13783,7735,48,3,24936.68
13784,5562,554,4,46824.93
13785,1094,59,1,17206.62
13786,5956,233,3,2622.41
13787,4791,420,3,40222.19
13788,700,201,3,41426.05
13789,6851,293,1,37660.52
13790,3023,223,4,43801.68
13791,1861,846,3,20303.62
13792,6859,607,5,19972.04
13793,1520,771,5,9729.54
13794,5550,44,2,7208
13795,3821,373,1,11337.11
13796,6900,907,3,26264.66
13797,5013,672,1,12163.96
13798,1816,391,2,2006.89
13799,6060,631,3,25938.47
13800,2200,234,4,2641.14
13801,1653,250,2,23621.54
13802,7783,796,3,4199.76
13803,5389,750,2,7655.12
13804,677,936,3,4174.74
13805,7261,525,2,42919.22
13806,7398,913,1,30408.45
13807,1541,698,4,20028.77
13808,5355,381,5,15770.06
13809,6465,716,2,16410.96
13810,589,5,3,22997.21
13811,4975,294,5,17368.73
13812,1316,428,1,5824.79
13813,2129,737,4,18628.17
13814,24,491,2,49928.59
13815,5267,328,5,1846.88
13816,6536,60,2,9089.47
13817,2816,921,3,20709.5
13818,392,976,5,20233.05
13819,2995,989,3,33085.64
13820,6399,588,5,48067.1
13821,2917,6,5,2633.33
13822,1502,798,2,25434.46
13823,4351,896,5,34640.77
13824,2223,3,2,27134.1
13825,682,317,1,19841.24
13826,5895,920,4,36178.25
13827,7743,45,1,18649.85
13828,5581,377,1,1453.09
13829,5769,189,1,40853.62
13830,7618,172,5,29550.91
13831,1797,771,5,14542.93
13832,7352,860,3,18548.84
13833,1363,793,3,48188.45
13834,3912,441,1,9749.31
13835,7784,538,4,33374.12
13836,665,272,2,5874.82
13837,1862,476,5,41086.27
13838,5624,98,3,49811.88
13839,5286,855,1,23048.13
13840,5228,977,4,42415.91
13841,4026,184,2,43714.64
13842,5450,246,4,31786.1
13843,5829,668,3,33170.39
13844,5168,67,3,48455.71
13845,2312,574,1,25929.28
13846,4732,879,2,5242.24
13847,3699,262,3,17012.68
13848,7847,65,5,12139.48
13849,1969,156,1,38168.82
13850,2963,24,1,32702.06
13851,2931,7,1,25502.87
13852,5393,44,4,28713.42
13853,543,877,2,42174.81
13854,2580,766,1,27370.26
13855,4403,214,1,38351.33
13856,7486,883,4,31872.24
13857,1226,397,1,32611.38
13858,2621,81,5,39941.25
13859,1549,890,1,31290.76
13860,3761,490,5,37941.19
13861,2478,122,3,22514.91
13862,2934,195,3,30385.73
13863,2447,518,1,49360.06
13864,4281,33,3,28569.41
13865,6472,20,5,11260.97
13866,5052,427,3,25648.19
13867,2265,626,4,30404.82
13868,7230,477,5,45816.92
13869,2158,483,3,10529.31
13870,4803,641,4,49100.48
13871,5316,254,2,39864.4
13872,175,736,5,36629.62
13873,1236,341,5,45331.34
13874,7887,523,4,26097.28
13875,6587,6,2,43778.12
13876,1844,395,5,10560.09
13877,5937,856,2,18264.91
13878,839,30,2,21811.89
13879,2392,420,4,13665.54
13880,3373,272,3,5453.13
13881,5353,138,3,44667.36
13882,370,808,4,26026.76
13883,2637,489,1,11044.3
13884,285,595,1,20329.83
13885,4894,869,1,19217.9
13886,828,334,2,14868.86
13887,260,504,1,6444.94
13888,3858,142,4,47658.3
13889,4327,45,4,38144.96
13890,5579,453,5,47208.58
13891,2636,321,1,7499.21
13892,5947,289,3,16585.69
13893,2324,496,4,20384.18
13894,3457,846,1,28058.46
13895,980,83,5,30747.04
13896,7495,977,3,9477.18
13897,2829,802,1,27855.58
13898,1434,739,3,3325.17
13899,824,39,2,35155.72
13900,4673,449,2,8305.17
13901,6527,274,3,32500.97
13902,3976,712,5,1478
13903,3513,551,5,47303.47
13904,1070,911,1,45566.1
13905,4270,532,4,22475.33
13906,5621,877,1,22329.01
13907,4818,537,3,27412.27
13908,1624,939,5,32996.8
13909,6838,995,5,28198.2
13910,222,922,4,5778.71
13911,6170,684,1,40539.97
13912,622,111,4,17963.44
13913,2582,823,5,38268.27
13914,878,972,2,37584.72
13915,4673,221,1,38405.83
13916,1182,183,5,28216.08
13917,1451,944,3,6867.69
13918,7508,5,1,6929.91
13919,4222,12,3,43902.01
13920,6186,131,5,13349.86
13921,5761,936,3,22368.07
13922,6952,606,3,571.24
13923,5494,47,4,18483.03
13924,1072,357,4,28663.83
13925,5630,202,4,229.24
13926,7526,254,4,38075.12
13927,4306,196,5,17867.29
13928,2238,19,3,42750.98
13929,2333,580,5,22334.67
13930,1632,442,5,17724.14
13931,7514,465,5,11252.97
13932,3216,931,1,41394.33
13933,3187,307,3,34358.13
13934,4742,676,1,38794.58
13935,3860,798,1,15978.63
13936,2746,370,1,27062.27
13937,5930,266,3,429.63
13938,3740,828,4,28760.76
13939,5770,236,2,25714.78
13940,7464,44,1,23205.5
13941,377,941,2,40293.53
13942,1910,408,5,26664.12
13943,3580,277,1,43673.17
13944,6253,770,2,1116.59
13945,5206,674,4,21684.08
13946,1508,452,5,27886.17
13947,6338,76,5,49755.67
13948,2401,804,1,31300.88
13949,6569,319,5,25784.44
13950,365,185,1,18662.28
13951,5334,390,4,39642.18
13952,3339,596,5,20909.19
13953,7145,396,5,45586.86
13954,3692,628,4,40347.47
13955,1469,527,3,42188.22
13956,4320,165,4,4020.04
13957,2280,815,3,27036.94
13958,4018,869,2,870.29
13959,7342,362,2,1921.57
13960,1147,251,2,23542.36
13961,616,761,3,27136.88
13962,3244,487,4,171.18
13963,1076,288,3,13527.04
13964,6649,844,1,43914.06
13965,5585,902,1,30971.09
13966,590,386,2,22529.95
13967,6027,713,2,38474.99
13968,5375,575,2,29376.27
13969,4328,546,2,258.68
13970,2116,672,5,41870.98
13971,7060,45,2,21985.56
13972,4790,271,1,31638.49
13973,7970,30,3,37628.37
13974,6364,584,2,12849.52
13975,7162,371,1,43767.05
13976,3464,671,5,47212.13
13977,7481,6,5,6921.39
13978,6960,217,4,44074.65
13979,7685,371,2,26617.63
13980,2656,834,3,18842.15
13981,1250,662,4,44114.62
13982,1272,989,4,13648.99
13983,6803,713,3,44423.22
13984,6027,701,2,13504.15
13985,3427,744,4,15918.69
13986,7125,12,3,44406.86
13987,1077,132,5,43499.59
13988,4036,492,1,13725.66
13989,4707,501,5,814.39
13990,1560,692,3,14107.22
13991,6475,989,5,10940.02
13992,5414,290,1,44404.92
13993,4060,305,2,41053.43
13994,5264,836,5,19909.29
13995,2737,954,1,32239.81
13996,7690,960,1,35312.32
13997,5268,296,1,47836.78
13998,754,660,5,29651.59
13999,5828,745,5,18467.34
14000,3855,616,1,41722.37
14001,7435,166,5,10788.79
14002,3540,60,1,25681.25
14003,5667,113,3,40775.38
14004,5954,359,2,40255.04
14005,7582,255,1,39800.1
14006,3176,872,2,36764.56
14007,3889,976,4,38333.04
14008,3557,477,3,41672.05
14009,5897,60,4,45852.64
14010,3500,705,1,19494.47
14011,2282,763,5,6967.15
14012,1564,128,1,25619.8
14013,6501,634,3,16426.75
14014,5916,969,5,27620.39
14015,7060,340,4,21754.72
14016,1813,135,4,45806.21
14017,312,673,1,47411.61
14018,1158,162,2,19158.21
14019,6798,139,3,45497.56
14020,3460,473,4,36770.5
14021,3143,548,3,44460.82
14022,3799,201,1,49597.22
14023,6843,771,1,15436.02
14024,6783,54,3,36030.84
14025,4061,169,1,32584.43
14026,4891,618,3,6308.78
14027,6907,426,2,27756.68
14028,279,299,1,9581.93
14029,5830,207,2,34012.14
14030,2726,218,3,46053.28
14031,6771,626,1,26135.27
14032,2493,613,1,7525.88
14033,4117,15,5,25660.88
14034,1790,258,5,30224.94
14035,5415,732,5,1699.77
14036,7908,328,5,23935.51
14037,4893,39,5,35068.97
14038,2155,436,5,26232.68
14039,7758,328,4,4095.66
14040,6459,167,3,25591.64
14041,5358,215,5,18358.98
14042,5330,680,5,45054.37
14043,5106,747,4,6781.14
14044,7008,65,5,49412.72
14045,4083,507,3,33508.96
14046,6315,986,1,40562.66
14047,7854,380,5,17778.73
14048,6839,760,1,26305.61
14049,2657,983,2,49258.26
14050,903,453,1,1882.81
14051,4171,459,2,3404.99
14052,5408,406,4,41865.18
14053,2559,195,5,33787.94
14054,4905,680,4,25095.09
14055,7824,541,1,10842.45
14056,5844,925,2,15107.53
14057,4802,816,4,35395.94
14058,314,630,2,2540.51
14059,2765,158,4,647.93
14060,333,419,5,46031.59
14061,7293,419,3,289.05
14062,7416,334,5,16189.45
14063,775,477,2,1292.36
14064,3052,573,3,47775.67
14065,7661,245,3,20486.45
14066,1693,223,2,49737.37
14067,3832,971,2,18362.95
14068,1006,962,3,34445.98
14069,6751,834,2,8531.22
14070,1789,350,3,29689.36
14071,5266,361,3,30458.58
14072,1317,184,5,9036.29
14073,3346,857,5,15666.01
14074,6303,235,4,25622.57
14075,2723,163,3,2541.67
14076,7617,978,5,41285.72
14077,802,443,2,27337.5
14078,693,666,4,35219.82
14079,7096,542,1,17178.77
14080,932,363,4,4757.37
14081,6351,323,1,7473.23
14082,6633,82,2,36887
14083,6303,974,2,27976.71
14084,1471,464,4,10332.53
14085,7560,812,2,29485.31
14086,3392,227,1,32205.51
14087,1681,360,3,6388.52
14088,1730,327,4,32556.9
14089,3038,369,4,41237.91
14090,7861,812,5,47263.61
14091,4995,759,4,46874.41
14092,1819,288,1,42936.99
14093,3780,987,5,24276.45
14094,152,223,1,49472.51
14095,2094,412,2,7443.35
14096,2916,856,1,40092.54
14097,5780,905,2,42364.27
14098,2863,870,5,15565.59
14099,6916,824,3,43694.68
14100,3471,240,4,35944.03
14101,4171,674,5,2324.56
14102,2456,316,4,4968.44
14103,877,102,3,7826.06
14104,6116,59,2,4178.93
14105,3962,878,2,14467.42
14106,1545,817,4,48585.36
14107,3469,84,3,19900.7
14108,814,411,4,49457.42
14109,462,791,3,24198.03
14110,2537,374,5,45935.88
14111,1945,36,3,12097.09
14112,880,927,3,31820.4
14113,1852,422,5,41436.82
14114,3701,688,2,8722.68
14115,7621,227,2,42610.67
14116,1835,968,2,532.8
14117,6756,159,2,39093.01
14118,7647,857,2,43299.85
14119,704,726,4,7160.53
14120,6337,688,4,3199.42
14121,5129,884,4,12494.21
14122,815,273,2,14312.54
14123,6700,842,1,18733.13
14124,820,454,1,39709.39
14125,3367,234,5,22935.92
14126,4866,749,4,22905.33
14127,5357,18,4,12732.46
14128,4726,891,3,5982.97
14129,5809,621,5,47118.03
14130,5112,377,5,47751.3
14131,2060,867,2,27671.92
14132,2469,417,3,18262.33
14133,4970,73,2,9218.8
14134,2129,242,1,1637.02
14135,1797,350,2,3144.46
14136,3716,38,5,2249.81
14137,4807,472,4,45704.81
14138,3146,60,4,7972.54
14139,3689,269,2,27562.88
14140,5048,737,4,37954.46
14141,4963,57,4,43575.2
14142,7046,699,5,41734.34
14143,4829,948,2,33017.13
14144,1355,376,1,37076.11
14145,7069,246,4,35740.21
14146,7988,439,5,26380.4
14147,7984,739,2,17460.86
14148,4754,630,5,46581.47
14149,2919,449,5,2065.88
14150,7391,617,5,28350.98
14151,766,764,4,9347.5
14152,4877,428,2,44767.74
14153,7095,597,5,45366.17
14154,5280,254,3,24795.55
14155,6660,543,1,12107.25
14156,5198,867,1,9538.7
14157,6336,180,2,33579.09
14158,3267,200,1,47288.47
14159,5619,132,2,14612.73
14160,2607,261,3,4712.1
14161,1633,317,2,7767.3
14162,1568,167,2,9198.65
14163,1263,734,5,34068.67
14164,2300,731,4,25072.29
14165,2043,968,5,22348.01
14166,1452,662,1,36644.02
14167,1948,602,5,49465.96
14168,7580,211,1,8454
14169,2037,415,4,31931.56
14170,259,352,5,25615.91
14171,5550,164,2,46810.31
14172,5493,505,2,22809.92
14173,5264,894,4,14864.39
14174,7486,785,3,28095.92
14175,5402,299,5,46463.22
14176,4782,453,3,48483.1
14177,5960,66,3,37707.31
14178,2907,782,1,30755.73
14179,6834,341,2,12596.05
14180,6281,534,1,4346.07
14181,5989,892,3,2275.84
14182,4505,12,3,34868.51
14183,2603,935,2,29922.05
14184,3754,83,4,29681.6
14185,5182,544,5,47256.73
14186,249,857,2,44263.23
14187,3863,266,2,7362.01
14188,7421,281,3,7583.53
14189,7903,858,5,17575.68
14190,7850,303,1,46386.57
14191,7026,934,4,22941.84
14192,3887,83,2,14232.49
14193,2998,159,2,5475.37
14194,694,180,4,29277.36
14195,1009,71,2,1937.86
14196,642,480,3,20833.4
14197,3703,783,3,17635.41
14198,6896,588,3,17356.67
14199,4509,751,3,45259.12
14200,3088,183,1,46433.59
14201,3810,12,2,28500.07
14202,4950,325,1,43471.68
14203,3486,14,4,28158.28
14204,4309,542,1,9727.72
14205,85,79,2,3377.26
14206,2639,504,3,47549.85
14207,7407,272,3,23771.3
14208,7206,861,1,1181.69
14209,2082,627,2,32604.48
14210,6179,595,1,20240.59
14211,6674,571,2,7913.72
14212,4670,731,4,30359.45
14213,4986,333,5,156.65
14214,4345,350,5,32417.79
14215,5486,939,1,3968.83
14216,644,764,2,24656.85
14217,1813,205,2,10734.64
14218,7397,369,3,17960.89
14219,3649,220,3,33325.15
14220,5283,786,5,44630.31
14221,539,28,5,36710.6
14222,3229,58,3,23819.8
14223,326,482,5,19143.02
14224,7907,98,2,10726.68
14225,7236,319,1,4867.83
14226,651,697,1,30647.64
14227,5092,105,3,36128.39
14228,5386,146,1,16468.85
14229,2176,327,2,19561.19
14230,6536,380,1,1279.65
14231,4618,198,3,10050.77
14232,4396,759,4,23182.55
14233,7800,634,1,1033.29
14234,4374,900,4,18899.12
14235,7277,130,4,29399.85
14236,5954,346,1,10487.02
14237,653,531,3,44296.29
14238,2352,986,3,20998.88
14239,6334,843,5,8333.89
14240,7435,680,4,43858.78
14241,2567,640,4,35062.6
14242,7519,84,5,39717.71
14243,3639,579,1,8329.65
14244,6807,331,2,35764.07
14245,3141,89,2,32358.93
14246,1098,869,2,11199.43
14247,5967,989,5,25354.48
14248,4946,504,5,5439.68
14249,1956,374,1,16679.8
14250,376,135,2,7681.02
14251,265,914,3,23564.14
14252,3850,190,5,645.43
14253,3686,160,2,3165.41
14254,7254,203,3,25997.99
14255,3960,945,4,24353.05
14256,1347,404,4,14415.74
14257,3362,245,4,44864.37
14258,3064,730,1,38548.49
14259,2434,324,1,6335.68
14260,1667,764,5,336.54
14261,2058,897,1,14805.2
14262,3033,75,1,972.76
14263,989,787,4,31864.05
14264,1220,808,4,12832.59
14265,5091,624,4,4554.22
14266,1614,842,5,28990.43
14267,1477,23,4,28973.18
14268,4697,97,3,26886.51
14269,5057,310,5,41532.97
14270,2396,140,1,35576.96
14271,3697,89,4,8752.97
14272,1421,396,4,26100.4
14273,7568,826,3,22160.09
14274,6336,222,4,33218.51
14275,4022,829,1,31099.34
14276,7625,351,1,10180.28
14277,1225,636,3,30566.23
14278,7218,930,3,8708.03
14279,7735,939,5,25383.85
14280,5281,473,5,12104.64
14281,2241,894,3,913.93
14282,580,856,2,49573.9
14283,6449,30,2,10893.65
14284,3288,534,5,26258.04
14285,5165,165,1,7431.98
14286,3345,221,2,25976.95
14287,3281,153,1,35597.27
14288,4993,371,1,22792.61
14289,3927,564,4,20726.46
14290,6325,837,4,14154.38
14291,1081,502,5,22358.15
14292,5577,537,5,43404.21
14293,7894,170,5,36720.92
14294,2944,953,1,10333.51
14295,2531,783,2,38349.81
14296,7101,438,5,40833.85
14297,3886,850,5,43614.06
14298,3612,517,3,41048.49
14299,4269,605,5,41430.33
14300,1091,533,3,32979.46
14301,6044,474,4,28339.2
14302,5904,986,4,8367.76
14303,5696,358,3,10534.13
14304,3609,745,2,15165.91
14305,1821,629,1,12067.62
14306,7962,336,4,28988.93
14307,2765,869,2,34729.38
14308,3136,867,2,8357.74
14309,7731,513,5,22978.96
14310,6284,731,5,16935.48
14311,1332,710,3,37710.88
14312,4687,250,2,43615.78
14313,5960,776,4,10127.96
14314,2759,735,4,13898.87
14315,3692,946,2,22888.51
14316,7642,671,5,359.6
14317,3847,672,1,49546.47
14318,6750,338,3,37993.3
14319,3343,459,1,42333.54
14320,6929,136,1,49726.2
14321,4123,781,3,16835.48
14322,2428,393,4,9904.93
14323,5980,237,4,41557.23
14324,5389,354,3,30843.42
14325,5617,350,5,6820.55
14326,2582,94,1,47067.85
14327,1243,877,3,48561.46
14328,7034,492,2,26994.83
14329,5668,985,3,12482.37
14330,7308,216,2,27219.01
14331,101,206,3,27571.23
14332,2160,793,3,32432.14
14333,5168,222,1,36685.89
14334,3876,326,3,1466.55
14335,600,190,2,10455.58
14336,3258,44,5,768.34
14337,1025,775,3,35352.63
14338,5183,703,3,23247.92
14339,4513,463,3,48148.77
14340,3755,953,5,26806.19
14341,4906,147,1,19815.06
14342,3504,371,1,48206.81
14343,2212,820,3,29860.25
14344,4622,919,3,7781.15
14345,3704,80,2,3482.19
14346,5911,848,2,43398.65
14347,869,794,3,36605.36
14348,7532,753,5,38167.13
14349,4717,592,4,21841.41
14350,5088,785,4,47518.04
14351,5204,597,4,37735.04
14352,675,731,4,43563.11
14353,6818,133,4,24397.38
14354,7800,74,4,47154.34
14355,4985,369,1,1971.08
14356,7732,255,4,4819.67
14357,1859,507,5,10628.07
14358,1237,815,5,9457.8
14359,4529,237,5,22634.11
14360,4258,216,3,43738.37
14361,4103,864,5,32827.96
14362,2616,843,1,18545.55
14363,4418,867,3,31854.5
14364,6816,498,2,5616.81
14365,7909,864,3,5531.31
14366,6379,424,1,23309.62
14367,730,50,3,17218.58
14368,4604,999,5,2329.48
14369,4074,784,1,2175.71
14370,171,117,2,36500.35
14371,735,354,2,35024.08
14372,3071,977,5,21421.87
14373,4256,575,4,3298.53
14374,134,399,4,40829.07
14375,1665,81,5,20481.69
14376,994,306,2,42285.7
14377,1129,892,2,31561.13
14378,4982,620,1,43517.47
14379,615,421,2,40736.95
14380,394,697,3,27713.86
14381,7557,212,2,29268.18
14382,81,690,4,15624.13
14383,4620,898,1,21095.48
14384,3078,825,4,12789.58
14385,3000,809,3,19575.74
14386,6419,435,3,48330.14
14387,4497,994,5,37434.44
14388,1965,856,1,16415.35
14389,7670,223,1,31830.95
14390,1666,339,3,2665.84
14391,1586,156,2,32716.96
14392,2335,447,2,17466.74
14393,2522,81,4,46333.21
14394,964,726,5,9114.9
14395,4416,371,3,48074.69
14396,6016,360,2,17305.82
14397,4777,27,1,42732.71
14398,2878,974,4,42683
14399,3062,239,4,19892.44
14400,4814,770,3,42872.42
14401,55,307,1,27495.94
14402,7536,541,3,19933.35
14403,7339,945,2,39675.42
14404,834,270,1,5611.57
14405,7800,27,5,13710.02
14406,7279,147,2,16793.14
14407,3412,743,2,35858
14408,5344,451,1,46283.09
14409,5138,106,2,5055.88
14410,7436,140,5,28315.29
14411,7464,894,4,41596.63
14412,3010,430,5,2281.97
14413,6993,208,2,42420.62
14414,2347,397,1,43645.2
14415,4775,686,1,3746.28
14416,5787,755,4,14927.36
14417,3837,736,2,27980.38
14418,1118,97,5,42796.83
14419,4100,247,4,4254.92
14420,2236,745,3,30534.68
14421,2885,435,2,17957.66
14422,2133,553,5,22682.22
14423,5208,982,1,3413.97
14424,712,477,1,19295.53
14425,6600,164,3,7925.22
14426,2706,977,1,21088.1
14427,488,293,1,38946.7
14428,2029,362,1,3460.13
14429,7847,889,3,21917.58
14430,2235,10,4,3485.42
14431,7612,566,1,37055.49
14432,1030,429,1,31407.98
14433,7667,177,2,37139.52
14434,6003,505,3,26798.82
14435,938,7,5,32703.88
14436,423,951,3,20331.32
14437,5370,586,5,2406.8
14438,3643,51,2,44401.36
14439,6605,321,1,47999.68
14440,6153,734,1,40689.48
14441,2701,672,4,31431.48
14442,2174,152,3,41042.17
14443,7403,187,4,36263.99
14444,1104,419,3,8325.5
14445,7588,203,4,33681.08
14446,3591,729,3,25989.38
14447,7057,592,4,18407.1
14448,616,550,1,26810.91
14449,4899,155,4,11554.55
14450,4424,872,5,47342.83
14451,962,862,5,33428.36
14452,7115,468,4,9396.08
14453,5963,100,2,43196.51
14454,3155,759,5,9104.32
14455,3477,624,4,31522.34
14456,1181,413,1,19375.86
14457,7574,852,4,18628.92
14458,5233,666,4,29430.57
14459,7356,15,1,49583.35
14460,2863,45,1,473.59
14461,572,54,5,40990.63
14462,1756,205,3,10998.54
14463,7801,582,3,41428.71
14464,1356,409,5,21692.92
14465,7337,916,3,32947.18
14466,6060,190,1,14003.66
14467,2175,89,4,34607.86
14468,6924,516,3,18131.86
14469,1749,569,5,12472.78
14470,675,253,4,44236.48
14471,4469,237,4,9480.93
14472,5798,962,3,28598
14473,1401,153,5,12597.28
14474,1327,522,4,7434.31
14475,3284,695,2,46865.06
14476,275,247,5,17778.42
14477,1730,772,1,14206.15
14478,2961,418,2,11270.76
14479,6176,612,1,2543.1
14480,1249,870,5,13419.06
14481,6522,376,4,32599.99
14482,4759,108,5,4735.86
14483,4334,347,1,16939.03
14484,3858,878,5,16542.26
14485,80,436,2,3883.59
14486,6389,179,2,39258
14487,3656,657,2,30928.2
14488,484,506,2,37939.2
14489,4962,738,2,21913.56
14490,1412,680,1,27984.76
14491,2614,682,1,9353.52
14492,4463,39,5,32244.99
14493,2783,995,3,23685.33
14494,5338,509,1,7344.7
14495,262,789,5,44523.28
14496,5664,744,2,32132.57
14497,7077,306,4,14329.29
14498,4352,838,2,761.28
14499,3169,568,4,38156.58
14500,4119,104,5,39706.08
14501,1528,970,4,12601.58
14502,1775,758,5,45165.78
14503,4882,917,2,42148.6
14504,1629,263,2,15222.52
14505,4992,429,1,25698.37
14506,6458,111,4,12627.14
14507,2467,950,1,41194.25
14508,5364,379,5,39026.36
14509,6491,147,1,17493.5
14510,377,814,2,23232.59
14511,7890,251,4,47249.75
14512,3868,218,4,24792.21
14513,3739,133,5,44311.54
14514,1792,502,1,38744.49
14515,1015,185,3,49998.09
14516,6229,404,4,10008.58
14517,7996,931,1,31284.77
14518,2759,338,1,18794.9
14519,1794,223,2,21870.77
14520,1778,246,5,43175.87
14521,5211,121,5,17931.62
14522,6688,761,5,39610.22
14523,111,405,5,4126.42
14524,6582,459,3,36358.42
14525,2520,182,5,22949.3
14526,7782,70,2,29306.83
14527,2288,810,4,46171.44
14528,5840,278,4,14885.2
14529,3634,23,4,36984.67
14530,5194,558,1,20066.5
14531,4375,308,5,38038.44
14532,4994,815,4,5150.31
14533,5530,358,3,4237.53
14534,6027,610,5,18610.67
14535,3787,167,3,46796.37
14536,6541,54,1,24796.73
14537,6921,213,3,42212.98
14538,4860,516,1,33826.54
14539,5950,704,3,10120.37
14540,5802,166,5,10262.38
14541,797,87,5,29332.04
14542,1441,988,1,6169.94
14543,5331,757,4,1488.45
14544,4117,89,3,44843.44
14545,6876,509,5,17467.85
14546,508,621,1,1339.52
14547,873,976,4,29631.79
14548,3651,999,2,11415.39
14549,1582,963,3,35706.91
14550,3618,92,2,36207.61
14551,243,278,3,12328.76
14552,6293,645,2,43705.71
14553,1920,862,3,38864.7
14554,3069,10,1,48910.64
14555,1180,360,2,3418.78
14556,2328,173,3,10920.6
14557,1340,896,4,39237.39
14558,6959,363,2,16130.05
14559,5143,247,4,36527.53
14560,6267,520,1,6459.65
14561,1667,574,2,46935.51
14562,6308,469,1,26050.19
14563,983,168,3,10179.14
14564,7089,262,2,18471.43
14565,7887,915,2,49994.66
14566,2531,353,4,49436.04
14567,3772,860,1,44980.71
14568,5431,696,2,41983.49
14569,6787,563,1,44282.19
14570,445,670,4,20304.41
14571,690,920,3,31453.55
14572,4758,719,2,20992.7
14573,5170,11,5,45196.25
14574,4521,123,5,29700
14575,5645,497,3,28629.32
14576,5048,559,5,29962.18
14577,2228,84,4,10390.21
14578,7245,731,2,34236.34
14579,6707,512,4,10310.02
14580,7460,423,2,36337.37
14581,136,316,1,13775.72
14582,3868,896,4,28734.2
14583,2921,145,5,22294.44
14584,1460,913,5,16358.18
14585,1285,752,1,30554.02
14586,756,437,5,27588.35
14587,947,623,5,12634.9
14588,3658,969,2,38357.41
14589,2503,214,5,24990.72
14590,6710,109,3,4001.1
14591,3884,168,3,21918.55
14592,543,828,1,31290.26
14593,363,24,3,24883.43
14594,4557,392,5,23777.81
14595,7084,789,1,22406.94
14596,3268,854,5,21943.93
14597,6405,124,1,13697.03
14598,3090,353,3,34002
14599,3106,885,2,39444.78
14600,190,263,2,19218.7
14601,7415,597,5,40243.53
14602,5499,872,1,25151.96
14603,2223,798,1,36955.88
14604,1690,445,2,6318.04
14605,5208,421,5,6688.49
14606,5977,758,4,19133.94
14607,1104,811,2,45311.62
14608,1667,330,5,36840.28
14609,3673,421,1,35732.41
14610,6910,828,4,27773.21
14611,1793,817,2,23521.88
14612,7515,269,1,422.07
14613,2979,887,1,18887.17
14614,6173,886,5,24074.33
14615,3012,209,1,47516.07
14616,2173,854,3,30183.79
14617,5154,235,4,40341.59
14618,709,420,5,47954.36
14619,1888,836,2,39457.56
14620,7608,151,1,17770.67
14621,2057,22,1,3954.57
14622,4139,366,1,11437.57
14623,6112,274,4,15902.46
14624,2576,851,5,15208.46
14625,2827,836,1,19453.08
14626,5418,145,5,37443.92
14627,2832,808,5,242.18
14628,6685,572,1,6216.48
14629,430,139,3,10863.6
14630,5177,525,2,23721.24
14631,6424,414,2,553.54
14632,2059,182,5,28296.91
14633,490,721,1,7405.09
14634,611,261,2,30866.5
14635,7189,505,2,15021.06
14636,6393,703,2,30317.52
14637,1952,744,5,49973.98
14638,7663,961,1,16200.73
14639,5369,715,1,43154.03
14640,4598,26,1,42238.23
14641,487,66,1,24967.48
14642,3017,967,4,20089.5
14643,2246,224,3,44314.92
14644,5423,185,1,33892.74
14645,1248,713,1,46071.23
14646,7704,337,4,12164.96
14647,5800,642,3,126.9
14648,1889,161,2,4095.37
14649,2361,722,4,20003.55
14650,5886,857,2,42997.47
14651,4201,247,1,3958.95
14652,2189,487,5,35312.01
14653,7952,609,5,19032.74
14654,7892,153,2,46564.07
14655,7822,425,3,39146.11
14656,4115,881,4,3989.75
14657,3132,794,1,44953.01
14658,6256,397,5,6391.2
14659,3361,474,2,17118.02
14660,2588,631,1,23248.39
14661,2459,970,5,41107.35
14662,5705,934,1,20726.82
14663,7260,111,3,6331.14
14664,2401,637,5,48101.79
14665,3942,110,4,49544.2
14666,608,50,5,46021.88
14667,157,82,2,4665.49
14668,3357,736,3,22302.68
14669,3681,353,4,42661.56
14670,7790,503,3,30517.61
14671,5165,435,4,23927.86
14672,5115,504,3,23949.26
14673,827,345,4,22828.46
14674,716,836,2,45673.12
14675,3674,161,4,21619.45
14676,5329,197,4,28350.16
14677,6698,147,1,1168.52
14678,525,196,2,8784.65
14679,7141,502,2,4001.77
14680,1695,676,1,2758.59
14681,7935,878,2,18751.65
14682,7422,700,5,18720.17
14683,2426,309,1,22489.92
14684,5614,695,2,45985.7
14685,2416,766,3,25029.66
14686,5062,407,1,28136.55
14687,2703,222,1,25577.96
14688,1397,294,1,45910.87
14689,1261,365,3,40288.7
14690,3932,450,1,43415.7
14691,1733,371,2,26827.35
14692,2231,588,4,11494.95
14693,7974,515,4,28207.39
14694,6750,200,5,38461.36
14695,5001,573,5,26747.95
14696,6187,354,2,17372.25
14697,6685,148,3,24407.95
14698,4936,879,5,4898.9
14699,4848,758,2,38349.44
14700,802,164,4,7107.93
14701,4949,17,5,26584.31
14702,132,677,4,12695.69
14703,6835,786,1,38892.09
14704,1084,255,5,37455.79
14705,2181,165,2,25318.18
14706,4462,554,2,37044.46
14707,5837,629,2,9879
14708,6156,763,1,42691.79
14709,2721,354,2,27960.1
14710,4279,209,5,17546.42
14711,6457,172,3,1012.88
14712,337,960,1,49241.46
14713,2319,86,1,4921.05
14714,6383,468,4,3594.12
14715,3005,951,4,24987.55
14716,881,394,2,10580.51
14717,5526,9,5,11184.23
14718,2161,202,5,14260.45
14719,3386,367,2,32339.66
14720,5433,546,3,28319.25
14721,450,708,1,27427.95
14722,1764,785,2,24269.11
14723,585,91,3,42112.1
14724,5545,316,5,3876.68
14725,5,802,4,35414.53
14726,482,669,1,9201.86
14727,4372,380,4,38599.4
14728,2927,146,1,41862.86
14729,4273,563,2,24681.89
14730,5992,147,3,45773.33
14731,3933,75,4,39888.97
14732,6613,199,5,8277.94
14733,7915,480,4,44708.23
14734,238,442,1,42139.35
14735,1580,789,3,38335.71
14736,220,120,5,21701.54
14737,7665,76,1,7692.57
14738,559,894,5,30814.26
14739,620,691,3,35156.48
14740,2488,357,2,12513.67
14741,3036,658,2,33303.36
14742,7384,633,5,41105.55
14743,4778,651,4,25195.02
14744,817,147,4,10351.62
14745,7169,179,5,42968.49
14746,6784,534,4,21384.33
14747,5212,77,4,39099.38
14748,7079,331,4,366.57
14749,5942,53,1,37019.65
14750,1734,159,4,20486.27
14751,3469,814,3,3942.11
14752,899,433,1,12352.07
14753,1555,185,3,41965.39
14754,2350,563,3,28758.09
14755,1668,980,3,47598.22
14756,7734,885,3,7792.31
14757,6648,700,3,2946.83
14758,7919,367,2,41865.1
14759,4829,292,2,20478.49
14760,4964,181,3,30861.33
14761,825,506,2,13179.49
14762,3110,139,2,41572.89
14763,2010,344,4,43663.65
14764,5091,458,4,40095.29
14765,7589,875,4,7763.26
14766,6895,923,1,15335.75
14767,4737,643,2,30078.85
14768,1377,531,1,34756.62
14769,2552,467,1,2980.92
14770,3118,215,4,12593.02
14771,1514,330,4,38694.11
14772,2174,556,3,30260.82
14773,6741,745,1,21453.07
14774,5815,448,1,29476.06
14775,5777,767,3,24185.65
14776,2270,303,1,27497.68
14777,5114,1000,2,16831.5
14778,609,659,5,42481.25
14779,3483,858,3,9091.62
14780,3075,810,5,17185.33
14781,3799,138,1,40701.72
14782,1660,174,3,27627.98
14783,2215,934,4,26059.72
14784,1905,509,5,38363.16
14785,6200,456,3,40301.01
14786,2471,792,3,15394.64
14787,3052,292,5,5238.7
14788,4540,576,1,44293.29
14789,6052,758,1,4135.51
14790,4248,284,3,8648.8
14791,5124,282,1,19091.66
14792,4283,95,4,6269.73
14793,860,43,2,5648.36
14794,3119,136,3,9557.05
14795,3887,461,1,36037.58
14796,2380,144,4,44497
14797,6591,676,5,27113.69
14798,6478,553,5,16898.18
14799,5454,92,5,19111.68
14800,6255,560,2,20240.49
14801,4456,87,2,44296.77
14802,797,113,1,47142.07
14803,5445,25,4,22809.91
14804,7338,776,4,25733.38
14805,3890,72,1,46686.19
14806,3298,859,1,37450.58
14807,6668,80,4,7113.48
14808,1420,766,3,8006.32
14809,297,577,4,21944.38
14810,6688,93,2,33302
14811,1869,92,1,23913.37
14812,7597,309,4,40221.4
14813,853,350,3,1102.97
14814,1004,94,3,48593.7
14815,7244,235,4,49671.34
14816,6925,772,2,41984.14
14817,689,390,3,23351.76
14818,5136,73,2,21087.37
14819,3489,680,1,48218.13
14820,5218,828,4,15115.37
14821,3443,399,4,11892.63
14822,3776,284,2,4049.84
14823,5930,184,2,1918.82
14824,3555,593,1,47596.73
14825,4842,512,1,3263.27
14826,5697,955,4,38283.63
14827,5042,128,2,43166.79
14828,4774,32,4,6509.3
14829,3465,465,1,31574.49
14830,6155,774,5,19850.13
14831,658,804,2,18062.33
14832,3015,649,1,5777.93
14833,7555,231,3,32744.18
14834,7885,522,1,27138.07
14835,235,850,3,46244.65
14836,6263,700,1,24746.03
14837,6702,786,3,33393.98
14838,6012,677,3,13173.36
14839,5727,704,4,37930.01
14840,5680,465,3,12334.15
14841,5372,965,1,1148.77
14842,3050,926,5,3823.52
14843,4465,223,2,48933.54
14844,424,280,4,6528.65
14845,5510,500,4,25093.81
14846,4091,959,2,32095.22
14847,6562,708,2,39907.65
14848,7529,771,5,25352.59
14849,7374,321,3,5224
14850,1123,129,2,46489.55
14851,7618,65,5,28625.53
14852,2177,804,1,13537.83
14853,820,741,3,33671.49
14854,1123,57,1,7584.94
14855,4844,358,1,31062.28
14856,5296,102,5,25483.28
14857,828,257,3,24337.25
14858,3041,336,1,32996.81
14859,3107,353,5,49203.34
14860,3289,412,5,20419.12
14861,125,931,5,38614.79
14862,1062,650,1,17485.16
14863,4251,838,5,32411.01
14864,6579,410,4,35664
14865,2207,686,5,21688.29
14866,1504,789,1,17165.33
14867,2602,665,1,12680.04
14868,7683,991,3,39800.6
14869,2152,90,5,24686.92
14870,7735,832,3,17263.06
14871,5967,617,4,18968.98
14872,2985,101,4,13778.13
14873,7351,294,2,6109.55
14874,820,379,3,33384.82
14875,382,780,3,8612.61
14876,6169,172,4,38441.76
14877,4977,130,3,18784.18
14878,2151,977,1,40329.25
14879,7519,897,1,4817.92
14880,336,513,1,1434.41
14881,5982,42,5,33062.87
14882,45,598,2,7655.72
14883,1807,978,5,16394.54
14884,2170,931,1,26431.46
14885,5574,504,1,3520.7
14886,7483,639,4,24323.25
14887,7024,345,5,17420.71
14888,1201,139,3,20927.15
14889,1127,686,1,10735.23
14890,7925,783,2,10628.35
14891,434,246,2,5849.56
14892,1573,113,1,3355.4
14893,4863,367,1,26786.21
14894,84,530,4,30434.84
14895,7819,681,4,10585.01
14896,5548,789,3,19808.1
14897,1141,367,2,12898.34
14898,7954,222,2,47400.89
14899,7137,447,1,17850.07
14900,1579,757,5,28330.26
14901,5133,95,5,2380.35
14902,3343,40,2,33043.13
14903,1945,60,2,43603.04
14904,1295,924,2,24425.78
14905,2196,930,4,16186.16
14906,6937,243,5,48337.22
14907,7659,48,1,41394.61
14908,7813,162,5,33440.89
14909,765,404,2,3949.69
14910,5360,35,4,49147.08
14911,10,224,5,24018.47
14912,7455,678,1,34462.12
14913,7428,81,2,42034.23
14914,3240,573,2,31799.77
14915,3699,99,5,9214.61
14916,3243,970,5,4077.92
14917,3292,312,1,49079.73
14918,7992,224,2,8822.68
14919,4810,415,3,3015.57
14920,6751,531,4,11652.97
14921,6424,830,2,36734.6
14922,6231,446,4,32861.83
14923,5713,956,3,748.53
14924,2132,623,3,4178.65
14925,4064,490,4,45348.11
14926,254,68,5,35702.1
14927,722,205,3,36090.39
14928,5630,508,1,45753.36
14929,4335,185,1,15756.02
14930,4233,99,5,1762.44
14931,7955,523,2,25523.23
14932,5932,574,4,16643.13
14933,4470,335,3,49323.91
14934,3689,963,3,33498.08
14935,6575,880,4,24228.43
14936,7812,214,3,34061.7
14937,3755,589,5,45171.1
14938,4272,275,3,5511.88
14939,1240,32,2,7878.29
14940,745,357,1,24344.28
14941,3406,108,4,37202.39
14942,5849,826,2,28574.82
14943,4541,360,3,19516.64
14944,7308,22,4,9424.96
14945,1893,794,3,40825.27
14946,6055,398,5,25329.94
14947,7260,140,5,23943.43
14948,6852,984,4,36161.14
14949,7745,376,3,6547.41
14950,475,994,4,39944.1
14951,1343,336,2,32886.4
14952,6586,320,4,38396.74
14953,2331,68,3,26841.96
14954,3427,748,5,39853.25
14955,5592,46,5,29899.31
14956,819,410,5,31982.72
14957,1432,60,2,23802.96
14958,5149,642,4,39956.89
14959,1805,484,5,13579.55
14960,4248,472,1,16964.21
14961,3618,299,5,29302.65
14962,5122,983,4,13543.13
14963,6407,580,1,11233.46
14964,6356,217,5,46442.1
14965,6513,991,2,48614.65
14966,4192,622,4,25006.24
14967,6786,671,3,22596.83
14968,7739,827,2,42362.63
14969,7743,502,3,44097.76
14970,180,441,1,24233.99
14971,4929,690,1,41688.26
14972,7651,287,3,22784.69
14973,7286,894,5,38766.14
14974,6927,957,5,2459.37
14975,1333,326,2,34646.79
14976,4474,864,5,25470.99
14977,3286,349,3,10862.02
14978,937,752,3,10673.57
14979,7645,567,1,25328.61
14980,6397,728,5,29724.95
14981,6410,347,5,28075.18
14982,2886,231,2,2669.79
14983,6558,866,5,47855.31
14984,5390,210,5,49543.89
14985,273,67,1,45632.17
14986,535,366,5,43533.53
14987,919,745,3,46958.73
14988,1822,375,1,25898.99
14989,6422,740,1,38466.17
14990,1129,277,2,28590.47
14991,4249,511,4,49567.43
14992,74,543,2,3851.87
14993,7426,97,1,10994.53
14994,7742,943,2,17374.68
14995,7995,486,3,23317.08
14996,2020,51,4,28628.41
14997,6904,979,1,29012.11
14998,2880,248,3,4566.07
14999,6105,425,5,36733.76
15000,180,699,4,22008.9
15001,3007,922,3,42867.27
15002,7254,604,3,525.69
15003,1681,116,3,31763.96
15004,1499,379,2,26065.73
15005,3492,209,3,45740.81
15006,832,421,5,22686.65
15007,7913,86,1,22639.26
15008,3877,923,3,44410.08
15009,6550,936,2,28527.91
15010,4300,981,3,22385.96
15011,7178,862,5,24869.95
15012,2568,545,4,11967.06
15013,7141,575,4,12629.65
15014,4353,954,3,31624.62
15015,3947,298,1,43552.48
15016,4663,835,1,46723.79
15017,7703,397,1,5493.42
15018,1751,246,5,6055.9
15019,434,852,1,4935.87
15020,4302,540,1,6656.56
15021,3465,314,3,44597.45
15022,3535,722,3,21447.06
15023,2693,800,2,37756.26
15024,5072,180,4,23919.86
15025,5186,765,2,26981.08
15026,938,964,3,23009.89
15027,3442,851,5,41926.32
15028,7864,528,2,5975
15029,7741,367,4,3669.98
15030,3532,337,3,22021.33
15031,874,747,1,11314.66
15032,3707,428,5,17035.17
15033,5823,854,4,4564.09
15034,7074,99,2,46084.24
15035,2305,75,1,10154.86
15036,2308,553,2,23498.82
15037,7127,647,3,16849.7
15038,337,766,3,31334.3
15039,1710,954,4,10678.8
15040,619,467,3,6490.29
15041,388,94,5,44434.8
15042,7919,82,2,49312.96
15043,2769,571,4,32933.78
15044,6618,125,4,7633.14
15045,4098,287,5,18510.52
15046,4837,963,4,242.48
15047,7012,211,2,17045.74
15048,6241,308,3,44896.61
15049,7256,168,1,5933.17
15050,2395,337,2,8527.63
15051,4808,390,1,32166.47
15052,5802,274,2,23994.6
15053,7622,160,1,24919.95
15054,194,173,5,4339.24
15055,7182,436,3,11747.06
15056,955,757,1,5817.02
15057,7032,47,1,8002.87
15058,2775,317,1,7217.77
15059,5601,802,4,20153.89
15060,2744,309,5,35716.71
15061,7026,500,5,38907.63
15062,4751,908,1,6224.05
15063,3636,445,1,37246.29
15064,4981,488,4,45041.49
15065,5808,96,3,31764.45
15066,4175,7,1,8330.12
15067,3631,800,4,25865.99
15068,7317,602,3,48018.59
15069,114,502,5,43478.39
15070,6052,74,3,37855.2
15071,7932,766,3,611.2
15072,4975,123,2,29795.85
15073,7751,106,4,35977.05
15074,3312,579,5,47794.99
15075,561,625,1,1535.78
15076,3405,715,1,24004.54
15077,1220,873,4,1813.65
15078,2657,242,1,24505.48
15079,7124,962,5,27646.25
15080,2864,376,1,326.22
15081,7230,762,3,38231.77
15082,950,933,3,7979.23
15083,5267,12,1,5397.73
15084,4569,461,3,12254.29
15085,5313,485,4,29814.36
15086,4313,426,4,36599.72
15087,4314,768,1,13567.06
15088,2199,386,5,12084.71
15089,2931,867,2,35658.44
15090,7474,232,4,41148.11
15091,254,521,4,41276.91
15092,285,463,4,41580.99
15093,3724,916,4,14624.35
15094,6732,942,1,29876.8
15095,4226,144,4,7717.32
15096,6053,483,3,31717.56
15097,6968,78,4,34490.91
15098,1722,123,2,1913.46
15099,4483,292,1,5941.93
15100,5401,59,1,40692.62
15101,7101,993,4,12402.49
15102,4959,911,2,18948.13
15103,1454,697,2,35641.07
15104,5481,340,4,36362.71
15105,4826,746,1,23835.96
15106,7775,473,5,44299.42
15107,7650,745,3,3750.61
15108,7510,571,5,10270.29
15109,3377,561,2,19426.46
15110,1278,760,4,16106.16
15111,5709,551,1,6249.79
15112,5838,256,2,34247.34
15113,2635,701,5,40958.59
15114,617,664,1,32064.49
15115,5930,291,3,44490.86
15116,1984,419,2,9521.55
15117,5845,702,1,42839.06
15118,5149,8,4,26884.86
15119,2931,725,3,15894.39
15120,2739,515,5,42258.73
15121,6742,206,3,17004.55
15122,6942,406,4,48124.48
15123,3967,999,3,20215.57
15124,957,131,1,8618.13
15125,3714,697,2,5096.36
15126,2300,936,5,16199.33
15127,2458,762,4,24496.64
15128,3058,754,3,24874.57
15129,6089,44,3,28649.96
15130,3113,160,3,48745.15
15131,2347,643,2,36024.61
15132,383,553,5,23420.83
15133,1133,62,4,34922.39
15134,6388,83,4,5918.87
15135,5701,721,2,11155.25
15136,3353,12,5,886.51
15137,7251,408,4,47131.7
15138,1771,444,1,34499.77
15139,4019,216,2,10207.95
15140,6678,303,5,16334.31
15141,305,443,2,25514.61
15142,2625,15,2,31563.09
15143,2573,8,1,44110.8
15144,5939,535,1,21011.38
15145,3038,181,3,31312.39
15146,263,876,3,13891.61
15147,456,342,3,4800.75
15148,2350,964,1,5783.57
15149,5523,327,3,16261.68
15150,6508,762,3,49438.8
15151,6624,717,5,31736.42
15152,3672,751,5,44544.24
15153,1120,671,1,9054.16
15154,394,950,1,21944.93
15155,7037,466,2,49069.98
15156,295,321,4,43278.35
15157,7597,253,1,40457.85
15158,6805,197,2,3697.93
15159,1019,520,5,21871.71
15160,3391,954,4,47585.94
15161,4839,437,2,11533.82
15162,7472,415,5,13407.16
15163,4942,179,3,29669
15164,4202,746,5,33579.56
15165,1762,432,5,20098.8
15166,7677,304,3,43734.92
15167,2158,518,5,36106.82
15168,6453,718,1,9229.3
15169,542,991,1,6433.33
15170,6106,939,5,16731.8
15171,6557,986,1,1409.58
15172,2708,496,1,22074.8
15173,3317,197,4,17598.16
15174,1333,544,1,46029.54
15175,4066,797,3,10882.53
15176,1871,673,1,47629.76
15177,3826,940,4,21248.19
15178,2846,320,5,24219.86
15179,3948,440,5,32126.73
15180,7262,94,2,43393.46
15181,371,843,1,41675.11
15182,736,902,2,23878.24
15183,770,831,4,29799.94
15184,1508,619,2,1208.96
15185,4655,258,5,7007.31
15186,5536,268,3,17668.71
15187,3912,298,5,49605.88
15188,2382,749,3,26945.94
15189,3519,963,1,16137.99
15190,896,835,2,33456.09
15191,4981,297,4,11544.35
15192,7163,584,3,47599.78
15193,3050,887,5,42338.2
15194,4278,25,2,30174.13
15195,975,951,5,39109.42
15196,5410,664,1,39584.47
15197,2183,469,4,8914.17
15198,1431,595,5,11949.36
15199,1205,119,1,4872.57
15200,4539,219,1,23950.73
15201,5183,100,1,35325.04
15202,582,982,2,21940.03
15203,201,236,3,17175.35
15204,705,827,3,37286.3
15205,1603,830,1,37214.42
15206,3855,626,2,6646.2
15207,2186,144,1,926.17
15208,398,606,1,24062.34
15209,132,740,3,16587.83
15210,2795,238,3,45764.17
15211,4695,952,3,24593.6
15212,5869,277,2,39164.13
15213,7327,438,1,28641.81
15214,7955,259,2,2669.38
15215,5885,681,5,28443.93
15216,2267,635,2,3735.31
15217,5496,684,3,29880.43
15218,1642,547,1,42707.39
15219,6688,78,5,25732.25
15220,395,553,3,6605.63
15221,1322,192,1,13810.53
15222,509,323,3,47998.43
15223,6677,309,5,36099.81
15224,2454,55,2,47146.43
15225,5606,645,1,32215.91
15226,2879,638,1,12961.64
15227,3133,620,3,45856.29
15228,5972,277,4,5207.11
15229,4995,825,1,29333.68
15230,320,87,1,10823.77
15231,1172,746,4,33061.16
15232,5692,912,5,20459.62
15233,1683,47,1,48157.43
15234,2848,902,1,9568.81
15235,5854,449,5,30978.76
15236,3587,751,5,17567.11
15237,5927,526,5,44250.32
15238,6487,892,5,9887.57
15239,4854,90,3,6596.76
15240,5336,487,3,38601.73
15241,2845,462,2,1755.08
15242,5369,156,1,42425.63
15243,7744,570,4,13386.23
15244,3262,609,2,21812.62
15245,3408,717,3,43793.99
15246,5890,348,4,13294.07
15247,6460,772,5,45156.53
15248,4297,388,2,38710.54
15249,7375,348,2,17138.11
15250,1367,440,2,19701.41
15251,3877,235,3,36740.25
15252,468,884,5,48320.3
15253,2420,881,3,33339.88
15254,2668,525,5,6524.72
15255,2448,355,2,25147.29
15256,5086,100,3,14521.98
15257,1329,894,3,5544.35
15258,5951,333,4,35967.49
15259,5779,863,4,47157.19
15260,191,919,4,6521.66
15261,5241,4,4,5520.2
15262,591,672,4,48981.8
15263,7857,264,5,21055.47
15264,2222,235,5,39092.15
15265,1330,89,4,28615.11
15266,5058,323,5,47486.31
15267,7421,924,4,7259.28
15268,3739,739,2,2576.4
15269,5098,863,3,48783.25
15270,7922,413,4,8716.58
15271,5481,892,2,35116.76
15272,5912,771,5,34769.66
15273,4469,169,1,34867.1
15274,3702,407,3,7782.99
15275,1180,90,3,39716.39
15276,1816,949,1,13925.5
15277,1967,336,1,20915.5
15278,569,304,5,31710.63
15279,5875,869,5,30725.68
15280,5000,852,1,8322.01
15281,1414,224,2,48750.9
15282,186,554,3,16003.14
15283,4351,791,1,6718.43
15284,3098,446,5,6848.8
15285,7108,837,3,7523.02
15286,5546,951,5,44640.54
15287,4394,34,3,49438.02
15288,1532,350,4,6924.36
15289,362,3,2,11448.81
15290,6584,887,4,18487.22
15291,7739,807,5,21449.67
15292,6522,367,5,9271.84
15293,4639,189,3,32635.17
15294,3751,199,5,43036.99
15295,1560,658,2,37491.83
15296,4981,65,2,15567.85
15297,4075,423,4,35771.59
15298,6139,277,5,2266.82
15299,2723,987,5,4415.4
15300,490,464,2,19051.17
15301,5925,174,4,12208.83
15302,3513,459,1,22606.37
15303,6826,580,5,38854.6
15304,1475,421,3,24420.31
15305,2325,261,3,22248.75
15306,4151,666,5,11415.37
15307,1733,786,3,32620.96
15308,1037,221,5,18092.99
15309,5673,999,4,26286.68
15310,6841,104,3,28477.08
15311,6303,233,1,29861.8
15312,352,869,1,30409.76
15313,2902,702,1,3572.24
15314,3001,647,4,19561.9
15315,1468,705,3,30072.29
15316,1447,251,5,10921.8
15317,338,905,1,36390.5
15318,1472,965,2,46646.86
15319,6813,348,1,27705.14
15320,7936,999,2,49330.76
15321,34,99,1,7374.76
15322,6741,362,1,26111.98
15323,3851,332,3,49383.02
15324,3700,994,2,45565.26
15325,7001,346,3,49275.32
15326,3759,727,4,19652.11
15327,2307,133,5,42602.27
15328,6749,508,5,39884.62
15329,2046,374,4,37649.25
15330,6860,147,2,48728.58
15331,2550,433,1,12270.1
15332,179,630,5,33781.22
15333,607,861,1,35511.42
15334,4936,863,2,32087.76
15335,4964,196,4,22365.94
15336,7567,915,3,1918.42
15337,999,809,2,13052.98
15338,4438,205,2,45773.6
15339,5891,860,2,42616.33
15340,7424,967,5,49800.81
15341,2569,643,2,7970.3
15342,320,660,4,42508.96
15343,1578,791,1,6454.38
15344,7598,663,4,37864.73
15345,804,127,2,10677.52
15346,7769,132,3,49679.01
15347,4183,724,1,46625.26
15348,6617,91,1,28470.96
15349,3339,34,3,15756.23
15350,6852,120,4,47047.29
15351,7130,885,4,46070.82
15352,7571,642,1,6588.85
15353,7566,912,2,8717.18
15354,2362,615,3,18898.77
15355,3279,724,4,8848.17
15356,3611,481,3,29968.87
15357,6446,564,5,1211.92
15358,4746,285,2,48441.22
15359,759,173,2,31146.62
15360,684,392,5,29262.79
15361,3342,848,4,24262.06
15362,796,279,4,19244.1
15363,1995,794,4,5934.12
15364,5025,690,3,4621.21
15365,6576,532,5,28001.37
15366,4286,122,3,16128.63
15367,5518,562,1,20812.65
15368,297,120,3,3468.16
15369,1402,825,3,27341.76
15370,6182,988,1,48252
15371,7672,849,1,47414.47
15372,1893,722,4,285.08
15373,6190,380,2,33436.02
15374,5337,685,3,41458.13
15375,6347,315,3,48299.56
15376,1187,857,2,11718.62
15377,7732,311,5,7078.43
15378,229,251,4,12711.5
15379,7544,921,1,18162.16
15380,6796,443,5,6194.56
15381,6904,909,5,15357.95
15382,7025,835,2,37645.2
15383,4476,940,2,43884.07
15384,5785,253,3,35646.76
15385,3613,194,1,24636.18
15386,4454,294,5,25546.78
15387,5798,253,3,38833.87
15388,2170,989,3,18389.67
15389,7623,542,4,7967.75
15390,3463,113,5,7275.57
15391,435,860,5,41064.89
15392,4852,447,5,17936.63
15393,7600,115,3,7858.12
15394,1122,181,5,26900.16
15395,7504,9,2,9136.84
15396,3381,369,4,20163.56
15397,5116,986,2,30951.95
15398,1135,957,2,20260.52
15399,1562,969,3,34339.15
15400,2521,991,5,38182.55
15401,4846,280,5,319.16
15402,2134,594,4,21148.49
15403,7514,21,1,37261.17
15404,5915,263,5,47446.24
15405,7339,372,4,9630.88
15406,3401,775,2,6132.76
15407,6646,866,5,32556.14
15408,2289,486,1,15745.37
15409,5355,231,2,19425.48
15410,460,93,1,1850.74
15411,1367,707,1,9556.73
15412,7260,246,2,14709.54
15413,1957,594,2,42489.42
15414,7896,60,5,25004.48
15415,3375,498,3,40643.14
15416,7885,646,3,23673.98
15417,1586,793,3,39563.01
15418,3208,719,5,29289.23
15419,943,667,3,44317.42
15420,5879,190,5,11856.68
15421,846,985,4,33711.39
15422,704,371,4,4398.09
15423,2252,207,5,48548.75
15424,3967,378,3,19145.95
15425,7608,797,4,30306.46
15426,7456,500,1,21722.53
15427,3925,19,5,14882.83
15428,2144,804,5,5016.19
15429,958,243,5,5168.37
15430,5050,974,4,22718.74
15431,5726,442,4,18324.29
15432,146,317,2,1256.89
15433,409,715,2,23395.85
15434,5626,26,2,8253.49
15435,2165,856,1,30752.16
15436,2893,691,1,46380.33
15437,5623,735,4,13969.01
15438,5836,665,3,2604.51
15439,5819,555,5,44609.09
15440,3120,58,5,14720.69
15441,4432,487,5,44810.77
15442,3099,863,2,20963.45
15443,2765,354,3,38725.79
15444,7895,286,4,7921.07
15445,7401,650,1,32127.48
15446,3335,149,4,42981.41
15447,3313,164,3,16420.76
15448,2561,360,5,18090.44
15449,2966,765,1,22757.86
15450,7538,422,3,15588.24
15451,7846,268,5,29637.12
15452,4845,199,1,6790.24
15453,7567,733,1,36959.5
15454,2640,40,2,33373.94
15455,2591,797,4,37514.96
15456,5297,260,3,11911.86
15457,6321,518,4,1872.2
15458,1423,75,2,33144.02
15459,823,508,5,1098.63
15460,2446,184,4,26958.79
15461,7346,104,5,23718.28
15462,1616,557,5,34739.09
15463,6551,718,5,17119.84
15464,6615,961,4,37920.29
15465,4381,731,3,2780.28
15466,4982,89,4,1197.59
15467,3222,763,3,48520.74
15468,2579,884,2,14691.4
15469,2677,842,1,30331.63
15470,3487,352,1,21589.12
15471,7836,971,4,47262.17
15472,958,59,2,38826.59
15473,7394,526,1,5548
15474,7559,161,2,1371.78
15475,6260,615,1,24256.04
15476,4597,3,5,14291.54
15477,133,430,3,48196.06
15478,6910,676,5,27671.94
15479,5975,628,1,4246.31
15480,7482,94,1,31778.69
15481,2132,561,3,2674.76
15482,2009,119,2,35513.65
15483,2709,974,2,40551.16
15484,3328,625,3,20265.49
15485,1631,843,3,16294.83
15486,2690,809,1,34421.69
15487,5794,465,1,3864.38
15488,5271,65,5,38408.27
15489,4800,886,5,36405.13
15490,4666,709,4,4261.05
15491,2988,185,1,30440.64
15492,5780,941,5,44805.97
15493,1765,451,1,21011.93
15494,1829,650,1,15565.58
15495,4259,860,1,16090.34
15496,2714,457,2,20077.33
15497,3756,253,5,29328.78
15498,6113,504,1,8339.87
15499,5750,515,1,23763
15500,388,644,1,31674.49
15501,6992,502,1,40920.31
15502,4564,528,5,40720.7
15503,6352,105,2,8551.96
15504,5543,67,1,43076.26
15505,7426,877,2,4978.43
15506,5903,131,2,29096.85
15507,1597,432,2,48914.91
15508,4631,53,5,13285.11
15509,5325,245,2,29512.46
15510,4387,180,4,46204.33
15511,5265,227,5,27864.49
15512,6273,409,1,31364.67
15513,7277,983,2,44955.56
15514,7984,80,5,14663.26
15515,5125,472,3,18446.41
15516,4908,810,4,23776.32
15517,2351,734,2,23992.44
15518,4470,252,4,38649.38
15519,806,108,1,39981.35
15520,660,746,4,15547.47
15521,1447,593,3,32968.43
15522,4413,797,4,10094.42
15523,3376,167,3,8721.05
15524,4159,652,3,32460.53
15525,625,870,3,22534.03
15526,7372,559,3,29203.93
15527,881,308,1,17563.51
15528,1873,225,4,20067.05
15529,5602,412,1,36939.48
15530,6122,212,5,21503.19
15531,2289,692,2,22942.29
15532,6636,29,4,47521.39
15533,2103,98,3,11790.34
15534,7932,404,1,43919.06
15535,2449,939,5,33744.52
15536,4599,69,5,12367.52
15537,4226,642,3,843.06
15538,2466,969,5,33420.54
15539,6889,503,3,26423.51
15540,6353,190,5,38825.64
15541,4833,885,3,28247.74
15542,6940,868,1,13474.23
15543,6597,687,3,36971.75
15544,6156,865,2,15321.85
15545,7737,368,2,27185.98
15546,4050,591,5,42216.87
15547,4037,430,2,620.66
15548,4391,769,4,40825.49
15549,3972,465,5,35781.22
15550,5546,441,3,47502.82
15551,3335,430,5,5022.14
15552,1588,573,4,9785.34
15553,7626,395,3,34778.77
15554,3869,335,4,36898.37
15555,2504,567,5,49412.33
15556,7284,979,3,26262.48
15557,4225,885,5,19995.56
15558,6562,693,1,22155.85
15559,7109,983,3,23004.07
15560,2673,287,4,13786.97
15561,194,15,2,29630.19
15562,761,199,5,46090.13
15563,3829,922,1,33757.74
15564,2830,303,4,8137.91
15565,1932,360,5,2095.03
15566,5473,128,2,38099.35
15567,7470,583,5,30713.25
15568,2634,763,1,12831.89
15569,486,367,4,43120.69
15570,2489,796,5,16871.55
15571,2566,895,2,9880.86
15572,7151,224,4,31266.11
15573,99,255,4,43508.36
15574,6292,873,4,33258.77
15575,1902,552,2,23782.82
15576,6008,507,2,46447.03
15577,5646,878,1,3107.04
15578,3209,606,1,41946.92
15579,6456,941,2,6725.13
15580,10,361,1,11022.14
15581,3601,300,5,38346.4
15582,6512,171,1,2004.01
15583,2903,986,2,24097.96
15584,787,605,4,31124.34
15585,1830,486,4,48813.36
15586,2948,235,1,47788.43
15587,5293,204,4,34210.84
15588,3393,794,2,14601.59
15589,3268,265,1,19017.44
15590,6552,78,4,36133.61
15591,2005,134,2,12745.27
15592,3599,30,5,6972.2
15593,3310,822,5,31663.46
15594,1774,425,2,23517.67
15595,701,388,3,29045.59
15596,7204,588,1,5267.69
15597,3907,331,3,16846.75
15598,4079,125,1,48464.91
15599,5021,477,1,23393.12
15600,102,930,2,8524.96
15601,2042,414,2,41049.3
15602,6366,602,5,517.99
15603,4187,621,5,36522.09
15604,3923,332,2,33128.57
15605,4401,740,3,15755.87
15606,3551,884,1,4251.77
15607,6383,974,3,6753.2
15608,2151,967,3,41696.71
15609,6845,681,5,18503.1
15610,6237,7,3,36423.09
15611,3179,736,5,21698.85
15612,6299,910,1,29110.79
15613,6467,471,2,12451.44
15614,1165,711,5,38412.59
15615,4262,570,3,37926.81
15616,5226,653,3,3865.28
15617,824,389,3,2487.98
15618,2318,195,2,27880.44
15619,5719,436,4,21277.02
15620,5293,307,4,44408.02
15621,6451,946,1,47229.68
15622,5331,311,3,32690.49
15623,6660,233,5,21785.3
15624,7779,497,4,21840.63
15625,3197,300,2,1492.64
15626,2713,885,3,10603.97
15627,4816,103,2,9046.22
15628,4700,417,4,26754.98
15629,7145,574,5,27324.03
15630,2463,543,3,866.09
15631,2154,322,2,2645.02
15632,1719,313,3,7224.51
15633,2813,743,4,43379.85
15634,5059,473,4,31836.54
15635,2439,386,2,7554.39
15636,3514,464,2,37182.6
15637,907,668,2,1805.86
15638,6793,645,4,15666.44
15639,5556,834,2,13178.22
15640,7309,337,3,34972.44
15641,2557,988,1,42311.14
15642,2611,42,2,26414.57
15643,7868,99,1,26956.94
15644,4275,304,3,37831.57
15645,4584,139,2,3327.42
15646,7110,107,1,16123.08
15647,5896,582,1,9217.33
15648,7109,632,4,40880.27
15649,7556,833,1,40935.5
15650,6572,842,4,26484.36
15651,4381,570,2,37638.77
15652,3245,388,5,40921.58
15653,5554,932,4,11055.52
15654,2218,353,5,5784.41
15655,3853,699,5,45211.96
15656,4150,199,3,48782.93
15657,7093,764,4,15410.34
15658,6542,700,1,4601.41
15659,4328,638,3,33662.51
15660,5581,106,5,43068.19
15661,4554,889,1,7813.74
15662,337,521,4,6308.7
15663,484,808,3,44545.77
15664,4807,836,1,12712.92
15665,2212,917,5,12983.43
15666,2084,481,5,16412.52
15667,1704,290,4,32908.05
15668,5958,267,1,17461.04
15669,5259,495,5,3435.68
15670,6215,42,2,27021.45
15671,2277,279,3,1194.01
15672,2024,499,5,49871.91
15673,2867,99,1,28603.08
15674,3220,466,5,763.99
15675,2913,836,4,29892.57
15676,6800,352,4,37924.71
15677,5631,781,4,32685.46
15678,7304,597,1,17921.4
15679,770,929,3,49098.84
15680,1695,270,1,13953.53
15681,727,247,1,17696.88
15682,2870,432,2,20165.19
15683,6590,167,4,43424.43
15684,5578,973,2,40079.44
15685,7432,395,4,42600.49
15686,7739,948,4,17830.96
15687,5984,818,1,26744.41
15688,5760,118,3,39128.6
15689,5053,3,5,22153.17
15690,941,235,4,27492.39
15691,6367,451,1,17264.27
15692,1643,98,3,24596.42
15693,4060,997,4,7563.3
15694,1906,979,3,8680.37
15695,1294,937,1,1078.14
15696,1725,58,3,7908.29
15697,941,497,3,15983.21
15698,2471,879,1,31074.28
15699,7813,248,1,26839.4
15700,6065,507,5,40345.11
15701,6318,948,1,35423.58
15702,4095,529,2,4480.33
15703,6074,905,1,27496.43
15704,5144,844,3,30175.53
15705,4549,708,1,5350.48
15706,2446,695,2,42857.4
15707,1409,492,4,7262.44
15708,3960,49,5,6609.35
15709,4169,424,5,4187.18
15710,777,427,2,19834.25
15711,191,468,3,46654.33
15712,7569,663,4,20409.85
15713,4757,705,2,19415.84
15714,4498,510,4,23037.48
15715,2537,18,5,26544.45
15716,5738,490,2,16740.31
15717,6715,129,5,29508.47
15718,150,499,3,17167.03
15719,6746,752,1,44568.84
15720,6814,970,3,37149.18
15721,6250,696,4,26794.72
15722,3061,780,2,27133.39
15723,6961,172,2,38080.09
15724,1965,387,1,36762.7
15725,1621,183,3,47646.57
15726,2320,134,4,5134.71
15727,7421,719,1,7988.23
15728,5097,481,4,30656.29
15729,1028,318,4,33779.86
15730,6406,364,1,39156.98
15731,3821,876,4,8318.36
15732,295,965,5,27821.69
15733,6975,227,1,22694.94
15734,7086,874,5,6867.58
15735,7942,162,3,46183.76
15736,3681,676,3,3741.45
15737,2242,676,4,34037.92
15738,4940,714,2,46973.79
15739,3018,995,2,39749.43
15740,2629,530,5,8826.43
15741,4516,383,1,27067.19
15742,4974,384,3,38992.96
15743,2117,256,5,46611.57
15744,1010,890,5,39883.12
15745,6115,456,4,41369.77
15746,974,709,4,32350.38
15747,7323,470,4,33754.95
15748,7757,843,2,23182.2
15749,483,237,3,21101.58
15750,7427,506,2,4878.16
15751,4862,60,4,17360.31
15752,1864,657,5,534.02
15753,4088,59,5,24156.88
15754,7796,704,5,6773.56
15755,1041,782,5,29556.48
15756,5234,563,3,2227.79
15757,3656,404,4,13669.57
15758,2213,634,5,47214.54
15759,2727,770,3,28347.74
15760,931,93,3,19751.57
15761,1225,937,5,24958.84
15762,1183,70,3,42671.3
15763,404,179,3,39136.08
15764,7893,556,2,22958.73
15765,5323,677,2,17596.09
15766,7357,791,4,3529.98
15767,2611,848,5,700.33
15768,7879,183,4,17576.32
15769,4523,234,4,32601.98
15770,1203,830,2,41053.98
15771,2253,564,5,43311.99
15772,2228,603,3,43535.77
15773,2025,172,5,46174.99
15774,3753,521,4,41242.09
15775,7070,579,2,44750.91
15776,7955,204,5,43358.92
15777,3272,344,1,46749.9
15778,5448,796,5,21287.13
15779,1097,801,1,18332.35
15780,4153,812,4,19960.14
15781,2506,535,2,25822.85
15782,4501,327,4,40286.47
15783,4969,240,5,6776.47
15784,7671,112,1,25133.26
15785,2089,634,3,34709.04
15786,4764,103,5,38383.12
15787,3602,178,5,45905.14
15788,1182,862,5,47989.81
15789,1019,578,1,9898.2
15790,2365,230,2,43933.52
15791,7293,36,1,13833.34
15792,4345,294,2,13232.18
15793,5340,745,3,219.09
15794,2614,487,4,15862.63
15795,5257,479,2,44718.63
15796,231,931,2,36521.55
15797,7936,261,1,35495.42
15798,7080,882,4,6151.62
15799,4913,452,3,44473
15800,3753,741,4,45311.85
15801,4398,659,3,38391.52
15802,4609,87,3,39816.94
15803,133,830,3,9394.41
15804,1322,317,3,31103.28
15805,5389,163,1,48595.45
15806,6812,406,4,3582.73
15807,717,630,4,47704.31
15808,7099,35,2,7024.7
15809,5130,363,1,30146.4
15810,6574,299,3,30615.83
15811,7004,551,2,15675.91
15812,6449,699,1,21127.32
15813,1909,50,4,14925.77
15814,5197,420,3,1952.14
15815,6830,263,5,13853.21
15816,2421,701,1,15522.99
15817,7616,145,5,4029.55
15818,2182,135,3,43383.63
15819,6427,585,1,39437.95
15820,7482,187,1,41299
15821,6819,908,2,39762.15
15822,6267,211,2,46185.02
15823,5843,520,3,12794.61
15824,5761,252,1,34810.23
15825,7577,701,4,26215.17
15826,938,640,5,34863.09
15827,2673,549,3,24567.65
15828,2894,113,4,15567.25
15829,64,127,3,29601.24
15830,4981,583,2,19530.48
15831,3555,426,4,19292.16
15832,1205,241,4,21447.65
15833,2722,30,5,31982.08
15834,1472,514,5,3255.49
15835,7846,133,3,8202.9
15836,2813,43,1,9169.55
15837,5767,955,4,12781.32
15838,6351,601,2,21398.65
15839,2125,421,1,17618.82
15840,4098,461,5,41651.16
15841,1558,295,4,42037.31
15842,2358,898,5,25492.33
15843,2925,670,5,16184.88
15844,7303,259,2,33219.15
15845,5851,701,4,33615.72
15846,7772,259,3,33836.65
15847,2004,601,2,36145.58
15848,4363,854,3,4696.59
15849,3176,175,1,19830.71
15850,2339,887,4,29959.79
15851,2500,795,2,23856.65
15852,7306,202,3,36446.49
15853,3248,973,2,25488.48
15854,5595,655,2,45948.17
15855,6990,512,2,43349.62
15856,7565,744,1,24607.76
15857,4750,182,5,11411.62
15858,1290,516,5,3798.03
15859,7181,650,5,17588.25
15860,5148,579,4,38429.46
15861,1392,502,2,13259.7
15862,3527,755,1,5652.32
15863,2254,4,2,46710.33
15864,6812,583,1,39532.62
15865,624,946,4,2940.75
15866,7522,112,1,21740.45
15867,1775,387,2,29974.33
15868,1210,893,3,34607.72
15869,5679,445,4,14450.22
15870,7843,4,5,7336.66
15871,1763,135,2,39260.25
15872,6274,563,4,36521
15873,3292,853,1,36936.39
15874,2944,427,5,11932.14
15875,57,25,5,36247.02
15876,3640,588,4,3645.02
15877,1696,236,3,46749.63
15878,293,372,3,43179.07
15879,6174,478,3,35894.96
15880,6181,530,2,36180.37
15881,5790,63,1,43706.14
15882,4736,653,2,49051.81
15883,1945,649,3,34902.28
15884,4376,496,1,24226.48
15885,1951,207,3,19303.67
15886,4525,356,3,47640.45
15887,7585,462,3,43345
15888,1615,452,2,14601.38
15889,7430,390,2,45760.74
15890,7113,796,2,34619.47
15891,3414,146,4,13103.22
15892,7134,553,5,8476.92
15893,1242,486,3,3127.81
15894,7864,990,5,48736.06
15895,747,278,4,48905.46
15896,6675,558,1,29387.79
15897,4386,977,1,11439.56
15898,150,320,2,14753.22
15899,2792,596,3,16261.39
15900,6602,904,3,16115.34
15901,5811,417,1,49762.5
15902,1433,875,5,16624.41
15903,4260,516,2,4524.84
15904,1309,227,1,29506.38
15905,5742,738,3,41661.39
15906,4479,891,5,49995.75
15907,4106,645,5,37519.23
15908,1937,691,5,6325.37
15909,3456,653,3,36647.78
15910,1920,31,1,32566.36
15911,2727,607,3,41217.96
15912,7018,553,1,24089.79
15913,6167,873,3,21933.38
15914,6940,706,4,48241.99
15915,1535,482,2,26190.32
15916,5835,412,2,25598.55
15917,4566,404,5,1336.59
15918,6539,877,5,8059.78
15919,1034,316,4,34837.49
15920,7014,739,3,43373.1
15921,3008,500,2,28055.15
15922,2128,561,3,16255.58
15923,7203,704,5,32886.33
15924,5469,313,1,37842.92
15925,3596,647,4,1566.09
15926,1223,103,3,47561.02
15927,245,460,5,39654.15
15928,2646,715,3,106.7
15929,4365,383,2,183.67
15930,885,677,1,49535.38
15931,94,406,2,22928.07
15932,581,249,3,42174.43
15933,4346,770,3,17185.8
15934,6639,97,2,1218.07
15935,5951,800,4,10653.79
15936,3106,245,3,5464.66
15937,3765,889,4,39907.94
15938,7639,146,2,16795.23
15939,795,605,5,47218.78
15940,3994,511,1,32751.37
15941,1398,769,2,9960.91
15942,832,97,3,7687.9
15943,5809,26,1,21418.36
15944,632,328,2,34579.3
15945,3039,97,5,40967.47
15946,3047,973,4,41346.52
15947,67,565,3,24227.01
15948,5387,704,1,19395.2
15949,6341,840,4,18825.97
15950,1129,397,2,46667.11
15951,3592,488,1,39665.93
15952,5838,819,4,2355.76
15953,6859,739,2,26355.75
15954,7294,746,5,28151.78
15955,5142,438,2,29146.48
15956,7370,499,4,695.41
15957,6185,310,3,24638.58
15958,5343,145,2,419.01
15959,4231,711,5,6391.95
15960,5518,666,4,6010.37
15961,7659,954,2,36257.26
15962,7220,91,3,8124.07
15963,5897,103,3,26660.47
15964,1176,525,1,27925.96
15965,4398,448,3,6969.73
15966,3336,722,5,10198.27
15967,5728,899,2,45907.95
15968,4382,584,4,26262.08
15969,4722,412,4,31651.96
15970,7977,659,3,16321.41
15971,6765,999,4,3543
15972,3859,13,3,3943.92
15973,2432,995,4,32001.13
15974,2064,20,4,10515.27
15975,6211,61,5,11531.84
15976,5573,409,3,35298.38
15977,6856,786,1,19553.88
15978,5118,323,1,7070.21
15979,2546,908,1,35477.35
15980,5409,341,1,3405.71
15981,2121,310,2,42139.47
15982,7753,469,4,37239.45
15983,5196,754,5,41834.1
15984,7271,409,4,17113.09
15985,5519,697,5,2654.72
15986,7204,161,5,20540.47
15987,220,422,5,15037.37
15988,3756,599,1,26765.57
15989,6608,647,5,43932.21
15990,3963,551,4,48392.31
15991,216,447,3,5703.28
15992,86,247,1,44946.8
15993,4630,804,3,35211.42
15994,7841,241,1,3522.91
15995,1041,354,4,5537.23
15996,5179,754,4,27382.88
15997,5692,698,3,35394.09
15998,7711,602,1,42476.81
15999,4260,495,5,27706.31
16000,7211,790,4,19988.58
