order_id,customer_id,order_date,order_status,total_amount
1,4140,2025-09-17,Delivered,19716.35
2,2479,2024-09-11,Shipped,19640.7
3,4351,2024-02-19,Delivered,48134.98
4,3628,2024-04-04,Cancelled,1194.94
5,4318,2025-10-28,Delivered,43528.44
6,2703,2025-12-28,Shipped,67204.44
7,1938,2025-08-04,Shipped,70786.43
8,4602,2025-09-26,Pending,43054.36
9,4986,2024-09-12,Delivered,58770.23
10,1797,2024-10-22,Pending,16961.71
11,4097,2025-01-14,Cancelled,13012.72
12,3047,2025-05-18,Shipped,27025.7
13,4907,2024-02-04,Cancelled,41487.18
14,4724,2025-07-11,Shipped,39780.58
15,1319,2024-08-30,Shipped,57217.8
16,3425,2025-11-30,Shipped,57561.86
17,3397,2025-01-18,Pending,7488.79
18,773,2025-06-10,Delivered,63056.81
19,3779,2024-05-06,Shipped,27196.53
20,3017,2025-08-03,Pending,17860.43
21,1937,2025-09-09,Delivered,72364.87
22,645,2024-08-30,Delivered,36912.02
23,186,2025-08-24,Delivered,44302.34
24,1812,2025-08-15,Pending,64242.32
25,3480,2024-02-06,Pending,63143.16
26,1970,2025-07-27,Pending,63101.23
27,4715,2024-11-22,Delivered,26299.84
28,3411,2025-09-24,Delivered,65628.02
29,2144,2024-06-26,Shipped,72429.27
30,1098,2024-04-27,Pending,73518.86
31,4124,2025-06-16,Shipped,60626.87
32,78,2024-01-07,Cancelled,13976.04
33,4188,2024-01-05,Pending,69155.64
34,2996,2024-08-19,Cancelled,23135.65
35,2930,2025-03-19,Cancelled,64698.5
36,3412,2024-09-23,Cancelled,51287.95
37,3593,2025-07-01,Delivered,28278.67
38,379,2024-02-05,Shipped,29016.2
39,625,2025-07-16,Shipped,2726.88
40,1812,2024-11-26,Shipped,70866.38
41,932,2025-03-14,Pending,46605.28
42,4164,2025-08-13,Delivered,45897
43,2819,2025-11-27,Pending,11084.26
44,4869,2025-04-21,Delivered,31585.96
45,2695,2024-08-19,Pending,17114.52
46,4800,2025-04-15,Delivered,18364.8
47,4739,2024-10-26,Pending,12222.81
48,96,2025-12-24,Pending,69186.92
49,453,2024-07-27,Cancelled,65976.97
50,256,2024-08-03,Cancelled,32464.17
51,4632,2025-04-04,Pending,71008.12
52,797,2024-02-14,Cancelled,67884.51
53,1237,2025-05-25,Pending,49544.35
54,1252,2024-02-29,Delivered,6212.98
55,2284,2025-05-10,Cancelled,13630.25
56,4380,2025-04-16,Pending,31356.12
57,2668,2025-10-31,Pending,57474.65
58,4320,2024-06-18,Cancelled,30396.2
59,130,2025-06-18,Cancelled,45236.52
60,4779,2025-12-25,Pending,24421.82
61,220,2024-04-07,Shipped,29870.15
62,4385,2024-07-20,Delivered,45260.78
63,1317,2025-05-17,Delivered,18486.26
64,1774,2025-07-13,Shipped,64960.74
65,4610,2025-01-04,Shipped,17988.47
66,3948,2024-12-22,Pending,45049.8
67,677,2025-10-01,Cancelled,19108.95
68,1109,2024-03-22,Pending,22072.6
69,2141,2024-12-31,Pending,61718.11
70,1701,2024-04-30,Shipped,37322.71
71,3560,2025-09-09,Shipped,37167.13
72,668,2024-01-28,Delivered,9732.3
73,2356,2024-06-12,Delivered,5714.53
74,2961,2025-11-15,Pending,23877.3
75,4784,2025-09-21,Cancelled,64552.5
76,2386,2025-11-10,Cancelled,2060.87
77,2513,2025-12-22,Pending,43598.57
78,3172,2025-12-22,Shipped,69054.52
79,4226,2025-01-17,Pending,35317.18
80,551,2024-04-25,Shipped,34023.88
81,539,2024-05-20,Pending,49808.01
82,4817,2024-11-27,Delivered,74810.02
83,4320,2025-03-23,Delivered,51699.56
84,3216,2024-04-24,Shipped,59560.24
85,3586,2025-09-07,Pending,23035.7
86,1565,2024-10-08,Pending,53814.53
87,3658,2025-01-15,Cancelled,29936.85
88,2898,2025-01-28,Delivered,48501.44
89,4816,2024-10-13,Pending,49375.27
90,886,2025-05-20,Cancelled,65798.93
91,1013,2025-02-11,Cancelled,15100.97
92,2526,2024-04-09,Delivered,70923.36
93,3960,2025-06-26,Shipped,10598.94
94,2340,2024-06-01,Cancelled,74871.24
95,2981,2024-07-22,Shipped,70926.73
96,2494,2024-01-16,Pending,17813.92
97,2694,2024-01-16,Pending,20744.14
98,2625,2024-11-02,Shipped,51631.81
99,1018,2024-02-27,Shipped,14895.2
100,1736,2024-04-03,Cancelled,57329.46
101,3546,2025-08-04,Cancelled,39327.43
102,2024,2024-04-09,Pending,4891.05
103,3698,2024-11-12,Cancelled,67542.17
104,3163,2025-06-19,Shipped,44063.88
105,462,2024-03-26,Pending,67922
106,3988,2024-05-17,Cancelled,71173.75
107,2100,2024-01-12,Pending,37517.71
108,745,2024-09-08,Pending,38444.74
109,459,2024-04-09,Pending,22230.38
110,791,2025-12-18,Delivered,65726.04
111,1192,2025-12-09,Delivered,3669.53
112,1907,2025-07-28,Delivered,43752.06
113,4932,2025-10-25,Pending,10153.03
114,1425,2024-07-30,Delivered,50875.13
115,4719,2024-06-17,Delivered,16328.28
116,2182,2024-05-24,Delivered,16500.32
117,3029,2024-04-23,Pending,47459.71
118,4089,2024-12-10,Delivered,32305.05
119,101,2024-09-24,Cancelled,32876.93
120,1350,2024-10-20,Shipped,71920.35
121,2007,2025-08-14,Cancelled,39094.63
122,1286,2024-10-22,Delivered,42101.93
123,2177,2024-02-16,Shipped,6510.76
124,873,2024-12-07,Cancelled,29549.14
125,2846,2024-06-29,Shipped,826.5
126,59,2024-09-25,Shipped,45680.11
127,783,2025-10-26,Cancelled,70395.5
128,4229,2024-07-16,Shipped,15364.58
129,1592,2025-11-05,Cancelled,27137.31
130,3992,2025-11-02,Delivered,1990.62
131,4246,2025-12-15,Cancelled,72045.34
132,4075,2025-12-17,Shipped,4822.9
133,1395,2024-07-11,Shipped,59743.83
134,1974,2024-08-07,Delivered,10547.78
135,3078,2025-12-25,Pending,55568.29
136,4162,2025-02-21,Pending,42621.91
137,1598,2024-08-01,Cancelled,74889.3
138,45,2025-08-05,Delivered,53040.7
139,2781,2025-07-02,Pending,70902.11
140,1718,2024-04-12,Pending,60603.19
141,4531,2024-10-26,Shipped,61436.51
142,776,2025-06-21,Delivered,62409.84
143,763,2024-05-28,Delivered,20382.4
144,101,2024-11-14,Shipped,67200.64
145,3705,2024-07-12,Cancelled,40515.93
146,3049,2024-07-16,Pending,3319.91
147,892,2025-02-04,Cancelled,25181.08
148,2389,2024-01-25,Shipped,41877.15
149,4598,2024-01-04,Delivered,50966.86
150,4703,2025-12-06,Delivered,63480.18
151,2574,2024-09-01,Pending,58566.22
152,4328,2025-12-09,Pending,21960.04
153,4345,2024-11-17,Delivered,41760.61
154,3219,2024-11-26,Cancelled,63354.44
155,890,2025-10-17,Delivered,74809.09
156,385,2025-05-10,Shipped,18958.11
157,41,2024-04-26,Pending,44246.56
158,3710,2024-08-04,Delivered,25041.28
159,4012,2024-10-31,Cancelled,30727.89
160,1334,2024-10-11,Pending,539.89
161,773,2024-07-25,Pending,30454.69
162,789,2025-02-04,Delivered,39881.28
163,986,2025-07-25,Delivered,43286.67
164,679,2025-02-12,Pending,50631.98
165,2688,2024-09-30,Shipped,60849.29
166,2148,2025-05-06,Pending,50394.03
167,1695,2025-03-08,Pending,60645.85
168,4419,2024-10-02,Pending,18670.82
169,476,2024-03-28,Delivered,16836.32
170,1779,2024-06-28,Cancelled,8022.4
171,2955,2024-05-04,Delivered,49108.15
172,4681,2025-04-28,Shipped,9796.34
173,41,2025-12-17,Pending,23756.03
174,2581,2025-10-20,Pending,29055.47
175,9,2025-01-21,Cancelled,45379.93
176,1173,2024-04-18,Delivered,20460.18
177,3281,2024-12-15,Delivered,70499.3
178,1453,2024-12-11,Cancelled,33299.88
179,270,2025-05-31,Cancelled,47924.45
180,2031,2025-10-08,Delivered,5512.19
181,4498,2025-07-02,Delivered,26189.28
182,1777,2024-07-22,Shipped,69853.32
183,4820,2024-02-04,Pending,14959.94
184,2673,2024-06-15,Cancelled,30843.74
185,4656,2024-09-05,Shipped,70630.38
186,914,2024-10-08,Delivered,34657.33
187,4875,2024-04-04,Pending,67746.19
188,1307,2024-06-21,Delivered,53305.65
189,3344,2024-08-21,Cancelled,19609.9
190,3623,2024-05-19,Cancelled,43826.22
191,4829,2024-06-03,Cancelled,67964.58
192,534,2025-03-01,Shipped,55405.62
193,1673,2024-12-30,Delivered,33040.82
194,3731,2024-10-04,Pending,55771.69
195,330,2025-06-06,Shipped,73745.96
196,3745,2025-01-27,Shipped,7025.36
197,3721,2024-04-02,Cancelled,8495.14
198,674,2025-11-06,Cancelled,8824.94
199,591,2025-12-07,Delivered,66989.63
200,455,2024-12-10,Delivered,1005.84
201,3869,2024-10-14,Cancelled,48838.12
202,4126,2025-11-10,Delivered,37426.13
203,2865,2024-10-11,Pending,61937.11
204,2613,2024-03-13,Cancelled,43693.78
205,2716,2025-01-11,Shipped,3495.31
206,4727,2024-12-13,Cancelled,44083.13
207,3564,2024-12-16,Cancelled,12764.22
208,1928,2025-05-27,Pending,67763.02
209,3080,2024-11-12,Cancelled,42601.9
210,4136,2025-05-05,Shipped,70517.62
211,1575,2025-02-16,Shipped,23176.34
212,4977,2024-01-17,Cancelled,6978.6
213,1377,2025-03-06,Pending,56929.36
214,398,2025-02-25,Pending,43628.68
215,4820,2025-04-20,Shipped,14220.12
216,197,2024-05-25,Pending,39437.24
217,152,2025-06-30,Shipped,20274.55
218,4474,2024-10-30,Pending,57684.6
219,2444,2024-05-31,Shipped,31583.59
220,1481,2024-08-06,Shipped,38930.27
221,521,2024-02-05,Pending,30024.04
222,2657,2025-10-22,Cancelled,51041.53
223,4180,2024-07-30,Delivered,47293.66
224,4373,2025-07-10,Cancelled,52670
225,2232,2024-03-25,Delivered,36153.04
226,989,2025-06-18,Cancelled,10800.68
227,1680,2025-01-21,Delivered,22504.43
228,2089,2025-11-02,Pending,37345.02
229,2724,2025-04-13,Pending,26286.28
230,2423,2024-10-19,Pending,30393.23
231,2225,2025-08-09,Pending,40791.99
232,4083,2024-03-31,Pending,50112.15
233,469,2025-11-03,Cancelled,32379
234,3689,2025-04-20,Shipped,7025.52
235,2808,2024-01-14,Shipped,39237.81
236,3652,2024-05-20,Pending,68387.03
237,1261,2024-06-19,Cancelled,18005.65
238,984,2025-08-20,Cancelled,66009.44
239,3197,2025-04-22,Cancelled,14159.4
240,2439,2025-06-22,Cancelled,67087.94
241,3645,2025-01-04,Cancelled,26009.13
242,3715,2025-06-16,Delivered,64699.06
243,2429,2024-02-06,Delivered,57191.72
244,906,2025-05-25,Cancelled,59572.17
245,3212,2024-12-30,Pending,3436.23
246,2991,2025-08-19,Cancelled,62875.53
247,3583,2024-09-11,Cancelled,46541.34
248,613,2025-05-16,Pending,36692.64
249,27,2025-08-03,Shipped,41321.14
250,2380,2024-09-28,Pending,48202.78
251,2747,2024-08-31,Delivered,47312.16
252,2703,2025-12-16,Cancelled,24910.78
253,299,2024-03-20,Shipped,70742.73
254,1068,2025-01-14,Cancelled,74532.18
255,3963,2024-11-18,Pending,71547.56
256,4899,2025-09-08,Pending,11166.68
257,3371,2025-12-03,Pending,38622.35
258,4614,2025-03-28,Shipped,9951.64
259,2380,2024-09-02,Cancelled,43116.21
260,2405,2025-05-01,Cancelled,10011.11
261,1825,2025-09-11,Shipped,13026.39
262,2692,2025-12-22,Shipped,16878.66
263,1431,2025-04-08,Delivered,24702.07
264,2856,2024-12-08,Shipped,20201.58
265,2022,2025-12-16,Pending,51651.54
266,4887,2024-02-25,Pending,36146.66
267,3078,2024-11-12,Cancelled,25607.48
268,2799,2025-09-05,Shipped,71750.44
269,4393,2025-11-29,Delivered,74972.38
270,430,2024-07-01,Pending,50045.18
271,4327,2025-02-28,Pending,72379.63
272,2686,2025-05-07,Pending,3837.16
273,2979,2025-07-21,Delivered,33552.91
274,34,2024-08-01,Pending,5584.99
275,2338,2025-04-19,Delivered,36398.83
276,3133,2025-05-22,Pending,74109.47
277,3225,2025-11-02,Delivered,62277.14
278,1782,2025-07-05,Cancelled,22975.47
279,4743,2025-02-05,Shipped,8837.66
280,1197,2024-09-22,Shipped,36682.66
281,3656,2024-07-13,Cancelled,1726.41
282,856,2025-01-16,Delivered,13210.31
283,4824,2025-05-09,Shipped,47736.2
284,4766,2025-12-16,Pending,69868.22
285,530,2025-06-11,Delivered,11481.12
286,4315,2024-12-19,Delivered,36991.55
287,4095,2024-11-21,Delivered,72520.29
288,4588,2024-01-15,Shipped,13997.49
289,3378,2025-10-03,Delivered,71093.46
290,1891,2024-09-02,Pending,47932.76
291,3983,2025-11-28,Shipped,37096.79
292,2432,2025-05-03,Shipped,29667.64
293,1552,2025-06-06,Pending,27592.55
294,3937,2024-04-08,Cancelled,37751.04
295,1817,2025-09-16,Cancelled,62038.6
296,151,2024-01-18,Shipped,44675.79
297,1451,2025-12-01,Shipped,19802.64
298,4650,2024-06-07,Cancelled,59530.43
299,109,2025-04-23,Cancelled,18324.7
300,2437,2025-08-31,Shipped,62596.22
301,3433,2025-05-19,Pending,71139.6
302,1454,2025-02-22,Pending,58805.84
303,1238,2024-04-05,Cancelled,63330.12
304,4169,2025-11-05,Cancelled,20792.44
305,618,2025-05-07,Cancelled,53471.68
306,1033,2025-06-06,Delivered,11038.92
307,934,2025-04-29,Pending,5811.55
308,1185,2024-12-23,Delivered,41260.3
309,4062,2024-11-09,Delivered,62682.72
310,2076,2024-03-23,Delivered,25654.18
311,4231,2024-05-11,Shipped,44727.08
312,4377,2025-09-06,Delivered,21239.92
313,3799,2024-12-15,Shipped,30700.56
314,344,2025-01-07,Shipped,19869.67
315,477,2024-06-28,Pending,65894.21
316,1253,2024-03-26,Pending,42579.36
317,3550,2024-09-09,Shipped,34442.88
318,3250,2025-02-24,Pending,69999.51
319,469,2025-07-01,Cancelled,70157.45
320,3887,2024-01-30,Shipped,32036.82
321,3954,2024-07-30,Cancelled,25583.22
322,3826,2025-08-28,Pending,66424.27
323,2364,2024-02-11,Cancelled,35692.94
324,3099,2025-06-08,Cancelled,2228.84
325,2293,2024-06-26,Pending,40875.97
326,4913,2024-09-12,Pending,51520.22
327,1059,2025-11-30,Delivered,64895.93
328,451,2024-06-26,Delivered,56085.34
329,744,2024-11-18,Shipped,31260.33
330,801,2024-07-14,Shipped,47620.42
331,788,2024-11-07,Pending,18753.19
332,3764,2025-04-30,Pending,34814
333,3276,2024-02-27,Cancelled,45919.36
334,3305,2024-04-09,Delivered,29041.78
335,2027,2024-01-24,Pending,66131.47
336,1867,2024-11-15,Shipped,67752.11
337,2783,2025-07-28,Delivered,12889.95
338,2290,2024-02-21,Cancelled,47575.47
339,2234,2024-08-19,Delivered,2454.14
340,2298,2025-08-05,Pending,52876.75
341,4370,2024-03-10,Pending,50992.92
342,3987,2024-10-10,Delivered,29266.54
343,129,2024-12-31,Shipped,57568.33
344,2770,2024-09-16,Shipped,53480.39
345,3571,2025-07-05,Shipped,24157.37
346,4642,2024-11-08,Shipped,9384.07
347,2377,2024-10-31,Cancelled,72092.47
348,1995,2025-02-07,Delivered,68307.26
349,1299,2025-11-19,Delivered,25050.41
350,1035,2025-01-04,Cancelled,14229.04
351,4779,2025-01-14,Shipped,23935.08
352,2174,2025-08-12,Cancelled,1652.25
353,1504,2025-01-20,Delivered,46322.36
354,378,2025-11-30,Shipped,22850.15
355,3617,2024-01-19,Pending,57272.99
356,4425,2025-08-24,Cancelled,50575.21
357,2810,2025-11-14,Shipped,36461.06
358,880,2025-11-07,Shipped,10387.81
359,1976,2024-01-11,Pending,1260
360,1901,2025-02-05,Pending,3460.9
361,3827,2025-07-23,Shipped,35390.21
362,1508,2025-05-22,Cancelled,30158.49
363,3927,2025-03-24,Delivered,46401.86
364,265,2025-12-31,Delivered,52160.69
365,593,2024-11-03,Delivered,13527.99
366,2385,2025-02-06,Cancelled,74317.02
367,3760,2024-06-29,Cancelled,47021.57
368,682,2025-03-24,Delivered,20186.46
369,2738,2024-11-08,Delivered,22914.01
370,2090,2025-02-17,Delivered,32435.42
371,275,2025-02-23,Pending,51876.46
372,2574,2024-07-09,Cancelled,18152.1
373,4204,2024-08-21,Shipped,33691.06
374,1319,2024-12-12,Shipped,45376.84
375,2910,2024-12-08,Pending,15993.24
376,1842,2024-10-15,Cancelled,14406.88
377,773,2025-07-23,Delivered,38016.75
378,2757,2025-08-22,Delivered,9052.2
379,645,2024-09-22,Shipped,59019.53
380,4147,2025-12-30,Pending,54310.44
381,4339,2025-08-10,Shipped,74651.69
382,286,2025-04-30,Cancelled,662.56
383,4782,2024-08-07,Shipped,70130.73
384,3977,2024-03-02,Shipped,35951.4
385,2908,2024-02-19,Shipped,44727.9
386,4306,2025-01-05,Cancelled,19539.08
387,3629,2024-01-04,Pending,56995.29
388,729,2025-07-17,Shipped,11460.86
389,1897,2024-12-23,Shipped,25836.12
390,3786,2024-09-26,Cancelled,28717.11
391,317,2025-03-19,Shipped,3150.01
392,751,2024-12-31,Cancelled,70631.29
393,2881,2025-11-17,Delivered,19262.13
394,207,2025-03-11,Pending,11830.92
395,2172,2024-08-24,Pending,64753.15
396,3369,2024-08-10,Pending,55845.2
397,2616,2025-11-14,Delivered,40371.02
398,2732,2025-08-23,Pending,33460.52
399,4173,2025-12-12,Pending,67677.03
400,3255,2025-06-25,Shipped,19650.79
401,2019,2024-10-02,Pending,42217.93
402,2304,2025-12-08,Pending,10416.08
403,4658,2024-05-29,Pending,53262.62
404,840,2024-06-03,Shipped,58063.56
405,3090,2025-04-13,Pending,14055.34
406,181,2024-10-08,Shipped,28826.44
407,1942,2025-05-30,Pending,57502.88
408,2049,2024-10-14,Cancelled,3737.96
409,3938,2025-01-03,Cancelled,74393.1
410,4365,2025-02-08,Delivered,24554.95
411,3379,2024-04-05,Cancelled,50486.13
412,1770,2025-12-20,Shipped,14823.04
413,1376,2025-12-12,Cancelled,56420.94
414,3223,2025-12-26,Cancelled,63865.87
415,3257,2025-05-14,Cancelled,73626.28
416,4683,2025-08-06,Cancelled,45822.21
417,2505,2025-12-09,Pending,25058.17
418,2179,2024-06-04,Shipped,37497.22
419,2361,2025-04-19,Pending,40710.38
420,1493,2024-10-07,Cancelled,19214.94
421,1265,2024-02-08,Cancelled,29998.47
422,742,2024-08-19,Delivered,63064.97
423,2463,2024-05-26,Delivered,35727.17
424,2112,2024-08-03,Delivered,5440.5
425,2880,2024-07-05,Cancelled,65085.19
426,3565,2024-10-12,Shipped,33001.64
427,1314,2024-05-22,Shipped,40664.94
428,1287,2025-08-17,Delivered,14910.9
429,4821,2025-12-19,Cancelled,24867.45
430,4034,2024-08-15,Cancelled,13112.08
431,2231,2024-07-16,Cancelled,53435.24
432,2458,2024-07-21,Shipped,4464.07
433,4153,2025-03-29,Shipped,69917.96
434,987,2024-06-02,Delivered,6219.65
435,4213,2024-06-24,Pending,3988.86
436,3488,2024-01-01,Cancelled,14951.82
437,4008,2025-01-15,Delivered,23103.14
438,1691,2025-04-17,Pending,47835.03
439,2082,2025-08-09,Cancelled,41976.97
440,824,2025-03-05,Pending,24841.08
441,4226,2024-04-06,Pending,59162.07
442,3826,2025-03-21,Pending,69842.26
443,4448,2024-02-24,Pending,58539.35
444,4256,2024-08-19,Shipped,47210.9
445,3143,2025-08-28,Pending,7069.64
446,4348,2025-01-10,Pending,56396.95
447,4395,2024-11-20,Pending,25937.48
448,247,2025-12-08,Cancelled,24159.61
449,1755,2025-08-16,Pending,12376.76
450,4320,2024-06-05,Pending,22767.33
451,1716,2024-03-28,Pending,11044.06
452,1650,2025-02-20,Pending,13032.87
453,1449,2025-02-03,Cancelled,45423.98
454,519,2025-01-27,Shipped,63371.5
455,979,2024-05-10,Delivered,49384.1
456,716,2024-08-22,Cancelled,44325.01
457,4120,2024-12-06,Shipped,40821.25
458,4912,2024-11-26,Delivered,33787.11
459,3218,2025-01-28,Shipped,65174.27
460,696,2025-12-16,Pending,24559.48
461,1446,2024-04-19,Delivered,43600.39
462,4455,2024-02-12,Delivered,41680.04
463,4135,2025-11-04,Shipped,6333.98
464,603,2024-09-11,Cancelled,18935.61
465,791,2024-09-21,Delivered,22657.37
466,26,2025-09-22,Shipped,71330.91
467,4994,2025-08-15,Delivered,40833.36
468,711,2025-11-19,Pending,27485.95
469,2844,2025-11-30,Pending,12890.52
470,1777,2024-02-15,Pending,13783.25
471,3241,2024-11-20,Cancelled,52022.44
472,3205,2024-11-14,Shipped,51765.39
473,2689,2024-04-05,Shipped,22921.18
474,4006,2024-08-02,Cancelled,18035.6
475,552,2024-07-11,Delivered,44622.82
476,4900,2025-05-23,Delivered,49891.71
477,2483,2025-12-15,Delivered,70877.16
478,3827,2025-01-25,Delivered,49247.99
479,4792,2024-04-08,Shipped,11477.55
480,3543,2024-06-15,Cancelled,46778
481,3256,2025-09-05,Delivered,27096.24
482,653,2024-07-20,Delivered,64365.01
483,2518,2025-12-14,Cancelled,33935.92
484,1126,2025-07-26,Cancelled,24662.46
485,3255,2025-12-07,Shipped,14658.69
486,4748,2025-10-24,Cancelled,21102.12
487,4455,2024-08-28,Cancelled,38712.05
488,1557,2025-08-19,Pending,39946.48
489,3434,2025-03-18,Cancelled,64235.29
490,1610,2025-09-14,Pending,54055.84
491,4241,2024-07-09,Shipped,60407.79
492,4839,2025-04-05,Pending,26342.67
493,1524,2025-03-31,Delivered,71569.12
494,4081,2025-07-01,Cancelled,18706.76
495,1063,2025-01-26,Shipped,35176.19
496,1671,2025-07-14,Cancelled,41733.56
497,1222,2025-12-17,Cancelled,36967.11
498,1945,2024-12-02,Delivered,6094.86
499,1640,2024-05-15,Shipped,55611.26
500,1415,2024-10-11,Delivered,20538.15
501,2669,2024-01-08,Delivered,70956.57
502,4506,2024-08-22,Pending,34666.44
503,4847,2024-10-23,Pending,30298.78
504,2687,2024-06-10,Cancelled,34754.17
505,775,2024-10-30,Pending,57004.68
506,3371,2024-11-26,Cancelled,60169.93
507,3763,2025-10-05,Pending,34707.94
508,2499,2024-08-14,Delivered,20486.71
509,1317,2025-04-12,Delivered,11068.1
510,4014,2024-04-04,Cancelled,1502.88
511,697,2024-08-30,Shipped,19976.35
512,4022,2025-01-08,Delivered,27855.47
513,1712,2024-06-03,Delivered,50606.31
514,1568,2025-10-30,Cancelled,65130.56
515,4816,2024-11-05,Shipped,69914.77
516,2194,2025-06-22,Cancelled,54353.99
517,4226,2025-12-08,Delivered,44337.09
518,4423,2025-10-02,Pending,42144.25
519,3375,2024-01-27,Pending,34272.57
520,4900,2024-02-10,Shipped,9898.33
521,4813,2025-08-01,Pending,65432.73
522,3210,2024-10-17,Pending,38529.56
523,2641,2024-07-02,Pending,63242.25
524,2007,2024-05-31,Delivered,71628.35
525,4636,2024-06-11,Delivered,24719.66
526,4677,2025-11-19,Cancelled,32588.88
527,1901,2025-12-23,Pending,5741.11
528,4595,2024-11-04,Cancelled,13683.39
529,3907,2025-01-08,Delivered,25837.37
530,4573,2024-02-24,Delivered,5658.73
531,269,2024-04-23,Delivered,30067.13
532,4529,2024-07-24,Pending,74521.76
533,4040,2024-02-07,Shipped,11025.57
534,1679,2025-11-28,Pending,4748.23
535,1240,2024-07-09,Shipped,35677.47
536,4212,2025-06-04,Delivered,34187.2
537,4376,2025-01-25,Pending,3898.97
538,577,2024-09-24,Cancelled,2588.59
539,3424,2025-05-11,Pending,20937.52
540,3247,2025-10-04,Cancelled,41215.6
541,3859,2025-04-03,Delivered,51972.37
542,2056,2024-03-06,Shipped,40202.28
543,1791,2025-05-06,Cancelled,22019.04
544,505,2025-05-06,Shipped,10920.2
545,520,2024-02-29,Cancelled,49131.73
546,4243,2024-06-07,Delivered,42804.14
547,2403,2024-10-26,Shipped,27641.61
548,314,2025-01-30,Shipped,50280.29
549,3410,2024-10-06,Pending,32237.82
550,3727,2025-08-08,Cancelled,9729.96
551,1562,2025-09-15,Shipped,72144.82
552,2189,2024-01-29,Pending,38781.47
553,1354,2025-05-07,Pending,48740.68
554,3712,2025-02-10,Cancelled,52624.15
555,3384,2024-02-24,Delivered,71401.18
556,2577,2025-02-28,Shipped,69339.07
557,3304,2024-06-15,Shipped,31072.13
558,1343,2025-05-17,Pending,13575.76
559,2546,2025-08-13,Cancelled,55309.39
560,2569,2025-02-19,Pending,67357.62
561,1006,2024-12-11,Pending,6514.26
562,1201,2024-04-21,Shipped,6718.38
563,3296,2025-10-27,Delivered,17217.12
564,143,2024-07-13,Pending,63520.27
565,1535,2025-05-15,Delivered,15921.8
566,1687,2024-08-07,Shipped,58952.97
567,438,2024-01-13,Pending,5469.04
568,1019,2024-01-13,Cancelled,67986.84
569,891,2025-08-20,Cancelled,47336.59
570,1682,2024-08-28,Shipped,60714.91
571,193,2025-06-05,Cancelled,69873.08
572,1860,2025-02-18,Cancelled,17009.58
573,1768,2025-06-21,Delivered,11932.54
574,603,2025-07-10,Delivered,3402.07
575,74,2025-02-18,Shipped,69595.94
576,2694,2024-09-07,Shipped,27130.6
577,3313,2024-03-20,Cancelled,55787.52
578,2020,2025-12-13,Pending,8295.59
579,2965,2025-12-03,Delivered,16004.99
580,4842,2024-09-30,Delivered,16085.29
581,2079,2024-07-25,Pending,60648.04
582,2689,2025-12-16,Shipped,31148.54
583,684,2024-07-06,Pending,53364.1
584,556,2025-06-14,Pending,45647.72
585,3064,2025-07-24,Cancelled,13039.5
586,2632,2025-09-08,Pending,59654.23
587,2260,2025-05-01,Delivered,2266.17
588,228,2024-03-02,Cancelled,13890.25
589,4334,2024-10-13,Cancelled,4161.22
590,1032,2025-04-17,Delivered,39554.67
591,3843,2024-05-23,Delivered,21080.95
592,1667,2025-07-19,Shipped,65476.66
593,3702,2024-06-26,Delivered,49365.58
594,4029,2024-05-20,Delivered,34007.49
595,1236,2025-08-31,Delivered,17192.25
596,4714,2025-06-05,Shipped,9649.3
597,310,2024-06-03,Cancelled,15234.21
598,1849,2024-03-16,Shipped,16681.26
599,1024,2025-11-02,Delivered,38325.61
600,630,2025-01-23,Shipped,32189.75
601,1787,2024-05-03,Shipped,11536.84
602,2881,2024-01-29,Cancelled,39283.09
603,3656,2025-04-11,Cancelled,1315.16
604,1608,2024-03-02,Shipped,725.36
605,407,2024-07-28,Shipped,9014.32
606,1544,2024-03-13,Pending,33999.84
607,499,2025-12-07,Delivered,31667.08
608,1544,2024-03-22,Pending,31580.51
609,1666,2025-11-07,Delivered,25388.31
610,4834,2024-12-28,Delivered,48239.11
611,2429,2024-05-08,Delivered,69949.01
612,223,2024-05-05,Cancelled,29016.25
613,4287,2025-11-13,Cancelled,26443.47
614,1064,2024-08-04,Cancelled,45146.03
615,2673,2024-05-16,Delivered,11498.97
616,2129,2025-06-01,Delivered,71254.71
617,4126,2025-12-19,Delivered,46385.38
618,619,2024-09-08,Pending,48657.31
619,3318,2024-09-07,Pending,72891.05
620,1767,2025-03-30,Shipped,42205.45
621,218,2024-05-21,Pending,15272.44
622,3695,2025-04-26,Shipped,43931.29
623,4845,2025-04-15,Pending,6751.87
624,1538,2025-12-15,Cancelled,42692.09
625,3383,2025-03-04,Cancelled,2370.88
626,281,2024-11-02,Delivered,17124.04
627,2942,2024-12-30,Pending,56739.53
628,1255,2024-12-18,Cancelled,27296.33
629,2632,2025-09-13,Delivered,43752.58
630,4064,2024-02-01,Delivered,40273.68
631,2851,2025-06-01,Pending,28665.44
632,3828,2024-03-16,Delivered,19238.77
633,321,2025-08-31,Delivered,27837.78
634,3306,2024-05-24,Delivered,44186.36
635,4157,2025-04-27,Delivered,20137.71
636,784,2025-04-09,Delivered,36737.76
637,1908,2024-06-17,Delivered,39030.5
638,3139,2024-03-17,Cancelled,55800.34
639,1834,2025-12-02,Delivered,58359.83
640,569,2024-11-11,Pending,6334.71
641,4634,2025-04-03,Shipped,14551.46
642,2669,2025-06-01,Pending,51371.27
643,4275,2025-10-21,Pending,20598.7
644,3019,2024-10-10,Cancelled,17578.93
645,1999,2025-12-31,Pending,67326.32
646,4026,2024-02-08,Shipped,8982.26
647,3466,2024-06-12,Shipped,22275.86
648,4862,2024-10-10,Shipped,39454.01
649,2214,2025-03-16,Pending,45109.48
650,4609,2025-06-02,Cancelled,17867.69
651,1497,2025-12-23,Cancelled,7116.3
652,1509,2025-03-21,Delivered,36937.67
653,1112,2024-10-04,Pending,14467.54
654,4432,2025-03-08,Delivered,73920.59
655,174,2025-02-10,Shipped,22912.77
656,3235,2024-10-12,Shipped,52096.84
657,4021,2025-10-28,Cancelled,21054.42
658,1345,2024-07-11,Shipped,3151.32
659,1722,2025-03-26,Delivered,55871.4
660,4000,2024-02-29,Cancelled,49205.82
661,691,2024-09-21,Pending,8008.62
662,4717,2025-08-20,Shipped,6658.65
663,1961,2024-08-08,Cancelled,50020.38
664,229,2025-04-25,Delivered,14252.49
665,1833,2025-01-04,Delivered,74886.88
666,2048,2024-01-22,Pending,73647.67
667,2520,2025-12-29,Shipped,24756.18
668,1131,2024-12-11,Pending,29560.78
669,4854,2025-06-13,Pending,68804.58
670,2666,2025-08-13,Delivered,23456.5
671,674,2024-07-18,Pending,62911.57
672,560,2025-03-12,Shipped,2149.79
673,4532,2025-07-16,Shipped,6802.23
674,466,2025-06-09,Shipped,27611.67
675,4165,2025-05-24,Cancelled,64124.46
676,175,2024-01-09,Shipped,43872.26
677,885,2024-09-09,Pending,66365.98
678,4285,2025-02-02,Cancelled,65211.81
679,133,2025-09-16,Pending,43626.96
680,879,2025-05-29,Cancelled,5389.96
681,2104,2025-03-11,Pending,1337.92
682,3553,2025-03-05,Delivered,19669.84
683,502,2025-06-23,Cancelled,74394.37
684,2072,2024-11-21,Cancelled,40832.92
685,2877,2025-08-30,Cancelled,41311.37
686,3249,2024-07-02,Delivered,36734.22
687,3783,2024-02-02,Shipped,49672.36
688,1674,2025-12-09,Pending,38006.91
689,3233,2024-07-14,Delivered,57174.59
690,387,2025-05-28,Shipped,56949.11
691,2731,2024-03-21,Delivered,65980.74
692,3108,2025-09-28,Cancelled,33733.85
693,198,2024-04-13,Shipped,68926.37
694,4712,2024-08-16,Cancelled,17539.18
695,4917,2024-11-15,Delivered,50544.87
696,840,2025-08-22,Pending,12314.52
697,3748,2024-03-11,Delivered,34938.95
698,3564,2024-07-27,Shipped,34408.32
699,4409,2024-10-05,Pending,48847.86
700,4404,2024-01-30,Shipped,72907.43
701,532,2025-01-25,Shipped,60594.67
702,3689,2024-02-04,Pending,65568.32
703,532,2025-06-28,Pending,19726.61
704,3454,2025-08-10,Pending,38857.96
705,4606,2025-11-21,Delivered,7079.99
706,1177,2024-03-04,Pending,55235.43
707,3252,2025-09-03,Delivered,30612.37
708,936,2024-07-04,Pending,62397.5
709,1162,2024-12-22,Pending,1651.19
710,1922,2025-07-09,Shipped,21051.7
711,1133,2024-08-11,Shipped,19059.36
712,837,2024-06-09,Pending,43930.85
713,4889,2024-09-14,Cancelled,31861.65
714,4793,2024-06-15,Pending,47642.96
715,4849,2024-06-15,Shipped,18664.55
716,2044,2024-10-05,Shipped,21393.45
717,3601,2024-02-15,Cancelled,35658.6
718,1289,2025-04-12,Cancelled,56687
719,275,2024-12-16,Pending,45861.17
720,3854,2024-03-30,Pending,60387.99
721,2877,2025-04-18,Cancelled,43892.42
722,857,2024-08-09,Shipped,13500.51
723,3731,2025-07-25,Shipped,55717.77
724,1586,2025-06-14,Delivered,42725.79
725,4548,2025-03-02,Delivered,42731.29
726,557,2025-06-12,Shipped,3074.46
727,4656,2025-07-26,Delivered,18557.87
728,3495,2025-06-12,Delivered,74003.22
729,3965,2024-09-11,Shipped,46016.51
730,369,2024-03-25,Delivered,71822.49
731,4032,2025-09-30,Shipped,4801.48
732,2174,2024-08-12,Pending,67879.25
733,3655,2024-06-25,Pending,66105.47
734,1424,2024-07-17,Cancelled,18863.12
735,4263,2024-05-16,Pending,40175.36
736,4511,2025-12-23,Pending,12706.17
737,2015,2024-02-20,Delivered,46731.28
738,4302,2024-05-22,Shipped,11906.74
739,2941,2025-09-16,Shipped,62389.9
740,4098,2025-02-19,Cancelled,36099.49
741,396,2025-11-25,Pending,51509.35
742,3697,2025-10-09,Shipped,38553
743,2625,2024-03-02,Delivered,23268.77
744,1556,2025-12-18,Pending,67763.44
745,230,2025-01-20,Shipped,3470
746,870,2025-02-09,Shipped,74271.47
747,469,2024-04-27,Cancelled,5830.99
748,4080,2025-12-28,Delivered,44764.1
749,3716,2025-12-03,Cancelled,48606.43
750,4683,2024-03-12,Pending,7274.58
751,1139,2025-05-02,Pending,7250.71
752,1432,2024-02-13,Shipped,5437.47
753,3125,2024-11-28,Cancelled,35657.43
754,1475,2025-10-02,Shipped,23462.51
755,3969,2025-06-11,Cancelled,72293.83
756,2775,2025-07-10,Shipped,21749.79
757,3948,2024-02-02,Delivered,46624.84
758,4114,2024-12-04,Shipped,26430.25
759,3374,2024-06-04,Pending,30895.27
760,3627,2025-01-26,Cancelled,45370.18
761,1840,2025-06-21,Shipped,65822.87
762,4921,2024-11-30,Delivered,38081.61
763,4205,2024-07-03,Delivered,28314.69
764,3782,2024-04-23,Pending,50051.81
765,182,2024-06-25,Delivered,73354.33
766,2344,2024-10-13,Shipped,67749.38
767,3484,2024-04-24,Delivered,37273.55
768,630,2024-05-04,Delivered,21819.64
769,1494,2024-07-09,Shipped,9777.49
770,877,2024-08-03,Pending,37902.78
771,1496,2025-02-09,Pending,60038.72
772,548,2025-04-06,Shipped,17035.64
773,4041,2025-09-06,Shipped,65480.97
774,3069,2025-05-08,Pending,51955.67
775,4217,2024-02-18,Delivered,3124.39
776,3989,2025-04-01,Shipped,12432.04
777,1450,2025-02-19,Shipped,44310.56
778,3316,2024-09-11,Shipped,55168.89
779,592,2024-05-04,Cancelled,62739
780,1142,2024-07-01,Pending,7628.5
781,3931,2025-01-05,Delivered,13057.84
782,4313,2024-01-03,Shipped,44281.73
783,4651,2024-06-22,Shipped,49203.57
784,4453,2025-01-12,Shipped,9772.62
785,3621,2025-06-25,Cancelled,30108.06
786,3883,2025-10-12,Pending,31740.88
787,543,2025-04-23,Delivered,31879.28
788,268,2024-10-15,Cancelled,52500.38
789,1484,2024-02-23,Cancelled,18312.2
790,3919,2025-02-08,Delivered,54619.19
791,615,2025-09-05,Delivered,12032.8
792,3562,2024-06-29,Delivered,51134.38
793,3361,2024-05-14,Cancelled,41379.79
794,1549,2024-09-01,Pending,9374.36
795,4235,2025-08-20,Delivered,51831.99
796,2700,2025-04-19,Shipped,74027.72
797,4439,2025-08-31,Pending,63379.86
798,3131,2024-01-19,Shipped,71463.2
799,2382,2025-06-12,Pending,52746.69
800,4596,2025-10-14,Cancelled,43479.82
801,4431,2024-04-30,Pending,49435.63
802,1851,2024-03-19,Delivered,41879.59
803,2460,2025-03-14,Delivered,60710.59
804,1452,2024-06-13,Shipped,23617.98
805,1122,2025-11-25,Cancelled,21741.2
806,40,2024-11-30,Delivered,11650.39
807,104,2025-11-12,Delivered,16785.48
808,1248,2025-01-17,Delivered,8206.92
809,1085,2024-12-05,Cancelled,11772.06
810,274,2025-07-19,Delivered,72297.31
811,2529,2024-11-18,Cancelled,47053.17
812,2070,2025-03-10,Cancelled,5033.87
813,286,2024-03-16,Shipped,14396.88
814,2266,2025-03-23,Shipped,54472.67
815,1647,2024-10-04,Pending,61918.74
816,2067,2025-10-21,Cancelled,35114.37
817,324,2024-01-13,Shipped,65909.76
818,3640,2024-09-13,Pending,4022.47
819,1351,2025-01-22,Delivered,3063.63
820,2782,2025-03-05,Cancelled,12032.39
821,822,2024-04-12,Shipped,29761.04
822,197,2025-12-25,Delivered,46089.29
823,2675,2025-12-09,Pending,49899.2
824,3497,2024-08-03,Delivered,19811.03
825,3591,2025-01-30,Shipped,15751.7
826,420,2024-09-16,Shipped,27290.33
827,1725,2025-08-28,Delivered,19880.88
828,3678,2024-07-27,Pending,20988.91
829,4538,2025-05-05,Cancelled,18578.26
830,1512,2024-04-14,Shipped,67569.75
831,3436,2024-11-26,Delivered,46524.45
832,1403,2024-04-02,Cancelled,58816.68
833,4950,2025-02-11,Cancelled,71154.33
834,3469,2025-07-06,Delivered,59388.83
835,4530,2025-09-09,Delivered,36697.63
836,4127,2025-12-02,Pending,46687.26
837,1205,2025-12-18,Shipped,56292.35
838,2880,2024-03-19,Cancelled,41990.79
839,1223,2024-10-06,Delivered,32630.33
840,634,2024-07-24,Cancelled,8328.99
841,948,2024-06-09,Shipped,44149.17
842,4868,2025-12-28,Cancelled,55467.1
843,4677,2024-07-08,Cancelled,41489.23
844,2097,2025-09-11,Pending,12277.99
845,3553,2025-06-21,Cancelled,35287.48
846,878,2024-03-10,Shipped,36319.81
847,4609,2024-08-20,Pending,43899.91
848,4388,2024-12-30,Shipped,31835.26
849,3632,2024-10-28,Delivered,11492.57
850,2987,2024-01-25,Shipped,5437.42
851,4730,2024-09-08,Shipped,61250.75
852,1526,2024-03-01,Shipped,44159.57
853,3850,2025-06-28,Cancelled,61345.56
854,3009,2024-02-09,Cancelled,47071.62
855,767,2024-08-19,Cancelled,59876.43
856,4804,2025-05-06,Shipped,18616.23
857,2383,2024-05-23,Pending,28125.39
858,4299,2025-07-31,Delivered,28848.67
859,3303,2024-06-04,Shipped,42126.74
860,2211,2024-01-23,Shipped,47262.95
861,2673,2024-07-23,Cancelled,64332.97
862,1336,2024-03-27,Pending,49889.77
863,978,2024-11-03,Cancelled,60665.21
864,1350,2025-09-04,Delivered,27333.02
865,3704,2025-07-17,Delivered,5663.89
866,2431,2025-02-19,Cancelled,72328.7
867,3895,2025-05-29,Pending,64622.43
868,191,2025-11-09,Cancelled,36543.3
869,629,2024-02-02,Shipped,19095.15
870,4199,2025-11-14,Cancelled,2631.84
871,4120,2024-03-28,Pending,46697.25
872,2017,2025-12-30,Shipped,36141.82
873,4855,2024-12-11,Delivered,41442.55
874,4803,2025-03-20,Shipped,34942.2
875,1530,2024-06-23,Shipped,34249.79
876,4148,2024-09-28,Delivered,74956.03
877,156,2024-02-16,Cancelled,34520.56
878,374,2024-07-19,Delivered,31019.5
879,139,2024-07-17,Cancelled,48427.86
880,1036,2025-05-16,Shipped,26010.39
881,741,2024-06-27,Delivered,56793.21
882,3707,2024-09-06,Shipped,38389.01
883,408,2024-04-10,Pending,22016.76
884,2371,2024-10-22,Pending,58287.21
885,1448,2024-11-04,Shipped,16749.01
886,2123,2024-10-09,Pending,47676.35
887,4523,2025-03-12,Cancelled,53785.39
888,3846,2024-03-31,Shipped,58090.65
889,4388,2024-02-11,Shipped,29124.72
890,3623,2025-06-12,Delivered,54787.77
891,553,2025-08-14,Shipped,3801.57
892,1447,2024-08-16,Delivered,10571.19
893,1191,2024-05-24,Cancelled,49647.26
894,1717,2025-07-01,Delivered,2293.61
895,650,2025-07-01,Cancelled,33777.99
896,4477,2024-08-11,Shipped,33929.04
897,4862,2024-05-17,Pending,26619.53
898,1552,2025-02-15,Cancelled,21310.39
899,4291,2024-05-20,Shipped,23167.04
900,2606,2024-10-29,Delivered,14021.85
901,155,2025-06-10,Cancelled,44534.45
902,4185,2025-08-22,Shipped,3956.07
903,1146,2024-05-07,Cancelled,60167.1
904,1440,2025-02-19,Cancelled,16058.88
905,1158,2025-03-25,Cancelled,38176.84
906,1918,2024-07-28,Pending,51023.54
907,977,2025-07-02,Cancelled,1611.18
908,2589,2025-06-22,Pending,21197.24
909,3210,2024-06-11,Cancelled,12492.67
910,4934,2024-04-15,Cancelled,23976.49
911,3791,2024-08-29,Delivered,12543.11
912,4504,2025-05-21,Cancelled,27937.74
913,3337,2024-03-01,Pending,34815.18
914,2686,2024-01-23,Delivered,59082.27
915,4595,2025-03-29,Shipped,53605.51
916,2658,2024-02-07,Delivered,70204.9
917,2317,2024-03-30,Cancelled,27282.28
918,4313,2024-10-02,Shipped,31806.96
919,4644,2025-08-06,Delivered,26993.59
920,954,2025-01-23,Delivered,37428.58
921,2527,2025-06-02,Pending,1683.69
922,3363,2024-02-10,Shipped,34327.73
923,872,2024-07-05,Cancelled,19688.68
924,3275,2024-01-10,Delivered,64772.48
925,3084,2024-06-05,Cancelled,34159.7
926,4910,2025-05-14,Cancelled,23416.59
927,2462,2024-03-22,Shipped,3487.07
928,15,2024-07-03,Cancelled,69731.58
929,2061,2025-04-14,Cancelled,31983.3
930,350,2024-09-04,Cancelled,42508.58
931,602,2024-05-04,Pending,35457.33
932,1390,2024-01-31,Pending,37322.43
933,2953,2025-03-04,Pending,56373.47
934,1712,2024-03-13,Shipped,70069.74
935,472,2024-04-18,Pending,47227.35
936,3865,2025-11-12,Pending,64876.38
937,4572,2024-06-24,Pending,33772.93
938,2177,2025-03-27,Cancelled,19319.38
939,4417,2024-08-16,Pending,52578.96
940,3634,2024-12-23,Shipped,62274.51
941,3430,2025-04-24,Pending,34776.11
942,2156,2024-04-25,Cancelled,72239.66
943,1933,2024-05-08,Cancelled,4118.76
944,409,2024-01-03,Pending,36397.45
945,2195,2024-03-29,Delivered,6214.44
946,1036,2025-12-25,Pending,35867.27
947,4196,2025-11-08,Cancelled,12323.52
948,4588,2025-04-26,Delivered,24024.04
949,3430,2024-08-20,Pending,35105.31
950,4031,2025-03-15,Delivered,72314.84
951,4068,2024-10-10,Shipped,73857.95
952,3108,2025-07-03,Cancelled,4419.36
953,2133,2024-02-21,Shipped,48028.43
954,4917,2024-03-29,Shipped,19563.73
955,2465,2025-11-08,Cancelled,73335.75
956,1427,2024-04-26,Pending,28791.22
957,2937,2025-06-16,Delivered,40139.96
958,4305,2025-07-07,Cancelled,73534.1
959,1846,2024-12-04,Shipped,45400.35
960,2548,2024-11-23,Delivered,13249.1
961,1061,2025-10-23,Delivered,45187.78
962,272,2024-07-22,Delivered,44828.74
963,4687,2025-08-07,Delivered,27171.42
964,3662,2025-05-25,Shipped,67610.09
965,3166,2024-05-27,Shipped,10223.54
966,1370,2025-03-08,Shipped,68155.77
967,122,2025-12-30,Shipped,45400.88
968,4782,2024-05-19,Pending,8358.33
969,1549,2024-09-02,Shipped,72282.45
970,1146,2024-07-09,Delivered,17566.67
971,2554,2024-08-28,Pending,557.97
972,1544,2025-12-28,Delivered,15395.79
973,964,2025-05-24,Pending,4766.72
974,3406,2024-07-13,Cancelled,9306.48
975,3944,2025-01-04,Delivered,3502.79
976,2841,2025-10-24,Delivered,5146.3
977,4148,2024-05-28,Delivered,70496.89
978,2981,2024-03-29,Shipped,74432.14
979,1029,2024-07-06,Cancelled,72536.62
980,2982,2024-02-06,Delivered,1847.64
981,1735,2025-12-30,Shipped,13557.46
982,2459,2025-05-17,Cancelled,52182.56
983,965,2025-02-23,Pending,54003.04
984,1345,2025-03-26,Shipped,50536.23
985,2646,2024-03-07,Cancelled,18879.67
986,4027,2024-06-30,Pending,15564.82
987,3180,2025-10-02,Pending,42955.19
988,1406,2024-04-09,Pending,13299.28
989,1824,2025-10-20,Pending,1905.35
990,687,2024-09-22,Delivered,23524.76
991,433,2024-05-23,Cancelled,55254.25
992,439,2025-11-26,Delivered,11719.71
993,1426,2024-05-22,Pending,53151.59
994,2368,2024-03-02,Cancelled,25124.76
995,3658,2025-12-08,Pending,58948.17
996,1571,2024-05-27,Cancelled,74733.77
997,1206,2024-05-28,Pending,49631.29
998,1205,2025-03-23,Delivered,72898.55
999,1461,2024-03-08,Shipped,3311.18
1000,2394,2025-07-31,Delivered,5284.49
1001,215,2025-05-05,Cancelled,26019.68
1002,4503,2024-10-23,Cancelled,32370.78
1003,4287,2024-09-25,Shipped,53406.11
1004,3962,2025-11-29,Cancelled,26590.48
1005,2440,2024-01-02,Delivered,33181.11
1006,2485,2024-05-16,Shipped,19307.47
1007,4730,2024-06-21,Cancelled,36311.03
1008,4582,2024-08-04,Pending,28648.17
1009,2624,2025-01-15,Shipped,62287.22
1010,4692,2024-08-15,Delivered,39914.82
1011,1783,2024-08-28,Cancelled,3934.46
1012,1059,2025-08-21,Pending,35575.61
1013,3287,2025-07-27,Shipped,895.1
1014,3968,2025-05-12,Shipped,17558.2
1015,3086,2024-05-25,Cancelled,67234.02
1016,392,2025-06-25,Cancelled,36250.19
1017,1082,2025-12-31,Cancelled,41281.44
1018,4106,2024-03-21,Delivered,11306.76
1019,1834,2024-05-05,Shipped,601.71
1020,871,2024-11-05,Delivered,3683.6
1021,527,2025-11-08,Pending,58662.55
1022,594,2025-04-27,Shipped,74094.12
1023,1849,2025-12-05,Delivered,37281.92
1024,778,2025-11-18,Cancelled,43613.3
1025,761,2025-10-11,Delivered,13480.08
1026,4436,2024-01-06,Pending,66480.8
1027,50,2024-10-04,Pending,39856.38
1028,4378,2025-12-26,Delivered,20298.87
1029,2290,2024-06-03,Pending,38586.06
1030,3243,2024-10-14,Cancelled,66509.82
1031,2528,2025-07-01,Delivered,22467.44
1032,4442,2024-08-16,Delivered,10529.39
1033,4526,2025-05-23,Shipped,73924.89
1034,1511,2025-08-27,Delivered,32617.18
1035,3991,2025-05-01,Cancelled,1586.06
1036,3051,2024-08-13,Cancelled,72225.6
1037,1173,2024-06-02,Shipped,9281.69
1038,3882,2025-05-05,Delivered,43917.86
1039,2501,2025-05-18,Pending,47141.86
1040,900,2024-10-17,Cancelled,24726.26
1041,4371,2025-03-08,Delivered,36927
1042,1952,2024-08-03,Pending,19314.66
1043,1010,2025-12-01,Delivered,65180.84
1044,4203,2024-10-26,Delivered,18190.19
1045,3202,2025-06-17,Delivered,62754.13
1046,1829,2024-08-30,Cancelled,65211.91
1047,4302,2025-05-25,Pending,19541.15
1048,3414,2025-11-04,Cancelled,57505.41
1049,2787,2025-04-28,Delivered,19315.96
1050,1162,2025-10-11,Shipped,47981.47
1051,4291,2024-09-17,Delivered,33139.06
1052,1893,2024-02-13,Shipped,58319.81
1053,309,2025-01-15,Delivered,46539.31
1054,1124,2024-07-13,Shipped,68917.61
1055,2025,2024-06-06,Cancelled,27451.29
1056,154,2025-10-06,Delivered,48828.98
1057,594,2025-10-01,Cancelled,22581.01
1058,4860,2024-03-14,Delivered,53893
1059,3179,2024-08-09,Cancelled,26086.59
1060,264,2024-01-04,Pending,51768.04
1061,3986,2024-12-10,Pending,61003.14
1062,4210,2024-01-05,Shipped,61710.4
1063,3617,2025-12-24,Shipped,28441.57
1064,318,2024-02-25,Shipped,53577.89
1065,3446,2025-03-14,Delivered,51539.01
1066,2607,2025-06-09,Delivered,31619.04
1067,4093,2025-12-21,Pending,27091.3
1068,1728,2025-05-05,Shipped,35980.97
1069,2363,2025-06-02,Delivered,29222.63
1070,92,2025-06-07,Shipped,8932.35
1071,218,2024-09-08,Cancelled,24561.28
1072,1119,2025-07-02,Cancelled,64748.82
1073,4878,2025-08-22,Pending,65690.35
1074,1353,2024-08-29,Pending,58435.58
1075,3745,2025-03-11,Cancelled,1199.78
1076,3662,2024-11-12,Shipped,25325.96
1077,513,2025-08-21,Shipped,66519.69
1078,2538,2024-03-27,Delivered,34714.41
1079,4153,2025-11-18,Pending,8385.58
1080,2991,2024-04-09,Pending,66294.61
1081,4791,2025-10-18,Shipped,32091.47
1082,2139,2025-05-14,Delivered,70742.31
1083,4480,2025-10-16,Pending,64940.63
1084,2358,2024-11-13,Pending,35547.13
1085,4529,2025-03-22,Delivered,29212.39
1086,2472,2024-04-25,Cancelled,2832.62
1087,1450,2025-01-15,Delivered,17957.41
1088,4265,2025-03-01,Pending,18062.5
1089,3284,2025-07-02,Shipped,60356.57
1090,535,2025-11-09,Pending,45303.18
1091,3219,2025-04-22,Shipped,71161.58
1092,2150,2024-01-08,Pending,11424.07
1093,2233,2025-05-19,Delivered,44010.69
1094,2648,2024-11-16,Shipped,16380.81
1095,2079,2024-12-19,Cancelled,4108.13
1096,4127,2025-12-28,Shipped,39200.92
1097,1615,2025-05-30,Delivered,52057.03
1098,3653,2024-03-01,Delivered,47047.74
1099,693,2024-06-29,Cancelled,62265.32
1100,470,2024-11-26,Cancelled,62918.65
1101,3556,2025-01-31,Delivered,34821
1102,1508,2024-10-20,Cancelled,14030.54
1103,1417,2025-05-09,Pending,27546.86
1104,3678,2025-06-03,Shipped,42071.8
1105,26,2025-08-19,Pending,38332.63
1106,3652,2025-09-07,Cancelled,8523.96
1107,3740,2024-07-02,Delivered,58921.19
1108,3137,2025-07-07,Shipped,72977.89
1109,2999,2025-12-25,Delivered,29887.05
1110,4623,2025-05-04,Shipped,7666.85
1111,4262,2024-01-28,Pending,62336.2
1112,6,2024-09-11,Delivered,58865.31
1113,1632,2025-09-25,Delivered,62065.74
1114,4844,2025-06-14,Pending,39521.5
1115,3616,2025-04-21,Pending,52385.06
1116,4799,2024-10-22,Shipped,7385.14
1117,113,2025-07-22,Cancelled,34482.35
1118,2185,2024-11-16,Pending,35864.88
1119,3976,2025-10-15,Shipped,1690.38
1120,1771,2025-09-14,Shipped,30585.05
1121,1804,2025-01-11,Pending,33326.49
1122,3735,2025-11-10,Cancelled,50684.42
1123,1390,2024-09-12,Delivered,4699.67
1124,850,2024-12-15,Pending,22971.33
1125,254,2024-10-23,Cancelled,59619.14
1126,1137,2024-11-07,Cancelled,14090.16
1127,4463,2024-07-15,Cancelled,1728.54
1128,479,2025-07-20,Delivered,24750.34
1129,3036,2024-01-20,Shipped,9121.5
1130,3951,2025-05-16,Delivered,36317.13
1131,2564,2025-11-07,Pending,20463.25
1132,1172,2025-07-13,Shipped,72850.43
1133,1216,2025-03-02,Cancelled,72174.46
1134,398,2025-11-26,Delivered,12728.97
1135,3623,2024-03-17,Shipped,37687.39
1136,4538,2024-01-07,Pending,26664.06
1137,1713,2024-04-08,Shipped,24808.02
1138,4358,2025-09-03,Shipped,13509.76
1139,335,2025-06-03,Cancelled,1846.27
1140,450,2024-10-03,Pending,1813.7
1141,3514,2024-05-13,Shipped,22634.02
1142,3973,2025-11-22,Delivered,39912.81
1143,4372,2024-07-26,Delivered,61762.82
1144,770,2024-03-31,Delivered,16805.05
1145,3911,2024-11-25,Cancelled,35997.63
1146,3856,2025-02-18,Pending,6319.63
1147,4033,2024-02-15,Pending,29171.36
1148,1877,2024-08-16,Cancelled,51366.86
1149,4574,2024-07-31,Delivered,38744.68
1150,3425,2025-04-10,Cancelled,17440.91
1151,2942,2024-10-08,Shipped,61968.37
1152,2070,2024-08-06,Shipped,69383.34
1153,1966,2024-06-27,Delivered,51707.1
1154,1111,2025-09-10,Delivered,38821.33
1155,28,2024-03-13,Shipped,48819
1156,3588,2024-07-04,Pending,47019.32
1157,3443,2024-07-31,Cancelled,45723.15
1158,1133,2025-12-26,Delivered,22598.77
1159,4882,2024-05-08,Cancelled,7579.95
1160,1749,2024-10-08,Delivered,30227.05
1161,2235,2025-11-12,Shipped,35113.36
1162,3514,2025-12-15,Shipped,72720.6
1163,2442,2024-08-23,Shipped,1421.51
1164,510,2025-10-20,Cancelled,40426.67
1165,3116,2025-08-22,Shipped,70009.62
1166,564,2024-11-14,Shipped,48152.41
1167,772,2025-01-03,Pending,54898.03
1168,3530,2024-02-25,Delivered,59323.64
1169,2915,2025-08-06,Pending,54627.53
1170,1655,2024-08-13,Cancelled,22842.79
1171,3250,2025-07-19,Cancelled,56794.38
1172,4488,2025-02-13,Delivered,63362.16
1173,3338,2025-06-22,Pending,46858.43
1174,1840,2024-01-28,Pending,53544.43
1175,4105,2024-06-22,Cancelled,64526.78
1176,4661,2024-01-02,Pending,7255.63
1177,4227,2024-03-09,Cancelled,15991.83
1178,4791,2024-08-19,Delivered,67347.77
1179,1237,2025-03-12,Shipped,59219.48
1180,2020,2024-08-05,Shipped,8594.98
1181,627,2024-11-22,Shipped,1396.91
1182,2394,2024-05-09,Pending,9622.32
1183,2149,2025-02-07,Delivered,47069.36
1184,4173,2025-02-23,Cancelled,53042.34
1185,475,2024-09-09,Pending,16507.67
1186,2767,2024-12-29,Delivered,21360.53
1187,3724,2024-12-05,Cancelled,27499.85
1188,1838,2025-06-16,Delivered,38234.69
1189,853,2025-02-05,Delivered,47512.31
1190,3541,2025-09-24,Cancelled,66409.26
1191,3032,2024-01-27,Cancelled,67543
1192,3994,2025-07-31,Cancelled,2519.54
1193,3948,2025-02-09,Pending,62670.67
1194,2590,2024-12-28,Shipped,34635.36
1195,1853,2025-01-16,Shipped,41189.25
1196,4340,2024-11-25,Pending,53027
1197,4115,2025-01-30,Delivered,60937.94
1198,2414,2025-04-19,Pending,58062.02
1199,1899,2024-06-06,Shipped,5753.25
1200,1599,2024-08-18,Pending,11449.53
1201,1848,2024-06-11,Pending,26095.15
1202,699,2025-07-01,Shipped,27061.94
1203,1845,2024-10-25,Shipped,43699.11
1204,4247,2024-10-22,Cancelled,14579.75
1205,4488,2025-03-03,Pending,22858.18
1206,2938,2024-07-16,Pending,21574.68
1207,2168,2024-09-20,Cancelled,3399.64
1208,1462,2024-11-25,Shipped,57704.28
1209,3350,2025-11-02,Cancelled,38766.47
1210,193,2025-10-27,Pending,2017.51
1211,616,2025-11-20,Pending,2445
1212,634,2024-09-24,Shipped,29304.39
1213,4463,2024-11-16,Cancelled,56484.58
1214,2681,2025-05-23,Cancelled,53042.66
1215,765,2025-05-11,Cancelled,13179.1
1216,3479,2025-08-02,Cancelled,45158.19
1217,1130,2024-02-21,Pending,63481.98
1218,3202,2024-10-10,Delivered,11849.62
1219,2002,2024-05-14,Cancelled,10293.3
1220,2661,2025-10-17,Shipped,32734.07
1221,2212,2025-08-10,Shipped,63110.64
1222,3405,2024-01-31,Cancelled,58278.9
1223,1279,2024-04-12,Delivered,16743.19
1224,2479,2025-12-06,Pending,17712.48
1225,1152,2024-11-13,Delivered,19474.21
1226,803,2024-12-04,Delivered,69918.72
1227,2783,2025-12-30,Shipped,40807.84
1228,334,2025-06-29,Delivered,17270.87
1229,2106,2025-11-28,Delivered,29097.15
1230,4177,2024-01-22,Shipped,67502.62
1231,4074,2024-08-07,Delivered,15028.41
1232,3527,2024-09-20,Pending,42924.98
1233,1566,2025-08-07,Pending,31720
1234,4071,2025-09-25,Shipped,3149.92
1235,2550,2025-04-03,Pending,74295.45
1236,2931,2024-03-28,Shipped,42471.59
1237,4867,2024-11-13,Pending,68538.38
1238,2791,2025-06-08,Delivered,42705.11
1239,3007,2025-05-16,Shipped,8268.93
1240,796,2024-03-02,Pending,17671.75
1241,637,2025-01-20,Shipped,5048.9
1242,3211,2025-08-02,Pending,65873.2
1243,1521,2025-08-17,Pending,31638.29
1244,2956,2025-12-30,Shipped,28291.43
1245,4579,2024-08-21,Cancelled,17262.2
1246,971,2024-08-27,Shipped,44550.14
1247,3719,2024-04-14,Cancelled,4817.86
1248,1644,2025-09-08,Shipped,22705.36
1249,1484,2025-01-14,Pending,16078.46
1250,2455,2025-08-21,Cancelled,1546.15
1251,1935,2025-07-11,Pending,68520.08
1252,3423,2025-07-24,Pending,1194.62
1253,559,2024-12-18,Shipped,71492.47
1254,3467,2025-08-13,Shipped,69712.58
1255,2714,2024-02-20,Cancelled,14958.59
1256,2539,2025-07-11,Shipped,19410.7
1257,3277,2024-03-23,Cancelled,74508.64
1258,4146,2024-01-23,Cancelled,10483.74
1259,4485,2025-12-30,Shipped,43283.84
1260,2140,2025-09-01,Shipped,55252.89
1261,1973,2024-06-12,Shipped,25846.25
1262,4147,2025-03-07,Delivered,61646.88
1263,3107,2025-01-07,Cancelled,1479.21
1264,2175,2024-07-16,Delivered,19943.42
1265,1879,2024-01-16,Shipped,14922.73
1266,2183,2025-09-24,Shipped,70005.3
1267,1979,2024-08-06,Pending,30784.37
1268,921,2025-08-06,Cancelled,26141.11
1269,1212,2024-01-12,Cancelled,14475.21
1270,1409,2024-11-15,Cancelled,11361.47
1271,1189,2024-11-14,Pending,19300.12
1272,3477,2024-09-19,Shipped,35737.16
1273,4833,2025-08-27,Delivered,33669.17
1274,1255,2025-04-23,Cancelled,5646.62
1275,364,2025-08-17,Delivered,49502.24
1276,870,2025-06-05,Cancelled,9945.23
1277,3048,2025-07-30,Pending,20579.89
1278,786,2024-08-07,Delivered,36281.02
1279,2054,2025-10-24,Shipped,55985.36
1280,4239,2024-05-08,Pending,63429.91
1281,4534,2025-08-27,Cancelled,59270.37
1282,2205,2024-03-28,Shipped,52874.56
1283,2210,2024-10-16,Delivered,12317.99
1284,2708,2025-01-22,Shipped,7602.28
1285,1944,2025-06-04,Cancelled,69415.67
1286,3252,2024-06-28,Pending,56101.79
1287,4455,2025-05-05,Shipped,34032.58
1288,1114,2025-09-02,Delivered,32353.03
1289,348,2024-10-29,Shipped,1426.86
1290,1000,2024-07-14,Cancelled,67919.12
1291,3238,2025-01-03,Shipped,38972.31
1292,1636,2024-04-24,Cancelled,56818.32
1293,1644,2025-08-28,Pending,11120.52
1294,4603,2025-11-07,Cancelled,74343.39
1295,4567,2024-01-25,Cancelled,2302.16
1296,326,2025-08-30,Shipped,19514.98
1297,4616,2024-05-29,Pending,18935.37
1298,2568,2025-06-24,Shipped,26166.65
1299,581,2024-10-17,Cancelled,56805.75
1300,4685,2024-07-08,Shipped,35535.07
1301,1230,2024-11-05,Pending,31613.81
1302,1873,2024-09-08,Shipped,6507.28
1303,787,2025-09-12,Delivered,3430.56
1304,2065,2025-08-23,Pending,41461.05
1305,1918,2025-04-17,Shipped,51466.71
1306,4190,2024-05-06,Pending,32374.46
1307,2939,2024-08-20,Pending,55177.61
1308,4381,2024-02-20,Shipped,55190.54
1309,3764,2024-10-12,Delivered,31456.4
1310,4758,2025-09-10,Delivered,34053.76
1311,2337,2025-05-06,Cancelled,9210.02
1312,608,2025-11-20,Delivered,23825.48
1313,232,2024-09-07,Cancelled,73987.79
1314,4037,2025-11-22,Shipped,62664.95
1315,4937,2025-08-02,Delivered,42270.89
1316,3844,2025-04-16,Shipped,42481.4
1317,918,2024-11-05,Cancelled,26559.95
1318,4278,2024-12-22,Shipped,10898.55
1319,2212,2024-10-22,Shipped,33810.86
1320,2778,2025-03-10,Shipped,23457.95
1321,3177,2025-05-10,Pending,13772.38
1322,659,2024-07-26,Delivered,31515.33
1323,3006,2024-04-20,Pending,27847.18
1324,1674,2024-01-30,Cancelled,40283.51
1325,3710,2025-10-13,Cancelled,46137.52
1326,1964,2024-11-05,Cancelled,69304.48
1327,2983,2024-08-01,Delivered,23689.22
1328,4259,2024-12-01,Delivered,27301.16
1329,619,2025-12-27,Delivered,70067.82
1330,4607,2025-10-06,Delivered,25084.88
1331,4172,2024-10-06,Pending,35528.51
1332,3606,2025-07-20,Pending,14513.2
1333,1843,2025-01-24,Shipped,59490.08
1334,1073,2024-05-31,Pending,45826.63
1335,2697,2024-05-21,Pending,12656.19
1336,4846,2025-03-09,Delivered,36220.37
1337,4550,2024-08-09,Delivered,66782.85
1338,1551,2025-04-14,Pending,67943.74
1339,3636,2024-11-14,Shipped,61857.69
1340,2748,2025-09-08,Pending,4873.73
1341,560,2025-11-27,Shipped,18219.55
1342,773,2025-03-10,Shipped,70189.91
1343,3983,2024-09-22,Shipped,44414.11
1344,4173,2024-06-12,Pending,24920.67
1345,2221,2025-09-03,Pending,43726.44
1346,1968,2025-06-01,Cancelled,73652.85
1347,1373,2024-05-06,Cancelled,34408.39
1348,2461,2025-02-16,Shipped,71149.06
1349,3427,2024-08-16,Shipped,22250.43
1350,1705,2025-01-13,Delivered,26863.19
1351,70,2024-07-29,Pending,45247.6
1352,3695,2025-03-12,Cancelled,44618.9
1353,4510,2025-05-10,Pending,46601.47
1354,3704,2025-06-18,Pending,31319.05
1355,139,2025-05-21,Pending,47099.85
1356,2508,2025-08-23,Pending,940.64
1357,4936,2025-03-14,Cancelled,56348.61
1358,4333,2025-02-07,Shipped,62768.21
1359,653,2024-04-19,Shipped,12371.94
1360,457,2024-07-19,Shipped,46903.45
1361,680,2025-01-08,Delivered,2937.06
1362,2411,2025-01-11,Cancelled,9879.5
1363,4200,2025-02-09,Cancelled,38555.2
1364,561,2024-07-16,Pending,31789.99
1365,419,2025-07-09,Pending,54149.83
1366,1494,2024-09-27,Cancelled,72773.03
1367,2238,2025-11-13,Pending,49338.44
1368,4288,2024-08-19,Pending,65083.98
1369,929,2025-07-17,Delivered,37475.94
1370,246,2025-10-19,Cancelled,12606.2
1371,4911,2025-01-21,Shipped,30289.82
1372,4592,2025-09-01,Cancelled,18699.84
1373,2297,2025-11-22,Cancelled,29666.27
1374,1522,2024-06-24,Delivered,73382.52
1375,653,2025-05-05,Cancelled,25701.38
1376,1128,2024-10-27,Pending,60533.12
1377,3424,2024-08-08,Cancelled,51277.12
1378,4453,2025-03-06,Pending,42400.91
1379,2842,2025-02-13,Shipped,29784.8
1380,964,2025-09-08,Pending,21883.28
1381,2216,2025-06-01,Delivered,63795.77
1382,18,2025-06-23,Cancelled,40154.56
1383,2493,2025-06-13,Delivered,71441.38
1384,560,2025-10-15,Cancelled,38044.44
1385,1424,2025-08-23,Delivered,44365.79
1386,735,2024-02-07,Delivered,28022.49
1387,4628,2024-07-30,Delivered,3276.42
1388,2047,2024-11-18,Delivered,51487.09
1389,462,2024-11-21,Cancelled,62053.7
1390,4811,2025-05-10,Shipped,24980.86
1391,2205,2024-07-15,Cancelled,56032.35
1392,2107,2024-09-07,Cancelled,10156
1393,2814,2024-11-09,Pending,47821.63
1394,4392,2025-03-25,Cancelled,51430.35
1395,4695,2024-08-22,Cancelled,54698.96
1396,4734,2025-08-25,Delivered,60375.33
1397,4171,2024-04-08,Cancelled,68557.31
1398,3362,2024-05-10,Cancelled,33595.27
1399,4416,2024-08-26,Delivered,58017.86
1400,1522,2025-12-29,Cancelled,20575.08
1401,3050,2025-11-12,Delivered,10089
1402,1895,2024-08-22,Shipped,1186.16
1403,1887,2025-02-27,Pending,22160.35
1404,662,2025-10-06,Pending,37756.68
1405,1194,2024-01-31,Cancelled,17101.84
1406,2366,2025-11-24,Delivered,43356.58
1407,2985,2025-03-21,Cancelled,22279.66
1408,4060,2025-04-06,Pending,588.11
1409,3087,2024-11-29,Pending,28862.11
1410,2117,2024-05-23,Cancelled,72449.23
1411,3467,2024-02-12,Shipped,9572.09
1412,2921,2025-04-08,Pending,12842.92
1413,4932,2024-12-17,Cancelled,42907.45
1414,2096,2025-05-31,Shipped,72652.58
1415,4391,2024-06-26,Pending,17349.48
1416,2434,2024-04-02,Delivered,9737.49
1417,4480,2025-08-17,Shipped,18122.28
1418,3871,2024-11-01,Shipped,27137.01
1419,3843,2024-02-24,Delivered,71077.66
1420,2823,2025-08-26,Delivered,52061.37
1421,858,2024-07-18,Cancelled,8071.21
1422,1306,2025-09-23,Pending,39159.02
1423,2388,2024-01-22,Delivered,72590.97
1424,3832,2024-07-20,Cancelled,73018.1
1425,4325,2024-07-07,Pending,35747.63
1426,2127,2024-07-05,Pending,53409.91
1427,621,2024-03-01,Cancelled,38780.47
1428,3593,2024-12-16,Shipped,31982.24
1429,941,2025-07-08,Cancelled,15166.77
1430,1057,2025-07-08,Cancelled,37414.16
1431,4828,2024-07-12,Cancelled,52460.74
1432,3212,2025-06-19,Delivered,45826.41
1433,1840,2024-06-22,Delivered,60361.61
1434,986,2024-09-17,Shipped,35529.12
1435,4815,2024-12-17,Cancelled,32150.4
1436,1656,2025-06-29,Cancelled,30637.95
1437,1887,2024-01-24,Cancelled,20631.28
1438,3855,2025-07-04,Pending,12675.22
1439,1828,2024-07-15,Shipped,65951.16
1440,2355,2025-10-31,Cancelled,47744.42
1441,268,2025-11-24,Pending,39580.17
1442,1423,2024-08-01,Shipped,12536.33
1443,182,2024-02-07,Pending,17673.64
1444,3322,2025-01-08,Cancelled,68554.29
1445,901,2025-04-01,Cancelled,44423.27
1446,2290,2025-10-07,Shipped,64925.71
1447,968,2025-07-16,Cancelled,33223.93
1448,1203,2024-11-12,Cancelled,47591.24
1449,1317,2025-12-29,Pending,40617.47
1450,1549,2025-03-09,Delivered,55007.54
1451,4136,2024-12-17,Shipped,22075.23
1452,843,2024-01-19,Shipped,51914.62
1453,4870,2025-10-17,Pending,20014.66
1454,682,2024-07-08,Shipped,67432.55
1455,3598,2024-06-09,Cancelled,58432.45
1456,311,2025-07-04,Cancelled,11987.45
1457,628,2025-07-03,Delivered,50159.82
1458,1776,2024-12-25,Pending,39019.49
1459,4537,2024-03-26,Shipped,48934.65
1460,4785,2025-06-25,Cancelled,41569
1461,2223,2024-03-16,Delivered,28733.32
1462,3213,2024-08-05,Pending,1106
1463,3851,2024-10-28,Delivered,71459.63
1464,1083,2024-04-25,Shipped,30246.96
1465,2456,2025-11-16,Delivered,25873.82
1466,1996,2025-01-11,Delivered,70186.63
1467,1724,2025-06-09,Shipped,18966.33
1468,4092,2025-05-25,Shipped,26748.75
1469,644,2025-04-04,Pending,41112.81
1470,4422,2025-04-30,Shipped,52317.74
1471,4021,2025-12-18,Cancelled,49300.07
1472,1951,2025-03-24,Cancelled,68419.58
1473,2374,2025-04-20,Delivered,14361.62
1474,3884,2025-02-16,Pending,31489.87
1475,926,2024-09-16,Pending,20179.65
1476,3860,2024-09-27,Cancelled,42142.49
1477,3555,2024-10-04,Shipped,45272.35
1478,1980,2025-08-25,Pending,11466.95
1479,2586,2024-10-19,Pending,17936.57
1480,2115,2025-02-01,Delivered,44400.54
1481,2275,2025-10-02,Shipped,31219.86
1482,3245,2025-10-20,Shipped,3038.08
1483,2986,2025-11-16,Shipped,19039.49
1484,1003,2025-04-18,Pending,74527.19
1485,2843,2025-12-11,Delivered,52733.66
1486,4713,2025-10-26,Pending,65700.44
1487,4822,2025-03-09,Delivered,884.29
1488,4300,2025-09-26,Pending,43673.48
1489,57,2024-06-13,Delivered,71219.48
1490,2799,2025-03-22,Shipped,32339.64
1491,2928,2024-06-10,Pending,39380.21
1492,2379,2025-12-15,Shipped,11914.34
1493,3,2024-03-10,Pending,47110.54
1494,3115,2025-10-02,Delivered,71193.39
1495,2507,2025-06-26,Cancelled,47705.1
1496,2161,2025-08-08,Pending,22754.93
1497,3641,2024-12-05,Shipped,30416.47
1498,2254,2024-05-20,Shipped,66494.75
1499,45,2025-06-15,Shipped,69116.83
1500,4908,2025-11-29,Delivered,39324.47
1501,4840,2024-02-21,Pending,8758.49
1502,4080,2024-10-26,Shipped,71043.11
1503,4815,2025-07-31,Delivered,14303.56
1504,4365,2024-11-09,Cancelled,73231.51
1505,575,2024-09-01,Cancelled,48235.93
1506,1717,2024-09-24,Pending,8729.61
1507,572,2024-09-15,Delivered,55812.67
1508,2113,2025-12-17,Delivered,23281.35
1509,194,2025-08-17,Delivered,24407.61
1510,3108,2025-08-11,Delivered,7532.62
1511,1643,2024-03-11,Pending,26196.04
1512,3796,2025-04-13,Shipped,7769.72
1513,3070,2024-05-20,Cancelled,68154.72
1514,1942,2025-08-13,Delivered,8229.01
1515,1973,2025-06-19,Pending,54530.34
1516,4078,2024-07-17,Delivered,39714.08
1517,1357,2025-05-17,Delivered,69028.11
1518,3999,2024-10-04,Pending,29360.72
1519,4753,2025-08-03,Shipped,66219.28
1520,226,2025-10-30,Pending,3864.33
1521,1671,2025-03-16,Delivered,35667.83
1522,638,2025-11-09,Pending,5980.31
1523,3136,2024-07-20,Delivered,57031.55
1524,4130,2025-08-14,Pending,7135.57
1525,1952,2024-02-23,Pending,17044.27
1526,4394,2024-10-28,Delivered,56513.44
1527,1900,2025-12-10,Pending,25573.61
1528,643,2025-12-11,Delivered,67393.34
1529,3946,2024-10-26,Shipped,73363.98
1530,2176,2025-08-27,Pending,553.64
1531,3710,2024-12-12,Delivered,63096.46
1532,1002,2024-05-03,Cancelled,21911.58
1533,3876,2024-11-21,Shipped,12322.77
1534,2801,2024-02-04,Shipped,4088.82
1535,4146,2025-09-05,Cancelled,46846.06
1536,4871,2024-12-07,Shipped,58580.92
1537,434,2025-08-31,Pending,52499.35
1538,2234,2025-01-17,Pending,52850.2
1539,4766,2024-02-29,Cancelled,10822.59
1540,1400,2025-09-02,Delivered,638.16
1541,3805,2024-04-07,Pending,49136.19
1542,3925,2024-12-04,Cancelled,11031.64
1543,1193,2024-09-22,Shipped,3170.73
1544,4934,2024-05-01,Pending,40298.9
1545,4618,2024-08-07,Cancelled,7734.39
1546,4140,2024-09-13,Shipped,23425.94
1547,2696,2025-02-23,Pending,65217.65
1548,2355,2024-11-16,Shipped,28155.94
1549,137,2025-11-11,Pending,24010.39
1550,1049,2025-02-04,Delivered,15103.38
1551,2326,2024-12-07,Cancelled,20723.32
1552,1049,2025-08-02,Delivered,24391.62
1553,4982,2024-06-09,Pending,65071.74
1554,1241,2024-07-09,Delivered,9973.42
1555,3140,2025-03-02,Shipped,37613.93
1556,198,2024-04-05,Pending,33938.77
1557,665,2025-05-29,Delivered,2661.27
1558,1193,2024-05-05,Shipped,55649.32
1559,11,2025-11-06,Cancelled,71846.44
1560,1563,2024-03-13,Shipped,38622.2
1561,4232,2025-11-06,Shipped,24030.58
1562,3191,2024-12-29,Delivered,10297.77
1563,3666,2025-09-22,Cancelled,28028.57
1564,3511,2024-06-26,Shipped,41174.48
1565,620,2025-07-08,Pending,6495.14
1566,3925,2024-09-15,Shipped,19948.88
1567,1721,2025-07-19,Shipped,42886.26
1568,643,2025-11-30,Delivered,62036.33
1569,874,2025-08-23,Pending,26305.97
1570,991,2025-10-05,Cancelled,72975.28
1571,106,2025-03-22,Shipped,18600.08
1572,21,2025-05-03,Cancelled,29005.41
1573,1882,2025-10-14,Pending,63063.31
1574,2439,2024-12-07,Shipped,26520.88
1575,2119,2025-08-09,Cancelled,69857.8
1576,4163,2024-07-22,Pending,32560.02
1577,928,2024-05-18,Pending,26909.26
1578,1283,2024-04-21,Delivered,60944.62
1579,2254,2025-01-02,Shipped,34918.07
1580,3296,2025-07-08,Pending,16834.41
1581,887,2025-12-20,Cancelled,74801.58
1582,1337,2024-11-18,Cancelled,32870.48
1583,691,2025-08-02,Delivered,24713.51
1584,1027,2024-06-13,Delivered,72182.68
1585,482,2024-01-08,Pending,43233.12
1586,1470,2024-02-20,Shipped,55225.18
1587,717,2025-11-02,Pending,48226.08
1588,162,2024-11-20,Shipped,43058.87
1589,4674,2024-11-05,Delivered,1058.62
1590,2067,2024-09-01,Pending,63147.69
1591,2170,2024-05-22,Delivered,16132.88
1592,778,2025-07-08,Cancelled,25739.54
1593,2755,2024-12-20,Pending,54239.77
1594,4855,2024-03-28,Shipped,51443.86
1595,4301,2024-09-08,Pending,51764.24
1596,2950,2024-07-06,Shipped,39153.08
1597,4490,2025-03-10,Cancelled,23590.81
1598,2629,2025-06-07,Cancelled,51740.44
1599,774,2024-06-25,Pending,61498.32
1600,4469,2024-01-31,Shipped,58643.97
1601,1967,2025-05-02,Delivered,58903.17
1602,2159,2024-11-23,Pending,41558.73
1603,1036,2024-06-24,Delivered,31427.95
1604,2694,2025-10-23,Cancelled,29587.8
1605,154,2024-02-03,Delivered,43926.25
1606,39,2024-05-03,Shipped,67311.16
1607,3835,2024-05-15,Shipped,17829.36
1608,344,2025-11-14,Cancelled,49658.78
1609,1089,2025-05-07,Shipped,16013.09
1610,241,2025-09-16,Cancelled,63611.44
1611,3073,2024-04-03,Pending,40061.65
1612,3827,2024-03-31,Shipped,19291.98
1613,3045,2025-04-13,Cancelled,10181.02
1614,4536,2025-11-05,Cancelled,841.9
1615,3487,2024-05-09,Shipped,2784.55
1616,4538,2025-02-12,Cancelled,31896.52
1617,1286,2024-04-07,Cancelled,58362.73
1618,1800,2025-10-30,Delivered,29677.73
1619,1899,2025-06-05,Delivered,61005.95
1620,2000,2025-12-27,Delivered,41916.74
1621,3034,2025-07-18,Cancelled,67763.96
1622,4631,2025-09-24,Pending,16001.72
1623,601,2024-10-24,Cancelled,2586.1
1624,3236,2025-03-17,Shipped,71554.75
1625,2516,2025-07-09,Pending,15356.26
1626,4781,2025-10-21,Pending,27788.49
1627,2335,2024-06-12,Shipped,10125.53
1628,34,2025-06-24,Shipped,41117.38
1629,2071,2024-02-02,Delivered,43374.51
1630,1325,2024-11-20,Pending,60293.3
1631,2280,2025-10-27,Shipped,56019.3
1632,4406,2024-08-05,Pending,28335.46
1633,3226,2024-03-14,Cancelled,69572.31
1634,4199,2025-11-08,Cancelled,11348.13
1635,2778,2025-01-20,Cancelled,14070.14
1636,609,2024-07-11,Pending,30171
1637,480,2024-03-07,Delivered,69496.29
1638,4289,2024-01-20,Delivered,52971.18
1639,3398,2025-05-26,Pending,55388.9
1640,3023,2024-05-11,Shipped,73264.8
1641,4274,2024-08-06,Cancelled,54601.93
1642,502,2024-07-04,Delivered,20754.33
1643,4002,2024-01-05,Delivered,54769.39
1644,3516,2025-07-29,Delivered,18407.29
1645,2550,2024-11-14,Pending,65733.94
1646,3726,2024-07-03,Cancelled,56698.84
1647,4176,2025-04-29,Shipped,22832.6
1648,4821,2024-04-28,Cancelled,57981.89
1649,3978,2025-03-30,Shipped,49776.7
1650,679,2024-06-27,Delivered,32778.92
1651,4269,2025-08-14,Pending,29643.35
1652,4720,2024-01-27,Cancelled,43361.39
1653,2340,2024-08-19,Shipped,7335.22
1654,2888,2024-06-02,Shipped,15929.86
1655,4907,2024-10-17,Delivered,65244.14
1656,1634,2024-05-22,Shipped,6195.33
1657,3728,2024-05-30,Shipped,26155.67
1658,3929,2024-10-15,Shipped,36532.56
1659,3065,2025-05-05,Pending,49451.13
1660,1442,2025-11-05,Pending,51194.32
1661,3344,2025-10-08,Shipped,799.78
1662,4304,2024-01-15,Shipped,35520.82
1663,1880,2024-07-10,Pending,33463.94
1664,2198,2024-06-18,Delivered,61280.19
1665,574,2025-04-24,Pending,14205.27
1666,1632,2025-03-04,Pending,5004.57
1667,1161,2024-10-24,Pending,62423.74
1668,2038,2025-02-17,Shipped,65695.82
1669,1762,2024-02-17,Delivered,70890.68
1670,4169,2025-06-10,Pending,28898.03
1671,1965,2024-08-20,Cancelled,2151.42
1672,3618,2025-09-22,Delivered,4160.55
1673,939,2024-06-01,Cancelled,66059.24
1674,2595,2024-10-07,Shipped,54771.08
1675,3093,2025-06-04,Cancelled,62518.05
1676,762,2024-08-01,Pending,39539.42
1677,432,2024-11-18,Delivered,24738.12
1678,1972,2024-08-04,Pending,45006.22
1679,4226,2025-09-26,Cancelled,3864.1
1680,4164,2025-10-19,Cancelled,35776.57
1681,2773,2025-01-05,Delivered,48160.51
1682,3038,2025-09-20,Shipped,27944.97
1683,71,2024-08-07,Shipped,29145.81
1684,2022,2025-06-13,Cancelled,11982.72
1685,1413,2024-12-16,Pending,18693.15
1686,1643,2024-01-14,Cancelled,61567.85
1687,886,2024-12-26,Pending,41653.32
1688,1397,2024-09-19,Cancelled,64355.64
1689,2408,2024-06-18,Pending,55718.3
1690,2758,2024-08-19,Cancelled,4690.23
1691,3600,2025-11-02,Shipped,45523.28
1692,3971,2025-09-15,Pending,45021.22
1693,135,2024-06-15,Cancelled,29144.41
1694,3665,2025-08-02,Pending,66062.36
1695,1046,2025-11-26,Cancelled,15826.55
1696,4200,2024-04-21,Delivered,7880.19
1697,934,2024-10-03,Shipped,67076.08
1698,889,2025-06-25,Shipped,27982.61
1699,1377,2024-10-30,Delivered,53606.27
1700,117,2025-09-11,Shipped,1786.97
1701,3905,2025-05-10,Delivered,63371.88
1702,1036,2024-02-19,Shipped,42308.79
1703,1866,2025-12-31,Cancelled,58813.56
1704,2409,2024-10-10,Shipped,69088.37
1705,4180,2024-05-04,Delivered,12907.43
1706,1453,2024-04-04,Pending,33990.92
1707,2363,2025-05-09,Cancelled,37798.34
1708,4522,2024-12-23,Shipped,30672.94
1709,447,2025-07-06,Pending,33108.66
1710,4200,2024-04-29,Cancelled,2195.4
1711,2884,2025-02-15,Delivered,8893.63
1712,2464,2024-09-01,Shipped,3782.49
1713,1445,2024-10-26,Cancelled,47693.66
1714,653,2025-07-04,Delivered,45520.4
1715,3557,2025-04-01,Shipped,58954.8
1716,4711,2024-08-31,Delivered,20044.36
1717,896,2025-02-28,Cancelled,65388.43
1718,392,2025-05-21,Cancelled,64669.74
1719,167,2025-01-02,Cancelled,65008.6
1720,1133,2024-09-06,Cancelled,50203.11
1721,2784,2024-11-06,Delivered,61477.88
1722,1482,2024-06-25,Shipped,31608.29
1723,4859,2024-03-09,Shipped,11708.28
1724,4587,2024-01-14,Delivered,35296.38
1725,4903,2024-10-01,Delivered,8078.63
1726,2460,2024-01-12,Pending,38580.48
1727,853,2024-12-29,Delivered,61763.79
1728,2027,2024-11-14,Cancelled,57970.55
1729,3716,2024-03-31,Pending,74585.18
1730,4363,2025-01-05,Delivered,22221.64
1731,4226,2025-04-15,Shipped,18234.27
1732,856,2025-11-16,Pending,33235.89
1733,1727,2025-12-14,Shipped,18007.84
1734,3054,2025-12-16,Shipped,39285.71
1735,675,2025-10-26,Cancelled,27398.61
1736,3567,2024-05-20,Cancelled,13432.15
1737,1013,2024-07-14,Pending,24531.98
1738,2126,2024-09-10,Pending,26460.23
1739,2548,2024-07-19,Shipped,6047.06
1740,4332,2025-03-05,Pending,27969.85
1741,3202,2025-04-27,Shipped,53068.72
1742,1083,2024-07-12,Shipped,35088.74
1743,1391,2024-06-23,Shipped,8194.51
1744,4177,2025-06-04,Delivered,67926.97
1745,1969,2025-02-12,Delivered,63908.83
1746,2035,2024-01-22,Delivered,38099.65
1747,4187,2025-11-08,Delivered,35577.56
1748,4950,2024-09-02,Cancelled,12200.47
1749,4435,2024-07-07,Shipped,40860.42
1750,4107,2025-01-24,Pending,1964.21
1751,594,2025-01-09,Delivered,14985.56
1752,1594,2025-01-07,Shipped,39907.64
1753,2151,2024-12-16,Cancelled,66352.4
1754,2610,2025-01-12,Cancelled,24268.61
1755,301,2025-01-11,Cancelled,66942.36
1756,3355,2025-10-07,Cancelled,5379.57
1757,947,2025-05-22,Cancelled,43820.86
1758,4504,2025-07-02,Shipped,9114.78
1759,1381,2024-04-12,Shipped,4426.36
1760,38,2025-08-15,Cancelled,24688.55
1761,152,2025-09-23,Pending,50379.22
1762,3184,2024-07-05,Pending,38533.59
1763,1687,2025-03-29,Shipped,38571.29
1764,4267,2025-10-29,Delivered,1921.46
1765,4718,2025-05-07,Pending,63336.5
1766,2339,2024-12-06,Cancelled,39990.96
1767,3491,2024-09-29,Delivered,37735.05
1768,3187,2024-11-22,Shipped,9017.39
1769,1430,2025-02-21,Cancelled,56480.27
1770,2095,2025-06-04,Cancelled,2368.97
1771,2569,2025-05-14,Cancelled,28628.83
1772,4672,2024-10-20,Cancelled,8059.75
1773,3824,2025-10-15,Shipped,52313.21
1774,1421,2025-05-12,Pending,9741.79
1775,4609,2025-04-07,Delivered,28511.45
1776,581,2024-11-05,Cancelled,58969.48
1777,4442,2024-05-15,Shipped,70193.1
1778,2518,2025-09-03,Pending,62431.18
1779,4247,2024-07-30,Pending,65111.18
1780,2560,2024-07-13,Delivered,68818.05
1781,210,2025-02-03,Delivered,18168.86
1782,2372,2024-12-26,Shipped,22740.01
1783,1366,2024-03-09,Delivered,8048.07
1784,2500,2024-12-17,Shipped,66297.33
1785,4152,2025-01-18,Delivered,25353.38
1786,64,2025-01-21,Cancelled,47500.47
1787,1500,2024-01-04,Cancelled,43241.72
1788,3501,2024-11-10,Shipped,9004.01
1789,2300,2025-11-12,Delivered,46739.61
1790,2797,2025-08-05,Pending,74212.86
1791,499,2025-06-16,Delivered,14435.42
1792,441,2025-11-26,Delivered,29100.39
1793,2503,2025-08-25,Shipped,45941.68
1794,3138,2024-05-17,Pending,69615.07
1795,4139,2024-12-21,Pending,15582.51
1796,4142,2025-08-31,Cancelled,58864.04
1797,855,2025-02-01,Cancelled,57290.31
1798,4413,2025-09-01,Cancelled,45226.78
1799,3205,2025-01-28,Cancelled,52976.62
1800,333,2024-10-16,Delivered,37444.05
1801,2569,2025-02-20,Delivered,57737.01
1802,3753,2025-09-15,Shipped,42367.07
1803,1568,2025-10-07,Shipped,34356.5
1804,3303,2024-02-20,Cancelled,23818.77
1805,4828,2024-08-27,Cancelled,15283.25
1806,4947,2024-08-24,Shipped,25705.04
1807,430,2024-02-26,Cancelled,15865.58
1808,4975,2025-12-18,Delivered,57123.02
1809,246,2025-02-24,Pending,8460.51
1810,1365,2024-09-23,Delivered,19333.33
1811,2254,2025-12-18,Shipped,27834.48
1812,1850,2024-07-05,Shipped,25829.11
1813,776,2024-01-17,Pending,13943.38
1814,4469,2025-06-07,Cancelled,38018.63
1815,2468,2025-11-26,Shipped,4832.35
1816,1543,2024-09-24,Delivered,64435.45
1817,1618,2025-03-06,Cancelled,52721.76
1818,909,2025-08-29,Shipped,67795.72
1819,1080,2024-02-23,Shipped,22274.48
1820,3862,2025-11-10,Cancelled,71893.49
1821,2691,2024-08-05,Pending,50534.79
1822,311,2025-12-05,Delivered,47055.76
1823,1252,2025-10-18,Delivered,17364.04
1824,4205,2024-02-24,Pending,16303.98
1825,3472,2024-04-06,Delivered,53643.27
1826,1260,2024-04-12,Shipped,35237.96
1827,3410,2024-03-24,Pending,25520.76
1828,3551,2024-06-24,Delivered,11263.47
1829,4364,2025-11-26,Shipped,51706.08
1830,1689,2025-07-24,Cancelled,13524.98
1831,1634,2025-05-13,Delivered,36479
1832,2238,2024-01-23,Pending,46736.36
1833,2094,2025-09-01,Delivered,46561.65
1834,3382,2024-12-03,Shipped,64426.84
1835,3857,2024-12-08,Pending,38886.25
1836,4591,2024-05-08,Shipped,11823.75
1837,1339,2025-06-28,Shipped,53309.72
1838,813,2024-10-24,Shipped,7237.54
1839,5,2024-03-07,Cancelled,52080.78
1840,4588,2025-11-20,Pending,13667.43
1841,1284,2024-09-08,Pending,46788.43
1842,1531,2025-11-10,Shipped,64837.4
1843,3413,2024-01-27,Pending,72806.68
1844,4474,2024-04-17,Shipped,68794.04
1845,3392,2025-11-11,Cancelled,6187.53
1846,1683,2024-05-10,Cancelled,11018.54
1847,3336,2024-03-24,Shipped,4482.54
1848,2398,2024-08-14,Pending,58989.16
1849,3520,2024-09-23,Pending,14865.89
1850,3066,2024-04-02,Shipped,44449.91
1851,4991,2024-05-27,Pending,33891.55
1852,2018,2025-05-23,Pending,64464.67
1853,2363,2025-08-30,Shipped,9939.7
1854,1155,2024-11-28,Cancelled,51761.86
1855,4568,2024-01-21,Delivered,53519.3
1856,2782,2024-08-02,Pending,50479.93
1857,3749,2025-08-26,Cancelled,61149.58
1858,2917,2024-09-11,Shipped,36791.57
1859,1922,2024-05-24,Shipped,28127.71
1860,3894,2024-09-02,Shipped,46667.04
1861,549,2024-12-25,Cancelled,47100.9
1862,328,2024-08-19,Delivered,72671.86
1863,1783,2025-01-27,Cancelled,20552.58
1864,645,2024-11-24,Pending,34517.06
1865,1478,2024-04-15,Shipped,23273.17
1866,4079,2025-04-27,Shipped,2237.09
1867,1175,2025-01-29,Shipped,9099.59
1868,4172,2024-10-26,Cancelled,25211.26
1869,2597,2025-08-20,Pending,17724.38
1870,2222,2024-02-14,Cancelled,40805.17
1871,3133,2024-01-22,Delivered,13086.71
1872,3796,2024-08-06,Pending,5544.62
1873,3289,2025-08-11,Pending,71539.17
1874,2188,2024-11-14,Shipped,11980.97
1875,3314,2025-04-04,Cancelled,32111.26
1876,349,2025-02-05,Pending,53456.58
1877,3828,2024-11-04,Delivered,70187.81
1878,4234,2024-04-04,Pending,61643.69
1879,1914,2024-04-04,Delivered,7230.15
1880,2792,2025-11-04,Cancelled,15719.2
1881,1488,2024-05-09,Pending,73223.18
1882,366,2024-01-31,Shipped,44052.41
1883,651,2024-05-01,Delivered,23195.47
1884,4243,2025-11-12,Cancelled,35729.39
1885,2925,2025-09-28,Cancelled,32716.58
1886,1428,2024-03-07,Delivered,30513.02
1887,2139,2024-07-02,Cancelled,29282.4
1888,614,2025-01-12,Shipped,6563.47
1889,2052,2025-05-13,Pending,43923.77
1890,4763,2024-11-06,Cancelled,43261.44
1891,4547,2024-12-26,Pending,2984.39
1892,435,2024-01-24,Cancelled,42276.91
1893,2591,2024-11-26,Delivered,12056.97
1894,247,2025-03-09,Cancelled,68080.05
1895,3528,2024-07-18,Shipped,12800.8
1896,1977,2025-02-19,Cancelled,29198.49
1897,2356,2025-11-01,Delivered,46812.56
1898,3841,2024-08-18,Shipped,69739.55
1899,2963,2025-04-12,Shipped,10670.64
1900,1344,2024-09-09,Pending,45676.45
1901,291,2024-08-29,Shipped,45982.14
1902,207,2025-08-10,Delivered,9258.64
1903,4402,2024-03-09,Shipped,14359.03
1904,4261,2024-12-04,Pending,69752.54
1905,4177,2024-02-06,Shipped,54437.08
1906,2210,2025-06-17,Pending,11539.62
1907,3202,2025-12-21,Cancelled,35216.91
1908,3107,2025-03-03,Delivered,66513.99
1909,3397,2024-08-30,Pending,17475.02
1910,4073,2025-11-02,Shipped,62396.57
1911,4202,2025-10-31,Pending,25436.23
1912,4284,2024-06-07,Cancelled,57489.57
1913,3945,2025-04-15,Shipped,13586.31
1914,4532,2024-11-26,Pending,67743.33
1915,1004,2025-02-03,Pending,31395.94
1916,1846,2025-10-28,Cancelled,64313.85
1917,761,2024-07-10,Pending,5896.61
1918,391,2025-12-09,Shipped,28030.92
1919,3018,2024-05-24,Cancelled,60509.89
1920,2768,2024-06-03,Delivered,70364.65
1921,2771,2025-02-27,Pending,3918.2
1922,721,2024-08-19,Cancelled,4701.6
1923,3499,2024-11-17,Pending,40675.98
1924,2270,2024-05-24,Delivered,63913.38
1925,4837,2024-07-02,Pending,18009.66
1926,2735,2025-12-03,Delivered,39518.65
1927,2756,2024-03-28,Delivered,69470.54
1928,2343,2025-01-30,Cancelled,14196.77
1929,565,2024-12-17,Delivered,61141.64
1930,2260,2024-11-01,Delivered,47546.53
1931,958,2024-01-30,Delivered,18504.14
1932,1096,2025-01-17,Shipped,64120.74
1933,3923,2024-02-28,Pending,54082.42
1934,1619,2024-09-02,Cancelled,5750.94
1935,4416,2024-02-14,Pending,7017.79
1936,4056,2025-01-11,Cancelled,61195.84
1937,2873,2025-06-06,Cancelled,59691.58
1938,279,2025-03-09,Cancelled,65350.35
1939,1522,2024-09-01,Delivered,36697.75
1940,2881,2024-06-10,Cancelled,45636.35
1941,4814,2025-08-11,Pending,15657.6
1942,3276,2024-07-18,Shipped,27795.1
1943,3152,2024-12-27,Pending,6003.75
1944,3055,2024-01-13,Pending,29383.16
1945,1288,2025-06-04,Cancelled,41668.89
1946,2486,2024-08-31,Pending,11325.57
1947,4950,2024-08-20,Shipped,45904.81
1948,898,2024-06-22,Cancelled,36170.3
1949,2968,2025-04-11,Pending,21910.05
1950,2939,2025-03-03,Pending,45638.76
1951,3236,2025-06-22,Cancelled,60355.43
1952,228,2024-09-01,Pending,56784.14
1953,3561,2025-10-29,Cancelled,38501.37
1954,1820,2024-09-07,Delivered,9831.69
1955,1746,2024-02-06,Delivered,66644.75
1956,2078,2025-11-18,Shipped,8350.26
1957,1736,2025-08-16,Pending,30240.9
1958,651,2025-05-29,Pending,1843.47
1959,3232,2025-03-26,Delivered,49029.94
1960,2640,2025-09-15,Cancelled,73034.24
1961,758,2025-11-13,Pending,61754.86
1962,1043,2025-03-28,Cancelled,63983.4
1963,2348,2025-02-25,Delivered,59891.67
1964,2071,2024-08-30,Cancelled,41226.67
1965,3818,2025-10-24,Shipped,69001.76
1966,1928,2024-08-23,Pending,46284.46
1967,3349,2025-09-21,Pending,19291.38
1968,4464,2025-11-28,Pending,56822.69
1969,2707,2025-04-27,Pending,67549.72
1970,4196,2024-08-22,Shipped,9716.1
1971,4270,2025-06-09,Delivered,52418.73
1972,626,2025-02-17,Cancelled,20638.88
1973,349,2024-04-04,Cancelled,37850.37
1974,1701,2025-06-15,Pending,73731.38
1975,4360,2024-08-28,Pending,19079.18
1976,549,2024-10-17,Shipped,41418.84
1977,1019,2025-05-22,Delivered,66076.91
1978,1927,2025-03-21,Delivered,54341.75
1979,4479,2024-03-05,Pending,67668.78
1980,3829,2024-05-26,Delivered,23752.8
1981,3130,2025-09-12,Delivered,20983.41
1982,2304,2024-05-29,Shipped,71871.38
1983,4332,2025-12-01,Shipped,14774.79
1984,1947,2024-09-16,Pending,52479.64
1985,3313,2024-12-05,Cancelled,3701.46
1986,2424,2025-11-20,Cancelled,43069.4
1987,2082,2024-12-28,Shipped,62935.43
1988,1670,2024-08-09,Cancelled,53517.49
1989,2755,2025-07-25,Shipped,17809.51
1990,2574,2024-03-08,Shipped,64434.41
1991,4496,2025-08-10,Shipped,56119.55
1992,1224,2025-08-08,Cancelled,55480.38
1993,3277,2025-01-25,Delivered,53833.73
1994,3882,2024-11-05,Pending,44919.92
1995,613,2025-11-27,Delivered,50692.6
1996,490,2024-08-17,Delivered,45116.51
1997,1230,2024-01-28,Delivered,10206.75
1998,2632,2024-06-30,Delivered,34591.87
1999,2330,2025-04-23,Cancelled,66105.74
2000,3844,2025-10-01,Delivered,33995.17
2001,3179,2024-06-16,Pending,56468.97
2002,3253,2024-07-21,Pending,31359.07
2003,4564,2024-03-05,Shipped,51547.22
2004,409,2025-06-02,Shipped,23304.53
2005,1114,2025-06-29,Delivered,10079.44
2006,1113,2024-09-08,Pending,10767.76
2007,3,2024-09-18,Cancelled,2835.25
2008,4887,2024-03-26,Pending,55380.49
2009,1052,2025-12-25,Shipped,11613.59
2010,3041,2025-12-16,Delivered,68568.81
2011,3682,2024-09-15,Delivered,66103.16
2012,3733,2024-12-28,Pending,5974.62
2013,228,2025-01-29,Cancelled,45156.2
2014,4007,2024-10-06,Pending,47288
2015,241,2025-10-08,Shipped,12954.56
2016,4249,2025-01-22,Shipped,61771.05
2017,4295,2024-02-10,Cancelled,38964.2
2018,3017,2024-03-02,Pending,14809.58
2019,893,2024-09-22,Delivered,52484.2
2020,50,2025-06-17,Pending,10667.21
2021,1828,2025-08-18,Delivered,9835.63
2022,2640,2024-09-22,Shipped,31130.27
2023,1717,2024-05-04,Delivered,41573.5
2024,2997,2025-11-20,Shipped,74456.48
2025,2242,2024-07-23,Cancelled,73895.72
2026,2913,2024-05-06,Pending,42935.24
2027,362,2025-09-27,Shipped,17836.36
2028,2320,2025-07-25,Pending,48516.32
2029,4898,2024-03-28,Shipped,43474.8
2030,892,2025-11-11,Pending,14194.57
2031,2579,2024-10-12,Shipped,31709.97
2032,1811,2024-06-09,Shipped,40407.31
2033,775,2024-03-23,Shipped,74881.11
2034,4754,2025-06-20,Shipped,58848.11
2035,1918,2025-08-13,Pending,25497.3
2036,698,2024-08-28,Delivered,32655.61
2037,2628,2025-05-02,Pending,56192.8
2038,2695,2025-06-15,Pending,17908.7
2039,677,2025-04-04,Shipped,3762.42
2040,3705,2025-07-29,Shipped,38611.16
2041,3676,2025-03-05,Delivered,71518.03
2042,1978,2024-06-28,Pending,12751.02
2043,1207,2025-09-16,Shipped,21940.39
2044,3557,2025-04-10,Cancelled,57644.79
2045,241,2025-06-10,Pending,54524.1
2046,715,2025-03-10,Delivered,11328.96
2047,2686,2025-06-06,Pending,39471.02
2048,648,2025-05-10,Delivered,60434.79
2049,1912,2024-05-10,Shipped,5617.53
2050,4504,2024-07-25,Pending,42552.37
2051,919,2025-04-04,Delivered,70170.69
2052,1132,2025-07-12,Shipped,62636.53
2053,4256,2025-11-24,Shipped,30660.56
2054,349,2025-10-02,Shipped,5004.81
2055,4204,2024-12-30,Delivered,15082.74
2056,103,2024-01-03,Shipped,65679.73
2057,3881,2024-05-07,Pending,67984.24
2058,2982,2024-10-31,Cancelled,56223.56
2059,1725,2025-02-03,Delivered,25390.69
2060,2444,2024-12-05,Pending,74799.6
2061,3969,2024-04-24,Pending,2800.24
2062,1159,2024-04-10,Cancelled,10056.17
2063,379,2025-05-31,Cancelled,44660.51
2064,4169,2024-09-01,Pending,55729.2
2065,2366,2025-03-30,Shipped,74290.6
2066,2285,2025-04-28,Cancelled,28815.82
2067,1394,2025-10-09,Delivered,30023.78
2068,2756,2024-12-08,Delivered,35077.5
2069,617,2024-08-22,Shipped,41896.8
2070,3031,2024-07-03,Delivered,5259.83
2071,4874,2024-07-16,Pending,5272.14
2072,473,2025-02-19,Shipped,65068.93
2073,4695,2024-02-15,Cancelled,53025.24
2074,4848,2025-05-13,Shipped,52698.53
2075,3167,2025-07-13,Shipped,8555.97
2076,4045,2024-04-26,Shipped,7500.5
2077,2817,2025-05-02,Delivered,6667.54
2078,2579,2024-10-11,Cancelled,68280.06
2079,3198,2024-10-01,Delivered,21660.46
2080,2582,2024-04-04,Pending,19732.46
2081,1268,2025-08-15,Delivered,67451.24
2082,3633,2025-05-29,Cancelled,67820.5
2083,2310,2025-11-10,Delivered,23782.67
2084,3225,2024-02-17,Delivered,34867.11
2085,1273,2025-04-26,Pending,74479.18
2086,338,2025-04-24,Shipped,55639.18
2087,4958,2024-07-14,Shipped,46769.36
2088,1908,2025-08-24,Shipped,24338.38
2089,417,2024-08-11,Pending,18126.34
2090,1215,2024-08-24,Pending,42372.05
2091,2038,2024-01-13,Delivered,30784.71
2092,2887,2024-11-07,Cancelled,23216.87
2093,2811,2025-07-01,Pending,61085.61
2094,4008,2025-11-27,Delivered,46209.84
2095,3926,2025-05-12,Delivered,41834.3
2096,2726,2025-05-15,Cancelled,64412.87
2097,4066,2024-01-10,Cancelled,63174.96
2098,4139,2024-10-07,Delivered,2209.6
2099,2398,2024-02-12,Delivered,45214.01
2100,1714,2024-03-08,Delivered,13414.66
2101,3762,2024-04-15,Delivered,19534.06
2102,3707,2025-02-05,Shipped,15512.38
2103,3708,2024-03-18,Cancelled,30886.14
2104,1929,2024-02-11,Pending,12761.69
2105,470,2025-03-14,Shipped,3011.22
2106,2473,2025-07-15,Cancelled,26443.77
2107,465,2025-04-23,Shipped,57537.44
2108,1871,2024-09-19,Shipped,14837.06
2109,125,2025-07-25,Cancelled,43384.25
2110,3315,2024-01-23,Pending,72957.82
2111,2952,2024-11-27,Delivered,51810.67
2112,3929,2025-10-02,Delivered,10643.76
2113,3978,2024-09-11,Cancelled,32819.43
2114,3934,2024-07-15,Pending,12079.45
2115,4262,2025-10-19,Delivered,10697.86
2116,3941,2025-05-15,Cancelled,67004.65
2117,3088,2025-12-03,Delivered,23373.9
2118,2396,2024-04-03,Pending,70006.75
2119,482,2024-08-03,Cancelled,18329.59
2120,1678,2024-01-21,Cancelled,53800.65
2121,1645,2024-11-23,Shipped,71173.28
2122,4344,2025-04-24,Pending,21582.85
2123,3756,2024-10-11,Shipped,42644.79
2124,1690,2025-05-04,Cancelled,35945.83
2125,3904,2025-11-01,Cancelled,56597.61
2126,2996,2025-01-14,Pending,9251.02
2127,3823,2025-01-17,Shipped,23566.44
2128,904,2024-05-24,Delivered,64081.39
2129,2730,2024-08-08,Pending,26456.95
2130,3884,2025-01-29,Pending,62286.36
2131,3010,2025-09-04,Delivered,32422.84
2132,1012,2024-02-05,Pending,32501.84
2133,4677,2025-01-27,Pending,14658.88
2134,4449,2025-07-05,Delivered,8056.04
2135,508,2025-02-27,Shipped,749.98
2136,3703,2025-03-18,Shipped,45644.08
2137,82,2025-09-14,Delivered,14577.3
2138,3003,2025-09-12,Pending,50855.56
2139,2798,2024-02-04,Pending,19918.72
2140,1983,2024-11-13,Shipped,13496.35
2141,2597,2024-06-03,Pending,70260.74
2142,540,2025-03-14,Pending,54912.8
2143,2571,2025-09-18,Cancelled,52698.47
2144,1164,2025-08-09,Cancelled,52293.04
2145,219,2024-12-19,Shipped,34303.74
2146,3128,2025-05-07,Shipped,5424.58
2147,2224,2025-11-18,Cancelled,9239.31
2148,1522,2024-10-19,Cancelled,33664.17
2149,2707,2024-08-11,Pending,14065.73
2150,4486,2024-08-08,Pending,1431
2151,4233,2024-10-12,Cancelled,9078.44
2152,41,2024-01-14,Delivered,70003.94
2153,3148,2025-03-27,Delivered,46884.09
2154,473,2025-09-05,Cancelled,6809.49
2155,4114,2024-08-26,Shipped,60504.96
2156,628,2025-04-10,Pending,7405.81
2157,1867,2024-05-12,Shipped,54403.31
2158,2712,2024-06-09,Delivered,66136.92
2159,2575,2025-06-05,Shipped,3517.08
2160,1713,2025-01-31,Shipped,72484.46
2161,1349,2025-06-22,Delivered,40639.17
2162,1588,2024-07-04,Delivered,64241.6
2163,4970,2025-02-14,Cancelled,66952.4
2164,227,2025-03-06,Pending,42775.55
2165,4632,2025-10-12,Shipped,58035.48
2166,454,2025-03-16,Shipped,33592.33
2167,1508,2025-03-31,Cancelled,61589.4
2168,2255,2024-04-15,Delivered,6017.84
2169,4719,2025-04-14,Shipped,58144.98
2170,97,2025-08-17,Pending,51127.16
2171,3848,2025-02-03,Shipped,18302.37
2172,1130,2025-02-24,Delivered,44863.11
2173,1106,2025-10-08,Shipped,66816.51
2174,2773,2024-06-25,Delivered,47007.68
2175,2475,2024-10-03,Delivered,35101.83
2176,2405,2025-11-08,Pending,50984.8
2177,226,2024-01-28,Cancelled,33666.54
2178,4841,2024-02-05,Pending,44269.71
2179,3272,2024-11-10,Delivered,58252.35
2180,3546,2025-09-04,Shipped,58480.79
2181,3088,2025-11-07,Pending,1280.19
2182,4335,2025-01-16,Delivered,35301.39
2183,492,2025-09-24,Delivered,25830.82
2184,2647,2024-07-16,Cancelled,33295.41
2185,917,2025-08-02,Delivered,48236.9
2186,4287,2025-09-19,Cancelled,11020.67
2187,112,2025-02-17,Cancelled,2610.64
2188,1264,2025-07-04,Pending,58398.66
2189,2101,2025-05-22,Delivered,17714.45
2190,4667,2025-08-18,Shipped,63416.59
2191,1367,2025-11-02,Pending,73612.9
2192,4239,2025-08-20,Delivered,59229.82
2193,640,2024-03-07,Delivered,12190.93
2194,1677,2025-12-12,Cancelled,43724.34
2195,4697,2024-04-03,Pending,19069.08
2196,1469,2025-01-04,Pending,24810.54
2197,2554,2024-04-11,Cancelled,24325.04
2198,4360,2024-04-01,Shipped,50826.94
2199,3531,2024-04-08,Shipped,23586.16
2200,3642,2025-01-22,Pending,31542.4
2201,2901,2024-07-26,Delivered,65867.29
2202,1118,2024-12-10,Shipped,59188.47
2203,3713,2024-03-26,Cancelled,23882.55
2204,3549,2025-01-05,Pending,7023.89
2205,3828,2024-08-30,Shipped,23628.57
2206,2528,2024-08-26,Delivered,12413.81
2207,2877,2024-01-23,Cancelled,13735.1
2208,2178,2025-01-08,Shipped,1426.31
2209,16,2024-05-16,Delivered,29609.57
2210,3926,2025-03-23,Delivered,13387.14
2211,3730,2025-10-16,Cancelled,54339.14
2212,711,2025-04-25,Delivered,29550.81
2213,694,2024-12-06,Cancelled,38623.2
2214,2941,2024-10-28,Delivered,7410.84
2215,3112,2025-02-09,Delivered,39212.09
2216,1601,2024-10-28,Delivered,54202.69
2217,512,2025-10-29,Pending,62046.56
2218,2465,2024-01-26,Delivered,34179.56
2219,1714,2025-01-26,Pending,41441.14
2220,2140,2025-05-10,Delivered,70865.68
2221,3999,2025-02-01,Shipped,60329.81
2222,3010,2025-05-22,Cancelled,45742.69
2223,3115,2025-07-31,Delivered,44094.15
2224,2369,2024-10-11,Cancelled,17896.97
2225,700,2025-08-08,Cancelled,64766.4
2226,619,2024-12-17,Pending,41874.65
2227,1516,2025-01-23,Delivered,1849.7
2228,2148,2024-09-14,Pending,10830.33
2229,3831,2024-01-25,Cancelled,55278.83
2230,1985,2024-06-10,Shipped,43687.24
2231,4041,2024-08-01,Cancelled,67272.06
2232,202,2025-03-03,Cancelled,41440.56
2233,1862,2025-03-26,Cancelled,62385.56
2234,4218,2025-11-19,Delivered,24602.15
2235,1210,2024-05-30,Delivered,41482.07
2236,2171,2025-07-14,Cancelled,41050.18
2237,2426,2025-07-10,Shipped,65756.31
2238,188,2024-07-08,Pending,70226.47
2239,3683,2025-01-04,Delivered,33223.72
2240,3550,2025-04-11,Cancelled,56357.03
2241,3481,2024-09-19,Delivered,38170.65
2242,2456,2025-11-09,Shipped,43967.96
2243,29,2025-04-24,Delivered,44017.2
2244,1859,2024-11-12,Delivered,57647.31
2245,247,2025-10-07,Delivered,59249.7
2246,1157,2025-02-16,Cancelled,37016.47
2247,543,2025-10-07,Delivered,19725.51
2248,3903,2024-08-10,Cancelled,13373.72
2249,4067,2025-01-18,Pending,67602.85
2250,395,2024-10-17,Shipped,35284.04
2251,2889,2024-05-27,Cancelled,51810.13
2252,3695,2025-09-11,Cancelled,40911.33
2253,867,2025-08-09,Cancelled,54753.03
2254,2988,2024-03-03,Pending,22452.84
2255,1344,2025-11-10,Pending,52949.19
2256,3001,2025-12-23,Pending,23986.52
2257,500,2024-11-15,Pending,8129.43
2258,1485,2025-06-16,Cancelled,24827.32
2259,3593,2024-04-15,Cancelled,52962.59
2260,1475,2024-12-03,Pending,16198.8
2261,4119,2024-03-04,Cancelled,5987.62
2262,4001,2025-07-01,Cancelled,65484.4
2263,1193,2025-05-29,Pending,34144.06
2264,2276,2024-11-13,Delivered,44331.27
2265,210,2024-12-13,Cancelled,63222.89
2266,4725,2024-05-06,Delivered,24022.92
2267,1496,2025-12-06,Cancelled,39864.33
2268,606,2025-06-04,Cancelled,69981.79
2269,2843,2025-12-20,Delivered,36652.28
2270,3752,2024-01-26,Delivered,41946.44
2271,4071,2025-11-04,Shipped,52904.63
2272,4177,2025-05-24,Delivered,73386.33
2273,2335,2024-11-27,Pending,10620.91
2274,3973,2024-09-10,Pending,52793.71
2275,3575,2024-11-12,Delivered,34128.13
2276,2742,2024-09-28,Cancelled,21339.88
2277,4026,2025-12-22,Shipped,74759.91
2278,304,2024-11-27,Pending,29162.25
2279,2485,2025-02-23,Delivered,40258.16
2280,402,2025-06-07,Pending,43836.74
2281,605,2025-02-01,Shipped,37776.69
2282,2031,2024-06-07,Shipped,8527.99
2283,1789,2025-11-24,Cancelled,50606.24
2284,4228,2025-02-22,Delivered,32648.88
2285,4439,2025-02-26,Delivered,26889.46
2286,1980,2025-02-01,Delivered,71423.41
2287,733,2024-07-03,Pending,2232.43
2288,4445,2024-09-07,Pending,16793.05
2289,4646,2025-03-20,Pending,29915.84
2290,1448,2024-12-16,Cancelled,33624.73
2291,3301,2025-12-14,Cancelled,44485.29
2292,2275,2024-05-03,Pending,56829.05
2293,2149,2025-06-16,Pending,33440.77
2294,1094,2025-12-03,Cancelled,29038.34
2295,493,2024-08-28,Cancelled,17758.71
2296,1916,2025-01-31,Pending,12052.52
2297,2740,2024-02-25,Shipped,27380.41
2298,1447,2025-01-15,Delivered,72202.55
2299,3898,2025-11-11,Cancelled,21986.18
2300,1972,2024-09-30,Pending,10381.78
2301,1721,2025-05-15,Pending,38641.96
2302,4056,2025-05-29,Cancelled,43772.7
2303,4756,2025-03-26,Shipped,56494.47
2304,502,2024-01-29,Shipped,26783.23
2305,3464,2024-07-02,Shipped,49396.24
2306,284,2024-05-30,Delivered,50198.94
2307,3362,2025-11-06,Shipped,65775.23
2308,4608,2025-08-26,Delivered,19032.33
2309,412,2025-10-04,Delivered,16318.78
2310,2998,2025-07-30,Pending,13982.38
2311,1782,2024-05-01,Pending,57523.52
2312,539,2024-11-22,Pending,21449.37
2313,4349,2024-12-01,Delivered,11533.89
2314,215,2025-04-15,Cancelled,60435.39
2315,3686,2024-06-06,Pending,57839.95
2316,4561,2024-10-04,Shipped,70311.27
2317,227,2024-01-26,Shipped,25093.63
2318,480,2025-02-19,Pending,20529.04
2319,1466,2024-01-05,Shipped,13451.16
2320,3677,2025-06-05,Shipped,46882.58
2321,837,2025-12-12,Shipped,39295.55
2322,3419,2024-01-01,Pending,4387.99
2323,2408,2024-03-03,Delivered,58497.8
2324,1288,2024-05-22,Shipped,9239.51
2325,4788,2024-01-20,Delivered,59080.26
2326,4801,2024-03-10,Shipped,24939.76
2327,4795,2024-10-29,Shipped,38551.94
2328,2190,2024-12-06,Shipped,21711.66
2329,780,2024-10-10,Shipped,55022.14
2330,3843,2024-02-13,Pending,71127.02
2331,2164,2024-10-28,Shipped,62239.92
2332,2048,2025-02-19,Pending,55526.26
2333,444,2024-08-01,Delivered,10536.83
2334,2238,2024-10-31,Delivered,37459.07
2335,2922,2024-09-03,Pending,46909.52
2336,1123,2025-07-08,Shipped,71261.74
2337,2402,2025-08-18,Delivered,43752.33
2338,4392,2025-01-31,Cancelled,22484.04
2339,3374,2024-12-30,Delivered,13355.56
2340,4106,2024-05-28,Shipped,21904.72
2341,1337,2024-06-06,Pending,43207.58
2342,1136,2025-12-13,Delivered,4497.47
2343,1418,2025-08-22,Pending,2835.37
2344,1130,2025-02-16,Pending,37188.47
2345,4771,2025-03-15,Delivered,18010.32
2346,727,2025-02-19,Shipped,44194.81
2347,1821,2025-09-24,Pending,32913
2348,280,2025-09-05,Pending,47784.67
2349,4717,2025-06-05,Delivered,22869.53
2350,513,2025-03-12,Pending,19262.19
2351,1153,2025-04-17,Cancelled,55734.59
2352,2374,2024-11-02,Pending,72551.1
2353,3206,2025-06-06,Delivered,17956.76
2354,1802,2025-04-09,Pending,733.94
2355,1274,2025-07-31,Delivered,52724.46
2356,1654,2025-06-19,Shipped,32528.52
2357,1207,2025-10-24,Pending,31970.69
2358,2802,2025-11-29,Cancelled,24223.5
2359,4263,2024-07-28,Delivered,61604.69
2360,1080,2025-11-30,Pending,21322.8
2361,3853,2025-09-13,Cancelled,20887.11
2362,3541,2024-07-16,Pending,25850.25
2363,620,2024-01-26,Cancelled,67713.35
2364,4116,2024-01-09,Shipped,46507.12
2365,1137,2025-10-31,Delivered,47436.06
2366,3327,2024-05-23,Pending,67683.39
2367,2380,2025-06-30,Delivered,62705.14
2368,1776,2025-03-06,Delivered,62459.86
2369,278,2025-10-07,Delivered,50213.19
2370,146,2025-10-30,Shipped,32799.7
2371,2490,2025-12-29,Shipped,5740.83
2372,4182,2024-03-20,Pending,1525.34
2373,2095,2024-01-28,Delivered,64220.44
2374,966,2025-08-18,Shipped,45787.13
2375,2143,2025-01-15,Shipped,73376.31
2376,2861,2024-05-15,Pending,59287.68
2377,1153,2024-05-06,Pending,58217.4
2378,4438,2024-11-08,Delivered,23723.25
2379,2855,2025-06-24,Cancelled,5864.96
2380,4252,2024-09-12,Shipped,8988.04
2381,1379,2024-08-24,Pending,26001.67
2382,4321,2025-11-21,Shipped,69825.06
2383,2058,2025-12-13,Pending,27428.58
2384,574,2024-04-14,Delivered,29511.76
2385,1921,2024-04-17,Shipped,8101.07
2386,3967,2024-07-29,Shipped,33971.71
2387,4571,2025-07-11,Delivered,11068.19
2388,139,2024-12-19,Pending,48432.23
2389,424,2024-03-16,Delivered,6971.91
2390,4184,2025-07-11,Shipped,16255.16
2391,3252,2025-11-05,Delivered,43512.78
2392,1985,2024-01-14,Shipped,750.93
2393,3241,2024-08-05,Shipped,48986.41
2394,2846,2025-09-29,Delivered,38544.55
2395,4267,2025-04-20,Pending,33375.34
2396,2037,2025-10-20,Delivered,48381.16
2397,4595,2024-08-19,Cancelled,60477.24
2398,1116,2025-06-25,Pending,56969.18
2399,4767,2024-05-28,Delivered,48087.83
2400,2222,2025-10-14,Pending,45407.23
2401,678,2024-06-23,Cancelled,33025.2
2402,86,2025-05-09,Shipped,60250.66
2403,148,2024-06-09,Cancelled,73473.47
2404,3738,2024-02-21,Pending,33930.64
2405,101,2024-12-31,Shipped,57884.57
2406,426,2024-11-02,Shipped,38323.59
2407,2912,2024-05-30,Cancelled,73242.21
2408,3097,2024-03-03,Delivered,19890.88
2409,4585,2024-02-06,Shipped,64725.2
2410,545,2024-12-09,Shipped,14101.62
2411,1766,2025-04-01,Pending,2453.01
2412,1275,2025-10-22,Pending,37488.84
2413,4836,2024-06-22,Pending,23679.1
2414,4207,2025-10-22,Delivered,49408.48
2415,3173,2024-07-06,Cancelled,46288.06
2416,2795,2024-01-25,Shipped,12189.77
2417,3705,2024-07-13,Delivered,9790.44
2418,3701,2025-05-17,Shipped,5578.87
2419,1651,2025-07-07,Delivered,25918.8
2420,1579,2024-07-04,Delivered,45551.32
2421,3575,2024-05-27,Pending,4895.18
2422,4538,2024-06-21,Pending,4244.17
2423,2016,2024-01-31,Pending,38212.26
2424,1593,2025-03-12,Delivered,36269.74
2425,832,2024-04-03,Delivered,55578.77
2426,733,2025-10-10,Shipped,42752.84
2427,1199,2025-10-15,Cancelled,68386.37
2428,628,2025-07-09,Shipped,33911.54
2429,4680,2024-09-02,Cancelled,16609.62
2430,3892,2025-01-23,Cancelled,9009.63
2431,1550,2025-12-29,Delivered,57394.13
2432,2670,2025-08-29,Delivered,42751.26
2433,3325,2025-05-24,Delivered,59753.4
2434,4392,2024-08-02,Delivered,20479.44
2435,4783,2024-08-12,Shipped,18030.96
2436,4998,2024-01-20,Shipped,46420.06
2437,2106,2025-11-04,Cancelled,71906.53
2438,4103,2025-06-14,Delivered,57573.8
2439,4218,2025-06-14,Delivered,62629.64
2440,422,2024-05-21,Pending,12837.2
2441,1457,2025-10-01,Shipped,53467.12
2442,4821,2025-04-10,Cancelled,60884.96
2443,3920,2025-10-02,Cancelled,48388.4
2444,880,2024-04-02,Shipped,68809.85
2445,1654,2025-10-14,Pending,15547.23
2446,3064,2024-05-11,Cancelled,57833.41
2447,694,2024-02-01,Delivered,1796.24
2448,1686,2024-09-16,Shipped,52901.36
2449,1241,2025-02-06,Cancelled,74568.45
2450,1938,2025-03-29,Shipped,24706.25
2451,2975,2024-06-09,Cancelled,23087.13
2452,3779,2024-03-29,Delivered,37888.74
2453,4844,2025-11-12,Shipped,11466.83
2454,3075,2024-04-13,Pending,35505.69
2455,4896,2024-02-13,Delivered,53210.12
2456,652,2025-01-04,Delivered,22827.89
2457,2317,2025-09-22,Delivered,30305.46
2458,2900,2025-02-21,Pending,56735.1
2459,3304,2024-03-22,Delivered,65642.97
2460,1248,2024-07-18,Pending,8688.58
2461,513,2025-09-19,Delivered,12631.28
2462,3206,2025-01-29,Cancelled,46311.21
2463,879,2024-04-13,Cancelled,3893.85
2464,2594,2024-05-07,Cancelled,41069.37
2465,3937,2024-09-15,Cancelled,27127.53
2466,644,2024-07-10,Pending,22672.79
2467,3365,2024-08-31,Delivered,52575.61
2468,99,2025-03-16,Cancelled,32416.69
2469,1997,2024-07-17,Cancelled,68809.09
2470,3983,2024-07-08,Pending,32716.25
2471,1306,2024-05-03,Cancelled,56653.88
2472,3022,2024-01-24,Delivered,16160.21
2473,1339,2024-02-11,Shipped,43840.26
2474,2586,2024-09-14,Delivered,15541.87
2475,2093,2024-04-17,Shipped,62972.98
2476,2647,2024-10-01,Cancelled,58729.66
2477,3170,2024-02-21,Shipped,48040.26
2478,2313,2024-01-29,Shipped,52789.62
2479,1838,2024-11-09,Pending,19371.15
2480,2184,2024-07-10,Cancelled,19304.98
2481,1589,2024-10-12,Pending,34299.92
2482,2584,2024-01-25,Pending,46345.05
2483,3756,2024-08-24,Shipped,26439.13
2484,956,2025-05-21,Shipped,22180.79
2485,3159,2024-05-09,Delivered,60108.34
2486,2291,2024-03-24,Cancelled,647.45
2487,2432,2025-12-28,Pending,39656.23
2488,1046,2024-02-05,Delivered,5295.27
2489,3386,2025-04-24,Pending,34277.68
2490,3901,2024-05-18,Delivered,39232.54
2491,2683,2024-04-05,Pending,56728.11
2492,731,2025-03-26,Pending,9094.22
2493,4955,2024-04-22,Cancelled,62480.09
2494,1954,2024-09-09,Cancelled,32297.17
2495,1932,2024-09-21,Pending,15763.58
2496,3069,2025-08-16,Pending,52185.72
2497,4970,2025-05-25,Pending,34806.89
2498,4667,2024-03-03,Delivered,31040.69
2499,1751,2024-11-02,Delivered,1114.93
2500,2687,2024-01-06,Cancelled,73950.9
2501,1860,2024-08-09,Shipped,55585.48
2502,4898,2024-05-29,Cancelled,61622.47
2503,3860,2024-02-28,Shipped,74920.93
2504,1342,2024-06-27,Cancelled,45526.62
2505,753,2024-05-01,Shipped,55688.55
2506,2341,2024-10-01,Cancelled,29537.9
2507,3033,2025-03-29,Shipped,23534.95
2508,3546,2024-04-13,Shipped,36034.33
2509,3886,2024-06-04,Delivered,51964.02
2510,3121,2024-07-29,Delivered,57879.01
2511,1409,2024-03-28,Shipped,14871.03
2512,3593,2024-05-08,Pending,13269
2513,2376,2024-09-03,Cancelled,55991.94
2514,2036,2025-02-13,Delivered,60865.91
2515,4290,2024-10-28,Delivered,73737.15
2516,2182,2025-05-11,Shipped,60657.95
2517,3770,2024-03-18,Delivered,54074.78
2518,4259,2024-09-20,Pending,9594.95
2519,4268,2024-08-16,Shipped,35654.98
2520,3674,2024-06-24,Delivered,45906.88
2521,318,2025-06-11,Cancelled,9403.18
2522,3676,2024-05-27,Cancelled,65139.64
2523,2897,2025-05-11,Delivered,2272.89
2524,4687,2024-04-04,Pending,36947.6
2525,3036,2025-06-06,Delivered,60950.08
2526,4367,2024-05-02,Shipped,64455.93
2527,1448,2025-06-28,Delivered,29097.89
2528,2600,2024-09-02,Shipped,61080.11
2529,453,2025-08-15,Delivered,34239.3
2530,1939,2025-02-10,Cancelled,66472.64
2531,2767,2024-02-19,Pending,1356.08
2532,916,2024-07-21,Delivered,35782.23
2533,4218,2025-12-27,Pending,15437.22
2534,3339,2024-08-22,Delivered,4966.65
2535,1037,2024-03-01,Shipped,28710.89
2536,3129,2024-01-14,Pending,34622.28
2537,2121,2025-08-07,Cancelled,36194.56
2538,3215,2024-02-03,Delivered,65492.68
2539,3,2025-10-03,Delivered,33457.35
2540,4582,2024-06-01,Pending,11755.27
2541,800,2025-12-14,Delivered,833.27
2542,3484,2024-08-15,Delivered,43072.35
2543,2149,2025-03-31,Delivered,34086.8
2544,4824,2024-12-22,Delivered,63084.54
2545,3954,2024-03-24,Shipped,67713.13
2546,818,2024-02-15,Delivered,30176.41
2547,4007,2024-04-27,Delivered,52403.94
2548,3043,2024-07-16,Delivered,64741.95
2549,2864,2025-04-18,Cancelled,59496.29
2550,3649,2025-06-26,Delivered,17101.72
2551,281,2024-07-26,Cancelled,2553.45
2552,2853,2024-04-21,Cancelled,73885.98
2553,1674,2024-02-05,Shipped,47658.58
2554,1996,2025-04-15,Shipped,58546.88
2555,4793,2025-09-11,Delivered,9172.63
2556,3040,2025-12-13,Delivered,65080.62
2557,883,2025-01-30,Pending,51030.82
2558,117,2025-01-13,Pending,29059.2
2559,2397,2025-08-27,Pending,66022.58
2560,372,2025-11-24,Cancelled,31392.87
2561,2895,2025-11-27,Delivered,32337.86
2562,4051,2024-08-16,Shipped,45693.48
2563,4722,2024-06-23,Delivered,49955.92
2564,4225,2025-07-24,Shipped,31712.08
2565,1593,2025-04-27,Cancelled,3276.08
2566,2462,2024-11-05,Shipped,28044.35
2567,474,2024-01-31,Cancelled,44241.04
2568,648,2025-09-18,Pending,69421.43
2569,1936,2024-10-22,Delivered,1916.39
2570,1438,2024-06-28,Pending,8220.23
2571,3114,2024-11-01,Pending,69290.42
2572,1777,2025-03-31,Shipped,52395.96
2573,3088,2024-10-08,Pending,36402.16
2574,522,2025-01-22,Delivered,26776.58
2575,1165,2024-05-13,Cancelled,28978.67
2576,809,2025-04-23,Shipped,70011.81
2577,622,2024-02-26,Cancelled,6324.38
2578,2062,2024-04-11,Cancelled,14915.31
2579,263,2025-04-23,Delivered,12300.11
2580,2684,2025-03-05,Delivered,15911.69
2581,1472,2025-06-26,Shipped,49487.65
2582,3219,2024-12-13,Delivered,27554.77
2583,2715,2025-06-19,Delivered,7903.19
2584,3536,2025-02-12,Cancelled,66122.98
2585,4880,2025-11-19,Shipped,70760.13
2586,4371,2025-08-30,Cancelled,922.21
2587,4365,2024-10-30,Cancelled,33618.5
2588,3295,2025-08-05,Delivered,20564.58
2589,3036,2025-04-12,Cancelled,73254.52
2590,2933,2024-07-01,Delivered,23760.47
2591,2418,2024-10-20,Shipped,66713.54
2592,1300,2025-06-14,Pending,35264.4
2593,456,2024-10-05,Cancelled,20638.73
2594,3600,2024-04-13,Shipped,19883.75
2595,3806,2024-05-04,Shipped,70338.15
2596,3631,2025-08-22,Delivered,8922.33
2597,1506,2024-06-18,Pending,49347.88
2598,2332,2025-11-21,Delivered,4624.05
2599,1851,2024-12-07,Pending,73785.19
2600,3152,2024-08-22,Pending,24607.05
2601,979,2024-08-19,Delivered,44002.32
2602,1294,2024-11-25,Shipped,55496.29
2603,2144,2025-10-11,Delivered,5546.65
2604,2623,2024-09-22,Pending,58368.69
2605,935,2024-12-07,Pending,3299.36
2606,4929,2024-12-01,Shipped,31171.67
2607,4252,2024-02-13,Cancelled,17911.4
2608,346,2025-02-06,Delivered,32060.72
2609,4647,2025-11-14,Shipped,72530.61
2610,667,2025-02-22,Pending,39922.73
2611,877,2024-02-21,Delivered,9686.34
2612,856,2025-04-14,Delivered,54788.91
2613,3619,2025-07-12,Shipped,61616.15
2614,52,2025-08-02,Shipped,14591.93
2615,3761,2025-11-22,Pending,3976.36
2616,3312,2024-10-28,Cancelled,10178.42
2617,2778,2025-08-08,Pending,57688.39
2618,4470,2025-05-26,Delivered,35496.71
2619,3047,2025-02-02,Shipped,22343.37
2620,3489,2024-11-18,Cancelled,24596.23
2621,4373,2024-09-24,Delivered,28991.6
2622,1108,2024-06-19,Shipped,73932.71
2623,1936,2024-08-24,Cancelled,57603.62
2624,3127,2024-02-29,Delivered,45347.39
2625,4743,2025-11-23,Cancelled,14718.94
2626,4691,2025-06-19,Cancelled,71717.51
2627,2028,2024-08-18,Pending,62544.94
2628,2751,2024-04-30,Delivered,14394.1
2629,2063,2024-08-30,Cancelled,73765.58
2630,1251,2025-08-09,Cancelled,39203
2631,3635,2024-10-31,Shipped,16099.09
2632,2278,2024-03-30,Pending,1174.52
2633,2281,2024-03-20,Delivered,47113.88
2634,4092,2024-06-18,Pending,54424.59
2635,122,2025-11-11,Cancelled,1599.59
2636,1646,2025-06-15,Delivered,23581.76
2637,3083,2024-04-26,Shipped,12185.65
2638,1666,2025-10-17,Pending,50213.06
2639,3401,2024-11-20,Shipped,51278.58
2640,3787,2024-03-08,Pending,13647.98
2641,431,2025-05-17,Pending,19786.84
2642,445,2024-05-26,Pending,68129.19
2643,1883,2024-12-24,Pending,13449.7
2644,4646,2024-07-19,Pending,31960.46
2645,2948,2025-10-15,Delivered,44674.46
2646,648,2025-03-20,Cancelled,35985.18
2647,3919,2024-08-27,Delivered,46318.55
2648,4924,2024-05-29,Delivered,23568.31
2649,1533,2024-06-13,Delivered,55969.85
2650,4895,2024-08-30,Delivered,761.18
2651,4424,2024-01-24,Shipped,9228.1
2652,499,2024-05-28,Cancelled,24605.22
2653,4721,2024-06-08,Delivered,25611.33
2654,3772,2025-10-08,Delivered,15394.87
2655,2336,2024-05-19,Cancelled,71691.37
2656,2211,2024-10-27,Cancelled,23120.23
2657,320,2024-09-27,Pending,34603.19
2658,282,2025-10-11,Shipped,46247.02
2659,4865,2024-08-28,Cancelled,51116.02
2660,4603,2025-05-26,Cancelled,22369.62
2661,1650,2024-04-17,Shipped,52514.92
2662,1391,2025-06-29,Cancelled,27558.45
2663,2266,2025-03-24,Delivered,22873.3
2664,1795,2024-11-14,Delivered,5610.34
2665,353,2024-02-22,Delivered,10946.75
2666,3224,2025-11-22,Shipped,54276.73
2667,1210,2025-05-27,Delivered,7044.54
2668,1415,2025-09-23,Delivered,13967.19
2669,1443,2025-11-09,Pending,29851.38
2670,854,2025-01-23,Cancelled,50430.09
2671,2714,2024-09-18,Cancelled,50403.1
2672,4836,2024-07-06,Cancelled,50958.21
2673,3707,2025-09-26,Cancelled,61726.49
2674,3366,2024-09-18,Pending,30860.18
2675,3183,2024-08-21,Delivered,65180.33
2676,3217,2025-11-25,Delivered,62901.3
2677,2005,2024-06-25,Cancelled,52482.84
2678,51,2025-07-05,Pending,50098.27
2679,4902,2025-06-02,Cancelled,21125.07
2680,3335,2024-01-01,Shipped,32080.33
2681,3948,2025-07-03,Pending,70943.07
2682,2786,2024-02-03,Cancelled,16885.4
2683,2256,2025-09-01,Shipped,29301.64
2684,1159,2024-08-12,Pending,62451.44
2685,3286,2024-11-22,Delivered,74950.12
2686,3240,2024-04-25,Cancelled,63648.53
2687,2235,2025-09-29,Pending,17622.38
2688,2649,2025-08-07,Cancelled,8746.45
2689,43,2024-08-11,Delivered,56146.43
2690,688,2024-08-30,Cancelled,36134.54
2691,1612,2025-08-11,Cancelled,24623.74
2692,820,2024-02-18,Cancelled,60152.71
2693,3578,2025-02-07,Shipped,28108.35
2694,1196,2024-10-18,Cancelled,61347.21
2695,4452,2025-08-03,Delivered,23278.62
2696,1303,2024-06-19,Delivered,41974.77
2697,4518,2025-05-09,Delivered,46025.45
2698,3602,2024-11-14,Shipped,67285.98
2699,1943,2025-08-14,Cancelled,59892.01
2700,1327,2024-04-01,Delivered,2436.23
2701,2290,2025-02-20,Shipped,33268.66
2702,3554,2025-10-14,Pending,59777.67
2703,604,2025-02-18,Delivered,52665.22
2704,861,2025-06-26,Shipped,43974.9
2705,1802,2025-12-22,Shipped,10125.84
2706,3892,2025-06-28,Cancelled,60667.99
2707,3,2025-11-13,Pending,17327.15
2708,3947,2024-08-11,Pending,63232.73
2709,3263,2024-06-11,Shipped,44484.9
2710,4551,2025-07-24,Shipped,55870.55
2711,3868,2025-09-08,Cancelled,36012.79
2712,989,2025-08-18,Delivered,74384.06
2713,2787,2025-12-17,Pending,29218.49
2714,1954,2024-06-02,Shipped,14085.2
2715,2163,2025-01-11,Shipped,3680.05
2716,4297,2025-08-12,Cancelled,1146.59
2717,442,2025-03-24,Pending,38972.94
2718,3721,2024-10-24,Pending,21677.71
2719,1055,2025-05-31,Pending,1618.13
2720,3857,2024-01-26,Pending,23090.46
2721,3482,2025-01-24,Shipped,35380.53
2722,1858,2024-02-08,Shipped,6900.34
2723,80,2025-10-25,Cancelled,30298.45
2724,2196,2025-03-28,Shipped,12076.05
2725,4472,2024-11-05,Shipped,54342.5
2726,1660,2024-08-19,Shipped,41023.19
2727,1014,2024-07-20,Cancelled,5718.68
2728,4766,2024-01-29,Shipped,50637.33
2729,1941,2024-09-19,Shipped,16620.3
2730,3648,2025-10-21,Delivered,27230.98
2731,540,2025-02-06,Cancelled,72824.89
2732,1602,2024-04-05,Pending,29928.11
2733,2816,2025-01-13,Cancelled,57057.78
2734,3299,2025-09-29,Shipped,54118.88
2735,3117,2025-07-14,Shipped,7175.85
2736,2267,2025-04-13,Shipped,43766.08
2737,1770,2024-10-31,Delivered,65262.41
2738,2457,2025-10-01,Shipped,49089.11
2739,1986,2025-02-14,Pending,46544.18
2740,907,2025-11-30,Pending,9057.77
2741,460,2025-12-09,Cancelled,3625.33
2742,100,2025-04-15,Shipped,69759.55
2743,1072,2025-02-24,Delivered,49235.51
2744,1995,2024-04-12,Cancelled,69443.06
2745,2713,2024-03-10,Pending,22437.5
2746,851,2025-04-23,Delivered,57754.27
2747,1501,2025-04-18,Cancelled,33497.01
2748,4548,2025-11-08,Pending,64513.66
2749,2564,2024-11-18,Shipped,5235.21
2750,3282,2025-02-26,Shipped,56772.48
2751,3451,2025-05-19,Pending,45161.64
2752,2927,2025-02-10,Delivered,67590.92
2753,1243,2024-12-01,Shipped,36417.07
2754,3694,2024-07-29,Shipped,6022.88
2755,1860,2025-02-28,Shipped,51648.83
2756,1098,2025-05-19,Delivered,28458.77
2757,3954,2025-10-14,Shipped,31579.52
2758,1583,2025-05-02,Delivered,66404.66
2759,2632,2025-03-26,Shipped,26719.16
2760,4037,2024-12-23,Delivered,74374.23
2761,1429,2024-08-21,Shipped,70021.35
2762,4692,2025-07-30,Delivered,61059.73
2763,4637,2024-05-26,Delivered,38182.06
2764,4722,2024-03-10,Shipped,56329.17
2765,2357,2024-09-26,Delivered,44921.64
2766,2351,2025-08-16,Shipped,47804.9
2767,3051,2024-02-13,Cancelled,51616.94
2768,1576,2024-10-08,Delivered,19521.31
2769,4013,2025-03-29,Shipped,52749.23
2770,521,2024-03-31,Shipped,63818.71
2771,2711,2025-08-18,Shipped,65289.92
2772,82,2025-06-22,Shipped,55938.11
2773,2887,2024-04-23,Delivered,48214.59
2774,2983,2025-12-28,Shipped,40341.5
2775,4635,2025-11-04,Shipped,14418.29
2776,2059,2024-01-18,Shipped,42355.29
2777,1867,2024-05-17,Cancelled,65974.3
2778,875,2024-07-17,Pending,31627.11
2779,4328,2025-08-09,Shipped,58651.02
2780,949,2024-06-20,Cancelled,34026.5
2781,1213,2025-05-22,Cancelled,14395.63
2782,50,2025-03-02,Delivered,62666.71
2783,121,2025-12-18,Delivered,5706.87
2784,4101,2025-12-09,Delivered,16133.63
2785,620,2024-06-19,Shipped,2762.73
2786,4573,2025-06-19,Delivered,27388.95
2787,2578,2025-09-10,Cancelled,71025.28
2788,1284,2025-11-27,Pending,70775.87
2789,2491,2025-04-24,Cancelled,50399.87
2790,1475,2025-09-10,Delivered,66160.58
2791,40,2024-11-19,Shipped,42349.54
2792,3133,2024-07-05,Pending,16424.07
2793,4871,2025-06-08,Pending,72421.7
2794,2218,2024-02-21,Delivered,67063.07
2795,1916,2025-01-29,Shipped,47686.59
2796,516,2025-11-06,Shipped,56681.65
2797,1969,2024-01-21,Shipped,69085.45
2798,2475,2024-08-03,Shipped,49141.05
2799,3624,2024-05-09,Shipped,13656.02
2800,2907,2025-08-16,Delivered,59402.37
2801,2278,2025-07-07,Cancelled,59957.28
2802,1454,2024-11-24,Pending,15112.79
2803,528,2025-02-15,Cancelled,38661.12
2804,1269,2025-03-04,Cancelled,11429.67
2805,3121,2025-04-06,Delivered,60497.48
2806,607,2025-07-02,Cancelled,67868.5
2807,3251,2024-04-23,Cancelled,73533.83
2808,1788,2025-11-12,Delivered,39641.12
2809,3277,2024-11-07,Cancelled,68489.55
2810,2527,2025-08-01,Pending,67705.79
2811,4083,2025-02-22,Pending,43336.75
2812,4766,2025-02-27,Pending,12371.6
2813,4928,2024-06-27,Shipped,63702.14
2814,4414,2024-02-07,Pending,23420.47
2815,1616,2024-10-31,Delivered,51862.48
2816,1010,2025-12-10,Shipped,10908.33
2817,4118,2024-09-25,Pending,72788.18
2818,3809,2025-05-18,Delivered,58657.92
2819,2511,2025-12-21,Delivered,57064.81
2820,186,2024-05-22,Shipped,2090.71
2821,4124,2024-03-12,Delivered,5563.13
2822,4337,2024-01-11,Delivered,35917.1
2823,1320,2024-07-18,Pending,2198.59
2824,2307,2025-07-29,Cancelled,9326.54
2825,721,2025-01-01,Shipped,2498.96
2826,4840,2025-06-01,Cancelled,31234.71
2827,829,2025-10-31,Delivered,57606.31
2828,1693,2024-06-07,Delivered,19992.44
2829,3794,2024-09-13,Cancelled,38642.46
2830,4919,2024-02-19,Delivered,48482.04
2831,2537,2025-03-29,Cancelled,66073.88
2832,1344,2025-12-14,Pending,67614.88
2833,2723,2025-02-20,Cancelled,32978.42
2834,89,2025-07-14,Cancelled,58617.36
2835,1138,2025-01-14,Pending,10751.5
2836,553,2025-11-03,Pending,39502.05
2837,4111,2024-01-12,Cancelled,36768.28
2838,4526,2024-09-17,Cancelled,31780.03
2839,2216,2024-10-16,Cancelled,30524.98
2840,239,2024-02-11,Shipped,41312.77
2841,2960,2024-06-28,Delivered,15761.4
2842,4258,2025-12-25,Shipped,32147.8
2843,1592,2024-08-15,Delivered,27021.29
2844,1701,2024-09-29,Pending,62743.73
2845,2666,2024-04-14,Delivered,55903.09
2846,4944,2025-07-30,Cancelled,54974.47
2847,745,2025-10-26,Shipped,43631.34
2848,4544,2024-01-31,Cancelled,30593.81
2849,2524,2024-07-15,Pending,1279.28
2850,1448,2024-12-24,Delivered,7151.27
2851,4496,2024-09-20,Shipped,11477.75
2852,1602,2024-11-27,Pending,69204.55
2853,4915,2024-12-24,Delivered,72299.72
2854,3698,2025-04-13,Cancelled,60398.53
2855,2191,2025-05-27,Cancelled,21203.82
2856,458,2024-04-07,Shipped,40854.1
2857,4781,2024-04-10,Shipped,7496.12
2858,3809,2025-05-05,Delivered,20640.76
2859,2167,2024-09-02,Cancelled,14360.88
2860,1755,2025-09-04,Delivered,17350.69
2861,4296,2024-12-05,Pending,6620.49
2862,1355,2025-05-18,Delivered,72551.85
2863,2392,2025-02-27,Pending,65474.33
2864,480,2024-10-06,Delivered,63732.68
2865,3537,2025-03-28,Cancelled,16727.75
2866,3795,2024-12-21,Pending,21665.04
2867,3893,2024-01-16,Cancelled,50743.76
2868,4622,2025-09-12,Delivered,64485.05
2869,1678,2024-09-22,Shipped,18903.82
2870,2861,2025-10-03,Pending,15744.29
2871,3840,2024-11-12,Delivered,43125.08
2872,603,2024-07-01,Delivered,72015.95
2873,1555,2025-08-01,Shipped,13044.84
2874,1996,2024-10-26,Shipped,61922.81
2875,4155,2024-04-23,Shipped,7067.53
2876,3463,2024-07-21,Pending,42467.16
2877,1522,2024-10-26,Pending,16517.02
2878,4730,2025-01-27,Delivered,18441.79
2879,1904,2024-02-02,Shipped,55004.08
2880,2176,2025-11-18,Pending,20699.92
2881,3786,2024-11-19,Cancelled,55666.06
2882,3071,2025-08-11,Pending,12693.78
2883,2626,2025-03-10,Cancelled,48183.19
2884,1904,2025-04-13,Cancelled,37129.08
2885,4500,2025-10-25,Shipped,1782.33
2886,2866,2024-12-27,Pending,68661.31
2887,2373,2024-03-27,Pending,23055.03
2888,3332,2025-09-27,Cancelled,37030.8
2889,504,2025-11-07,Cancelled,10292.02
2890,1495,2025-08-02,Cancelled,73082.02
2891,2494,2025-08-30,Cancelled,41247.54
2892,1455,2025-07-12,Cancelled,74134.87
2893,2951,2025-05-12,Cancelled,561.64
2894,570,2025-11-01,Pending,71219.24
2895,2789,2024-06-12,Shipped,4594.73
2896,2112,2025-06-10,Pending,45670.67
2897,4407,2024-06-10,Pending,32887.66
2898,3507,2024-06-24,Pending,74325.9
2899,3091,2024-10-01,Shipped,73620.14
2900,2872,2025-01-06,Shipped,5591.75
2901,3741,2024-01-27,Shipped,19547.38
2902,3327,2025-01-30,Cancelled,6499.6
2903,898,2025-09-08,Delivered,55171.54
2904,2565,2024-09-28,Delivered,60331.52
2905,2760,2024-06-03,Shipped,38938.06
2906,4436,2025-09-26,Delivered,73865.33
2907,2321,2024-06-12,Shipped,37456.31
2908,3276,2025-02-25,Shipped,4744.23
2909,1423,2025-02-04,Pending,55343.88
2910,1822,2025-08-03,Pending,22550.45
2911,1344,2024-06-01,Delivered,57492.14
2912,4188,2025-09-09,Cancelled,25345.41
2913,2151,2024-09-17,Shipped,27208.51
2914,2117,2024-09-05,Pending,73459.01
2915,2352,2024-10-25,Shipped,39659.3
2916,838,2024-11-29,Cancelled,67826.22
2917,2125,2025-09-11,Pending,13571.56
2918,3340,2024-02-26,Delivered,73618.13
2919,1499,2025-05-13,Shipped,72336.5
2920,3970,2025-04-18,Shipped,47989.93
2921,930,2024-03-18,Delivered,59678.37
2922,4631,2024-07-02,Pending,25189.67
2923,547,2024-09-17,Shipped,24994.97
2924,2881,2024-12-13,Shipped,48214.16
2925,356,2024-08-09,Cancelled,49268.58
2926,1004,2025-07-23,Shipped,914.03
2927,207,2025-08-21,Cancelled,64474.29
2928,941,2024-05-20,Cancelled,44021.92
2929,3388,2025-01-10,Cancelled,4397.59
2930,4101,2024-10-31,Delivered,9954.85
2931,4952,2024-03-16,Cancelled,28376.24
2932,4898,2024-04-12,Delivered,45242.82
2933,1136,2024-02-20,Pending,19390.49
2934,3210,2025-12-17,Cancelled,40652.31
2935,4192,2025-12-06,Delivered,62991.82
2936,1123,2024-01-13,Cancelled,18810.05
2937,3469,2025-07-01,Shipped,38249.75
2938,1874,2025-07-06,Pending,56626.58
2939,57,2025-05-16,Cancelled,50465.1
2940,3754,2024-05-30,Delivered,42282.51
2941,3035,2025-09-16,Delivered,30282.35
2942,4903,2025-03-22,Cancelled,6508.85
2943,4829,2024-04-03,Pending,13165.65
2944,1537,2024-07-02,Delivered,67286.64
2945,3612,2025-03-27,Delivered,29011.96
2946,2706,2024-08-29,Shipped,47042.5
2947,4448,2025-05-18,Pending,16459.21
2948,4052,2025-10-21,Shipped,25224.21
2949,3066,2025-02-25,Shipped,56057.66
2950,501,2024-12-28,Pending,56526.73
2951,1670,2024-07-22,Cancelled,3078.67
2952,4376,2024-03-02,Pending,14660.6
2953,188,2024-02-09,Pending,8773.39
2954,2656,2024-12-29,Pending,43461.96
2955,4380,2025-07-06,Shipped,13549.22
2956,4323,2025-06-16,Cancelled,38574.3
2957,3520,2024-02-29,Cancelled,54034.16
2958,3068,2025-05-15,Shipped,73594.68
2959,4551,2025-01-20,Delivered,61044.33
2960,2956,2025-03-26,Cancelled,38070.52
2961,3620,2024-02-28,Cancelled,19926.81
2962,620,2025-08-22,Shipped,38347.78
2963,4381,2024-08-11,Cancelled,58460.63
2964,3134,2024-04-26,Pending,12546.56
2965,2388,2025-09-16,Shipped,3124.98
2966,3295,2025-06-25,Shipped,67632.36
2967,1522,2024-06-26,Pending,10083.19
2968,1958,2025-09-16,Shipped,32085.76
2969,1511,2025-07-11,Cancelled,55710.98
2970,2298,2024-12-28,Pending,25131.53
2971,3850,2025-02-22,Shipped,34450.63
2972,3319,2024-05-04,Pending,4440.98
2973,4026,2025-12-28,Cancelled,56844.39
2974,2600,2024-02-28,Pending,38244.98
2975,1389,2025-03-03,Delivered,32013.44
2976,3789,2024-12-02,Shipped,49470.87
2977,2502,2025-04-27,Shipped,9985.78
2978,2787,2025-10-27,Cancelled,16426.06
2979,3684,2024-06-10,Delivered,53888.06
2980,1823,2024-12-18,Shipped,24919.08
2981,411,2024-08-15,Delivered,60273.57
2982,3019,2025-08-17,Delivered,31570.8
2983,2423,2025-04-29,Cancelled,70876.73
2984,2943,2024-09-21,Shipped,65819.77
2985,2430,2025-07-24,Pending,32666.84
2986,2396,2024-12-18,Delivered,55328.72
2987,4792,2024-07-11,Delivered,51564.23
2988,2779,2024-08-04,Shipped,39984.98
2989,4138,2025-08-11,Shipped,74234.03
2990,1804,2024-03-24,Delivered,50353.79
2991,651,2024-03-12,Cancelled,8015.72
2992,4769,2024-02-28,Pending,61231.06
2993,1886,2024-05-20,Pending,36229.76
2994,3552,2025-08-15,Pending,10202.46
2995,709,2025-04-05,Shipped,8518.13
2996,1434,2025-05-09,Shipped,38011.67
2997,4125,2024-06-19,Shipped,71300.75
2998,144,2025-02-28,Shipped,29207.69
2999,3708,2024-01-19,Cancelled,44126.19
3000,819,2025-01-20,Pending,15003.6
3001,1924,2025-05-15,Pending,23035.14
3002,4142,2024-06-21,Cancelled,54262.53
3003,1836,2024-10-12,Shipped,19162.73
3004,1016,2024-12-03,Cancelled,11363.88
3005,1824,2024-03-15,Delivered,60639.06
3006,612,2025-12-13,Delivered,26416.97
3007,1479,2025-01-27,Shipped,33180.83
3008,1217,2024-04-07,Shipped,72172.85
3009,2526,2025-12-17,Cancelled,48123.92
3010,4709,2025-06-03,Cancelled,53931.85
3011,85,2025-04-12,Cancelled,5037.94
3012,3467,2024-02-26,Cancelled,16440.74
3013,4128,2025-09-02,Delivered,16689.51
3014,1766,2024-01-05,Cancelled,39631.74
3015,306,2024-02-21,Pending,71927.17
3016,2673,2024-11-21,Pending,5011.59
3017,4032,2024-01-07,Pending,6907.41
3018,1522,2024-11-19,Pending,38518.72
3019,1718,2024-04-01,Delivered,1960.73
3020,1900,2024-08-19,Pending,43181.04
3021,1705,2025-02-03,Cancelled,3570.19
3022,1222,2024-11-02,Shipped,59758.13
3023,4099,2024-10-31,Cancelled,39318.42
3024,4134,2025-04-04,Delivered,8643.33
3025,1316,2025-03-15,Delivered,58535.41
3026,332,2025-09-28,Shipped,74902.69
3027,1361,2024-01-27,Shipped,23855.87
3028,2050,2024-11-28,Delivered,63248.81
3029,1612,2025-07-10,Pending,57900.67
3030,1656,2025-03-17,Pending,35693.48
3031,4795,2025-02-25,Shipped,7545.66
3032,2,2025-02-04,Delivered,56702.04
3033,2440,2024-12-12,Delivered,7347.34
3034,4551,2024-11-17,Delivered,74920.65
3035,409,2024-09-13,Shipped,69033.35
3036,68,2024-12-01,Shipped,43085.68
3037,947,2024-02-19,Delivered,64793.15
3038,4888,2024-06-11,Pending,3455.96
3039,2547,2025-04-16,Cancelled,26492.12
3040,4287,2024-01-05,Cancelled,16912.88
3041,2465,2024-07-25,Cancelled,1466.03
3042,2324,2025-06-26,Delivered,57016.3
3043,185,2025-05-09,Pending,32099.14
3044,2105,2025-09-08,Shipped,68168.08
3045,3877,2024-09-30,Delivered,3303.53
3046,246,2024-06-25,Pending,53638.2
3047,4893,2024-01-05,Pending,44631.62
3048,1252,2025-05-20,Pending,23648.92
3049,3894,2025-01-25,Delivered,40941.7
3050,2925,2024-10-21,Delivered,73578.23
3051,4998,2024-09-25,Shipped,24018
3052,2426,2025-07-22,Shipped,69639.24
3053,2457,2024-04-30,Cancelled,61992.34
3054,4068,2025-11-19,Delivered,23920.18
3055,3553,2025-03-24,Cancelled,33185.11
3056,2863,2024-08-27,Shipped,4586.29
3057,337,2025-05-09,Shipped,63186.79
3058,535,2024-03-02,Shipped,55997.14
3059,1475,2024-08-05,Cancelled,61827.13
3060,790,2025-12-13,Pending,63444.46
3061,3197,2025-05-18,Cancelled,11445.78
3062,1693,2024-02-28,Delivered,5429.36
3063,2928,2024-07-05,Cancelled,15625.09
3064,2987,2024-09-19,Shipped,12462.59
3065,4316,2024-05-18,Delivered,1571.27
3066,2480,2024-11-22,Delivered,42649.79
3067,2627,2024-12-16,Shipped,64238.85
3068,2757,2024-03-21,Cancelled,41890.57
3069,2555,2024-10-14,Delivered,28389.95
3070,2727,2024-08-26,Cancelled,45717.82
3071,36,2024-10-01,Delivered,66304.48
3072,952,2024-03-27,Cancelled,55025.66
3073,3814,2024-12-14,Pending,30923.31
3074,3359,2025-09-27,Delivered,46634.96
3075,155,2024-04-05,Delivered,71848.2
3076,2688,2024-06-06,Pending,64093.15
3077,4606,2024-03-31,Cancelled,73653.47
3078,528,2024-01-11,Delivered,50729.63
3079,1796,2024-11-18,Cancelled,58979.78
3080,2049,2024-10-15,Delivered,65090.21
3081,16,2025-09-07,Pending,17772.17
3082,87,2024-05-08,Delivered,1052.57
3083,865,2024-09-30,Shipped,31071.1
3084,4382,2025-08-17,Shipped,60993.02
3085,4255,2025-01-18,Cancelled,73547.87
3086,1470,2024-05-13,Cancelled,56593.14
3087,2157,2025-08-23,Pending,38248.63
3088,1465,2024-09-29,Cancelled,73636.51
3089,3695,2024-05-22,Delivered,9709.58
3090,1535,2024-10-04,Shipped,67834.6
3091,3483,2025-11-01,Cancelled,9329.18
3092,2680,2025-01-17,Delivered,15253.71
3093,2072,2024-03-26,Cancelled,58939.53
3094,1364,2024-12-10,Cancelled,3749.34
3095,1424,2024-10-31,Delivered,629.02
3096,1529,2024-04-29,Cancelled,49753.91
3097,4768,2025-12-23,Pending,22990.84
3098,877,2025-09-16,Pending,48172.05
3099,4926,2024-12-15,Cancelled,39264.06
3100,3452,2025-01-03,Cancelled,14146.69
3101,1363,2025-08-21,Delivered,60801.36
3102,2680,2025-10-22,Pending,53936.39
3103,3032,2024-06-04,Delivered,44748.07
3104,3280,2024-05-16,Pending,51746.57
3105,92,2024-03-29,Delivered,17031.07
3106,4425,2025-05-15,Shipped,59328.98
3107,2799,2024-04-17,Shipped,74957.2
3108,4207,2025-05-04,Cancelled,32025.93
3109,3302,2025-11-16,Delivered,30689.08
3110,2924,2025-12-28,Cancelled,23248.51
3111,691,2024-02-28,Delivered,32245.47
3112,965,2024-07-15,Delivered,35057.93
3113,4834,2025-03-26,Cancelled,47542.71
3114,3142,2025-11-04,Cancelled,50783.99
3115,3138,2025-07-06,Shipped,55798.3
3116,3595,2024-09-17,Delivered,36945.43
3117,4172,2024-12-04,Shipped,20522.07
3118,3474,2025-06-19,Shipped,16157.82
3119,1663,2024-02-28,Shipped,20156.49
3120,3857,2025-11-28,Cancelled,24151.17
3121,2563,2024-07-08,Delivered,41460.52
3122,3176,2025-10-31,Shipped,22577.62
3123,4620,2024-09-30,Cancelled,64423.66
3124,2842,2025-06-15,Shipped,71582.87
3125,435,2025-12-03,Cancelled,11948.69
3126,2966,2024-12-03,Pending,11677.77
3127,1925,2024-03-16,Cancelled,53898.91
3128,9,2024-03-12,Pending,35182.69
3129,144,2025-02-26,Delivered,29313.52
3130,4482,2025-12-24,Shipped,8429.01
3131,958,2024-04-05,Cancelled,1981.44
3132,2879,2025-01-17,Cancelled,47283.48
3133,1042,2024-12-22,Pending,31926.55
3134,2614,2024-02-19,Pending,30964.85
3135,4199,2025-01-01,Cancelled,39881.88
3136,290,2025-06-12,Shipped,15544.44
3137,1863,2024-01-04,Delivered,12178.3
3138,1877,2025-04-13,Cancelled,38448.8
3139,34,2025-01-21,Shipped,71062.45
3140,4486,2025-12-03,Pending,15853.65
3141,1490,2025-05-10,Delivered,22796.45
3142,1766,2025-10-13,Cancelled,8069.98
3143,4698,2025-04-19,Shipped,27313.81
3144,4602,2024-06-24,Pending,24907.99
3145,1028,2025-08-03,Pending,49347.7
3146,4638,2024-09-16,Cancelled,19580.19
3147,2512,2024-02-27,Shipped,39563.49
3148,3817,2024-12-11,Shipped,24448.77
3149,4392,2024-09-12,Pending,27107.5
3150,4305,2024-05-19,Cancelled,46234.79
3151,3021,2024-08-18,Pending,31036.86
3152,3074,2025-06-09,Delivered,47259.74
3153,3746,2024-03-18,Delivered,32011.1
3154,4940,2025-03-29,Delivered,56640.56
3155,2780,2024-09-03,Delivered,10709.72
3156,606,2025-01-12,Pending,2720.83
3157,2728,2024-07-26,Cancelled,8586.4
3158,3009,2025-08-01,Shipped,68406.01
3159,3949,2025-06-27,Pending,57058.18
3160,986,2025-11-13,Cancelled,43158.85
3161,759,2024-03-22,Pending,26010.27
3162,4080,2024-06-15,Pending,17844.91
3163,4469,2025-04-24,Delivered,21025.08
3164,3812,2024-10-24,Cancelled,39019.59
3165,4278,2024-05-19,Pending,64936.37
3166,1567,2024-03-15,Shipped,2639.96
3167,2612,2024-04-27,Cancelled,30943
3168,2515,2024-01-01,Shipped,72606.23
3169,4266,2025-11-20,Shipped,26263.6
3170,3299,2024-06-15,Cancelled,69870.51
3171,4072,2025-05-23,Pending,22962.51
3172,3812,2024-04-02,Cancelled,16455.8
3173,4533,2024-11-19,Cancelled,6118.07
3174,2675,2025-11-26,Cancelled,53964.57
3175,3700,2025-01-24,Cancelled,39212.43
3176,1386,2024-03-02,Shipped,39499.81
3177,3824,2025-05-14,Delivered,10803.16
3178,914,2025-08-27,Pending,1161.29
3179,4193,2024-08-17,Pending,36798.26
3180,1587,2024-04-30,Pending,57832.88
3181,4381,2024-12-19,Pending,23995.45
3182,4342,2024-08-03,Shipped,36370.41
3183,183,2024-05-26,Cancelled,53809.51
3184,1420,2025-08-28,Pending,16888.31
3185,2009,2025-11-24,Shipped,8036.68
3186,172,2024-10-15,Delivered,42127.18
3187,609,2024-10-28,Delivered,39367.2
3188,4689,2025-10-21,Cancelled,14586.74
3189,4738,2025-08-12,Pending,47944.69
3190,1498,2024-11-10,Cancelled,67773.4
3191,1200,2024-06-03,Cancelled,11280.83
3192,766,2025-07-28,Pending,59585.47
3193,1699,2025-12-22,Pending,43500.43
3194,4426,2024-10-26,Pending,26598.19
3195,3222,2025-10-19,Delivered,42134.93
3196,2420,2025-10-19,Delivered,26061.9
3197,2714,2024-09-04,Pending,64846.4
3198,3278,2025-08-28,Shipped,73587.42
3199,1345,2025-08-06,Pending,31077.92
3200,2169,2024-11-29,Delivered,73628.85
3201,452,2024-01-14,Cancelled,65427.57
3202,1311,2024-08-27,Delivered,37419.91
3203,4687,2025-02-12,Delivered,66065.23
3204,3358,2025-02-15,Cancelled,60258.89
3205,3049,2024-08-21,Delivered,56583.31
3206,208,2025-08-05,Cancelled,50526.05
3207,2568,2024-08-27,Pending,1138.19
3208,872,2024-11-23,Cancelled,47499.56
3209,1043,2025-11-17,Pending,24504.57
3210,329,2025-05-08,Cancelled,50792.76
3211,1945,2024-09-16,Pending,52366.28
3212,4022,2024-10-06,Shipped,40139.76
3213,1533,2024-11-21,Cancelled,41478.26
3214,214,2025-11-23,Shipped,58285.05
3215,397,2025-06-07,Cancelled,11256.78
3216,1293,2024-06-11,Delivered,3619.84
3217,4867,2024-12-10,Delivered,53464.11
3218,1801,2024-12-28,Shipped,14597.14
3219,2719,2024-10-21,Cancelled,30693.73
3220,271,2025-06-15,Shipped,22357.31
3221,924,2024-01-05,Shipped,18006.94
3222,564,2024-07-27,Cancelled,54618.37
3223,4125,2024-01-22,Cancelled,53949.11
3224,2981,2024-08-13,Cancelled,3214.88
3225,233,2024-03-13,Shipped,48080.38
3226,1117,2024-02-16,Cancelled,37157.5
3227,304,2025-01-01,Pending,66409.85
3228,4785,2025-07-30,Shipped,26962.82
3229,4471,2025-12-25,Shipped,9595.99
3230,1910,2024-04-27,Cancelled,8408.75
3231,431,2025-06-19,Shipped,28656.83
3232,4934,2024-05-25,Shipped,46726.22
3233,80,2024-05-30,Shipped,36307.57
3234,3355,2024-01-01,Pending,42591.14
3235,1380,2025-01-23,Cancelled,32258.91
3236,3469,2025-04-20,Shipped,48305.92
3237,3919,2025-06-12,Delivered,7312.11
3238,1183,2025-04-24,Delivered,655.33
3239,452,2025-12-10,Delivered,49980.27
3240,4811,2024-07-13,Cancelled,54651.28
3241,2297,2025-08-20,Cancelled,63525.27
3242,4750,2025-06-22,Pending,57631.05
3243,684,2025-01-03,Delivered,61787.98
3244,836,2025-02-12,Shipped,7710.2
3245,3867,2024-06-18,Shipped,25234.19
3246,3691,2025-10-04,Delivered,36907.72
3247,4848,2024-03-01,Pending,66900.56
3248,3661,2024-12-12,Cancelled,24701.02
3249,4395,2025-09-03,Cancelled,41958.67
3250,464,2025-10-21,Cancelled,4789.78
3251,1825,2024-02-03,Cancelled,63100.18
3252,225,2024-08-02,Cancelled,40673.38
3253,4174,2025-09-30,Delivered,50670.55
3254,1410,2025-01-03,Pending,69254.53
3255,1142,2024-08-02,Shipped,53135.64
3256,35,2025-06-20,Cancelled,59381.01
3257,1343,2024-05-01,Cancelled,35482.67
3258,4704,2024-05-16,Cancelled,15577.67
3259,3557,2024-11-20,Delivered,7534.83
3260,4000,2024-07-22,Pending,5546.81
3261,3579,2025-08-08,Delivered,48356.44
3262,3326,2024-04-09,Delivered,61524.89
3263,90,2024-10-03,Pending,14088.15
3264,3114,2025-11-19,Pending,21540.05
3265,471,2025-03-31,Delivered,9186
3266,1724,2024-05-30,Pending,65796.52
3267,538,2025-03-22,Pending,63384.3
3268,1608,2025-05-08,Delivered,53122.63
3269,2013,2024-11-09,Cancelled,49488.52
3270,1849,2025-10-18,Cancelled,44443.46
3271,3,2025-02-02,Cancelled,44608.99
3272,4986,2025-02-15,Pending,16045.24
3273,3499,2025-08-27,Shipped,27834.02
3274,3722,2024-06-01,Cancelled,3332.64
3275,322,2025-05-07,Cancelled,51184.5
3276,4513,2025-10-03,Pending,11274.33
3277,4949,2025-03-03,Cancelled,53268.06
3278,2608,2025-06-21,Shipped,70148.98
3279,495,2024-11-04,Cancelled,50402.23
3280,4903,2025-07-03,Delivered,40229.15
3281,2109,2025-03-11,Cancelled,41352.05
3282,1293,2025-01-10,Pending,20474.24
3283,3101,2024-07-08,Shipped,10347.66
3284,450,2024-06-30,Shipped,63412.45
3285,3569,2025-10-14,Cancelled,15305.78
3286,4183,2025-03-08,Delivered,74250.31
3287,413,2025-08-07,Delivered,3092.32
3288,4707,2024-05-25,Shipped,67480.01
3289,4895,2025-10-27,Pending,55888.69
3290,4653,2024-11-25,Delivered,43011.39
3291,4593,2025-08-19,Pending,36635.43
3292,1016,2025-12-05,Pending,5515.97
3293,4302,2025-04-26,Delivered,17451.45
3294,1824,2025-06-03,Pending,9855.57
3295,1634,2025-02-01,Delivered,31321.55
3296,4180,2024-01-04,Cancelled,1308.36
3297,1494,2025-07-04,Pending,24629.73
3298,1003,2025-01-01,Pending,69690.23
3299,836,2025-06-22,Pending,28397.93
3300,2677,2024-07-18,Pending,68116.89
3301,2827,2024-06-17,Cancelled,53986.42
3302,2117,2025-09-09,Delivered,7193.72
3303,3095,2024-03-11,Delivered,8356.84
3304,517,2024-09-25,Shipped,58262.56
3305,3633,2024-01-24,Pending,4182.19
3306,3124,2025-06-07,Delivered,20025.27
3307,4928,2024-06-06,Delivered,62855.05
3308,3491,2025-07-18,Delivered,68092.36
3309,751,2025-09-07,Pending,31804.76
3310,55,2025-07-15,Delivered,61040.96
3311,879,2025-12-10,Shipped,54479.42
3312,2826,2025-10-31,Delivered,45956.4
3313,1102,2025-01-02,Pending,38156.16
3314,3672,2025-04-29,Delivered,21402.56
3315,3640,2025-09-06,Pending,29437.51
3316,2387,2024-06-25,Pending,43276.56
3317,1640,2024-07-13,Shipped,68475.67
3318,3061,2024-12-17,Shipped,18942.24
3319,436,2024-09-28,Delivered,45215.22
3320,3198,2025-05-28,Pending,72082.25
3321,1949,2025-02-11,Delivered,3989.84
3322,4900,2024-06-30,Pending,43487.53
3323,4273,2025-09-26,Cancelled,70751.96
3324,1015,2025-07-29,Cancelled,39718.52
3325,2029,2024-12-04,Cancelled,23130.31
3326,4903,2025-03-26,Pending,39725.72
3327,4375,2025-01-24,Cancelled,51647.4
3328,651,2025-01-27,Delivered,72109.09
3329,197,2024-12-15,Cancelled,53208.52
3330,842,2025-10-27,Pending,44349.01
3331,3679,2025-01-28,Cancelled,7707.99
3332,2517,2025-02-08,Delivered,74321.74
3333,1955,2024-12-02,Shipped,44950.11
3334,3157,2025-01-07,Shipped,4984.33
3335,794,2024-02-13,Pending,31547.65
3336,333,2024-12-19,Delivered,17704.85
3337,3355,2025-09-22,Shipped,69132.07
3338,1390,2024-10-09,Delivered,49102.99
3339,4168,2025-07-18,Delivered,43995.78
3340,1408,2024-12-17,Cancelled,45953.63
3341,4680,2025-03-30,Shipped,12874.31
3342,1896,2024-08-16,Pending,45319.32
3343,4877,2025-06-14,Cancelled,69104.14
3344,3878,2025-08-14,Pending,4069.29
3345,1750,2024-05-11,Shipped,49777.88
3346,2102,2025-05-04,Pending,23128.07
3347,4787,2024-03-19,Delivered,23884.68
3348,4608,2024-12-22,Delivered,70825.57
3349,3761,2025-12-02,Pending,8793.01
3350,1987,2025-07-07,Shipped,59001.08
3351,1747,2025-04-08,Delivered,49795.19
3352,1760,2024-02-21,Cancelled,11898.51
3353,4193,2024-01-06,Shipped,7204.39
3354,1094,2024-07-27,Cancelled,72912.83
3355,1489,2025-09-20,Delivered,35574.58
3356,2679,2024-05-18,Shipped,4463.54
3357,3399,2025-05-28,Cancelled,54665.95
3358,4442,2025-08-28,Pending,57388.89
3359,887,2024-02-17,Shipped,59720.15
3360,1416,2024-05-03,Delivered,40254.94
3361,1313,2024-02-17,Shipped,45819.18
3362,3205,2025-08-11,Shipped,6056.48
3363,4035,2025-03-07,Cancelled,65113.61
3364,905,2025-07-17,Cancelled,53121.01
3365,2333,2025-05-04,Shipped,63845.24
3366,1376,2024-02-07,Shipped,67734.39
3367,4819,2024-12-03,Delivered,58149.08
3368,1139,2025-04-03,Delivered,53434.31
3369,3229,2025-07-11,Pending,4480.4
3370,4619,2024-04-28,Cancelled,6374.02
3371,3430,2024-01-16,Delivered,34860.54
3372,475,2025-07-26,Shipped,46155.32
3373,1532,2024-10-21,Cancelled,64050.76
3374,2784,2024-12-21,Cancelled,26513.89
3375,3047,2024-12-25,Delivered,41145.33
3376,2368,2025-10-18,Pending,1164.18
3377,3623,2024-01-31,Delivered,70477.48
3378,1211,2024-09-17,Pending,61659.86
3379,3135,2024-05-09,Delivered,63521.05
3380,4356,2025-02-21,Cancelled,7662.8
3381,4207,2025-10-23,Pending,72183.84
3382,1711,2025-01-03,Delivered,29912.61
3383,1328,2024-03-17,Shipped,35539.39
3384,1269,2024-02-24,Shipped,74379.44
3385,1385,2025-12-02,Cancelled,24982.01
3386,96,2024-11-22,Shipped,36121.95
3387,2269,2025-04-18,Cancelled,59233.9
3388,2123,2024-11-15,Delivered,70003.34
3389,3188,2025-02-01,Shipped,33736.82
3390,135,2024-03-22,Pending,71288.43
3391,1909,2025-08-04,Delivered,66373.13
3392,4928,2024-09-05,Cancelled,6143.07
3393,1535,2025-02-14,Pending,49480.49
3394,4342,2024-09-13,Pending,24368.22
3395,3318,2025-03-26,Cancelled,40710.17
3396,775,2025-09-27,Shipped,30518.29
3397,3996,2025-04-09,Delivered,51989.9
3398,3207,2025-05-24,Cancelled,55060.92
3399,2360,2024-06-11,Cancelled,2133.79
3400,899,2025-06-03,Delivered,40382.37
3401,3078,2025-09-20,Delivered,70934.85
3402,722,2024-07-25,Shipped,57226.66
3403,251,2025-08-20,Cancelled,31787.69
3404,3276,2025-10-04,Pending,32299.54
3405,4056,2024-04-22,Shipped,66930.45
3406,1714,2024-07-05,Delivered,74582.41
3407,296,2025-09-28,Cancelled,2633.15
3408,647,2025-07-20,Delivered,23807.3
3409,3869,2024-05-25,Cancelled,21148.03
3410,708,2025-07-23,Shipped,4292.48
3411,3385,2025-01-27,Shipped,33926.64
3412,465,2025-12-09,Delivered,17813.03
3413,1261,2025-05-07,Pending,25856.35
3414,2096,2025-03-22,Shipped,7763.14
3415,3244,2025-04-03,Delivered,71345.23
3416,4769,2025-05-11,Delivered,72297.54
3417,2824,2025-12-23,Shipped,39420.66
3418,962,2024-10-31,Cancelled,18591.91
3419,2602,2024-02-07,Pending,13936.36
3420,492,2024-01-11,Cancelled,52402.85
3421,2038,2025-04-10,Cancelled,36797.23
3422,3469,2024-09-21,Cancelled,43160.87
3423,520,2025-11-15,Cancelled,37470.6
3424,4318,2024-03-08,Shipped,68509.87
3425,4801,2025-04-23,Shipped,14657.64
3426,2705,2025-11-14,Delivered,46908.22
3427,2089,2024-05-19,Delivered,64153.97
3428,1584,2024-12-23,Delivered,28174.62
3429,2869,2025-10-10,Shipped,66447.41
3430,1267,2024-06-20,Pending,20822.74
3431,4888,2024-02-04,Delivered,57177.55
3432,2837,2025-09-03,Cancelled,31456.2
3433,2588,2025-02-12,Cancelled,9691.37
3434,903,2025-03-25,Pending,5548.51
3435,745,2024-08-29,Shipped,66591.49
3436,514,2024-08-19,Shipped,50236.77
3437,1599,2024-02-04,Cancelled,56151.64
3438,3977,2025-07-25,Pending,58239.92
3439,4437,2024-07-13,Delivered,57528.38
3440,630,2025-04-01,Shipped,53442.32
3441,1943,2025-06-05,Shipped,33878.43
3442,634,2024-12-28,Delivered,45391.93
3443,2873,2025-09-20,Shipped,60149.45
3444,4245,2024-09-05,Pending,25776.37
3445,3740,2024-10-13,Cancelled,72251.42
3446,3715,2024-08-06,Cancelled,27556.8
3447,2472,2024-03-21,Pending,2769.92
3448,1037,2025-07-14,Shipped,10864.22
3449,1395,2024-11-11,Delivered,36188.54
3450,2806,2024-01-03,Delivered,20958.39
3451,4693,2025-02-06,Cancelled,57773.86
3452,4382,2024-06-24,Pending,53242.53
3453,860,2025-10-17,Pending,26149.72
3454,1426,2025-03-21,Shipped,36504.02
3455,1279,2025-12-15,Shipped,69673.21
3456,3068,2025-02-13,Delivered,5412.85
3457,4907,2025-01-29,Delivered,20315
3458,664,2024-08-26,Cancelled,45945.05
3459,2480,2025-01-19,Shipped,51713.33
3460,2458,2024-01-14,Delivered,33868.54
3461,3659,2024-01-22,Pending,22041.77
3462,3918,2025-12-31,Shipped,21473.9
3463,416,2024-07-18,Delivered,15604.58
3464,2932,2025-05-02,Shipped,6024.63
3465,3566,2025-09-04,Shipped,68870.09
3466,2743,2024-02-11,Pending,60681.65
3467,2329,2024-02-01,Pending,64695.91
3468,579,2024-07-31,Delivered,27936.65
3469,966,2025-03-19,Shipped,41565.05
3470,2164,2024-11-29,Shipped,60305.78
3471,4513,2024-04-17,Delivered,21740.73
3472,1957,2025-05-06,Pending,12982.93
3473,2926,2024-06-09,Shipped,60067.87
3474,3803,2025-12-19,Shipped,14940.81
3475,2812,2024-01-08,Delivered,47239.31
3476,4302,2024-02-03,Pending,49192.76
3477,1599,2025-05-31,Shipped,2515.47
3478,4675,2025-07-12,Pending,19703.04
3479,3873,2025-05-18,Shipped,55177.51
3480,3122,2024-07-04,Pending,43516.83
3481,3367,2024-05-01,Pending,70552.06
3482,3267,2024-10-29,Shipped,43621.09
3483,1780,2024-06-09,Pending,25225.98
3484,318,2025-01-01,Delivered,62865.46
3485,2878,2024-01-26,Shipped,12216.42
3486,72,2025-08-03,Cancelled,45042.57
3487,3732,2024-03-14,Shipped,41865.12
3488,3763,2025-03-23,Cancelled,26864.02
3489,2698,2025-12-22,Pending,51884.13
3490,3792,2025-11-03,Delivered,29954.52
3491,2055,2025-01-30,Delivered,60209.46
3492,1523,2024-05-17,Pending,44028.16
3493,4585,2025-12-06,Pending,20552.6
3494,4106,2024-05-14,Delivered,9156.68
3495,744,2025-05-07,Cancelled,2797.62
3496,3003,2024-11-06,Shipped,41025.18
3497,992,2024-06-06,Pending,17012.72
3498,3210,2025-08-08,Delivered,32663
3499,868,2024-10-03,Cancelled,14617.35
3500,4520,2025-01-31,Pending,52416.89
3501,4450,2025-10-02,Pending,3348.93
3502,225,2025-01-28,Pending,38384.35
3503,3292,2024-04-03,Delivered,72503.73
3504,2712,2024-11-29,Delivered,47180.99
3505,1996,2024-10-05,Shipped,49196.85
3506,3791,2024-09-01,Delivered,39131.86
3507,847,2024-05-31,Shipped,8234.38
3508,4808,2025-04-14,Delivered,30240.24
3509,3222,2025-07-17,Pending,42233.39
3510,2046,2024-07-20,Cancelled,22740.55
3511,3265,2025-11-08,Delivered,11899.65
3512,2502,2025-05-24,Delivered,63433.31
3513,4228,2025-11-14,Delivered,49562.73
3514,3966,2024-12-15,Shipped,61969.07
3515,3423,2025-02-27,Pending,4503.47
3516,2910,2024-06-10,Cancelled,65680.35
3517,2335,2025-01-23,Delivered,55891.02
3518,2601,2025-09-29,Pending,58010.7
3519,2947,2025-02-24,Pending,25852.79
3520,1115,2024-06-03,Pending,34072.79
3521,2113,2024-05-28,Delivered,17643.43
3522,1834,2025-09-23,Delivered,59414.74
3523,594,2024-03-02,Cancelled,20816.08
3524,3091,2024-07-23,Cancelled,73431.11
3525,931,2024-12-02,Delivered,33592.05
3526,2990,2024-06-08,Delivered,69369.06
3527,427,2025-02-19,Pending,24548.27
3528,869,2024-06-19,Pending,16076.32
3529,1173,2024-04-19,Pending,54266.37
3530,3665,2025-04-11,Delivered,14755.86
3531,2052,2024-02-24,Pending,16885.4
3532,4917,2024-07-04,Delivered,15051.69
3533,1098,2025-06-03,Cancelled,50820.43
3534,4200,2025-03-10,Shipped,36430.22
3535,3770,2025-02-07,Pending,45719.09
3536,4798,2024-10-29,Cancelled,74439.66
3537,904,2025-11-12,Cancelled,44748.68
3538,2863,2025-10-21,Delivered,11537.64
3539,2588,2024-07-01,Cancelled,43713.72
3540,3445,2025-06-25,Cancelled,53960.44
3541,4999,2025-04-07,Pending,23767.46
3542,19,2025-07-30,Cancelled,40481.65
3543,539,2024-09-23,Cancelled,9722.45
3544,2916,2024-11-22,Shipped,27743.11
3545,3950,2025-04-06,Pending,11209.73
3546,1082,2025-05-03,Delivered,50451.6
3547,954,2024-08-13,Cancelled,33857.83
3548,2121,2024-01-01,Pending,67938.6
3549,3185,2025-08-20,Pending,31602.33
3550,2671,2025-04-10,Pending,48959.43
3551,4530,2024-06-04,Delivered,60837.4
3552,3413,2024-02-12,Shipped,64900.15
3553,4161,2024-02-20,Cancelled,73924.98
3554,1620,2025-09-05,Cancelled,25451.6
3555,1989,2024-04-05,Shipped,56592.05
3556,4314,2025-07-28,Shipped,28273.32
3557,4214,2025-11-04,Pending,41079.67
3558,4212,2025-12-05,Delivered,57849.34
3559,1851,2025-02-19,Cancelled,33202.95
3560,2425,2025-02-07,Pending,8748.6
3561,4573,2024-12-19,Pending,53935.18
3562,403,2025-10-08,Cancelled,57328.49
3563,3178,2024-09-13,Shipped,53759.28
3564,2558,2025-12-12,Shipped,37460.26
3565,4072,2024-04-27,Shipped,28208.95
3566,4350,2025-11-03,Pending,9628.14
3567,4634,2024-03-05,Cancelled,4544.79
3568,2186,2024-10-25,Cancelled,61340.31
3569,643,2024-07-25,Delivered,36232.86
3570,3260,2024-11-27,Pending,66984.78
3571,652,2024-09-11,Delivered,1516.96
3572,3971,2025-02-11,Cancelled,35612.53
3573,635,2025-08-30,Shipped,36846.5
3574,720,2024-11-11,Shipped,17505.28
3575,3785,2024-01-14,Delivered,72789.52
3576,2115,2025-04-28,Delivered,14166.37
3577,1368,2024-08-25,Pending,14596.2
3578,1883,2025-02-05,Delivered,39939.03
3579,2510,2024-09-06,Cancelled,20256.1
3580,927,2024-12-10,Cancelled,47568.64
3581,1161,2024-07-29,Cancelled,4446.02
3582,3327,2025-01-04,Shipped,49614.06
3583,1986,2025-12-11,Delivered,36642.52
3584,159,2025-12-08,Cancelled,16609.86
3585,2558,2025-04-21,Cancelled,74385.29
3586,2447,2025-11-03,Pending,51950.5
3587,2107,2024-07-17,Delivered,28123.33
3588,3788,2025-04-27,Delivered,26243.97
3589,228,2024-10-05,Pending,57103.66
3590,929,2025-06-13,Delivered,34444.04
3591,636,2025-07-03,Cancelled,4131.43
3592,2359,2024-06-29,Shipped,54218.36
3593,2684,2025-02-08,Pending,27403.68
3594,3526,2025-03-27,Cancelled,23594.84
3595,2007,2025-12-21,Cancelled,60011.58
3596,2801,2024-12-26,Pending,24492.89
3597,1031,2025-07-26,Shipped,22467.38
3598,2702,2025-12-01,Cancelled,70493.11
3599,3491,2025-02-06,Pending,10759.31
3600,2689,2025-06-20,Shipped,6253.87
3601,3969,2024-12-23,Delivered,53071.03
3602,1466,2025-11-05,Shipped,15936.9
3603,3594,2025-07-06,Cancelled,30865.86
3604,108,2024-06-22,Cancelled,15810.54
3605,940,2025-03-31,Cancelled,62071.84
3606,1484,2025-05-27,Pending,71158.87
3607,2646,2024-12-22,Delivered,15300.01
3608,4368,2024-05-31,Delivered,14476
3609,3748,2025-06-20,Cancelled,21561.07
3610,348,2024-01-01,Delivered,50189.55
3611,880,2025-03-21,Shipped,9927.21
3612,1162,2024-09-30,Delivered,59695.17
3613,2455,2024-08-25,Cancelled,12356.16
3614,2104,2025-02-04,Cancelled,11284.42
3615,2335,2025-03-10,Shipped,72991
3616,2232,2024-02-02,Cancelled,73717.89
3617,3415,2025-05-23,Delivered,19681.09
3618,1711,2024-09-01,Cancelled,73521.5
3619,3212,2025-12-03,Pending,73132.52
3620,2282,2024-12-19,Cancelled,20440.64
3621,1596,2024-01-07,Cancelled,15487.18
3622,129,2024-02-22,Shipped,73781.14
3623,4445,2024-07-22,Cancelled,21466.37
3624,2711,2025-12-23,Shipped,8208.9
3625,3989,2024-11-22,Delivered,57862.46
3626,2509,2024-09-15,Pending,66518.53
3627,11,2025-03-21,Pending,40864.83
3628,228,2024-08-14,Shipped,1747.13
3629,4937,2024-09-03,Cancelled,28990.71
3630,198,2024-05-02,Delivered,30050.27
3631,1910,2025-11-21,Delivered,19576.15
3632,3328,2024-07-13,Delivered,58323.29
3633,3331,2024-09-22,Pending,21266.1
3634,1254,2025-02-23,Delivered,2350.14
3635,167,2024-10-18,Pending,31852.53
3636,2446,2025-06-14,Shipped,40351.82
3637,4143,2025-10-26,Delivered,59911.28
3638,3840,2024-04-21,Pending,57507.21
3639,1919,2025-08-05,Shipped,67842.5
3640,1251,2025-07-16,Delivered,71192.49
3641,1968,2024-05-16,Delivered,18869.65
3642,4245,2025-11-26,Shipped,32840.11
3643,752,2025-09-04,Cancelled,4542.35
3644,8,2025-10-02,Shipped,35729.34
3645,3289,2024-06-18,Delivered,56984.8
3646,1145,2025-06-01,Cancelled,71828.33
3647,3275,2024-11-18,Pending,46237.72
3648,994,2025-08-15,Cancelled,53072.83
3649,4526,2025-10-11,Delivered,18536.07
3650,1878,2024-10-30,Shipped,21578.46
3651,4575,2025-09-20,Shipped,1969.33
3652,3816,2024-08-04,Delivered,9769.78
3653,1648,2024-04-02,Pending,9754.02
3654,768,2025-05-13,Cancelled,25757.52
3655,2755,2025-02-14,Pending,30731.83
3656,2475,2025-03-20,Delivered,4794.79
3657,4937,2025-08-01,Cancelled,13107.14
3658,2498,2025-09-06,Cancelled,39300.27
3659,9,2025-09-22,Cancelled,65688.61
3660,4691,2024-08-19,Delivered,57920.47
3661,1585,2024-03-01,Shipped,57929.98
3662,1024,2024-06-26,Pending,16456.12
3663,3247,2025-01-05,Delivered,8419.3
3664,2403,2025-06-12,Cancelled,647.9
3665,4901,2025-02-09,Pending,4932.19
3666,220,2024-07-13,Cancelled,31201.29
3667,2926,2024-11-09,Delivered,27143.69
3668,3526,2025-10-29,Delivered,49943.26
3669,2199,2025-07-19,Cancelled,59416.6
3670,1646,2024-08-27,Shipped,21176.41
3671,609,2024-04-08,Delivered,44388.84
3672,2151,2024-05-01,Cancelled,9966.97
3673,1900,2025-08-07,Pending,41150.95
3674,4893,2025-12-16,Shipped,58640.02
3675,644,2024-09-24,Cancelled,60951.16
3676,537,2024-04-09,Shipped,28899.26
3677,1344,2025-11-30,Shipped,39359.01
3678,2294,2024-10-10,Shipped,25732.42
3679,4333,2025-04-25,Shipped,23726.32
3680,69,2025-05-08,Cancelled,24834.15
3681,1618,2024-08-23,Shipped,74213.25
3682,677,2024-05-10,Cancelled,66819.68
3683,2611,2024-01-05,Cancelled,44639.32
3684,4219,2025-06-01,Shipped,45299.36
3685,1729,2024-11-05,Shipped,52190.29
3686,2303,2024-02-05,Delivered,53788.4
3687,454,2025-12-01,Cancelled,53822.26
3688,685,2024-01-19,Pending,66076.72
3689,3585,2024-05-09,Pending,28801.58
3690,2408,2025-05-08,Cancelled,35782.55
3691,459,2025-07-25,Shipped,68095.53
3692,2250,2024-10-10,Pending,36852.53
3693,3612,2025-08-18,Cancelled,50922.7
3694,909,2024-05-07,Shipped,58139.89
3695,3570,2025-04-08,Cancelled,47390.51
3696,3689,2024-10-31,Delivered,20650.05
3697,745,2024-11-27,Delivered,1612.99
3698,3681,2025-09-08,Shipped,12872.54
3699,2165,2025-05-22,Delivered,35342.19
3700,669,2025-09-24,Shipped,54485.7
3701,573,2024-05-24,Delivered,38661.5
3702,3580,2025-04-18,Cancelled,24529.8
3703,126,2024-10-13,Cancelled,41541.29
3704,144,2024-03-27,Cancelled,43736.71
3705,938,2024-06-28,Shipped,35605.09
3706,3087,2025-05-21,Shipped,35111.25
3707,4798,2024-09-16,Cancelled,12692.61
3708,1248,2025-03-06,Pending,38090.34
3709,1933,2024-01-31,Delivered,45424.82
3710,4320,2024-04-30,Delivered,63732.99
3711,1717,2025-03-20,Shipped,48653.97
3712,4970,2024-07-28,Delivered,74604.25
3713,80,2025-02-26,Pending,49862.34
3714,90,2025-07-06,Pending,57888.1
3715,4155,2025-10-29,Cancelled,73343.46
3716,2723,2025-05-17,Cancelled,44930.53
3717,1783,2024-03-09,Shipped,42464.58
3718,3446,2025-03-18,Cancelled,21469.78
3719,104,2025-01-11,Delivered,45846.58
3720,1361,2025-03-28,Delivered,4491.4
3721,1008,2025-06-14,Shipped,60138.58
3722,2346,2024-11-12,Pending,17330.98
3723,1295,2025-01-26,Shipped,44375.14
3724,1387,2025-01-03,Cancelled,24195.74
3725,2555,2024-09-08,Cancelled,32316.72
3726,3066,2024-10-17,Pending,53142.61
3727,857,2024-03-09,Pending,16202.43
3728,2118,2025-06-18,Shipped,69168.33
3729,2276,2024-04-16,Cancelled,28284.08
3730,507,2025-02-27,Delivered,45975
3731,3220,2025-02-23,Pending,27720.11
3732,3131,2025-03-28,Pending,39467.06
3733,4844,2025-02-19,Shipped,68000.97
3734,4005,2024-02-27,Pending,7718.72
3735,1848,2024-12-09,Cancelled,1302.5
3736,648,2025-03-30,Delivered,45020.5
3737,63,2025-12-22,Delivered,17912.05
3738,3789,2025-01-09,Delivered,21192.46
3739,4953,2024-10-04,Cancelled,6506.11
3740,419,2024-08-27,Cancelled,69715.74
3741,3791,2025-05-10,Shipped,36862.65
3742,3901,2025-06-25,Delivered,51073.28
3743,1261,2024-03-01,Cancelled,7699.32
3744,2057,2025-07-03,Delivered,71412.66
3745,3488,2024-07-14,Cancelled,70489.13
3746,416,2025-06-26,Shipped,7328.45
3747,2997,2025-09-30,Cancelled,7543.93
3748,1608,2025-08-09,Pending,16656.16
3749,204,2024-12-09,Cancelled,60065.69
3750,3997,2024-01-11,Cancelled,47031.03
3751,3168,2025-11-30,Delivered,46521.78
3752,1611,2025-06-09,Delivered,45193.19
3753,4667,2024-02-06,Cancelled,64940.23
3754,3288,2025-11-10,Shipped,20514.07
3755,413,2024-10-13,Delivered,46228.41
3756,800,2025-03-30,Shipped,9922.74
3757,2961,2024-12-19,Cancelled,34923.47
3758,4805,2024-10-25,Pending,68175.08
3759,4890,2024-03-25,Cancelled,64468.21
3760,1525,2025-05-07,Pending,49109.9
3761,1467,2025-02-20,Cancelled,21841.87
3762,3787,2024-05-16,Delivered,20482.92
3763,721,2024-12-10,Cancelled,63210.27
3764,1139,2024-08-28,Pending,38585.2
3765,4830,2024-02-19,Delivered,5167.35
3766,2769,2025-04-14,Delivered,54314.73
3767,1054,2025-02-08,Pending,13709.13
3768,4678,2024-11-16,Cancelled,57526.51
3769,2807,2025-07-31,Cancelled,66181.33
3770,4697,2025-03-18,Cancelled,49370.95
3771,1473,2025-10-05,Pending,74304.61
3772,3007,2024-07-28,Pending,22133.89
3773,1522,2025-03-04,Cancelled,17128.38
3774,382,2025-08-05,Shipped,44033.44
3775,258,2025-09-04,Delivered,63298.67
3776,4521,2025-06-29,Cancelled,2759.57
3777,1955,2025-10-01,Shipped,70566.29
3778,3388,2025-12-11,Cancelled,35051.08
3779,833,2024-07-25,Shipped,30215.42
3780,753,2024-07-17,Cancelled,59548.45
3781,3493,2025-10-01,Delivered,7579.01
3782,1605,2025-05-29,Cancelled,47338.21
3783,3922,2025-05-06,Pending,21751.37
3784,1422,2024-02-26,Cancelled,16076
3785,50,2024-04-01,Shipped,5278.74
3786,703,2024-12-06,Cancelled,65355.51
3787,3998,2024-12-09,Shipped,65234.01
3788,2753,2025-11-27,Delivered,39382.61
3789,4495,2025-05-09,Shipped,15527.3
3790,3640,2024-04-11,Delivered,42007.32
3791,286,2024-01-09,Pending,62850.33
3792,3912,2024-08-13,Shipped,33363.51
3793,2297,2024-04-16,Shipped,58828.25
3794,3884,2025-07-19,Delivered,28268.12
3795,3562,2024-08-08,Delivered,36312.59
3796,4980,2024-10-29,Delivered,1005.58
3797,4477,2024-06-07,Pending,7464.66
3798,565,2024-12-28,Shipped,53741.63
3799,3749,2024-11-07,Delivered,10849.73
3800,4790,2025-09-26,Pending,8630.7
3801,337,2025-01-29,Shipped,73838.65
3802,3350,2024-06-23,Shipped,53794.61
3803,1447,2024-02-02,Pending,37166.02
3804,2184,2025-01-17,Shipped,44645.64
3805,819,2024-02-29,Shipped,14445.28
3806,2803,2024-12-25,Cancelled,19698.3
3807,2954,2025-03-18,Shipped,52340.53
3808,2147,2024-05-21,Shipped,24386.59
3809,331,2024-03-08,Shipped,35458.29
3810,1263,2025-10-24,Pending,64845.44
3811,1648,2025-08-02,Delivered,17190.78
3812,1122,2025-08-27,Shipped,71379.21
3813,1173,2024-08-26,Shipped,60316.14
3814,3526,2024-08-31,Delivered,900.76
3815,2571,2025-07-18,Pending,69307.31
3816,3350,2024-05-10,Shipped,53287.65
3817,1020,2025-08-02,Shipped,48747.44
3818,1964,2024-10-01,Shipped,12928.12
3819,4473,2024-10-05,Pending,71363.84
3820,4538,2025-03-15,Pending,59376.85
3821,4591,2024-02-18,Delivered,41075.61
3822,4643,2024-12-17,Delivered,50847.34
3823,2713,2024-07-25,Delivered,72600.68
3824,2943,2024-02-18,Pending,18027.63
3825,3354,2025-07-05,Delivered,33120.14
3826,3391,2025-08-29,Shipped,1619.93
3827,994,2025-04-03,Delivered,57919.34
3828,4922,2025-06-25,Shipped,73751.55
3829,587,2025-06-10,Cancelled,41537.06
3830,4337,2025-07-05,Delivered,39362.34
3831,531,2024-11-26,Shipped,13983.99
3832,3819,2025-06-12,Cancelled,8409.19
3833,3733,2024-06-23,Cancelled,56161.64
3834,361,2025-02-19,Cancelled,22867.66
3835,41,2025-01-16,Pending,32578.52
3836,4071,2025-07-18,Delivered,42099.02
3837,4522,2024-09-25,Shipped,16443.04
3838,3727,2025-08-13,Cancelled,38216.96
3839,4653,2025-05-24,Cancelled,7745.91
3840,965,2025-04-06,Delivered,20566.48
3841,4067,2024-05-21,Shipped,8621.69
3842,274,2024-05-15,Shipped,33526.81
3843,4570,2025-09-21,Cancelled,6104.68
3844,2486,2025-01-11,Delivered,57340.46
3845,912,2024-03-05,Pending,60653.9
3846,4359,2025-06-10,Delivered,17607.05
3847,4167,2025-07-13,Shipped,42557.4
3848,44,2025-02-12,Cancelled,31994.08
3849,1883,2025-01-18,Cancelled,41387.59
3850,2550,2024-09-01,Pending,13288.14
3851,2371,2025-07-11,Cancelled,950.92
3852,3913,2024-02-26,Delivered,23640.29
3853,4317,2025-06-21,Shipped,43132.69
3854,4765,2024-09-23,Pending,16912.9
3855,3564,2024-03-18,Pending,8963.96
3856,2749,2024-02-21,Pending,17124.73
3857,4751,2025-03-02,Cancelled,55570.12
3858,2890,2024-11-06,Pending,37361.69
3859,1622,2024-05-02,Cancelled,8961.47
3860,3812,2025-10-29,Pending,69762.06
3861,1313,2025-02-14,Shipped,35406.71
3862,2740,2025-05-24,Shipped,40204.14
3863,4814,2024-11-16,Shipped,71019.5
3864,4074,2025-10-13,Pending,32200.3
3865,4630,2024-07-19,Shipped,28947.91
3866,1752,2024-02-11,Pending,8386.94
3867,3586,2024-06-05,Delivered,34080.48
3868,2520,2024-01-10,Delivered,56742.89
3869,3887,2025-07-16,Shipped,9338.43
3870,4973,2024-06-29,Cancelled,47719.57
3871,1827,2025-05-20,Shipped,59940.29
3872,2328,2024-02-01,Pending,35041.16
3873,2529,2025-03-24,Pending,72512.49
3874,2921,2025-04-14,Cancelled,66336.43
3875,536,2024-05-10,Shipped,4887.02
3876,3087,2024-07-17,Delivered,15770.44
3877,4102,2024-07-15,Delivered,34336.97
3878,2812,2024-11-26,Pending,24054.65
3879,3634,2024-01-11,Pending,61075.65
3880,4027,2024-10-21,Pending,40388.36
3881,4182,2025-04-28,Delivered,35686.04
3882,3326,2025-02-22,Delivered,23474.15
3883,602,2025-03-21,Shipped,26510.61
3884,2989,2025-03-01,Shipped,65192.81
3885,2051,2024-10-09,Pending,71324.09
3886,1563,2024-04-16,Pending,29307.83
3887,2720,2025-02-16,Cancelled,63640.49
3888,4277,2025-08-30,Delivered,49348.37
3889,3786,2025-02-28,Pending,17583.56
3890,3885,2024-05-11,Cancelled,2252.94
3891,4233,2025-10-10,Pending,49014.38
3892,831,2025-04-20,Shipped,34620.88
3893,2429,2025-04-14,Shipped,8994.25
3894,4024,2025-02-06,Pending,9232.62
3895,1086,2025-03-11,Delivered,50225.16
3896,911,2025-06-24,Shipped,15924.77
3897,3970,2024-05-04,Shipped,57440.56
3898,121,2024-07-15,Pending,35256.96
3899,3971,2025-10-08,Pending,27601.12
3900,2003,2025-06-10,Cancelled,15206.47
3901,3011,2024-08-03,Shipped,23354.36
3902,3066,2024-06-29,Cancelled,4579.13
3903,1109,2024-04-22,Delivered,39879.96
3904,4219,2025-09-07,Shipped,60148.07
3905,2733,2024-02-15,Cancelled,55513.27
3906,2085,2025-06-05,Delivered,24296.33
3907,4362,2025-09-15,Shipped,28835.95
3908,1549,2025-09-16,Pending,56325.41
3909,4293,2025-02-09,Delivered,17062.26
3910,4615,2024-12-09,Pending,15502.97
3911,3143,2024-02-06,Shipped,47032.61
3912,2086,2025-07-06,Pending,52676.79
3913,748,2025-04-30,Delivered,70169.71
3914,4211,2024-12-29,Cancelled,19642.99
3915,4129,2024-05-23,Shipped,63345.68
3916,896,2025-12-14,Pending,24863.98
3917,2156,2025-02-20,Shipped,32078.01
3918,4741,2025-07-29,Cancelled,14873.68
3919,4288,2024-01-12,Pending,42679.81
3920,3429,2025-07-11,Cancelled,48510.36
3921,1276,2025-08-15,Cancelled,59573.14
3922,704,2024-09-03,Cancelled,5033.19
3923,2967,2024-01-23,Pending,70539.22
3924,1493,2025-06-06,Shipped,35002.91
3925,2949,2025-11-27,Cancelled,52986.54
3926,4969,2024-08-30,Pending,42576.84
3927,1876,2024-10-11,Delivered,52473.63
3928,2654,2024-05-03,Pending,30936.01
3929,2155,2025-09-07,Pending,2748.56
3930,218,2024-02-08,Pending,19629.12
3931,139,2025-07-27,Pending,63642.79
3932,1639,2025-12-26,Cancelled,11676.77
3933,2258,2024-03-17,Pending,66276.69
3934,587,2024-06-27,Delivered,72812.89
3935,2354,2025-07-30,Cancelled,43574.9
3936,2393,2025-07-01,Delivered,54918.28
3937,4226,2025-11-18,Cancelled,62624.73
3938,2792,2025-01-15,Pending,59886.27
3939,1114,2024-05-07,Pending,7147.73
3940,2618,2025-02-25,Pending,57929.6
3941,4073,2025-01-03,Shipped,71769.33
3942,2696,2025-04-09,Delivered,32819.05
3943,147,2025-12-02,Shipped,37598.73
3944,2927,2025-01-12,Shipped,33483.74
3945,3524,2025-05-26,Delivered,11335.43
3946,2616,2025-04-27,Delivered,56339.44
3947,3811,2025-10-08,Pending,40755.87
3948,4841,2024-10-19,Cancelled,36058
3949,1451,2024-10-09,Delivered,47978.71
3950,1287,2024-04-05,Pending,52828.98
3951,4026,2025-06-15,Shipped,66616.66
3952,3337,2025-09-13,Pending,17274.17
3953,2566,2024-01-17,Pending,61579.75
3954,4295,2025-08-25,Cancelled,26335.51
3955,2751,2025-04-07,Delivered,58369.23
3956,1504,2025-06-16,Shipped,17076.41
3957,1258,2024-11-18,Pending,40887.14
3958,1949,2024-01-30,Delivered,29861.36
3959,859,2024-09-18,Cancelled,42547.05
3960,1363,2025-04-18,Pending,21396.27
3961,1122,2025-03-11,Shipped,57073.49
3962,2322,2024-04-23,Pending,15889.9
3963,1932,2025-05-13,Delivered,63850.82
3964,703,2024-12-29,Delivered,67462.72
3965,4743,2024-02-08,Delivered,28045.35
3966,3043,2025-02-23,Delivered,51294.9
3967,949,2025-05-30,Cancelled,26904.37
3968,989,2025-05-23,Pending,4068.99
3969,4072,2024-12-21,Shipped,31581.69
3970,2324,2025-06-15,Delivered,46871.33
3971,1563,2025-07-10,Pending,31034.61
3972,1441,2024-05-17,Cancelled,36563.62
3973,1529,2025-10-04,Shipped,42374.37
3974,2965,2025-01-01,Cancelled,3786.79
3975,4051,2024-07-30,Shipped,65552.03
3976,2890,2025-05-27,Shipped,18834.57
3977,90,2024-10-23,Pending,45881.65
3978,868,2025-10-16,Delivered,54509.83
3979,4784,2025-09-04,Delivered,7808.68
3980,759,2024-12-21,Pending,56138.88
3981,1018,2025-11-30,Shipped,1919.3
3982,4119,2024-12-07,Shipped,17277.21
3983,3647,2025-08-26,Shipped,44569.72
3984,691,2024-05-12,Pending,71161.28
3985,3461,2025-02-10,Cancelled,38543.46
3986,3819,2024-11-29,Cancelled,35423.88
3987,1236,2025-02-10,Pending,25083.55
3988,3471,2025-10-08,Pending,18525.62
3989,2778,2024-06-14,Cancelled,35692.1
3990,1375,2025-06-13,Delivered,51070.37
3991,2590,2024-07-07,Delivered,21279.23
3992,1430,2024-07-18,Cancelled,27877.45
3993,2039,2025-06-07,Shipped,44613.41
3994,1625,2024-09-27,Shipped,45086.7
3995,1573,2024-04-21,Cancelled,47344.25
3996,3555,2024-01-27,Cancelled,37179.43
3997,4910,2024-06-29,Delivered,16050.47
3998,2246,2025-05-13,Cancelled,33473.18
3999,1562,2025-01-16,Delivered,31880.53
4000,771,2024-01-31,Shipped,14846.12
4001,4711,2024-12-30,Shipped,17384.52
4002,680,2025-04-27,Shipped,12643.35
4003,994,2024-01-24,Cancelled,37934.89
4004,660,2025-05-02,Shipped,18695.4
4005,234,2025-01-21,Pending,62571.42
4006,752,2024-11-19,Cancelled,20113.71
4007,4007,2024-12-10,Pending,6617.25
4008,1619,2025-07-07,Cancelled,43143.03
4009,3706,2025-12-26,Cancelled,47938.36
4010,4609,2025-09-01,Pending,11412.16
4011,1990,2024-01-12,Delivered,35680.2
4012,519,2024-07-01,Shipped,74353.6
4013,2585,2025-05-29,Pending,65935.52
4014,4731,2025-09-03,Pending,51618.85
4015,466,2025-09-22,Cancelled,22881.24
4016,2584,2024-03-30,Delivered,23127.47
4017,3808,2024-10-19,Delivered,28834.76
4018,1405,2024-02-10,Cancelled,67084.96
4019,3266,2025-08-13,Cancelled,3281.81
4020,383,2024-05-08,Shipped,57738.72
4021,4015,2025-09-07,Cancelled,45635.7
4022,3293,2024-08-28,Pending,3496.93
4023,4044,2025-09-28,Shipped,69299.24
4024,4004,2024-05-26,Cancelled,10934.23
4025,1788,2025-08-14,Pending,43706.69
4026,4038,2025-04-20,Pending,69861.56
4027,4657,2024-05-02,Shipped,33517.69
4028,4090,2025-04-12,Shipped,26936.18
4029,4827,2024-10-06,Delivered,61131.57
4030,4499,2024-06-18,Delivered,11320.54
4031,4455,2024-05-09,Shipped,66011.28
4032,2710,2024-06-06,Shipped,13418.8
4033,3952,2025-06-29,Delivered,72557.58
4034,3144,2024-11-21,Shipped,40085.89
4035,3275,2025-10-30,Cancelled,16819.25
4036,1685,2025-09-29,Pending,42202.38
4037,4709,2024-03-03,Delivered,51910.11
4038,4186,2025-01-14,Pending,71753.99
4039,2053,2024-10-26,Cancelled,43304.78
4040,3213,2025-07-28,Delivered,25524.39
4041,61,2024-03-17,Delivered,28581.9
4042,4384,2024-03-19,Pending,69908.29
4043,571,2024-09-28,Shipped,63095.53
4044,2687,2024-12-18,Pending,70166.24
4045,510,2024-09-15,Delivered,62678.04
4046,4357,2024-03-30,Delivered,21823.98
4047,3713,2024-06-28,Cancelled,50308.96
4048,1500,2025-11-28,Delivered,3263.31
4049,4285,2025-01-30,Cancelled,56759.73
4050,3722,2025-12-27,Pending,40101.03
4051,1724,2025-08-08,Cancelled,49885.4
4052,47,2025-05-06,Pending,50755.35
4053,2069,2025-11-03,Shipped,65653.74
4054,3962,2024-11-23,Shipped,71629.03
4055,1802,2024-09-08,Shipped,66917.54
4056,732,2024-12-08,Delivered,29917.13
4057,2300,2024-01-20,Delivered,53044.66
4058,2774,2025-12-19,Cancelled,53195.34
4059,857,2025-08-03,Delivered,24550.03
4060,2959,2025-08-24,Pending,58733.76
4061,4284,2025-12-09,Shipped,43295.34
4062,2864,2024-04-10,Shipped,4572.74
4063,2881,2025-06-26,Shipped,21963.36
4064,4325,2025-08-19,Cancelled,9946.59
4065,3791,2024-07-08,Cancelled,11289.4
4066,2961,2024-07-05,Delivered,32124.73
4067,3086,2024-04-09,Cancelled,70739.28
4068,910,2024-01-12,Delivered,39321.98
4069,674,2024-08-30,Delivered,22072.37
4070,2883,2024-12-25,Cancelled,53139.84
4071,1165,2025-02-06,Cancelled,60954.57
4072,2392,2025-08-01,Cancelled,71539.67
4073,3910,2024-07-16,Pending,72222.48
4074,1491,2025-03-22,Pending,41445.51
4075,4197,2024-09-08,Shipped,46121.54
4076,4997,2024-08-25,Delivered,36109.41
4077,955,2025-01-24,Pending,54930.68
4078,4709,2024-06-23,Shipped,25909.54
4079,142,2025-01-14,Delivered,42347.57
4080,1524,2024-02-04,Shipped,10526.98
4081,4271,2024-11-17,Cancelled,70689.47
4082,1007,2024-10-07,Delivered,62410.42
4083,347,2024-01-26,Cancelled,6806.93
4084,2866,2024-08-14,Cancelled,59777.21
4085,4500,2025-04-05,Delivered,44138.79
4086,2098,2025-11-06,Pending,20359.08
4087,1141,2025-04-01,Delivered,70061.81
4088,1947,2024-11-10,Shipped,32787.99
4089,2184,2024-08-15,Cancelled,8954.21
4090,588,2024-11-05,Delivered,63399.26
4091,465,2025-05-25,Pending,56135.13
4092,2819,2024-06-10,Pending,43279.43
4093,4011,2025-03-06,Shipped,63217.16
4094,3424,2025-02-15,Delivered,50693.26
4095,2900,2025-11-14,Pending,41212.57
4096,4419,2024-11-09,Cancelled,72503.59
4097,2038,2025-10-12,Pending,41721.17
4098,4943,2025-10-29,Shipped,7701.62
4099,4758,2024-09-13,Shipped,65540.61
4100,1672,2025-09-06,Shipped,62662.47
4101,2264,2025-11-18,Pending,59154.47
4102,2111,2025-10-03,Pending,30349.88
4103,869,2025-12-06,Cancelled,26335.82
4104,4260,2025-03-10,Pending,66044.27
4105,4410,2025-06-10,Shipped,47336.32
4106,637,2025-04-05,Cancelled,51484.81
4107,458,2024-07-31,Delivered,57881.07
4108,1798,2025-11-16,Delivered,49494.83
4109,504,2024-03-26,Cancelled,45772.77
4110,648,2025-05-20,Cancelled,4796.56
4111,1563,2024-06-06,Shipped,40554.04
4112,1007,2024-12-28,Cancelled,63419.34
4113,2440,2025-03-05,Cancelled,49463
4114,2838,2025-02-06,Cancelled,44714.84
4115,4406,2025-04-14,Shipped,55402.71
4116,3682,2025-10-06,Delivered,23510.92
4117,1049,2025-04-26,Shipped,25471.18
4118,4158,2025-06-08,Delivered,72619.87
4119,1182,2025-08-20,Pending,42374.78
4120,1624,2024-08-14,Delivered,62736.02
4121,1191,2024-10-30,Cancelled,16262.85
4122,1385,2025-10-18,Pending,45728.38
4123,4949,2024-04-14,Cancelled,69328.31
4124,4994,2024-11-18,Pending,73319.88
4125,2654,2025-05-28,Delivered,42890.31
4126,1818,2024-12-06,Delivered,17810.34
4127,1780,2024-09-26,Pending,32370.98
4128,604,2025-03-17,Delivered,66823.06
4129,2302,2025-05-28,Cancelled,2494.42
4130,2972,2024-01-12,Pending,71889.86
4131,3345,2025-06-02,Cancelled,15290.64
4132,328,2025-04-01,Cancelled,63088.08
4133,1669,2025-05-22,Pending,32141.41
4134,2531,2025-11-21,Pending,29978.14
4135,3322,2024-05-14,Shipped,18532.84
4136,2951,2025-09-21,Cancelled,58352.77
4137,4163,2024-06-23,Pending,17007.38
4138,2390,2025-11-01,Pending,49477.34
4139,980,2024-05-29,Pending,58339.61
4140,2090,2024-10-01,Delivered,29361.83
4141,2923,2025-12-21,Cancelled,61046.23
4142,4250,2025-09-07,Shipped,42972.83
4143,3970,2024-07-05,Delivered,10581.18
4144,1926,2024-09-28,Cancelled,73347.05
4145,438,2025-03-10,Shipped,33545.71
4146,2209,2024-08-30,Cancelled,3856.01
4147,1524,2024-05-22,Cancelled,34812.17
4148,2226,2025-07-13,Shipped,20746.21
4149,2038,2024-10-14,Pending,58153.11
4150,1307,2025-11-14,Pending,49633.11
4151,812,2024-09-03,Shipped,41682.2
4152,1292,2025-10-20,Delivered,48897.78
4153,1840,2025-10-31,Delivered,41047.42
4154,2117,2025-06-20,Shipped,67182.51
4155,2837,2025-04-09,Pending,51071.33
4156,2292,2024-10-18,Delivered,52970.16
4157,251,2025-09-14,Cancelled,41891.63
4158,1299,2024-01-26,Shipped,18637.28
4159,593,2024-04-04,Cancelled,31614.43
4160,275,2024-11-24,Delivered,902.27
4161,2338,2025-10-25,Shipped,68307.13
4162,4048,2025-03-07,Cancelled,40533.81
4163,692,2024-08-14,Delivered,61669.47
4164,4995,2024-09-25,Cancelled,69369.23
4165,1475,2024-05-04,Shipped,25942.85
4166,4392,2025-03-26,Cancelled,30349.21
4167,3917,2025-12-11,Delivered,24180.53
4168,762,2025-10-12,Cancelled,47772.8
4169,4762,2025-06-04,Shipped,18780.41
4170,4227,2025-02-17,Delivered,29090.18
4171,4942,2024-12-21,Pending,52529.24
4172,3669,2024-12-05,Delivered,10663.02
4173,1412,2025-03-10,Pending,25248.74
4174,3580,2024-11-30,Delivered,15747.63
4175,4525,2024-10-11,Shipped,54309.12
4176,2757,2025-02-08,Delivered,16837.28
4177,2723,2024-08-06,Cancelled,55664.47
4178,89,2024-08-13,Shipped,16248.74
4179,1130,2024-01-11,Delivered,33668.36
4180,2947,2025-09-25,Pending,25100.95
4181,3631,2024-04-25,Shipped,46534.71
4182,4955,2025-01-20,Cancelled,58015.42
4183,724,2025-03-02,Pending,4417.3
4184,475,2024-09-17,Delivered,45164.42
4185,2437,2025-08-20,Cancelled,11706.89
4186,2524,2025-01-11,Shipped,33750.67
4187,1787,2024-04-26,Pending,36481.62
4188,1342,2024-12-31,Delivered,16890.64
4189,3647,2025-07-30,Pending,42446.58
4190,4575,2024-12-08,Cancelled,7648.58
4191,467,2024-09-09,Shipped,33067.34
4192,2366,2024-12-23,Delivered,12925.98
4193,105,2025-12-09,Pending,14593.55
4194,3608,2025-06-28,Delivered,1241.4
4195,1132,2024-06-03,Delivered,53591.96
4196,2902,2024-09-27,Delivered,39292.53
4197,2329,2025-08-22,Pending,27898.25
4198,1965,2025-09-01,Cancelled,13008.98
4199,1749,2025-05-18,Delivered,5610.19
4200,89,2024-03-20,Shipped,54150.32
4201,4882,2025-04-10,Pending,66845.67
4202,1420,2025-05-13,Shipped,34690
4203,406,2025-04-27,Delivered,71561.48
4204,4992,2025-06-08,Cancelled,10948.52
4205,1616,2024-07-22,Pending,74214.69
4206,3569,2024-09-23,Pending,60537.92
4207,2306,2025-06-17,Cancelled,2641.34
4208,1044,2025-07-09,Delivered,35127.87
4209,703,2025-06-21,Cancelled,70223.32
4210,3931,2024-08-14,Shipped,71328.82
4211,1247,2025-08-03,Shipped,32240.44
4212,613,2024-03-01,Cancelled,71319.18
4213,2629,2024-02-15,Delivered,54212.69
4214,3767,2025-03-25,Cancelled,8227.26
4215,2121,2024-01-11,Shipped,45757.07
4216,3367,2024-05-24,Shipped,33561.03
4217,3862,2024-04-21,Pending,57266.42
4218,4653,2024-10-30,Cancelled,11819.29
4219,1489,2025-09-19,Cancelled,14700.45
4220,2944,2025-08-29,Shipped,69080.05
4221,4722,2025-12-19,Pending,25370.8
4222,1274,2025-04-26,Shipped,19320.24
4223,2753,2025-05-19,Delivered,46558.97
4224,3217,2025-04-10,Delivered,42728.79
4225,834,2025-12-08,Pending,53343.15
4226,621,2025-08-08,Shipped,74930.27
4227,2358,2025-10-24,Shipped,22912.37
4228,144,2025-05-19,Shipped,51547.16
4229,3747,2024-12-27,Pending,54633
4230,2312,2024-01-25,Shipped,11400.37
4231,3798,2025-09-27,Delivered,23863.48
4232,482,2024-01-20,Cancelled,38338.72
4233,986,2025-02-11,Pending,3633.64
4234,226,2025-03-28,Shipped,63481.85
4235,216,2024-02-13,Cancelled,51451.75
4236,1055,2025-05-12,Cancelled,3308.57
4237,508,2024-04-28,Delivered,47766.65
4238,2785,2024-11-20,Shipped,39763.48
4239,4757,2025-05-17,Delivered,4023
4240,2374,2024-05-05,Shipped,27420.46
4241,4306,2024-07-21,Shipped,44091.55
4242,2348,2025-05-26,Delivered,34960.76
4243,114,2024-02-16,Delivered,3781.24
4244,709,2025-01-06,Cancelled,12240.75
4245,4924,2025-09-25,Shipped,71462.25
4246,2308,2025-03-12,Shipped,40636.67
4247,234,2025-05-07,Delivered,36179.31
4248,2181,2025-04-29,Delivered,2441.61
4249,942,2025-10-28,Cancelled,43005.52
4250,87,2024-07-18,Delivered,33476.02
4251,2028,2024-04-10,Shipped,23034.75
4252,4240,2024-12-08,Pending,70227.83
4253,1579,2024-09-01,Cancelled,57309.33
4254,3603,2025-05-17,Cancelled,36821.57
4255,4940,2025-04-21,Cancelled,6477.06
4256,3183,2025-02-27,Delivered,18040.59
4257,1965,2025-06-17,Pending,66275.92
4258,4061,2024-03-22,Pending,23662.94
4259,4940,2025-11-17,Pending,1320.6
4260,1548,2024-02-17,Delivered,66003.91
4261,2252,2025-08-30,Shipped,8139.23
4262,2788,2024-04-26,Pending,39262.17
4263,2013,2024-04-20,Shipped,57040.66
4264,3593,2024-09-11,Cancelled,30022.43
4265,2422,2025-06-14,Shipped,53175.44
4266,140,2024-08-20,Shipped,54381.97
4267,3703,2024-04-10,Cancelled,66860.11
4268,1505,2025-01-24,Shipped,47265.37
4269,1588,2025-06-27,Shipped,59426.14
4270,4205,2025-11-14,Pending,60166.66
4271,137,2024-11-15,Cancelled,60475.74
4272,109,2025-12-23,Pending,33071.19
4273,822,2025-04-10,Cancelled,12581.86
4274,3644,2025-02-28,Cancelled,55648.2
4275,4113,2025-09-25,Shipped,42365.03
4276,2098,2025-08-25,Cancelled,23068.17
4277,1056,2024-09-04,Pending,42887.54
4278,3631,2024-12-16,Pending,41391.83
4279,3036,2024-08-10,Cancelled,13481.12
4280,4407,2025-08-29,Delivered,8667.37
4281,1146,2024-10-18,Pending,43791.46
4282,4390,2024-10-20,Shipped,16768.85
4283,2211,2025-10-06,Cancelled,35154.44
4284,4138,2024-02-09,Shipped,40830.56
4285,4140,2024-07-29,Cancelled,53795.63
4286,922,2025-11-05,Delivered,23509.38
4287,4990,2024-11-02,Cancelled,19852.94
4288,4564,2024-10-03,Cancelled,12487.75
4289,3687,2025-04-16,Pending,9980.65
4290,4216,2025-02-11,Shipped,52174.99
4291,2183,2024-11-05,Cancelled,25285.76
4292,3817,2025-06-08,Pending,63657.69
4293,3195,2025-01-15,Pending,53524.6
4294,4074,2025-04-20,Pending,25448.74
4295,4397,2025-09-23,Cancelled,70169.24
4296,692,2024-07-10,Cancelled,64527.1
4297,4612,2024-09-26,Delivered,5569.73
4298,217,2025-02-24,Pending,64361.9
4299,452,2024-05-19,Delivered,8387.75
4300,2916,2025-08-26,Pending,44739.1
4301,2868,2024-08-18,Pending,67253.48
4302,116,2024-09-24,Pending,5660.42
4303,1886,2025-12-03,Pending,65684.81
4304,4659,2024-09-05,Shipped,27084.36
4305,1688,2024-03-22,Cancelled,20222.86
4306,4815,2024-05-22,Pending,23923.4
4307,408,2025-03-27,Pending,57497.51
4308,3623,2024-06-30,Shipped,59377.3
4309,2099,2025-10-15,Shipped,25858.87
4310,2373,2025-10-31,Shipped,33414.67
4311,2308,2025-11-12,Delivered,38507.74
4312,1013,2025-05-06,Pending,2441.26
4313,4322,2024-06-04,Cancelled,40833.98
4314,3331,2024-09-02,Pending,44338.13
4315,3671,2024-02-27,Cancelled,33493.21
4316,3437,2025-09-13,Shipped,53583.83
4317,1506,2025-08-13,Shipped,34861.77
4318,1756,2025-03-30,Cancelled,24553.37
4319,4620,2024-02-18,Cancelled,50614.56
4320,668,2024-01-17,Shipped,38407.6
4321,9,2024-01-23,Shipped,42434.18
4322,3231,2025-10-18,Cancelled,1890.49
4323,3989,2024-03-05,Cancelled,7436.15
4324,280,2024-07-24,Shipped,55691.74
4325,4132,2025-06-17,Shipped,23698.34
4326,3753,2024-04-04,Pending,50501.88
4327,4219,2024-02-05,Cancelled,17345.43
4328,1354,2024-03-02,Cancelled,9105.31
4329,321,2024-12-21,Delivered,59459.19
4330,1424,2024-06-02,Pending,63529.58
4331,4050,2024-03-19,Delivered,7673.63
4332,1430,2024-02-02,Cancelled,58365.59
4333,4335,2024-12-25,Cancelled,27050.04
4334,3069,2024-03-12,Shipped,23454.49
4335,4881,2024-06-28,Cancelled,18997.06
4336,3535,2024-08-21,Delivered,51442.01
4337,3707,2024-05-28,Cancelled,26804.53
4338,4489,2024-06-12,Delivered,62637.81
4339,4866,2024-02-09,Cancelled,23768.97
4340,245,2025-02-20,Pending,58133.51
4341,4700,2025-08-20,Delivered,71077.77
4342,2625,2024-05-15,Pending,55805.44
4343,3066,2024-09-29,Cancelled,16857.63
4344,1522,2025-02-02,Delivered,4891.62
4345,4355,2024-11-30,Shipped,37872.08
4346,1320,2025-12-26,Delivered,66328.34
4347,1631,2025-07-12,Cancelled,64795.55
4348,2561,2025-06-12,Pending,24244.16
4349,923,2025-10-27,Shipped,71401.88
4350,2757,2024-07-03,Delivered,72764.45
4351,4696,2024-04-03,Cancelled,43781.79
4352,4226,2025-05-10,Shipped,58568.76
4353,1973,2025-01-28,Shipped,24551.51
4354,442,2024-10-07,Shipped,59338.29
4355,4488,2024-01-19,Shipped,53219.56
4356,356,2024-12-29,Pending,8900.69
4357,2115,2025-01-16,Cancelled,25047.6
4358,1934,2025-10-17,Cancelled,8551.72
4359,2615,2025-05-14,Delivered,3645.26
4360,1096,2025-08-10,Delivered,26740.58
4361,2983,2024-09-30,Pending,36835.43
4362,383,2024-02-21,Cancelled,12640.58
4363,711,2025-10-09,Delivered,25196.02
4364,3122,2024-11-23,Pending,49989.26
4365,2304,2024-10-30,Cancelled,15357.08
4366,3488,2025-05-12,Pending,74473.3
4367,1544,2024-07-03,Delivered,66797.15
4368,756,2025-04-10,Cancelled,1298.26
4369,3442,2025-08-12,Pending,49017.83
4370,1890,2025-09-07,Cancelled,42704.99
4371,667,2024-03-05,Delivered,2160.89
4372,4514,2024-03-08,Shipped,4097.86
4373,1586,2025-09-24,Cancelled,4724.44
4374,3073,2024-10-17,Delivered,53216.49
4375,3063,2025-01-20,Pending,57126.86
4376,3605,2024-05-06,Cancelled,10425.76
4377,2608,2024-01-19,Cancelled,28212.81
4378,4532,2025-11-03,Delivered,30850.59
4379,2340,2024-12-28,Cancelled,31641.94
4380,918,2024-12-25,Pending,21860.62
4381,4613,2024-05-28,Pending,26594.63
4382,4160,2024-06-30,Shipped,74759.54
4383,940,2025-08-28,Delivered,74726.15
4384,228,2024-04-30,Delivered,14197.76
4385,3570,2024-12-26,Delivered,65285.55
4386,1098,2025-09-19,Shipped,40626.53
4387,3134,2025-02-06,Shipped,3227.38
4388,2379,2025-11-19,Shipped,27060.18
4389,3370,2025-06-08,Pending,67318.08
4390,2918,2024-11-22,Cancelled,38808.77
4391,819,2025-03-17,Pending,62473.07
4392,1191,2025-02-25,Cancelled,37183.12
4393,72,2024-10-02,Shipped,20803.22
4394,4929,2025-11-29,Pending,46952.82
4395,1636,2025-05-17,Delivered,62331.08
4396,4890,2025-01-17,Delivered,65558.25
4397,2317,2024-10-24,Cancelled,41041.85
4398,3831,2025-05-27,Shipped,66829.14
4399,2688,2025-06-01,Shipped,30302.76
4400,4111,2025-10-23,Shipped,12325.71
4401,2648,2025-05-08,Delivered,65044.96
4402,3672,2025-08-19,Cancelled,68737.34
4403,3886,2024-01-18,Shipped,43264.89
4404,2325,2025-02-06,Cancelled,7531.61
4405,4723,2025-09-05,Shipped,45816.71
4406,3002,2025-09-04,Cancelled,72222.36
4407,1203,2024-12-28,Shipped,14789.34
4408,4392,2025-02-04,Pending,58852.33
4409,1520,2024-12-23,Pending,27160.38
4410,950,2025-07-01,Cancelled,72765.68
4411,2520,2025-12-10,Cancelled,59573.35
4412,59,2025-12-11,Cancelled,4255.62
4413,3023,2024-10-30,Shipped,13910.54
4414,2952,2025-11-10,Cancelled,30348.58
4415,496,2024-06-23,Cancelled,28864.06
4416,618,2025-05-04,Delivered,20992.18
4417,1667,2024-04-22,Pending,34913.81
4418,4374,2025-11-22,Cancelled,70357.23
4419,2729,2024-05-03,Delivered,1569.35
4420,1336,2024-10-10,Shipped,21016.77
4421,3373,2024-08-28,Cancelled,65717.08
4422,2696,2024-03-04,Cancelled,15069.25
4423,2405,2024-06-09,Cancelled,29318.52
4424,369,2024-11-11,Pending,25608.02
4425,3200,2025-04-23,Shipped,54532.71
4426,4248,2025-05-21,Shipped,42059.46
4427,1154,2024-07-29,Cancelled,23933.86
4428,3091,2025-06-29,Cancelled,69896.79
4429,4525,2024-04-21,Pending,34322.51
4430,4048,2025-05-25,Pending,6173.88
4431,3423,2024-12-09,Cancelled,29000.63
4432,3167,2025-06-18,Shipped,18977.34
4433,841,2025-12-05,Shipped,42053.61
4434,4076,2024-08-06,Pending,2997.61
4435,4342,2024-06-30,Pending,66533.1
4436,3331,2025-02-26,Cancelled,6914.08
4437,1063,2025-01-16,Cancelled,74514.77
4438,1528,2024-06-10,Pending,24289.49
4439,4583,2024-11-06,Pending,768.48
4440,434,2024-12-04,Cancelled,24399.58
4441,4395,2024-05-05,Shipped,43549.06
4442,1070,2024-11-09,Shipped,53626.79
4443,4617,2024-12-30,Cancelled,7411.22
4444,4906,2025-07-05,Delivered,48794.27
4445,4340,2024-11-11,Cancelled,788.25
4446,2886,2024-07-08,Cancelled,34569.13
4447,1394,2025-12-04,Pending,45592.57
4448,3779,2025-08-18,Pending,68959.97
4449,3794,2025-03-21,Pending,28107.64
4450,97,2024-03-18,Delivered,43959.29
4451,4980,2025-01-19,Shipped,64921.94
4452,4609,2025-11-17,Delivered,64541.25
4453,3835,2025-09-10,Cancelled,19443.37
4454,2753,2025-11-04,Pending,22169.99
4455,26,2025-10-02,Pending,34434.41
4456,2478,2025-04-02,Shipped,871.39
4457,1348,2025-01-13,Shipped,17424.14
4458,3352,2024-05-06,Shipped,60632.57
4459,1145,2024-06-06,Shipped,26498.04
4460,1798,2025-04-10,Delivered,69419.64
4461,212,2024-10-02,Shipped,70104.51
4462,3679,2025-10-02,Shipped,17871.93
4463,1485,2024-08-16,Pending,36928.35
4464,192,2025-10-27,Pending,8278.74
4465,4512,2024-03-16,Delivered,73440.08
4466,361,2025-09-20,Shipped,64112.1
4467,1540,2025-04-16,Shipped,8541.3
4468,581,2024-09-15,Pending,65105.29
4469,4764,2025-06-05,Shipped,39807.68
4470,4621,2024-11-05,Pending,67029.15
4471,4324,2025-04-12,Delivered,21829.57
4472,1549,2025-09-25,Delivered,12439.28
4473,2063,2025-02-07,Shipped,56260.83
4474,170,2024-01-20,Pending,24231.96
4475,793,2025-05-14,Pending,72023.49
4476,1620,2025-05-31,Cancelled,66056.95
4477,3289,2025-03-17,Shipped,31404.22
4478,3935,2025-07-01,Shipped,52573.73
4479,2014,2025-12-31,Pending,33075.46
4480,3287,2025-04-03,Pending,46952.28
4481,65,2025-08-09,Delivered,15643.18
4482,1806,2024-09-13,Pending,10473.21
4483,733,2024-03-01,Delivered,58054.02
4484,1727,2024-02-08,Shipped,24456.54
4485,1889,2025-10-18,Pending,42635.2
4486,2779,2025-11-28,Shipped,61116.2
4487,4185,2024-07-25,Shipped,865.47
4488,2475,2025-12-23,Delivered,15649.79
4489,793,2025-03-06,Delivered,45035.34
4490,2224,2024-04-19,Pending,66111.31
4491,813,2025-11-25,Delivered,27398.04
4492,2574,2024-09-30,Pending,20955.37
4493,3363,2025-05-12,Cancelled,68483.52
4494,896,2025-01-12,Pending,71073.41
4495,1825,2025-04-18,Delivered,51016.09
4496,3586,2025-04-05,Shipped,10051.79
4497,2768,2024-11-26,Shipped,63382.99
4498,1006,2025-02-15,Pending,72430.66
4499,4088,2024-12-01,Cancelled,73792.25
4500,1783,2025-04-14,Pending,24999.09
4501,1388,2024-09-12,Shipped,7783.8
4502,2300,2025-05-12,Shipped,1134.65
4503,2920,2025-10-08,Delivered,47487.32
4504,3095,2024-11-30,Delivered,35933.75
4505,3570,2024-06-30,Cancelled,18160.9
4506,2268,2025-07-29,Shipped,49172.84
4507,2414,2025-12-10,Cancelled,7381.51
4508,3931,2025-07-09,Pending,34317.12
4509,4322,2024-07-26,Shipped,61415.77
4510,1206,2025-08-12,Shipped,57891.47
4511,4733,2025-04-20,Cancelled,10454.77
4512,2280,2024-10-25,Shipped,20753.19
4513,4845,2024-09-04,Cancelled,44759.91
4514,3636,2024-02-26,Shipped,34765.97
4515,4290,2024-01-04,Cancelled,62908.23
4516,855,2025-02-26,Delivered,10930.15
4517,4995,2024-06-18,Cancelled,31463.14
4518,3454,2025-03-01,Delivered,39077.79
4519,3857,2024-12-11,Cancelled,39209.38
4520,4366,2025-05-26,Cancelled,53521.73
4521,3569,2024-01-09,Pending,45023.78
4522,2676,2025-06-28,Pending,14716.01
4523,3389,2025-02-21,Delivered,56495.04
4524,3753,2024-01-12,Pending,4861.43
4525,3541,2024-11-22,Delivered,8102.59
4526,2875,2025-03-22,Pending,3075.46
4527,4730,2024-02-05,Shipped,33711.68
4528,3592,2025-07-26,Delivered,70375.8
4529,1287,2024-03-25,Pending,74604.07
4530,4511,2024-06-07,Shipped,40859.4
4531,3200,2024-06-16,Shipped,28687.47
4532,4620,2025-02-07,Shipped,38388.46
4533,3015,2024-07-07,Cancelled,8534.75
4534,1844,2025-10-17,Delivered,24642.07
4535,1193,2025-06-19,Pending,19298.37
4536,4032,2025-06-26,Pending,73701.7
4537,3619,2024-11-14,Delivered,16567.8
4538,2722,2024-03-03,Shipped,56205.03
4539,1859,2024-12-04,Delivered,63896.62
4540,1464,2024-02-09,Shipped,25482.19
4541,877,2024-08-21,Shipped,30891.58
4542,1993,2025-12-15,Pending,48073.29
4543,47,2025-10-19,Cancelled,69811.24
4544,2287,2025-08-05,Shipped,9941
4545,2716,2024-06-18,Pending,28591.37
4546,528,2024-01-31,Delivered,7534.33
4547,4863,2024-12-15,Pending,46970.31
4548,2729,2024-10-13,Pending,31405.29
4549,4411,2024-11-30,Cancelled,72806.69
4550,1812,2025-03-04,Shipped,30906.05
4551,2999,2025-07-04,Pending,51414.69
4552,2268,2025-06-12,Shipped,14725.76
4553,4789,2024-04-18,Pending,72727.3
4554,4651,2025-10-20,Shipped,9278.01
4555,1533,2025-10-09,Cancelled,31571.11
4556,1653,2025-08-11,Shipped,36630.21
4557,1309,2024-07-05,Pending,73155
4558,3099,2024-04-05,Pending,6571.44
4559,4081,2024-01-14,Shipped,14390.9
4560,950,2025-11-12,Cancelled,13882.28
4561,807,2024-10-23,Delivered,54207.74
4562,1937,2024-11-29,Pending,57709.74
4563,342,2025-09-17,Delivered,19628.99
4564,1854,2025-10-31,Pending,41640.55
4565,3784,2024-08-24,Cancelled,66995.69
4566,1179,2025-11-06,Cancelled,37785.99
4567,215,2024-08-16,Delivered,67793.91
4568,4609,2024-02-25,Cancelled,70406.3
4569,3645,2024-05-27,Shipped,44633.01
4570,4972,2025-05-14,Pending,12600.39
4571,3215,2024-12-06,Cancelled,9644.28
4572,2668,2024-01-05,Pending,60023.04
4573,4676,2025-06-28,Cancelled,69901.86
4574,210,2024-12-01,Delivered,57290.52
4575,3495,2024-04-14,Shipped,72845.96
4576,4886,2024-07-20,Pending,18933.78
4577,4267,2024-10-16,Pending,16003.34
4578,1871,2024-02-15,Cancelled,43198.93
4579,1607,2025-07-01,Pending,11265.13
4580,2283,2024-06-04,Cancelled,55058.05
4581,3720,2024-08-24,Cancelled,66569.11
4582,4125,2024-08-27,Delivered,51483.84
4583,2597,2025-10-20,Delivered,5458.38
4584,1748,2025-08-24,Delivered,12371.34
4585,1158,2025-11-25,Delivered,39912.56
4586,3994,2025-12-19,Pending,70921.95
4587,4240,2025-05-30,Shipped,3288.69
4588,3554,2025-02-15,Pending,65319.81
4589,3212,2024-12-04,Delivered,17138.22
4590,3624,2024-05-22,Delivered,68570.05
4591,311,2024-06-03,Delivered,57379.59
4592,2930,2025-01-22,Delivered,2194.71
4593,3836,2024-09-03,Cancelled,48025.08
4594,3549,2025-03-06,Pending,15202.12
4595,4131,2024-12-02,Shipped,72136.83
4596,2195,2024-03-26,Shipped,3133.74
4597,96,2025-12-01,Cancelled,26046.81
4598,4922,2025-12-05,Cancelled,51740.44
4599,525,2024-06-07,Pending,38208.27
4600,4934,2024-12-10,Shipped,33555.51
4601,2317,2024-01-18,Shipped,32373.54
4602,3401,2025-08-24,Shipped,30802.08
4603,3779,2024-10-14,Cancelled,46989.24
4604,3634,2025-12-17,Pending,1892.82
4605,3816,2025-04-01,Pending,13702.39
4606,1259,2024-11-28,Pending,28090.71
4607,1190,2024-08-03,Cancelled,5536.38
4608,1621,2024-01-28,Cancelled,53378.58
4609,672,2024-04-04,Pending,70303.25
4610,2608,2025-02-06,Shipped,7709.01
4611,1893,2025-12-13,Shipped,42616.32
4612,3402,2025-09-27,Cancelled,66398.39
4613,766,2024-05-09,Cancelled,47515.87
4614,783,2024-07-11,Shipped,49065.84
4615,1656,2024-08-18,Pending,49160.76
4616,348,2024-01-04,Shipped,21119.36
4617,2793,2024-01-13,Cancelled,17158.47
4618,334,2024-12-29,Pending,24452.32
4619,3365,2024-10-04,Shipped,43906.14
4620,2333,2024-05-05,Cancelled,60349.4
4621,1739,2024-07-06,Pending,30566.46
4622,1753,2024-01-14,Pending,3905.76
4623,1361,2025-09-07,Pending,31701.05
4624,2489,2024-11-03,Pending,45020.72
4625,199,2025-04-06,Delivered,25874.34
4626,1109,2024-01-09,Shipped,65678.26
4627,1744,2025-11-13,Delivered,17179.82
4628,1997,2024-03-28,Cancelled,51246.91
4629,3484,2024-06-04,Shipped,47658.07
4630,1277,2024-06-05,Delivered,7791.24
4631,1501,2025-04-07,Shipped,46098.14
4632,4238,2025-12-25,Delivered,30568.36
4633,521,2025-01-27,Cancelled,62312.74
4634,4204,2025-09-25,Pending,59379.41
4635,534,2025-03-18,Shipped,6010.13
4636,3689,2024-05-27,Pending,50482.79
4637,4690,2024-06-17,Cancelled,15762.03
4638,4535,2024-10-23,Delivered,13446.74
4639,4793,2024-03-26,Shipped,9502.58
4640,2864,2025-08-22,Delivered,47339.68
4641,3077,2025-11-08,Cancelled,33291.49
4642,849,2024-11-09,Pending,15981.41
4643,1812,2025-07-30,Delivered,36504.58
4644,4348,2024-04-21,Delivered,4423.2
4645,3328,2024-01-09,Shipped,58490.68
4646,4203,2024-02-09,Pending,6245.54
4647,1260,2025-09-17,Delivered,74059
4648,1103,2025-08-27,Pending,22562.45
4649,505,2024-03-21,Shipped,11319.68
4650,2986,2024-03-25,Pending,22582.94
4651,3917,2025-01-14,Pending,61264.32
4652,2889,2024-01-22,Shipped,68503
4653,4556,2024-04-30,Shipped,63708.41
4654,4054,2024-05-16,Shipped,66628.38
4655,4845,2024-10-04,Shipped,15367.88
4656,3469,2024-05-08,Pending,5110.66
4657,1506,2025-08-12,Cancelled,14294.33
4658,1077,2025-12-19,Pending,55109.95
4659,3759,2024-05-31,Delivered,63149.13
4660,2427,2025-08-08,Cancelled,50150.13
4661,1568,2025-01-13,Delivered,17855.75
4662,3103,2024-08-16,Pending,69492.95
4663,4008,2024-02-13,Pending,27728.84
4664,979,2024-06-04,Cancelled,18551.01
4665,4541,2024-04-05,Pending,39113.59
4666,4496,2025-07-30,Shipped,4163.65
4667,3393,2024-07-31,Delivered,17051.34
4668,1174,2025-08-01,Delivered,4210.29
4669,3132,2025-10-24,Shipped,15306.36
4670,2405,2024-05-22,Cancelled,63379.21
4671,4383,2024-11-12,Pending,31651.95
4672,4338,2024-07-17,Shipped,19851.47
4673,364,2024-03-31,Shipped,65826.75
4674,100,2025-03-07,Pending,52802.08
4675,309,2025-12-04,Delivered,23244.32
4676,4602,2025-10-05,Pending,31920.39
4677,2012,2025-11-04,Pending,4901.02
4678,1386,2024-10-12,Shipped,43196.67
4679,3682,2025-05-20,Shipped,1024.59
4680,4063,2024-02-02,Cancelled,46697.2
4681,1505,2024-08-02,Shipped,3852.89
4682,1527,2024-07-26,Delivered,17059.03
4683,1586,2025-03-04,Shipped,47431.86
4684,1277,2024-12-24,Shipped,61206.22
4685,3653,2025-11-30,Cancelled,42863.4
4686,1666,2024-09-15,Pending,18416.79
4687,3793,2025-08-30,Pending,7816.43
4688,3698,2025-07-10,Delivered,40586.3
4689,2050,2024-08-21,Cancelled,7441.84
4690,4074,2025-07-30,Pending,34565.94
4691,3035,2024-03-30,Shipped,39435.88
4692,375,2025-04-13,Cancelled,62192.65
4693,2751,2024-02-21,Delivered,39813.44
4694,1994,2024-12-30,Pending,67023.06
4695,166,2024-10-21,Pending,63809.36
4696,232,2025-08-01,Pending,64871.75
4697,1096,2024-01-07,Shipped,18304.7
4698,3455,2024-07-03,Pending,30103.31
4699,92,2024-05-27,Pending,59782.36
4700,1135,2024-03-05,Pending,34029.01
4701,1620,2024-09-21,Shipped,13078.43
4702,531,2024-04-15,Pending,65422.6
4703,3910,2024-01-22,Shipped,72013.17
4704,4891,2025-10-29,Pending,70509.12
4705,2611,2025-02-18,Pending,39733.52
4706,2235,2025-09-18,Shipped,56838.88
4707,2900,2024-06-25,Cancelled,72990.62
4708,3236,2025-02-08,Cancelled,64734.3
4709,4501,2024-05-18,Cancelled,39802.36
4710,4922,2024-09-17,Cancelled,54973.97
4711,363,2024-06-06,Cancelled,16766.53
4712,2769,2025-02-25,Cancelled,39903.94
4713,198,2025-03-10,Cancelled,9367.57
4714,805,2025-01-20,Pending,46085.69
4715,2885,2025-04-09,Pending,18961.5
4716,500,2025-10-17,Delivered,54053.12
4717,1098,2025-03-27,Delivered,6866.56
4718,3429,2024-07-05,Pending,47411.5
4719,3764,2025-07-05,Cancelled,57451.75
4720,407,2025-09-26,Pending,17989.07
4721,2295,2025-09-07,Delivered,29099.67
4722,956,2024-02-07,Delivered,46616.16
4723,2901,2024-02-22,Pending,28931.1
4724,4629,2024-03-28,Delivered,65343.68
4725,218,2025-07-17,Cancelled,65259.06
4726,369,2024-11-02,Delivered,7806.52
4727,1836,2025-12-18,Cancelled,50127.05
4728,4217,2024-07-25,Shipped,11720.11
4729,794,2025-10-24,Delivered,13129.93
4730,2363,2025-10-26,Shipped,62589.87
4731,4458,2024-02-19,Shipped,53153.66
4732,169,2025-05-13,Cancelled,12405.45
4733,4547,2025-01-27,Cancelled,17545.43
4734,719,2025-10-08,Pending,35028.18
4735,4709,2024-01-20,Pending,30137.9
4736,2865,2024-10-22,Shipped,11385.08
4737,4850,2025-08-05,Delivered,7997.14
4738,2840,2025-09-07,Cancelled,38750.25
4739,1870,2024-01-12,Pending,66261.76
4740,1732,2024-08-20,Pending,46768.94
4741,320,2025-11-16,Shipped,28634.25
4742,4503,2025-07-12,Delivered,28470.82
4743,4497,2025-05-25,Cancelled,68889.71
4744,4198,2025-08-20,Pending,21352.31
4745,1044,2025-03-21,Cancelled,6496.97
4746,715,2024-03-15,Delivered,73704.84
4747,3995,2025-01-12,Delivered,8303.91
4748,225,2024-09-18,Cancelled,49068.86
4749,3049,2025-12-24,Delivered,66274.09
4750,2485,2025-11-03,Delivered,53273.7
4751,3659,2025-04-10,Pending,61683.46
4752,2153,2025-06-20,Cancelled,24817.25
4753,1470,2025-11-01,Cancelled,51247.5
4754,1327,2024-12-31,Cancelled,38042.9
4755,4923,2024-01-13,Cancelled,31908.43
4756,672,2025-11-27,Pending,14727.77
4757,1660,2024-10-26,Pending,6007.06
4758,2832,2024-01-08,Delivered,39424.78
4759,3305,2024-01-26,Cancelled,34655.35
4760,2146,2025-03-18,Cancelled,3891.76
4761,4865,2025-01-09,Delivered,66563.99
4762,4909,2025-07-01,Shipped,8468.26
4763,3277,2024-09-16,Delivered,64363.12
4764,1811,2025-07-14,Pending,63737.16
4765,4168,2025-01-20,Cancelled,16453.69
4766,3974,2025-05-13,Pending,69582.78
4767,4347,2025-01-20,Pending,63932.69
4768,3676,2024-02-05,Pending,29904.7
4769,1682,2025-03-11,Shipped,48551.97
4770,1077,2025-01-05,Cancelled,20523.55
4771,253,2025-12-19,Cancelled,3046.4
4772,3706,2025-12-29,Delivered,23631.01
4773,3956,2024-06-04,Delivered,23293.19
4774,2863,2024-09-25,Delivered,29330.74
4775,1975,2024-03-04,Cancelled,49476.75
4776,1235,2024-10-26,Pending,3396.85
4777,4820,2024-05-25,Delivered,57280.44
4778,4273,2025-12-08,Pending,1870.94
4779,3235,2024-04-22,Cancelled,46626.03
4780,4865,2024-11-20,Shipped,30222.46
4781,4308,2024-05-19,Cancelled,61337.13
4782,912,2025-04-18,Cancelled,59053.32
4783,1267,2025-08-06,Cancelled,20999.98
4784,4086,2024-09-04,Cancelled,60370.4
4785,3391,2024-01-30,Delivered,74722.89
4786,287,2024-01-21,Cancelled,37193.3
4787,1715,2025-01-26,Pending,44573.3
4788,475,2025-09-08,Delivered,7329.78
4789,4847,2025-03-09,Cancelled,26434.37
4790,1049,2025-11-04,Pending,65783.76
4791,1111,2024-05-14,Shipped,52004.69
4792,2464,2025-09-22,Pending,842.59
4793,3950,2025-05-02,Delivered,19168.6
4794,2622,2024-05-16,Pending,62317.52
4795,2498,2025-10-08,Cancelled,34597.91
4796,2226,2025-12-28,Cancelled,54803.37
4797,1763,2025-01-02,Pending,66630.53
4798,2994,2024-06-14,Pending,30259.66
4799,2887,2024-09-01,Delivered,63011.13
4800,1198,2025-09-06,Pending,42508.25
4801,915,2025-03-01,Cancelled,63773.95
4802,4769,2025-03-01,Delivered,54813.01
4803,3170,2024-04-24,Delivered,59825.77
4804,3009,2024-02-13,Pending,57407.7
4805,1287,2025-10-17,Delivered,62941.65
4806,2733,2024-03-18,Shipped,64501.34
4807,3046,2025-02-09,Pending,66529.95
4808,1564,2025-05-09,Delivered,67067.84
4809,39,2025-11-27,Pending,19442.81
4810,3840,2025-01-12,Delivered,1323.64
4811,3769,2024-11-27,Delivered,5391.56
4812,1861,2024-03-28,Delivered,1706.67
4813,2107,2024-12-12,Shipped,74020.65
4814,770,2025-10-14,Pending,56544.59
4815,3681,2024-08-19,Cancelled,17390.84
4816,1366,2025-02-11,Cancelled,70191.81
4817,4949,2025-05-19,Shipped,50380.08
4818,3674,2024-01-10,Pending,39722.89
4819,245,2025-03-11,Shipped,37294.96
4820,3897,2025-01-02,Cancelled,10481.33
4821,999,2025-09-08,Cancelled,45208.32
4822,391,2024-12-03,Shipped,44227.76
4823,1555,2024-03-02,Shipped,30791.63
4824,2191,2025-11-26,Delivered,49270.58
4825,4009,2025-10-13,Cancelled,8643.27
4826,1133,2025-04-24,Cancelled,65524.07
4827,1416,2024-01-09,Cancelled,1888.27
4828,948,2024-05-07,Pending,72431.53
4829,3557,2025-01-06,Shipped,58966.16
4830,535,2024-05-03,Delivered,28742.27
4831,2671,2025-06-16,Pending,70410.08
4832,1202,2024-06-07,Shipped,21868.4
4833,605,2024-05-01,Delivered,4852.83
4834,251,2025-03-18,Cancelled,31463.78
4835,1314,2025-08-19,Cancelled,26346.84
4836,507,2025-03-20,Delivered,4286.71
4837,3700,2024-05-30,Shipped,39495.04
4838,4418,2025-05-28,Pending,55911.91
4839,3046,2025-04-08,Pending,29281.5
4840,774,2024-03-17,Cancelled,47179.71
4841,110,2025-07-31,Cancelled,49695.37
4842,2585,2025-05-01,Pending,42713.45
4843,1623,2025-08-21,Shipped,62099.32
4844,3174,2025-06-23,Delivered,59719.69
4845,4288,2025-08-18,Shipped,66532.21
4846,558,2024-09-13,Cancelled,52821.33
4847,2047,2024-03-06,Pending,47083.36
4848,2751,2024-02-29,Shipped,53369.17
4849,1200,2025-08-21,Delivered,69919.67
4850,2860,2025-04-12,Shipped,38124.61
4851,869,2024-08-21,Shipped,29520.38
4852,767,2025-06-11,Delivered,2211.56
4853,4736,2025-03-07,Shipped,17093.38
4854,228,2024-11-09,Cancelled,44081.57
4855,4994,2024-06-22,Delivered,67456.71
4856,3485,2025-03-03,Shipped,62675.62
4857,2896,2025-11-19,Pending,48698.55
4858,2489,2024-05-23,Delivered,61482.78
4859,853,2024-11-22,Pending,7114.73
4860,1927,2024-04-09,Pending,32734.1
4861,1298,2024-04-30,Shipped,38230.8
4862,968,2024-03-03,Pending,33980.42
4863,2624,2024-12-04,Delivered,18960.19
4864,2367,2024-07-14,Cancelled,13782.73
4865,4563,2025-09-23,Cancelled,38907.64
4866,2752,2025-04-16,Pending,72123.86
4867,4826,2024-08-22,Cancelled,13121.84
4868,2632,2025-10-10,Shipped,32043.42
4869,3933,2024-01-30,Delivered,57968.81
4870,1025,2024-10-31,Shipped,7149.75
4871,1283,2024-04-23,Shipped,1458.93
4872,1335,2024-11-23,Pending,72777.44
4873,1226,2025-01-25,Shipped,23515.45
4874,421,2024-11-01,Shipped,45646.54
4875,2098,2025-11-12,Pending,31731.91
4876,327,2025-01-29,Delivered,52500.02
4877,3549,2024-02-24,Cancelled,66961.67
4878,321,2025-07-30,Pending,34696.42
4879,4287,2025-09-07,Pending,20617.7
4880,3404,2024-04-18,Shipped,13200.75
4881,2037,2024-08-16,Cancelled,45724.26
4882,3439,2025-07-19,Delivered,51886.88
4883,4053,2025-06-06,Cancelled,25696.9
4884,2895,2025-12-06,Cancelled,62296.12
4885,557,2024-05-13,Delivered,8007.43
4886,4130,2025-08-28,Delivered,34698.15
4887,1412,2024-03-13,Pending,73192.53
4888,1059,2025-01-20,Shipped,7507.59
4889,4157,2025-12-08,Shipped,33731.87
4890,2924,2025-06-21,Cancelled,72678.42
4891,4841,2025-07-03,Shipped,23619.93
4892,702,2024-04-09,Delivered,67051.11
4893,898,2024-12-17,Cancelled,57987.8
4894,3019,2024-01-09,Shipped,44374.49
4895,393,2024-02-29,Cancelled,74797.31
4896,4047,2025-12-05,Cancelled,4765.49
4897,171,2025-01-16,Pending,47341.98
4898,2796,2024-03-12,Pending,17538.09
4899,4219,2024-04-28,Pending,34214.78
4900,596,2024-11-20,Cancelled,9848.15
4901,1798,2024-02-17,Pending,567.85
4902,4922,2024-06-23,Shipped,18862.3
4903,3999,2024-09-06,Pending,61835.58
4904,1862,2025-04-12,Shipped,67523.05
4905,3756,2025-07-14,Cancelled,14314.62
4906,2649,2024-10-22,Cancelled,41622.39
4907,127,2025-08-05,Delivered,60550.45
4908,267,2025-02-11,Pending,24586.47
4909,2165,2024-09-29,Shipped,24019.04
4910,449,2025-03-19,Pending,55850.56
4911,4144,2024-05-10,Delivered,72095.11
4912,958,2025-11-06,Cancelled,63972.45
4913,1195,2024-12-13,Shipped,29156.02
4914,1592,2025-12-05,Delivered,52007.67
4915,1956,2024-12-06,Pending,34298.88
4916,683,2024-02-11,Shipped,12890.87
4917,2181,2024-10-30,Delivered,46143.45
4918,1287,2025-12-25,Delivered,71397.87
4919,3610,2025-09-26,Shipped,26295.85
4920,3949,2024-01-27,Pending,26771.17
4921,4419,2025-09-18,Delivered,39926.36
4922,3208,2024-01-04,Shipped,63776.51
4923,4463,2025-12-12,Pending,29861.97
4924,3463,2024-01-05,Shipped,43260.78
4925,1337,2024-01-17,Cancelled,11214.75
4926,4170,2025-09-08,Pending,48558.82
4927,547,2024-04-21,Shipped,23060.02
4928,4395,2024-02-26,Cancelled,26169.13
4929,2553,2025-12-13,Pending,1636.24
4930,1081,2024-03-15,Cancelled,52008.64
4931,2232,2024-08-24,Delivered,5664.49
4932,537,2024-07-28,Pending,64604.07
4933,295,2024-09-19,Shipped,33544.36
4934,827,2024-01-22,Shipped,10398.21
4935,2952,2025-07-07,Cancelled,39941.21
4936,1402,2024-03-06,Shipped,32657.09
4937,3987,2024-05-01,Delivered,31688.62
4938,1827,2025-11-05,Delivered,45536
4939,2113,2025-03-05,Pending,42645.21
4940,3039,2024-04-21,Pending,33271.44
4941,751,2024-08-15,Cancelled,63951.87
4942,833,2025-02-02,Pending,69515.26
4943,334,2025-01-22,Shipped,21035.36
4944,366,2025-08-28,Shipped,14651.73
4945,3976,2024-12-07,Pending,21793.21
4946,4374,2024-08-30,Delivered,55656.31
4947,855,2024-08-23,Delivered,62474.38
4948,3039,2024-03-15,Delivered,40801.82
4949,4951,2025-07-31,Delivered,13567.63
4950,4001,2024-10-02,Delivered,48555.31
4951,3209,2024-02-22,Delivered,4280.4
4952,1041,2024-08-21,Delivered,10528.29
4953,1346,2024-07-24,Delivered,31706.35
4954,2818,2025-07-28,Delivered,23396.32
4955,1500,2025-10-09,Cancelled,12749.45
4956,792,2025-09-09,Shipped,20252.53
4957,2136,2025-09-16,Shipped,67968.05
4958,4697,2025-03-31,Cancelled,70980.73
4959,2971,2025-10-12,Pending,57762.63
4960,365,2024-05-07,Delivered,8859.1
4961,1670,2025-11-02,Shipped,27381.62
4962,1805,2025-10-16,Shipped,19592.84
4963,4631,2024-11-11,Pending,74595.38
4964,2703,2024-08-08,Pending,47513.65
4965,72,2024-10-05,Cancelled,7779
4966,3347,2025-06-02,Delivered,48351.89
4967,558,2024-09-16,Shipped,5163.51
4968,2289,2025-09-09,Pending,6262.38
4969,1767,2024-04-04,Shipped,17984.72
4970,4103,2025-11-02,Cancelled,39819.38
4971,919,2025-12-03,Pending,13294.24
4972,1176,2025-02-24,Delivered,68986.1
4973,2459,2024-05-19,Delivered,63643.14
4974,893,2025-03-18,Cancelled,51986.85
4975,3035,2024-11-14,Delivered,51709.76
4976,4652,2024-07-28,Delivered,71804.41
4977,4932,2024-11-17,Delivered,74463.66
4978,3875,2025-05-06,Cancelled,45569.56
4979,4213,2024-03-03,Delivered,31376.61
4980,1194,2024-01-20,Pending,21686.67
4981,4410,2024-02-01,Shipped,70824.16
4982,2833,2024-06-21,Shipped,15765.16
4983,2821,2024-09-19,Delivered,45201.53
4984,346,2025-11-01,Pending,33890.55
4985,2939,2024-02-29,Delivered,4479.06
4986,2207,2024-01-30,Delivered,68273.07
4987,4643,2024-04-24,Delivered,63998.81
4988,754,2024-08-29,Pending,4219.21
4989,1866,2025-02-12,Shipped,37949.61
4990,3949,2025-02-10,Delivered,28605.22
4991,2478,2024-07-06,Shipped,73306.82
4992,4821,2024-07-10,Pending,40902.19
4993,4435,2025-06-10,Shipped,50447.15
4994,3740,2025-04-19,Cancelled,72212.08
4995,2760,2024-08-10,Shipped,49496.91
4996,995,2025-10-27,Cancelled,59257.28
4997,921,2025-09-15,Shipped,64817.94
4998,3931,2025-09-12,Cancelled,49659.67
4999,3379,2024-01-07,Cancelled,44435.91
5000,2714,2024-07-13,Cancelled,34347.59
5001,1686,2024-08-14,Delivered,61448.76
5002,4564,2024-12-08,Shipped,49255.33
5003,2674,2025-07-29,Cancelled,21244.81
5004,190,2025-03-25,Shipped,60090.34
5005,3922,2025-07-23,Pending,68361.8
5006,3391,2025-03-21,Delivered,4524.45
5007,33,2025-03-12,Delivered,30911.14
5008,2152,2025-07-17,Delivered,653.97
5009,3640,2025-12-23,Shipped,35029.3
5010,2367,2025-04-01,Pending,61098.3
5011,1221,2024-07-30,Shipped,39067.43
5012,2668,2024-12-01,Cancelled,19756.3
5013,3295,2025-04-30,Delivered,22025.83
5014,4354,2025-09-07,Delivered,47860.89
5015,3822,2024-05-02,Pending,16696.94
5016,4747,2025-09-23,Pending,59377.36
5017,2733,2025-11-06,Cancelled,49756.77
5018,4300,2024-05-27,Cancelled,60893.71
5019,1998,2024-12-12,Cancelled,56382.1
5020,4927,2024-08-19,Shipped,13948.93
5021,727,2025-11-08,Pending,29053.81
5022,1240,2024-03-08,Pending,8104.81
5023,2168,2024-05-25,Pending,60356.04
5024,4431,2025-11-11,Shipped,38074.2
5025,941,2024-04-24,Shipped,1772.09
5026,4311,2025-04-14,Cancelled,44641.89
5027,3,2025-12-28,Cancelled,65439.76
5028,292,2025-04-21,Delivered,18872.97
5029,4455,2024-09-27,Delivered,22602.37
5030,813,2025-12-22,Shipped,71215.17
5031,4956,2025-09-24,Delivered,74582.75
5032,798,2024-08-12,Pending,19376.64
5033,583,2025-09-24,Shipped,10447.13
5034,639,2025-06-16,Shipped,42143.23
5035,3435,2025-05-09,Pending,68642.19
5036,4553,2025-12-09,Pending,8561.11
5037,578,2025-12-08,Cancelled,56330.09
5038,4894,2025-09-10,Cancelled,37568.36
5039,2325,2024-12-18,Delivered,20195.29
5040,1838,2025-10-03,Delivered,60541.85
5041,555,2024-02-05,Pending,40320.96
5042,2032,2025-06-25,Cancelled,68832.83
5043,1218,2024-08-16,Shipped,65563.37
5044,22,2025-10-28,Shipped,58170.14
5045,2340,2025-03-13,Pending,57525.47
5046,867,2024-04-26,Shipped,19505.48
5047,1706,2024-04-17,Pending,12419.09
5048,3913,2025-04-26,Cancelled,2367.29
5049,179,2024-06-09,Cancelled,25718.7
5050,230,2025-11-17,Shipped,68629.62
5051,3420,2024-04-16,Delivered,38996.31
5052,4402,2025-10-14,Pending,50857.78
5053,2028,2025-03-03,Cancelled,61112.75
5054,2079,2025-03-04,Pending,54629.89
5055,3064,2025-12-04,Cancelled,29018.56
5056,2881,2024-10-22,Pending,65043.87
5057,4549,2025-01-21,Delivered,31554.06
5058,1482,2025-07-18,Cancelled,13586.43
5059,1837,2024-08-31,Cancelled,74491.84
5060,878,2024-06-15,Delivered,12063.15
5061,2319,2025-05-19,Pending,55338.02
5062,3148,2025-05-23,Pending,8353.07
5063,4718,2025-06-01,Delivered,30717.79
5064,2360,2024-11-07,Cancelled,39561.6
5065,22,2024-06-24,Shipped,7911.04
5066,581,2024-09-19,Cancelled,72177.59
5067,4307,2025-12-02,Pending,50426.57
5068,2806,2025-03-23,Shipped,70106.42
5069,2945,2024-02-04,Pending,48361.65
5070,1979,2024-05-09,Pending,31779.72
5071,94,2025-08-11,Delivered,36447.75
5072,740,2025-11-02,Delivered,74083.69
5073,3319,2024-03-05,Shipped,36875.83
5074,2503,2024-12-29,Shipped,62589.14
5075,3296,2025-11-29,Cancelled,55607.67
5076,4806,2024-10-14,Pending,28936.94
5077,1349,2025-04-19,Pending,17218.36
5078,3006,2025-01-12,Delivered,11357.45
5079,1804,2024-04-04,Cancelled,64517.51
5080,4633,2025-04-29,Pending,13359.72
5081,1606,2024-09-29,Shipped,38116.26
5082,1547,2024-09-15,Pending,11479.41
5083,2731,2024-01-09,Shipped,5577.13
5084,3413,2024-03-19,Shipped,10227.37
5085,1882,2024-07-23,Shipped,49718.6
5086,3991,2024-12-12,Shipped,53697.17
5087,2969,2024-07-17,Cancelled,16746.32
5088,3053,2024-12-08,Cancelled,49719.24
5089,2269,2025-02-26,Pending,56224.99
5090,414,2024-05-06,Pending,22117.46
5091,1320,2024-07-07,Pending,31942.4
5092,1839,2024-03-10,Delivered,24392.47
5093,2762,2025-01-12,Pending,38814.45
5094,4486,2024-03-10,Pending,36218.69
5095,4775,2024-01-16,Shipped,9591.1
5096,4967,2025-06-29,Shipped,37896.85
5097,4015,2024-04-24,Pending,61923.13
5098,2030,2024-10-28,Pending,29694.67
5099,1252,2025-12-19,Pending,8838.05
5100,422,2025-06-01,Delivered,59117.44
5101,3909,2024-07-24,Shipped,56932.78
5102,4701,2024-05-24,Pending,32663.68
5103,4314,2024-01-09,Pending,73165.56
5104,186,2024-07-10,Cancelled,34287.83
5105,4015,2025-03-25,Cancelled,32593.09
5106,3727,2025-12-29,Delivered,7061.72
5107,4497,2024-05-25,Shipped,68743.63
5108,606,2024-07-26,Delivered,6456.93
5109,2331,2024-03-22,Delivered,11434.66
5110,4208,2024-08-27,Pending,74612.16
5111,2634,2024-05-09,Pending,30259.13
5112,1216,2024-05-25,Shipped,38798.4
5113,4747,2025-08-30,Delivered,65293.97
5114,4151,2024-10-13,Delivered,34657.76
5115,4391,2025-05-25,Cancelled,8456.84
5116,1920,2024-06-01,Shipped,23927.3
5117,2987,2025-03-01,Pending,55847.71
5118,3691,2024-11-11,Delivered,50643.68
5119,1877,2024-03-20,Shipped,21378.78
5120,2242,2024-10-18,Cancelled,50183.02
5121,2242,2025-04-17,Shipped,4143.09
5122,75,2025-11-26,Pending,70226.51
5123,393,2024-07-04,Pending,2877.98
5124,4031,2024-09-03,Delivered,8070.92
5125,2091,2024-11-05,Delivered,54203.72
5126,488,2024-05-24,Cancelled,19862.6
5127,2418,2025-03-22,Delivered,21990.27
5128,799,2025-01-31,Shipped,27117.82
5129,3508,2025-03-18,Cancelled,32852.04
5130,2703,2025-05-10,Cancelled,53144.15
5131,3219,2024-01-15,Pending,49280.33
5132,3952,2025-06-08,Cancelled,69999.63
5133,2834,2025-12-30,Pending,12870.79
5134,482,2024-09-06,Pending,72111.95
5135,4957,2025-10-19,Delivered,25898.32
5136,3636,2024-04-20,Cancelled,48067.18
5137,1295,2025-11-17,Cancelled,26877.66
5138,4042,2025-11-14,Cancelled,14064.09
5139,2041,2025-01-27,Cancelled,35717.11
5140,1191,2024-10-21,Pending,4427.8
5141,4043,2025-01-06,Shipped,70887.87
5142,2152,2024-09-19,Cancelled,4427.99
5143,4580,2025-12-29,Delivered,43482.01
5144,2496,2024-07-13,Pending,794.72
5145,4610,2024-06-27,Shipped,17414.81
5146,4708,2024-11-06,Shipped,28041.57
5147,2730,2025-06-29,Pending,25670.58
5148,1809,2025-07-23,Shipped,2906.56
5149,2922,2024-04-29,Cancelled,5761.81
5150,1580,2024-08-06,Shipped,10710.43
5151,1365,2024-07-22,Cancelled,31028.83
5152,334,2024-04-18,Pending,40907.78
5153,1645,2025-04-26,Pending,41820.88
5154,127,2024-02-10,Shipped,34774.98
5155,2428,2024-05-25,Cancelled,36328.9
5156,346,2025-12-22,Cancelled,60327.71
5157,2433,2025-04-14,Pending,23997.51
5158,485,2024-11-06,Delivered,54787.21
5159,3480,2025-01-15,Delivered,58916.89
5160,1020,2024-08-26,Shipped,27907.38
5161,1558,2024-04-17,Cancelled,7638.96
5162,1283,2025-08-25,Cancelled,14020.66
5163,1987,2025-07-02,Shipped,15418.77
5164,4688,2025-07-02,Pending,51595.41
5165,3840,2025-01-28,Pending,11236.44
5166,1201,2025-12-30,Cancelled,9371.68
5167,1517,2025-06-08,Pending,71078.36
5168,2323,2024-06-08,Shipped,41749.19
5169,1719,2025-10-06,Shipped,5938.82
5170,88,2024-12-06,Delivered,72003.75
5171,3878,2025-07-20,Pending,38986.71
5172,2376,2024-01-08,Delivered,27519.58
5173,2857,2024-07-30,Pending,13374.67
5174,430,2025-06-18,Delivered,35710.79
5175,1452,2025-12-30,Cancelled,46990.46
5176,1911,2024-09-14,Delivered,48353.11
5177,161,2025-06-18,Shipped,36400.29
5178,4246,2025-10-27,Pending,30093.5
5179,3504,2025-02-10,Delivered,7877.56
5180,3484,2024-03-28,Pending,48573.61
5181,3624,2024-01-27,Delivered,10124.27
5182,4093,2024-08-02,Shipped,4905.46
5183,1726,2025-04-10,Delivered,23776.71
5184,511,2025-10-22,Pending,51456.53
5185,1857,2025-10-20,Cancelled,48404.33
5186,1742,2024-02-04,Pending,70229.72
5187,2803,2024-03-27,Cancelled,19351.32
5188,3687,2025-10-17,Cancelled,51658.73
5189,102,2025-02-16,Delivered,47190.39
5190,762,2024-05-08,Cancelled,45579.77
5191,1702,2025-01-25,Cancelled,68575.59
5192,2280,2025-01-31,Shipped,73125.39
5193,2479,2024-08-04,Delivered,6599.77
5194,4976,2024-12-27,Cancelled,54977.4
5195,1563,2025-11-05,Shipped,60803.3
5196,2431,2024-09-18,Pending,40704.58
5197,3852,2025-11-14,Shipped,57126.05
5198,3591,2024-10-11,Shipped,21221.31
5199,3546,2025-07-16,Shipped,37805.76
5200,4595,2025-02-15,Delivered,34793.44
5201,3395,2025-05-08,Shipped,3795.21
5202,1757,2025-09-01,Pending,27567.43
5203,650,2025-05-05,Delivered,63395.83
5204,3310,2025-07-09,Shipped,70218.14
5205,2186,2024-03-08,Pending,34505.35
5206,1713,2025-02-03,Shipped,72998.68
5207,3527,2024-07-06,Shipped,33438.57
5208,4184,2025-07-16,Shipped,40950.39
5209,2534,2025-01-14,Delivered,32537.14
5210,1079,2025-08-21,Cancelled,25718.07
5211,945,2024-04-30,Pending,70949.62
5212,929,2024-05-18,Shipped,15670.34
5213,1731,2025-10-05,Pending,40206.97
5214,4907,2025-08-15,Pending,16039.21
5215,2969,2024-05-26,Delivered,25525.94
5216,108,2025-05-13,Shipped,64320.15
5217,2574,2024-08-06,Cancelled,4600.71
5218,688,2025-11-03,Delivered,71872.47
5219,4071,2024-03-19,Pending,57585.45
5220,625,2025-04-30,Shipped,33165.64
5221,537,2025-08-24,Pending,61340.75
5222,4394,2024-02-25,Cancelled,38079.64
5223,4760,2024-07-01,Pending,73565.55
5224,1309,2024-08-08,Delivered,66492.65
5225,2206,2024-07-07,Cancelled,65538.54
5226,2886,2025-01-02,Delivered,4758.54
5227,3708,2024-10-27,Shipped,33615.17
5228,2192,2025-12-25,Cancelled,1872.23
5229,2813,2024-01-12,Pending,68187.92
5230,4830,2025-05-13,Cancelled,29751.75
5231,3234,2024-04-20,Delivered,62160.67
5232,3160,2024-01-30,Shipped,55398.83
5233,4248,2024-08-05,Delivered,39353.08
5234,687,2024-09-24,Shipped,57646.23
5235,3357,2025-10-08,Shipped,9389.86
5236,3516,2025-01-12,Pending,56064.65
5237,2712,2024-08-04,Cancelled,64979.26
5238,314,2025-03-14,Shipped,50532.53
5239,1226,2025-09-30,Cancelled,36613.65
5240,3147,2025-04-08,Pending,2865.18
5241,3164,2024-03-04,Pending,2124.33
5242,192,2024-11-11,Cancelled,50362.82
5243,2522,2025-04-03,Delivered,728.44
5244,2438,2025-09-28,Pending,58956.02
5245,1273,2024-12-06,Cancelled,54379.03
5246,3384,2025-08-15,Pending,43336.23
5247,3308,2024-12-05,Pending,71337.46
5248,1516,2024-09-03,Pending,5949.15
5249,1224,2025-12-31,Shipped,50206.29
5250,2483,2025-09-11,Cancelled,63504
5251,3093,2024-07-18,Cancelled,41484.42
5252,2878,2025-12-03,Pending,52458
5253,333,2024-05-13,Cancelled,57846.33
5254,3680,2024-10-09,Shipped,70378
5255,4829,2025-05-01,Shipped,27016.56
5256,3392,2025-09-24,Delivered,48350.61
5257,653,2025-03-06,Pending,73217.71
5258,4896,2024-01-13,Shipped,27884.8
5259,677,2025-10-28,Cancelled,60009.38
5260,3031,2024-03-21,Shipped,3160.52
5261,1256,2025-02-21,Pending,53606.13
5262,992,2025-08-01,Pending,19060.32
5263,2109,2025-02-26,Cancelled,26553.12
5264,3531,2025-07-12,Cancelled,6994.66
5265,4945,2025-05-04,Delivered,24334.35
5266,282,2024-06-01,Delivered,43958.52
5267,2345,2024-06-10,Shipped,51490.74
5268,3007,2025-01-04,Shipped,37871.7
5269,274,2025-12-18,Pending,69740.17
5270,2132,2025-10-10,Pending,70547.83
5271,1527,2024-11-18,Pending,50515.77
5272,3048,2025-07-19,Shipped,47612.89
5273,3336,2025-10-20,Cancelled,41493.04
5274,2837,2024-06-14,Cancelled,8829.71
5275,2216,2025-03-15,Pending,41539.76
5276,3007,2024-05-07,Delivered,63969.4
5277,2683,2025-04-11,Pending,46559.95
5278,1672,2024-02-28,Delivered,40635.33
5279,1271,2024-04-17,Shipped,58702.08
5280,905,2025-02-01,Pending,11618.77
5281,3145,2025-02-09,Shipped,24743.19
5282,819,2024-06-03,Cancelled,42659.57
5283,2541,2025-07-13,Delivered,38237.73
5284,4975,2024-09-10,Shipped,7934.86
5285,692,2024-07-28,Delivered,25984.86
5286,228,2025-10-17,Cancelled,39082.67
5287,1125,2024-06-23,Shipped,62233.83
5288,641,2025-05-06,Cancelled,24095.29
5289,3830,2024-12-16,Cancelled,26760.27
5290,3871,2025-12-01,Pending,29643.38
5291,753,2025-09-05,Cancelled,4722.93
5292,2307,2024-02-05,Cancelled,67634.04
5293,442,2025-12-18,Shipped,33497.97
5294,159,2024-03-22,Cancelled,53405.87
5295,4404,2025-05-23,Shipped,59228.24
5296,921,2025-02-03,Cancelled,25129.42
5297,3204,2024-09-02,Cancelled,23919.56
5298,4740,2025-06-22,Shipped,2241.09
5299,4480,2025-02-15,Shipped,5796.78
5300,1526,2024-08-28,Delivered,70927.7
5301,2401,2024-09-28,Cancelled,29054.22
5302,3690,2024-12-23,Shipped,55632.84
5303,1349,2024-08-03,Pending,18340.59
5304,2242,2025-09-05,Pending,32325.97
5305,1238,2025-11-23,Delivered,61210.12
5306,3971,2024-12-17,Shipped,2906.12
5307,2467,2025-02-05,Shipped,12354.96
5308,3096,2024-04-13,Cancelled,28278.95
5309,1284,2025-07-15,Cancelled,51047.97
5310,2882,2024-10-04,Shipped,70415.14
5311,393,2024-06-04,Delivered,21523.3
5312,2930,2024-01-24,Cancelled,38653.95
5313,2411,2025-02-21,Shipped,20795.88
5314,4563,2025-04-28,Shipped,14300.88
5315,1078,2025-01-26,Delivered,5906.25
5316,4334,2024-11-20,Shipped,24523.56
5317,1455,2025-12-25,Shipped,62061.37
5318,3220,2025-11-14,Delivered,5831.83
5319,3242,2024-02-14,Pending,69451.67
5320,550,2025-03-05,Shipped,63505.93
5321,3700,2024-10-28,Pending,3999.51
5322,4245,2025-09-21,Shipped,71444.47
5323,1556,2025-05-27,Pending,19182.27
5324,331,2024-02-24,Shipped,62896.35
5325,62,2025-03-30,Cancelled,10052.39
5326,2947,2025-11-25,Shipped,44119.73
5327,2672,2024-09-28,Cancelled,52883.35
5328,4563,2025-05-04,Cancelled,15023.95
5329,3333,2024-07-27,Cancelled,33192.24
5330,342,2025-01-22,Delivered,10926.53
5331,1581,2025-04-29,Delivered,36454.9
5332,19,2025-11-12,Pending,5364.32
5333,584,2024-10-09,Pending,46891.91
5334,685,2024-12-20,Shipped,33714.17
5335,1773,2025-09-20,Pending,67638.1
5336,1201,2024-02-18,Delivered,68713.2
5337,2264,2024-07-01,Shipped,17022.27
5338,2745,2025-03-30,Pending,55725.16
5339,3484,2024-02-28,Delivered,68772.26
5340,2679,2025-09-11,Delivered,22555.3
5341,4158,2025-03-03,Cancelled,13650.39
5342,4963,2025-01-17,Pending,11789.84
5343,3837,2025-01-29,Delivered,64284.68
5344,3189,2025-08-23,Pending,4255.21
5345,4451,2025-04-01,Cancelled,31713.64
5346,4707,2024-08-13,Pending,21201.65
5347,2177,2024-12-04,Delivered,2887.94
5348,1318,2025-09-04,Shipped,20868.77
5349,1864,2024-02-14,Delivered,33576.83
5350,382,2025-01-08,Shipped,73602.63
5351,2949,2025-10-20,Shipped,62020.36
5352,4320,2024-04-10,Delivered,59343.37
5353,2067,2024-05-30,Pending,32280.96
5354,537,2025-12-09,Shipped,73044.36
5355,817,2025-12-25,Delivered,32768.23
5356,1995,2024-07-16,Delivered,12317.66
5357,3564,2024-04-13,Delivered,4260.34
5358,4150,2024-06-29,Pending,8130.87
5359,4756,2024-01-14,Cancelled,60931.59
5360,4573,2024-07-28,Pending,25562.98
5361,1653,2024-07-01,Shipped,39706.25
5362,3435,2025-02-09,Delivered,18377.92
5363,1568,2024-05-27,Shipped,20209.81
5364,1068,2024-04-12,Cancelled,29874.11
5365,344,2025-04-04,Shipped,62304.39
5366,4638,2025-01-01,Cancelled,21851.4
5367,332,2024-08-29,Pending,11714.32
5368,2468,2025-08-28,Cancelled,64467.37
5369,1770,2025-05-06,Cancelled,69013.44
5370,434,2024-07-26,Pending,32560.7
5371,4627,2025-02-19,Delivered,9752.81
5372,4710,2025-04-16,Delivered,26987.65
5373,3719,2024-10-18,Shipped,70537.16
5374,3093,2025-03-22,Cancelled,36640.44
5375,406,2024-06-16,Cancelled,54131.12
5376,43,2025-05-07,Pending,74040.4
5377,1447,2024-04-24,Shipped,55145
5378,4432,2024-11-24,Delivered,73573.04
5379,3305,2024-04-21,Delivered,69124.82
5380,3136,2025-07-27,Shipped,54691.78
5381,3185,2025-09-13,Delivered,17481.14
5382,841,2025-01-19,Pending,43154.99
5383,4490,2024-08-17,Pending,51905.35
5384,1608,2025-01-26,Cancelled,39504.1
5385,2539,2025-03-01,Delivered,54202.19
5386,1072,2025-03-09,Cancelled,26287.7
5387,1129,2024-07-08,Shipped,25618.85
5388,3113,2024-02-18,Pending,72168.57
5389,1183,2024-06-09,Shipped,10562.95
5390,4614,2024-02-01,Shipped,37192.86
5391,3796,2025-08-11,Delivered,20527.38
5392,2102,2024-07-17,Delivered,49267.75
5393,2159,2024-09-24,Delivered,15348.23
5394,2447,2025-04-28,Shipped,70345.13
5395,2444,2025-07-23,Delivered,60035.57
5396,3353,2024-02-05,Pending,45945.81
5397,1043,2025-06-17,Shipped,19311.51
5398,86,2024-01-09,Shipped,31597.12
5399,136,2024-03-21,Pending,71695.27
5400,3196,2024-09-01,Pending,59817.14
5401,1914,2024-10-15,Pending,44158.85
5402,4407,2024-05-06,Delivered,46410.94
5403,4737,2025-04-06,Delivered,24575.19
5404,3208,2025-07-19,Cancelled,69897.42
5405,4099,2024-12-04,Pending,51661.98
5406,1374,2025-03-14,Pending,66744.92
5407,2731,2025-03-03,Shipped,60028.25
5408,2522,2025-02-20,Cancelled,4814.16
5409,3361,2025-11-03,Delivered,20917.97
5410,3123,2025-12-18,Cancelled,23110.94
5411,3120,2025-05-26,Delivered,2251.16
5412,1479,2024-04-26,Cancelled,4401.76
5413,3581,2025-08-26,Cancelled,23672.59
5414,3732,2024-10-29,Shipped,74142.9
5415,1484,2025-11-14,Pending,71391.24
5416,1316,2024-12-23,Pending,65717.36
5417,940,2024-03-15,Shipped,20687.37
5418,1308,2025-05-25,Shipped,74124.7
5419,3937,2024-10-23,Delivered,73501.66
5420,1578,2025-06-17,Delivered,5310.23
5421,2766,2025-10-30,Cancelled,49124.23
5422,2119,2024-07-02,Cancelled,20363.17
5423,3821,2025-09-24,Delivered,41030.91
5424,1014,2025-04-13,Cancelled,18580.2
5425,929,2025-08-03,Pending,73714.9
5426,2762,2024-09-01,Shipped,38073.58
5427,2162,2025-09-12,Pending,71679.78
5428,1521,2024-11-29,Pending,74660.38
5429,179,2025-09-14,Cancelled,67831.21
5430,4421,2024-07-14,Pending,11502.49
5431,3189,2025-12-14,Pending,33075.51
5432,2418,2025-05-14,Shipped,50780.74
5433,585,2024-12-20,Pending,7765.37
5434,2818,2024-06-25,Shipped,61371.27
5435,3310,2025-06-30,Cancelled,61734.08
5436,408,2025-08-25,Pending,38610.79
5437,4031,2025-07-17,Cancelled,65806.25
5438,3048,2024-10-04,Pending,18975.69
5439,4010,2025-10-15,Cancelled,57819.17
5440,930,2025-09-09,Shipped,68379.44
5441,1036,2025-12-18,Shipped,64629.39
5442,157,2025-02-26,Delivered,2955.68
5443,1361,2024-10-23,Pending,69820.79
5444,4220,2025-03-05,Pending,11304.76
5445,3054,2025-07-02,Delivered,37742.53
5446,4723,2024-04-03,Pending,33737.22
5447,633,2024-02-17,Pending,11634.16
5448,3180,2024-12-13,Delivered,40035.81
5449,4713,2024-02-12,Shipped,55752.82
5450,1419,2024-09-08,Cancelled,28167.34
5451,2795,2024-02-23,Cancelled,57135.67
5452,3934,2025-07-24,Cancelled,50610.84
5453,1229,2024-04-07,Shipped,61844.38
5454,1950,2025-05-03,Delivered,17248.11
5455,4858,2024-07-28,Cancelled,73480.65
5456,3041,2024-09-02,Cancelled,49964.72
5457,2094,2025-03-29,Cancelled,66297
5458,3033,2025-09-24,Pending,60330.93
5459,2544,2024-01-24,Shipped,70764.97
5460,999,2024-08-02,Delivered,72460.87
5461,4413,2025-06-22,Delivered,33325.1
5462,503,2025-06-10,Pending,32283.11
5463,1717,2024-06-05,Cancelled,43571.41
5464,2692,2025-02-24,Cancelled,9607.34
5465,3813,2025-12-08,Delivered,9957.63
5466,4416,2024-02-21,Shipped,3372.85
5467,639,2024-02-07,Delivered,45427.18
5468,3423,2024-09-10,Pending,40433.74
5469,4378,2025-12-20,Pending,26093.42
5470,4923,2025-02-15,Shipped,14969.7
5471,3568,2024-10-02,Shipped,71104.9
5472,2439,2025-02-20,Pending,18386.6
5473,1849,2024-11-22,Pending,21365.39
5474,1614,2025-03-18,Delivered,46054.49
5475,1395,2025-06-03,Pending,42945.85
5476,1349,2025-07-30,Shipped,52426.55
5477,4031,2025-05-26,Cancelled,20080.14
5478,2583,2025-03-23,Cancelled,13308.33
5479,2487,2025-01-12,Shipped,46984.86
5480,2791,2024-01-27,Pending,17889.85
5481,2111,2025-09-02,Delivered,66479.17
5482,2969,2025-06-06,Delivered,553.7
5483,995,2025-01-09,Cancelled,72086.34
5484,2380,2024-05-18,Pending,46788.01
5485,2870,2025-06-20,Delivered,48428.77
5486,4190,2025-09-25,Pending,56734.8
5487,1609,2025-05-08,Pending,38853.97
5488,1358,2025-11-13,Delivered,54973.19
5489,1739,2024-04-03,Shipped,62318.18
5490,3912,2025-04-01,Pending,49495.7
5491,2139,2024-09-22,Delivered,42885.49
5492,3109,2024-07-26,Delivered,40401.41
5493,4264,2025-12-04,Pending,30390.11
5494,4344,2025-03-25,Delivered,40537.75
5495,1957,2025-09-26,Cancelled,74945.33
5496,374,2024-05-15,Pending,36956.22
5497,2376,2025-06-09,Shipped,32004.99
5498,2388,2024-12-29,Delivered,19399.75
5499,3060,2025-11-09,Delivered,21008.5
5500,1450,2025-09-23,Delivered,5400.58
5501,2033,2025-05-14,Pending,56411.31
5502,1081,2025-07-25,Shipped,30349.5
5503,1702,2024-09-08,Shipped,62042.18
5504,3064,2025-01-18,Shipped,3382.23
5505,886,2024-12-29,Pending,22931.51
5506,2931,2025-06-20,Shipped,70405.77
5507,3557,2025-02-09,Delivered,74028.03
5508,2900,2025-05-16,Cancelled,72804.33
5509,4305,2024-03-10,Pending,25470.75
5510,1746,2024-12-13,Delivered,52107.09
5511,3760,2025-07-07,Delivered,35508.03
5512,4963,2024-10-23,Pending,55375.04
5513,2133,2024-06-14,Cancelled,1310.06
5514,929,2024-08-15,Pending,38888.17
5515,269,2024-12-04,Shipped,14653.43
5516,4006,2025-11-23,Cancelled,38385.88
5517,4654,2025-03-31,Shipped,53909.86
5518,4480,2024-03-08,Delivered,32509.35
5519,4895,2024-02-21,Pending,33780.57
5520,3903,2025-10-13,Cancelled,38608.89
5521,2717,2024-02-14,Delivered,63347.31
5522,986,2025-10-10,Cancelled,70937.92
5523,1753,2024-01-04,Pending,41660.07
5524,4060,2024-03-16,Delivered,17502.65
5525,4959,2024-05-18,Delivered,38744.22
5526,1930,2024-12-27,Delivered,15106.52
5527,4990,2025-02-23,Shipped,70322.53
5528,1582,2025-02-01,Pending,6151.53
5529,1481,2024-11-17,Delivered,1969.68
5530,635,2024-06-26,Pending,15585.61
5531,4085,2025-01-19,Delivered,24051.64
5532,1697,2024-03-13,Delivered,12953.07
5533,4962,2025-11-02,Delivered,3439.35
5534,248,2025-02-07,Shipped,29344.84
5535,4428,2025-10-05,Shipped,19416.67
5536,295,2024-12-20,Cancelled,22729.45
5537,10,2025-05-28,Pending,14905.75
5538,4686,2025-05-16,Shipped,22343.48
5539,2016,2025-07-04,Shipped,33973.86
5540,1410,2024-02-15,Cancelled,33961.85
5541,4477,2024-08-11,Shipped,70529.2
5542,1041,2025-11-14,Pending,40340.98
5543,3011,2024-10-19,Cancelled,18461.03
5544,2819,2025-11-24,Delivered,4818.45
5545,4275,2025-02-14,Delivered,46350.99
5546,2344,2024-03-13,Pending,25172.01
5547,2368,2025-12-20,Cancelled,16351.15
5548,2211,2025-09-08,Pending,47769.45
5549,3375,2024-10-03,Shipped,60632.66
5550,1054,2024-10-13,Shipped,51221.4
5551,3031,2024-07-18,Delivered,14482.26
5552,4482,2024-12-31,Cancelled,36735.32
5553,2159,2024-03-03,Pending,66514.23
5554,3996,2024-04-15,Pending,55209.18
5555,313,2025-06-15,Shipped,36098.66
5556,2651,2025-07-26,Cancelled,23731.22
5557,1527,2024-01-19,Delivered,9077.19
5558,3829,2025-06-11,Shipped,29988.07
5559,3965,2024-11-20,Pending,60406.7
5560,3274,2024-11-26,Pending,26833.45
5561,2422,2025-04-04,Cancelled,50830
5562,3180,2024-07-14,Pending,60279.18
5563,1623,2024-08-12,Cancelled,4308.27
5564,3487,2025-08-19,Delivered,7674.62
5565,923,2024-10-30,Pending,39948.88
5566,2466,2025-08-07,Cancelled,23183.37
5567,286,2024-04-16,Pending,57510.44
5568,2375,2024-11-25,Pending,59160.39
5569,3605,2025-05-16,Shipped,46627.03
5570,3065,2025-03-07,Shipped,39340.53
5571,3681,2025-12-19,Pending,21936.24
5572,140,2025-06-26,Pending,6687.2
5573,2129,2024-01-18,Delivered,17175.74
5574,1543,2024-08-16,Pending,57474.94
5575,3385,2024-01-21,Pending,63263.21
5576,2463,2024-07-07,Shipped,65149.44
5577,1382,2024-10-26,Shipped,5637.85
5578,3083,2024-10-17,Shipped,16465.07
5579,2803,2025-03-03,Shipped,43150.87
5580,1806,2024-07-14,Delivered,1033.8
5581,4379,2024-11-30,Delivered,12199.24
5582,3387,2024-07-28,Pending,55220.86
5583,3067,2024-07-31,Delivered,63570.57
5584,1996,2025-07-02,Shipped,34617.51
5585,2520,2025-07-27,Pending,69746.57
5586,4193,2024-03-16,Shipped,61876.84
5587,542,2024-01-22,Shipped,32823.95
5588,3227,2025-01-19,Cancelled,18767.41
5589,2014,2024-10-16,Pending,63120.23
5590,3777,2024-11-22,Delivered,39954.47
5591,2413,2025-04-30,Pending,28599.5
5592,2652,2024-03-18,Pending,3700.22
5593,3858,2025-10-31,Shipped,23045.03
5594,1739,2024-05-09,Cancelled,5611.88
5595,2680,2025-03-08,Cancelled,51945.84
5596,833,2025-06-22,Cancelled,15482.56
5597,1967,2024-07-09,Shipped,16331.81
5598,2068,2025-09-11,Pending,42990.92
5599,4593,2025-07-14,Cancelled,63814.95
5600,3345,2024-04-29,Delivered,24205.69
5601,2026,2025-04-06,Delivered,21938.36
5602,3718,2025-06-03,Delivered,8788.77
5603,2335,2025-05-24,Pending,60294.18
5604,692,2024-08-13,Cancelled,58601.71
5605,730,2024-08-11,Cancelled,17503.42
5606,4069,2025-03-16,Cancelled,42238.1
5607,2744,2024-07-23,Shipped,7046.81
5608,669,2024-12-20,Cancelled,48350.87
5609,4340,2025-09-11,Shipped,59385.11
5610,4627,2025-11-18,Shipped,49138.25
5611,2545,2025-01-21,Cancelled,31301.74
5612,670,2024-01-08,Pending,3524.6
5613,1020,2025-04-07,Cancelled,29051.03
5614,1268,2025-09-05,Shipped,59203.26
5615,3292,2025-03-27,Shipped,68077.44
5616,2820,2025-02-23,Pending,47436.5
5617,4778,2024-09-08,Shipped,2679.26
5618,3726,2024-07-04,Shipped,64623.29
5619,734,2024-09-05,Pending,2378.01
5620,4961,2024-01-15,Cancelled,64155.98
5621,3411,2024-05-11,Shipped,5579.56
5622,4077,2025-02-10,Pending,64662.23
5623,309,2025-08-08,Delivered,15977.22
5624,243,2024-08-04,Pending,16588.69
5625,4436,2025-04-01,Shipped,12686.39
5626,1354,2025-07-23,Shipped,61905.21
5627,2705,2024-06-09,Cancelled,49789.52
5628,2218,2024-11-05,Cancelled,3969.39
5629,2817,2024-04-28,Delivered,26926.6
5630,1198,2025-08-17,Delivered,15637.61
5631,4037,2025-04-06,Pending,14956.69
5632,784,2025-10-18,Pending,63786.74
5633,2840,2025-10-18,Pending,68547.18
5634,208,2025-06-13,Delivered,21074.8
5635,385,2024-03-06,Pending,33612.73
5636,1808,2024-06-08,Pending,12709.62
5637,1469,2024-11-25,Pending,46922.9
5638,3285,2025-06-23,Cancelled,32768.01
5639,2441,2024-06-13,Shipped,60416.47
5640,3556,2025-06-08,Pending,35023.14
5641,3763,2025-11-28,Delivered,5773.17
5642,1578,2024-08-08,Shipped,778.91
5643,1648,2025-03-11,Cancelled,47979.82
5644,2904,2025-06-09,Pending,48310.13
5645,1474,2025-07-22,Pending,27299.63
5646,284,2025-09-20,Pending,35178.96
5647,4687,2025-08-15,Delivered,40512.1
5648,3323,2024-01-30,Cancelled,30818.89
5649,2572,2024-11-23,Delivered,9103.46
5650,43,2025-12-02,Pending,71060.09
5651,1666,2024-08-15,Shipped,9141.97
5652,1002,2024-04-03,Shipped,59307.22
5653,41,2024-09-07,Shipped,52634.43
5654,3547,2025-09-09,Cancelled,17486.09
5655,3135,2024-01-13,Cancelled,43249.33
5656,1932,2024-07-14,Shipped,53508.33
5657,1246,2024-10-03,Pending,25747.4
5658,950,2025-02-26,Delivered,59065.04
5659,1506,2025-07-30,Pending,9941.47
5660,4877,2025-01-31,Pending,9539.32
5661,1004,2025-12-03,Cancelled,23251.47
5662,785,2025-06-14,Shipped,3255.66
5663,4771,2025-07-30,Cancelled,68602.96
5664,4652,2024-10-12,Cancelled,54770.54
5665,794,2025-04-03,Delivered,58553.31
5666,2100,2024-01-23,Pending,40037.61
5667,2034,2024-06-17,Delivered,42870.67
5668,4551,2025-03-20,Delivered,52241.06
5669,249,2025-02-25,Shipped,19178.49
5670,1824,2024-09-28,Shipped,3678.9
5671,1946,2025-06-02,Shipped,66279.12
5672,1990,2024-08-26,Pending,23666.34
5673,4076,2024-07-19,Cancelled,29578.57
5674,1608,2025-07-18,Pending,39096.06
5675,2581,2024-12-16,Pending,71409.12
5676,3850,2024-08-14,Shipped,23043.37
5677,3732,2024-07-23,Shipped,60340.2
5678,1929,2025-03-11,Delivered,63536.38
5679,3966,2025-04-21,Cancelled,51269.75
5680,701,2024-11-19,Cancelled,42347.41
5681,3550,2025-10-23,Cancelled,21202.29
5682,2948,2025-11-25,Delivered,52558.27
5683,4441,2025-10-02,Pending,31029.7
5684,960,2025-02-28,Delivered,59612.08
5685,740,2024-05-04,Shipped,26201.48
5686,4535,2024-02-24,Pending,26386.22
5687,2213,2025-02-20,Delivered,62935.39
5688,2945,2025-09-20,Shipped,15203.49
5689,3907,2024-10-01,Pending,69269.62
5690,1896,2025-01-31,Cancelled,32476.51
5691,4950,2024-07-05,Cancelled,59781.35
5692,164,2024-04-05,Shipped,56066.86
5693,434,2025-12-02,Shipped,47854.3
5694,535,2024-04-30,Shipped,14800.8
5695,2375,2024-02-07,Delivered,68198.51
5696,3718,2025-10-05,Cancelled,15211.57
5697,2066,2025-06-19,Cancelled,15404.78
5698,4222,2024-06-04,Delivered,3509.74
5699,3025,2024-10-21,Shipped,15985.99
5700,2695,2024-01-23,Pending,71669.07
5701,1076,2025-09-20,Shipped,33170.37
5702,1823,2024-12-10,Delivered,44576.96
5703,2125,2025-04-16,Cancelled,670.07
5704,3248,2024-03-06,Pending,58528.96
5705,4816,2025-12-20,Pending,10011.65
5706,574,2024-05-04,Pending,17690.11
5707,1336,2025-05-15,Pending,16262.62
5708,4170,2025-03-20,Shipped,11311.81
5709,3750,2024-02-13,Cancelled,40486
5710,2292,2024-02-14,Shipped,1348.24
5711,3035,2025-06-04,Pending,5821.49
5712,319,2024-06-14,Shipped,73688.54
5713,4733,2024-10-16,Shipped,54818.2
5714,1863,2025-02-01,Delivered,12919.42
5715,1649,2025-02-01,Delivered,43480.98
5716,2042,2025-09-20,Delivered,25687.57
5717,2569,2025-04-22,Delivered,72085.3
5718,942,2024-04-04,Shipped,40367.84
5719,2876,2025-01-24,Shipped,37763.04
5720,4980,2025-05-14,Delivered,52580.58
5721,4455,2024-08-16,Shipped,73561.35
5722,2238,2025-01-30,Delivered,16599.29
5723,3742,2025-09-25,Pending,11808.11
5724,749,2024-06-20,Shipped,61307.45
5725,2320,2025-08-29,Shipped,13806.66
5726,3352,2024-01-23,Delivered,5307.46
5727,4068,2025-02-19,Delivered,27692.27
5728,848,2025-11-22,Pending,64958.54
5729,4757,2025-02-27,Delivered,18517.85
5730,4615,2024-06-22,Shipped,8741.86
5731,635,2024-05-21,Shipped,29055.8
5732,4239,2025-04-15,Cancelled,56627.03
5733,1420,2025-08-29,Shipped,36840.31
5734,4043,2025-11-04,Shipped,43759.73
5735,3957,2024-06-01,Pending,35952.66
5736,1679,2025-12-10,Delivered,23017.08
5737,1341,2025-07-02,Pending,48025.82
5738,4969,2024-06-23,Cancelled,24676.22
5739,4877,2024-11-06,Cancelled,68487.46
5740,4527,2024-10-07,Shipped,15736.61
5741,2249,2024-11-21,Delivered,5127.33
5742,204,2024-11-18,Cancelled,55387.3
5743,3782,2025-06-06,Pending,56267.4
5744,4752,2025-09-23,Shipped,8536.66
5745,1433,2024-11-07,Shipped,28798.8
5746,1407,2025-12-11,Shipped,15734.03
5747,2092,2025-02-24,Cancelled,58115
5748,532,2024-05-31,Delivered,12455.13
5749,3297,2024-05-28,Shipped,69608.07
5750,840,2025-03-24,Cancelled,60567.03
5751,1345,2025-10-24,Pending,58692.31
5752,1869,2025-08-09,Shipped,8327.84
5753,1523,2024-02-13,Pending,55972.88
5754,860,2024-07-22,Cancelled,70220.9
5755,2626,2024-09-02,Cancelled,9757.66
5756,3878,2024-07-04,Pending,19160.35
5757,1839,2025-02-09,Shipped,66784.26
5758,39,2024-08-30,Pending,7273.58
5759,3627,2024-10-31,Cancelled,11273.02
5760,2688,2025-11-03,Pending,6324.69
5761,71,2024-09-24,Pending,10989.87
5762,4929,2024-05-15,Delivered,8074.84
5763,4342,2025-04-20,Shipped,33127.4
5764,4958,2025-07-04,Pending,40265.04
5765,1659,2024-09-18,Pending,8395.94
5766,4823,2025-12-01,Pending,62826.32
5767,4081,2025-08-31,Shipped,12809.31
5768,3432,2024-11-07,Shipped,46749.12
5769,4785,2024-08-28,Cancelled,47789.19
5770,4862,2025-07-27,Pending,40572.68
5771,2927,2024-06-21,Shipped,46942.63
5772,4675,2024-04-15,Cancelled,32929.85
5773,4752,2024-12-29,Delivered,68361.16
5774,4151,2025-05-19,Shipped,35321.29
5775,3948,2025-08-30,Delivered,68984.83
5776,1801,2024-02-17,Shipped,29008.07
5777,4696,2025-02-04,Cancelled,42779.25
5778,3697,2025-02-06,Cancelled,47605.57
5779,3668,2025-09-14,Pending,59514.32
5780,2592,2024-02-09,Delivered,3172.51
5781,1245,2025-09-26,Cancelled,67379.49
5782,2472,2025-08-24,Shipped,1302.9
5783,4201,2025-12-07,Pending,73163.13
5784,4269,2024-09-16,Delivered,19211.17
5785,3884,2025-02-05,Delivered,44339.09
5786,4769,2025-01-27,Pending,25982.36
5787,621,2025-02-01,Delivered,68002.05
5788,2345,2024-07-10,Shipped,53593.14
5789,974,2025-06-30,Delivered,19481.69
5790,3922,2025-05-21,Cancelled,54054.98
5791,740,2025-12-19,Delivered,62322.77
5792,74,2024-09-30,Shipped,63156.27
5793,4520,2025-06-29,Shipped,47279.61
5794,750,2024-04-15,Pending,68264.24
5795,632,2025-01-31,Cancelled,4525.24
5796,585,2024-04-12,Shipped,61615.39
5797,3672,2024-10-26,Shipped,31999.92
5798,2313,2024-11-26,Shipped,18373.9
5799,4444,2024-03-10,Shipped,19875.24
5800,1810,2024-09-06,Pending,68690.87
5801,3999,2025-11-23,Delivered,18654.95
5802,1114,2025-12-10,Shipped,57696.34
5803,4463,2024-04-25,Cancelled,15496.13
5804,4740,2024-10-24,Shipped,25925.2
5805,2115,2024-07-14,Shipped,38657.89
5806,3345,2024-12-01,Shipped,35217.41
5807,3338,2024-12-04,Shipped,52376.58
5808,1867,2025-03-31,Pending,26994.72
5809,3207,2024-06-16,Pending,50149.51
5810,1151,2025-12-22,Delivered,56720.39
5811,1523,2025-01-09,Cancelled,5570.76
5812,538,2024-05-08,Delivered,22559.99
5813,314,2024-01-06,Pending,755.59
5814,4032,2025-03-08,Delivered,8067.3
5815,902,2024-01-30,Pending,26494.49
5816,956,2025-06-24,Cancelled,7232.49
5817,1928,2025-07-02,Delivered,10263.99
5818,2638,2025-08-03,Pending,71450.27
5819,3365,2025-07-06,Delivered,40682.94
5820,1952,2024-07-01,Shipped,24089.54
5821,530,2025-03-10,Shipped,61974.19
5822,2748,2024-11-10,Shipped,32689.62
5823,2086,2024-07-29,Delivered,51425.38
5824,1651,2024-09-15,Cancelled,26397.86
5825,170,2025-01-11,Pending,29531.76
5826,2363,2025-11-25,Shipped,67507.5
5827,2225,2024-12-14,Cancelled,41115.81
5828,347,2025-08-12,Cancelled,7424.27
5829,2341,2024-08-21,Cancelled,6890.56
5830,4258,2024-10-01,Pending,16884.92
5831,1316,2025-05-26,Delivered,58377.19
5832,2139,2024-11-28,Cancelled,53040.8
5833,4962,2025-08-23,Pending,72666.75
5834,1029,2024-11-04,Shipped,18571.65
5835,1385,2025-05-22,Delivered,9103.06
5836,4705,2024-07-10,Shipped,49146.68
5837,2966,2025-01-07,Delivered,31608.59
5838,4892,2024-08-25,Pending,16868.99
5839,3232,2024-03-23,Shipped,1649.17
5840,4564,2024-08-22,Delivered,45583.55
5841,639,2024-01-24,Cancelled,22004.08
5842,2537,2025-04-10,Cancelled,27878.19
5843,3775,2025-07-16,Pending,23994.37
5844,2118,2025-07-16,Shipped,52880.76
5845,4352,2024-07-30,Delivered,24629.1
5846,3747,2024-04-24,Pending,9626.71
5847,975,2025-04-10,Delivered,6563.16
5848,3288,2024-10-27,Shipped,37000.33
5849,3339,2024-04-10,Delivered,49462.36
5850,1452,2025-09-11,Cancelled,6098.15
5851,4976,2025-10-01,Delivered,71695.84
5852,283,2025-05-29,Shipped,23871.3
5853,4391,2024-10-12,Delivered,48070.86
5854,3925,2024-06-12,Shipped,7692.12
5855,111,2025-07-21,Shipped,34818.2
5856,116,2024-01-06,Shipped,35572.1
5857,2416,2024-11-03,Cancelled,34731.81
5858,2192,2025-10-26,Delivered,13885.76
5859,1571,2024-12-24,Delivered,1982.24
5860,4107,2024-07-21,Pending,18240.72
5861,3197,2024-03-02,Cancelled,32689.19
5862,2420,2024-01-27,Delivered,11041.45
5863,3416,2025-05-06,Shipped,36692.95
5864,3700,2024-11-26,Shipped,57785.02
5865,2173,2024-12-14,Pending,71993.92
5866,3177,2025-11-21,Cancelled,12095.14
5867,3071,2025-12-04,Cancelled,32144.42
5868,2585,2024-01-19,Shipped,11523.06
5869,2990,2025-08-30,Shipped,47716.43
5870,2109,2024-09-12,Pending,38071.64
5871,4090,2025-05-14,Delivered,44905.88
5872,405,2024-04-08,Delivered,59470.47
5873,1237,2025-11-11,Cancelled,43866.72
5874,3755,2025-08-03,Shipped,67050.57
5875,3328,2024-06-28,Cancelled,43063.24
5876,615,2024-07-21,Cancelled,8973
5877,1751,2025-08-21,Shipped,12531.73
5878,2075,2024-02-08,Cancelled,13122.5
5879,3581,2025-09-16,Delivered,50923.47
5880,3059,2024-07-12,Pending,61131.14
5881,1014,2025-09-11,Cancelled,40398.84
5882,293,2024-05-27,Pending,17400.91
5883,2401,2024-11-06,Cancelled,25058.28
5884,707,2024-04-25,Shipped,25948.35
5885,163,2024-06-03,Shipped,49278.67
5886,965,2025-02-11,Pending,6924.46
5887,4920,2025-07-25,Pending,53810.46
5888,1905,2024-12-07,Cancelled,18954.3
5889,3267,2025-08-08,Shipped,62089.86
5890,3483,2025-01-26,Shipped,65028.04
5891,141,2025-07-18,Delivered,64483.4
5892,3870,2024-08-01,Cancelled,4064.14
5893,534,2024-11-25,Delivered,58808.26
5894,1497,2025-08-02,Pending,31184.88
5895,1067,2024-08-24,Cancelled,15777.81
5896,2033,2024-11-07,Cancelled,18579.23
5897,3047,2025-09-20,Cancelled,9565.47
5898,2082,2024-07-27,Cancelled,49663.59
5899,627,2025-02-26,Delivered,23783.94
5900,938,2025-10-31,Pending,51981.18
5901,1019,2024-11-21,Shipped,41011.26
5902,2810,2024-01-17,Cancelled,14990.87
5903,234,2025-04-06,Pending,43708.35
5904,4192,2024-12-19,Shipped,35907.26
5905,4051,2025-03-30,Pending,19458.61
5906,3722,2025-01-22,Cancelled,2760.94
5907,4883,2024-07-19,Delivered,60342.53
5908,2883,2024-08-24,Delivered,16661.91
5909,4407,2025-01-24,Cancelled,41521.6
5910,669,2024-03-16,Delivered,34135.52
5911,4938,2024-01-14,Pending,34344.99
5912,4335,2025-01-27,Delivered,73470
5913,3868,2024-07-02,Delivered,26765.49
5914,1675,2024-02-23,Shipped,68992.68
5915,384,2025-09-16,Shipped,32194.29
5916,235,2025-03-17,Shipped,71409.69
5917,1577,2025-10-09,Pending,3396.37
5918,4390,2025-05-01,Delivered,36543.82
5919,1517,2024-12-13,Shipped,19121.53
5920,226,2025-12-13,Delivered,73522.17
5921,3575,2024-10-08,Pending,53220.51
5922,2858,2025-04-16,Delivered,8036.63
5923,4092,2024-04-05,Pending,55509.8
5924,2789,2025-07-21,Pending,38082.18
5925,498,2024-02-26,Shipped,46964.63
5926,1620,2024-08-23,Delivered,74914.04
5927,2137,2024-06-30,Cancelled,41692.62
5928,3152,2025-12-21,Pending,48777.37
5929,1111,2025-11-24,Shipped,59540.05
5930,1645,2024-05-17,Cancelled,73644.72
5931,246,2025-04-04,Delivered,49102.65
5932,4263,2024-06-03,Cancelled,8588.77
5933,1976,2025-03-13,Shipped,38109.88
5934,4892,2025-03-12,Delivered,57218.06
5935,4391,2025-09-27,Pending,5635.88
5936,357,2024-02-04,Pending,65821.3
5937,3977,2024-11-28,Cancelled,17427.65
5938,1710,2024-02-29,Delivered,65801.45
5939,3182,2024-10-10,Pending,29905.1
5940,2769,2025-07-25,Delivered,55906.21
5941,1463,2024-12-19,Delivered,42793.79
5942,3649,2024-09-14,Shipped,44446.36
5943,1600,2024-09-09,Pending,60256.23
5944,2507,2025-12-08,Shipped,26189.95
5945,749,2024-10-17,Cancelled,48794.2
5946,668,2024-01-13,Delivered,74984.8
5947,1097,2024-08-28,Cancelled,15258.42
5948,1118,2025-08-09,Delivered,17947.64
5949,3561,2025-09-11,Cancelled,56983.56
5950,4115,2024-01-02,Delivered,36690.41
5951,2431,2024-02-19,Delivered,20802.08
5952,4728,2024-02-27,Pending,16394.14
5953,3250,2024-09-25,Pending,45507.97
5954,1660,2024-05-22,Delivered,26516.39
5955,4715,2024-03-12,Cancelled,4716.27
5956,1584,2024-05-03,Cancelled,27458.74
5957,710,2024-04-21,Delivered,65373.63
5958,4888,2024-12-25,Cancelled,23934.29
5959,2275,2024-06-20,Shipped,35001.55
5960,1368,2025-06-03,Pending,74603.45
5961,4311,2024-08-22,Cancelled,22415.75
5962,2962,2025-01-01,Delivered,65721.78
5963,517,2024-03-29,Shipped,47546.87
5964,2394,2025-07-08,Pending,38106.89
5965,2405,2025-07-13,Delivered,9813.36
5966,4993,2024-02-13,Shipped,68076.36
5967,342,2025-08-09,Pending,61454.05
5968,4824,2024-02-04,Cancelled,39475.98
5969,3730,2024-05-23,Cancelled,44770.6
5970,3022,2024-05-03,Cancelled,8582.33
5971,4826,2025-10-22,Shipped,59102.86
5972,810,2025-08-06,Shipped,9189.51
5973,2806,2025-03-09,Delivered,52413.62
5974,4341,2025-01-04,Shipped,60499.8
5975,2402,2024-11-06,Cancelled,53247.82
5976,286,2025-04-06,Shipped,17569.25
5977,3690,2025-12-26,Shipped,6513.5
5978,1109,2025-02-17,Pending,61690.31
5979,1175,2024-10-30,Pending,18214.49
5980,4066,2024-03-16,Delivered,32866.12
5981,3572,2025-01-01,Pending,18489.51
5982,4256,2025-01-12,Shipped,65440.98
5983,2367,2025-09-16,Delivered,57491.22
5984,4714,2024-10-22,Cancelled,40613.5
5985,2712,2025-06-26,Shipped,62543.83
5986,4256,2024-06-05,Shipped,53109.27
5987,513,2024-12-15,Shipped,55940.84
5988,1283,2024-09-25,Pending,67911
5989,1033,2025-02-24,Pending,35439.15
5990,3091,2025-10-18,Pending,34840.35
5991,2908,2024-08-12,Pending,13719.53
5992,480,2025-03-10,Delivered,8792.26
5993,4815,2024-05-09,Pending,35308.95
5994,383,2025-04-28,Pending,18185.88
5995,417,2024-02-16,Pending,51785.23
5996,4097,2025-01-31,Shipped,14949.81
5997,293,2025-12-06,Delivered,64213.82
5998,3590,2024-03-14,Delivered,7080.17
5999,4824,2025-06-20,Shipped,62065.86
6000,4747,2024-11-10,Cancelled,74849.8
6001,149,2025-08-25,Shipped,14935.55
6002,1492,2025-03-29,Shipped,18545.3
6003,706,2025-11-27,Delivered,23109.84
6004,3839,2024-01-05,Cancelled,40349.12
6005,681,2025-08-23,Cancelled,22261.35
6006,2156,2024-09-24,Shipped,65727.03
6007,4953,2024-09-17,Cancelled,47299.31
6008,359,2025-03-21,Cancelled,38486.09
6009,3871,2025-02-17,Delivered,64595.35
6010,1645,2025-01-07,Delivered,20180.02
6011,3298,2024-04-27,Cancelled,71562.94
6012,4201,2025-04-14,Pending,21963.23
6013,1307,2024-05-14,Shipped,21690.93
6014,2078,2024-03-08,Delivered,10306.76
6015,2243,2024-09-24,Delivered,21105.11
6016,4200,2025-08-26,Cancelled,4528.34
6017,3705,2025-12-14,Delivered,69310.38
6018,4545,2024-03-26,Shipped,57206.86
6019,3600,2025-11-14,Cancelled,46608.86
6020,1533,2024-11-15,Pending,26516.35
6021,2208,2025-07-16,Cancelled,63403.87
6022,649,2024-05-11,Pending,61243.16
6023,1863,2024-03-09,Pending,66493.08
6024,1338,2024-10-19,Shipped,68620.79
6025,719,2025-01-21,Shipped,5020.32
6026,1531,2025-03-31,Shipped,53087.16
6027,3043,2025-07-02,Cancelled,25369.02
6028,2734,2025-07-12,Shipped,44906.85
6029,1412,2025-09-09,Cancelled,37725.99
6030,4465,2025-05-01,Cancelled,23405.46
6031,2546,2025-04-01,Cancelled,14612.19
6032,4834,2025-01-05,Pending,15955.76
6033,432,2025-05-20,Pending,59822.7
6034,3048,2025-10-21,Pending,67873.81
6035,4061,2025-03-09,Cancelled,73772.73
6036,3529,2025-11-12,Pending,12209.04
6037,336,2025-12-18,Delivered,13965.87
6038,3304,2025-09-03,Delivered,63409.46
6039,371,2025-11-04,Pending,41314.1
6040,817,2024-09-04,Cancelled,10918.6
6041,2675,2025-12-09,Shipped,17739.05
6042,4288,2024-12-02,Pending,63409.49
6043,3307,2024-04-12,Cancelled,57150.57
6044,2122,2024-05-28,Shipped,10824.31
6045,1304,2025-09-16,Delivered,72362.04
6046,3177,2024-12-18,Shipped,67119.03
6047,2445,2025-01-22,Pending,5730.62
6048,3938,2025-03-01,Cancelled,24150.41
6049,713,2024-05-07,Pending,67507.38
6050,4098,2025-11-15,Shipped,7034.54
6051,4478,2024-09-10,Shipped,71137.09
6052,4005,2024-01-01,Cancelled,37619.76
6053,2830,2025-11-02,Delivered,11177.57
6054,4846,2025-09-17,Pending,40857.56
6055,2628,2025-03-17,Shipped,21610.62
6056,2602,2024-11-25,Cancelled,19697.64
6057,2170,2025-09-19,Cancelled,16027.25
6058,1193,2025-10-09,Shipped,38129.16
6059,2519,2025-10-01,Shipped,38599.36
6060,566,2025-05-02,Pending,27155.81
6061,2199,2024-04-27,Delivered,29268.5
6062,185,2025-12-01,Pending,53812.49
6063,2871,2025-12-23,Pending,14334.66
6064,4782,2025-12-24,Delivered,13611.11
6065,3827,2024-06-10,Shipped,43759.12
6066,4852,2025-11-18,Delivered,68035.67
6067,913,2025-04-05,Pending,31708.1
6068,2229,2024-02-29,Cancelled,73174.07
6069,4746,2025-12-09,Cancelled,45869.48
6070,2099,2025-10-13,Cancelled,29793.05
6071,4979,2024-05-28,Shipped,35116.28
6072,2865,2025-04-25,Delivered,65118.64
6073,3002,2025-09-17,Delivered,56365.24
6074,216,2024-05-31,Pending,40854.56
6075,4585,2025-01-10,Cancelled,6146.77
6076,504,2025-01-13,Delivered,2070.66
6077,3012,2025-07-29,Delivered,39246.05
6078,216,2024-12-09,Shipped,31214.46
6079,1613,2025-07-25,Cancelled,66266.74
6080,79,2025-06-11,Pending,40315.73
6081,3366,2025-01-29,Delivered,52863.7
6082,1128,2025-06-08,Cancelled,40230.93
6083,3088,2024-04-06,Delivered,39945.42
6084,2278,2024-03-29,Shipped,56267.25
6085,2447,2025-04-19,Cancelled,57355.42
6086,2980,2025-12-23,Pending,69011.33
6087,1749,2024-09-29,Delivered,69018.92
6088,3516,2024-08-12,Shipped,30176.69
6089,2690,2024-06-12,Delivered,73118.29
6090,270,2025-10-30,Cancelled,51119.19
6091,55,2025-04-05,Cancelled,46346.85
6092,1521,2024-04-25,Delivered,31257.63
6093,3405,2024-08-04,Cancelled,11174.15
6094,3792,2024-12-16,Delivered,57559.7
6095,3102,2024-11-17,Pending,49123.58
6096,2759,2024-02-05,Pending,49154.48
6097,1255,2024-08-05,Pending,68421.44
6098,4008,2025-07-04,Pending,37793.97
6099,1291,2025-02-16,Shipped,42219.48
6100,2719,2025-02-20,Cancelled,23584.93
6101,4630,2024-05-19,Pending,41077.93
6102,2623,2024-05-28,Shipped,34958.6
6103,3635,2024-01-07,Shipped,32558.73
6104,2020,2025-11-03,Shipped,58754.77
6105,3908,2025-10-21,Delivered,19203.97
6106,4032,2024-12-19,Shipped,25677.66
6107,1083,2024-11-26,Cancelled,29079.22
6108,4461,2024-01-14,Delivered,5577.2
6109,2216,2025-01-23,Shipped,25284.89
6110,4805,2025-08-07,Delivered,45371.57
6111,3676,2024-07-27,Delivered,23662.98
6112,905,2024-01-18,Shipped,74965.92
6113,2312,2024-07-25,Cancelled,3070.79
6114,1100,2025-08-15,Delivered,44893.77
6115,4178,2024-09-25,Shipped,40879.74
6116,3139,2025-04-01,Delivered,65291.63
6117,3417,2025-06-09,Cancelled,54227.04
6118,1959,2024-01-23,Pending,48475.66
6119,1377,2025-08-14,Shipped,35543.16
6120,4700,2025-07-10,Delivered,51481.07
6121,1029,2024-11-22,Pending,67219.91
6122,1483,2025-08-03,Delivered,3860.54
6123,1180,2024-04-23,Delivered,68662.73
6124,2287,2024-12-17,Delivered,60376.66
6125,2506,2025-09-20,Delivered,30494.61
6126,1632,2024-08-18,Shipped,51904.53
6127,2418,2024-08-22,Pending,74258.56
6128,909,2025-08-12,Cancelled,62931.16
6129,3332,2024-11-09,Shipped,46371.48
6130,984,2024-02-23,Cancelled,13328.83
6131,699,2025-03-13,Pending,15576.63
6132,2399,2025-08-03,Pending,69172.36
6133,922,2024-10-21,Delivered,60238.32
6134,4465,2024-04-30,Shipped,45955.03
6135,2306,2025-07-11,Pending,26877.11
6136,1773,2025-11-29,Pending,28995.44
6137,3880,2025-04-15,Delivered,54339.36
6138,2864,2024-08-19,Shipped,22332.89
6139,4432,2024-12-16,Cancelled,5454.88
6140,4580,2025-03-29,Shipped,24999.54
6141,917,2025-03-16,Pending,5951.3
6142,1867,2024-04-07,Cancelled,69562.93
6143,879,2024-10-23,Cancelled,22607.8
6144,4945,2024-07-14,Cancelled,11162.2
6145,1816,2025-11-19,Shipped,46341.65
6146,1049,2024-01-31,Pending,33910.63
6147,4127,2024-07-30,Delivered,36829.11
6148,2487,2025-03-08,Pending,66285.72
6149,2630,2024-06-30,Cancelled,60182.85
6150,1622,2024-05-24,Delivered,70042.4
6151,189,2024-08-20,Pending,33348.61
6152,4758,2024-08-03,Shipped,55720.31
6153,2497,2025-07-16,Shipped,59614.14
6154,719,2025-07-15,Delivered,31433.34
6155,1136,2025-06-24,Delivered,44472.05
6156,706,2024-05-03,Cancelled,25523.8
6157,1518,2025-03-14,Delivered,51894.45
6158,3521,2025-09-14,Pending,3444.42
6159,3606,2024-07-06,Delivered,48978.6
6160,3597,2025-05-21,Shipped,5849.94
6161,573,2025-12-01,Delivered,13690.57
6162,1224,2024-01-18,Shipped,46922.17
6163,2418,2025-07-17,Delivered,31601.15
6164,2659,2025-05-08,Pending,66016.35
6165,2776,2024-05-26,Pending,61258.19
6166,4794,2024-07-30,Pending,70320.77
6167,715,2025-07-31,Cancelled,26963.99
6168,3433,2025-01-25,Shipped,43305.04
6169,4730,2025-02-01,Delivered,59320.34
6170,2168,2024-03-06,Cancelled,52832.82
6171,4124,2024-06-04,Shipped,20078.76
6172,1668,2025-12-31,Pending,70369.14
6173,1816,2024-04-06,Cancelled,22873.54
6174,1232,2024-12-05,Shipped,57873.52
6175,3628,2025-09-29,Shipped,45551.64
6176,2321,2025-09-27,Delivered,41485.29
6177,2578,2025-04-08,Shipped,33557.26
6178,2136,2025-09-23,Delivered,57530.74
6179,3531,2024-03-25,Pending,55976.14
6180,2319,2025-11-19,Pending,70412.82
6181,562,2025-07-12,Delivered,32458.39
6182,3830,2024-04-20,Pending,1786.35
6183,154,2025-10-08,Shipped,59371.63
6184,4404,2024-12-29,Shipped,60447.18
6185,1353,2025-07-29,Pending,31296.83
6186,2569,2024-06-03,Shipped,23449.78
6187,171,2025-11-10,Shipped,29697.63
6188,1445,2024-05-14,Cancelled,21198.27
6189,3953,2024-04-07,Cancelled,9979.09
6190,3622,2024-02-09,Delivered,21213.67
6191,3025,2024-08-16,Delivered,64095.66
6192,2235,2024-11-27,Cancelled,38748.5
6193,1768,2025-09-19,Delivered,66647.15
6194,4246,2024-09-13,Pending,527.77
6195,929,2025-01-31,Cancelled,15315.65
6196,4039,2025-08-06,Delivered,862.62
6197,625,2025-11-04,Pending,43745.42
6198,4377,2024-10-01,Delivered,17878.25
6199,4463,2025-08-03,Pending,40470.47
6200,3492,2024-08-28,Delivered,48918.53
6201,3540,2025-11-27,Cancelled,45554.44
6202,1845,2024-06-18,Shipped,9070.7
6203,2256,2024-06-16,Cancelled,45585.48
6204,4650,2025-08-02,Shipped,20530.36
6205,181,2025-07-19,Pending,25042.64
6206,4398,2024-08-18,Delivered,63503.81
6207,2359,2025-07-10,Shipped,52548.02
6208,2378,2024-12-29,Delivered,62771.08
6209,4046,2024-12-10,Shipped,21720.79
6210,3255,2025-07-17,Pending,12898.85
6211,3297,2024-04-25,Delivered,26697.48
6212,949,2024-12-14,Shipped,9348.8
6213,3781,2025-07-10,Delivered,42030.43
6214,3872,2025-07-26,Delivered,64625.04
6215,3725,2025-02-20,Shipped,69464.92
6216,4632,2025-04-30,Shipped,55082.79
6217,2490,2025-09-28,Cancelled,58452.15
6218,4749,2024-09-19,Cancelled,21059.53
6219,3868,2024-05-12,Delivered,60345.85
6220,2300,2025-10-10,Cancelled,40430.78
6221,220,2024-03-26,Shipped,10175.38
6222,2733,2024-10-15,Pending,70142.11
6223,1502,2024-11-24,Pending,24878.52
6224,677,2025-03-07,Shipped,34139.79
6225,2122,2025-09-24,Pending,50349.63
6226,1570,2025-08-24,Cancelled,42661.64
6227,263,2024-10-18,Pending,27401.63
6228,3689,2024-08-03,Pending,32472.79
6229,4529,2025-07-23,Shipped,59006.24
6230,1857,2024-02-07,Shipped,70497.92
6231,2905,2024-10-05,Shipped,49565.64
6232,221,2024-01-05,Shipped,14407.15
6233,3888,2024-12-11,Delivered,12300.17
6234,809,2025-10-05,Shipped,34454.88
6235,760,2025-12-12,Shipped,11168.42
6236,2819,2024-09-12,Cancelled,36493.13
6237,3571,2024-08-25,Shipped,66645.01
6238,4373,2025-11-11,Delivered,73240.21
6239,3422,2024-09-13,Shipped,17724.74
6240,352,2025-01-04,Delivered,69859.2
6241,3945,2024-03-20,Shipped,62518.83
6242,2478,2025-07-17,Cancelled,36721.86
6243,2323,2024-12-15,Pending,8392.42
6244,3039,2024-11-22,Delivered,72394.4
6245,1480,2024-07-24,Pending,6448.97
6246,4925,2024-08-02,Shipped,63023.3
6247,229,2025-01-31,Cancelled,42852.18
6248,27,2025-07-10,Pending,38386.52
6249,452,2024-07-10,Delivered,23390.36
6250,653,2024-06-19,Shipped,70814.51
6251,3152,2025-02-20,Pending,9293.08
6252,4807,2025-06-22,Cancelled,74100.44
6253,3115,2024-08-03,Pending,4933.97
6254,720,2024-02-08,Cancelled,34452.08
6255,1502,2025-02-08,Cancelled,63113.36
6256,2870,2024-04-02,Delivered,38566.41
6257,2930,2025-02-17,Pending,58917.14
6258,2384,2025-07-23,Pending,40170.09
6259,3037,2024-10-11,Delivered,47079.35
6260,2945,2024-04-11,Cancelled,65599.16
6261,4677,2024-02-08,Shipped,10208.77
6262,4025,2024-08-12,Cancelled,73308.4
6263,927,2024-11-30,Delivered,60742.27
6264,82,2025-04-27,Delivered,43665.67
6265,1823,2024-12-28,Cancelled,48879.1
6266,2694,2024-12-02,Delivered,13418.39
6267,1352,2024-05-20,Pending,67607.35
6268,1641,2025-12-21,Delivered,24405.14
6269,858,2025-08-23,Shipped,3508.66
6270,1102,2025-04-17,Pending,51982.13
6271,1711,2024-05-10,Delivered,50877.37
6272,987,2025-05-21,Cancelled,48383.41
6273,2575,2025-11-22,Pending,45794.51
6274,3388,2024-07-19,Delivered,42571.6
6275,4464,2025-06-30,Pending,21698.34
6276,4815,2024-05-07,Shipped,68395.09
6277,3742,2024-07-20,Delivered,23489.19
6278,2016,2024-01-17,Shipped,17430
6279,3664,2025-09-20,Shipped,41494.68
6280,993,2025-03-22,Delivered,28569.63
6281,2125,2025-04-20,Delivered,62406.35
6282,735,2024-07-03,Pending,27874.3
6283,4375,2025-03-08,Pending,26102.59
6284,851,2024-09-13,Delivered,74828
6285,960,2024-01-26,Shipped,32431.79
6286,117,2025-12-01,Shipped,9919.91
6287,984,2025-11-12,Delivered,51186.23
6288,3629,2025-09-15,Cancelled,71940.61
6289,4585,2024-06-12,Shipped,32587.27
6290,4899,2025-12-01,Shipped,65783.03
6291,481,2025-06-28,Delivered,53032.01
6292,3299,2024-09-25,Pending,35063.2
6293,3935,2024-09-04,Shipped,69642.88
6294,2848,2024-05-03,Pending,54156.28
6295,1848,2024-11-29,Shipped,59349.55
6296,2912,2024-06-06,Shipped,18931.01
6297,3625,2025-11-10,Pending,1164.38
6298,3858,2025-12-28,Delivered,30407.46
6299,3202,2024-04-04,Cancelled,1429.17
6300,3837,2024-10-22,Delivered,40978.43
6301,644,2024-03-23,Delivered,41982.67
6302,2771,2025-04-17,Delivered,25439.93
6303,160,2024-09-27,Cancelled,42956.28
6304,2102,2025-02-20,Shipped,51268.43
6305,1917,2025-05-23,Pending,71412.38
6306,4406,2025-05-16,Cancelled,50320.89
6307,1380,2024-10-07,Cancelled,34336.05
6308,4071,2024-12-04,Delivered,28176.71
6309,2166,2025-08-06,Shipped,63833.71
6310,2273,2024-01-17,Pending,60109.4
6311,4749,2025-07-25,Cancelled,50942.51
6312,2708,2024-11-06,Shipped,42487.46
6313,2916,2024-09-07,Cancelled,24670.23
6314,1853,2025-07-04,Pending,13369.66
6315,2585,2024-02-23,Shipped,10697.79
6316,1842,2025-08-28,Pending,65600.62
6317,865,2024-03-27,Pending,62257.64
6318,616,2024-08-22,Pending,69316.46
6319,1711,2025-12-08,Pending,55185.83
6320,4130,2025-02-05,Cancelled,65106.8
6321,2214,2024-09-02,Delivered,9316.21
6322,3155,2025-09-18,Shipped,940.56
6323,946,2024-08-25,Cancelled,17483.23
6324,2997,2024-06-25,Pending,34986.25
6325,3628,2024-10-26,Shipped,23789.2
6326,205,2025-10-18,Pending,1278.3
6327,596,2025-05-18,Delivered,29327
6328,85,2024-10-03,Cancelled,36106.12
6329,4908,2024-06-06,Cancelled,48406.16
6330,3612,2024-08-29,Cancelled,56387.39
6331,1902,2025-05-12,Pending,34925.03
6332,1043,2024-04-02,Shipped,62671.27
6333,1494,2025-08-08,Shipped,27524.09
6334,2606,2024-07-08,Shipped,40739.11
6335,3119,2025-07-08,Shipped,42748.61
6336,3172,2024-06-09,Cancelled,45212.09
6337,2983,2024-07-23,Shipped,10450.67
6338,4630,2025-06-06,Cancelled,65607.73
6339,2457,2024-07-18,Pending,22522.31
6340,3501,2025-06-16,Cancelled,40376.59
6341,4947,2025-01-08,Cancelled,52938.81
6342,3593,2025-07-08,Cancelled,35124.43
6343,3391,2024-08-31,Shipped,40330.59
6344,4741,2024-12-10,Delivered,57564.63
6345,2488,2024-11-04,Pending,35071.47
6346,1980,2025-10-18,Delivered,57001.37
6347,1667,2024-10-16,Delivered,54526.06
6348,3659,2024-02-01,Cancelled,44542.71
6349,4082,2025-03-18,Delivered,39965.91
6350,3957,2025-11-02,Pending,62128.77
6351,324,2024-11-10,Pending,2099.14
6352,2996,2024-07-11,Pending,28728.72
6353,371,2024-10-19,Delivered,74912.16
6354,1161,2025-04-27,Pending,3275.53
6355,1966,2024-12-24,Cancelled,30673.35
6356,2678,2024-08-05,Shipped,56887.28
6357,4686,2025-06-15,Shipped,51275.63
6358,4291,2024-05-26,Delivered,4369.54
6359,4609,2024-01-25,Delivered,16652.31
6360,4339,2025-11-02,Cancelled,13991.61
6361,3596,2024-08-06,Delivered,65250.76
6362,1703,2025-12-19,Delivered,9890.39
6363,3844,2025-02-15,Shipped,17967.31
6364,2535,2024-12-31,Delivered,72082.69
6365,1922,2025-10-12,Pending,56924.66
6366,3481,2025-08-20,Pending,54452.76
6367,2937,2024-08-12,Cancelled,43258.15
6368,3372,2025-06-17,Delivered,36184.66
6369,1609,2025-02-28,Delivered,30248.97
6370,1584,2024-07-27,Pending,68517.73
6371,58,2024-04-06,Delivered,44316.17
6372,4605,2024-07-10,Pending,56678.9
6373,2444,2024-01-16,Pending,33204.87
6374,1649,2024-01-08,Cancelled,51567.66
6375,1516,2024-07-06,Delivered,3518.4
6376,522,2025-06-21,Cancelled,56029.4
6377,4191,2025-04-12,Shipped,26226.18
6378,4748,2025-07-19,Cancelled,36619.86
6379,2015,2024-08-14,Shipped,9834.27
6380,1655,2025-11-26,Pending,62278.95
6381,4829,2025-09-13,Pending,29554.52
6382,1510,2024-04-22,Shipped,49862.73
6383,3685,2024-10-30,Delivered,64851.06
6384,3150,2025-07-27,Cancelled,36180.24
6385,3803,2025-09-01,Cancelled,20586.01
6386,4670,2025-08-05,Cancelled,57189.94
6387,191,2025-06-10,Delivered,13621.45
6388,3333,2025-12-21,Cancelled,27694.18
6389,356,2024-01-23,Shipped,50522.04
6390,2939,2024-01-14,Shipped,36674.53
6391,1884,2025-01-23,Cancelled,56144.34
6392,3032,2024-12-10,Shipped,28230.34
6393,3377,2024-04-23,Shipped,56701.28
6394,4680,2024-05-10,Cancelled,64390.16
6395,404,2025-05-27,Shipped,28628.7
6396,1100,2025-02-24,Shipped,36564.6
6397,1697,2024-09-28,Delivered,56428.34
6398,2206,2025-09-23,Pending,47855.16
6399,2400,2025-03-27,Pending,20693.27
6400,3371,2024-01-04,Delivered,56623.34
6401,1101,2024-02-19,Pending,74107.4
6402,2451,2025-12-29,Delivered,34068.16
6403,1166,2024-08-13,Pending,67907.62
6404,582,2025-09-18,Delivered,8564.53
6405,4441,2024-07-21,Delivered,48115.43
6406,1687,2025-06-23,Pending,19270.86
6407,605,2024-11-30,Shipped,14080.32
6408,1260,2025-03-10,Pending,20411.96
6409,3417,2024-02-25,Shipped,9963.7
6410,804,2025-03-11,Pending,63934.31
6411,3322,2025-11-10,Cancelled,35458.75
6412,514,2024-10-13,Cancelled,18893.6
6413,138,2024-04-30,Shipped,28010.51
6414,3239,2024-08-10,Delivered,40308.22
6415,4096,2025-11-27,Pending,7407.49
6416,1027,2025-10-19,Delivered,17289.31
6417,1626,2024-10-01,Delivered,31712.19
6418,3900,2024-11-04,Cancelled,71433.92
6419,2806,2024-04-11,Cancelled,39365.56
6420,4448,2025-12-23,Pending,15251.67
6421,2772,2024-11-27,Delivered,73204.8
6422,2054,2025-02-22,Delivered,36799.3
6423,745,2025-03-15,Shipped,27556.67
6424,2036,2024-11-26,Shipped,65775.28
6425,1653,2025-09-26,Cancelled,51192.98
6426,374,2025-09-09,Cancelled,43418.11
6427,4691,2024-03-21,Delivered,63388.4
6428,1330,2024-02-15,Cancelled,71012.52
6429,109,2025-12-23,Delivered,28465.33
6430,4343,2025-07-06,Cancelled,7666.25
6431,3270,2024-09-17,Shipped,5866.35
6432,4893,2025-06-08,Pending,71669.64
6433,2608,2024-06-25,Cancelled,66530.38
6434,4057,2025-04-27,Shipped,58337.44
6435,2099,2025-07-29,Pending,3345.59
6436,4844,2024-05-14,Delivered,40854.71
6437,2418,2024-12-08,Cancelled,46978.9
6438,313,2025-05-21,Pending,7358.18
6439,2338,2025-07-21,Delivered,44500.41
6440,3772,2025-01-15,Cancelled,32333.81
6441,4239,2025-03-13,Cancelled,69727.58
6442,4001,2025-04-04,Shipped,74448.28
6443,3411,2025-09-02,Shipped,15301.36
6444,3451,2025-05-12,Shipped,15857.14
6445,2854,2024-06-23,Cancelled,3485.23
6446,347,2024-03-29,Shipped,9362.34
6447,1364,2024-09-22,Delivered,7382.8
6448,4932,2024-02-29,Shipped,33547.95
6449,3766,2024-08-12,Cancelled,59392.98
6450,880,2024-02-19,Cancelled,62502.2
6451,4610,2024-01-03,Cancelled,9060.73
6452,774,2025-01-09,Cancelled,68865.59
6453,720,2024-11-18,Pending,7567.75
6454,4910,2025-03-13,Pending,36388.46
6455,202,2024-10-30,Cancelled,40665.66
6456,2114,2024-04-04,Pending,56255.02
6457,3950,2024-07-03,Delivered,15959.9
6458,3927,2025-08-30,Delivered,8499.11
6459,2259,2025-07-30,Cancelled,45858.01
6460,4836,2024-02-27,Delivered,42072.95
6461,4730,2024-01-10,Delivered,25149.16
6462,3945,2024-01-16,Delivered,1304.79
6463,4288,2025-03-07,Pending,17467.92
6464,1428,2025-10-08,Cancelled,48487.66
6465,3215,2025-12-13,Pending,37227.92
6466,305,2025-01-13,Pending,38372.51
6467,4933,2025-12-09,Cancelled,8577.59
6468,3866,2025-02-07,Delivered,51005.67
6469,4232,2024-07-19,Pending,42920.13
6470,498,2025-12-13,Pending,41006.93
6471,4606,2025-07-30,Cancelled,51543.78
6472,3902,2024-09-06,Cancelled,11458.48
6473,2910,2025-11-29,Shipped,1692.83
6474,1540,2025-07-27,Pending,53682.88
6475,992,2025-08-02,Shipped,4282.96
6476,3581,2025-07-06,Shipped,72533.29
6477,185,2024-07-05,Shipped,73924.51
6478,1319,2025-05-25,Delivered,2987.44
6479,4903,2025-07-28,Pending,46250.48
6480,4197,2025-12-11,Pending,57392.69
6481,1797,2025-07-18,Pending,4082.75
6482,3685,2025-03-08,Pending,29908.79
6483,2314,2024-05-10,Delivered,64866.97
6484,4135,2025-06-03,Shipped,38976.93
6485,4253,2024-08-23,Shipped,38727.61
6486,670,2025-12-17,Cancelled,72907.51
6487,2327,2025-06-25,Pending,54877.89
6488,2219,2024-01-19,Pending,1281.51
6489,4041,2024-12-06,Shipped,54320.41
6490,2197,2025-01-24,Delivered,70188.18
6491,2162,2025-12-30,Delivered,4125.42
6492,2300,2025-05-08,Cancelled,68370.34
6493,2975,2025-09-21,Pending,6387.32
6494,1787,2025-02-08,Shipped,30540
6495,1257,2024-11-26,Cancelled,71848.52
6496,1903,2024-06-23,Shipped,74511.47
6497,3009,2025-03-15,Delivered,32992.43
6498,1289,2024-04-16,Shipped,64693.86
6499,417,2024-07-14,Cancelled,6763.87
6500,42,2025-11-20,Shipped,11450.5
6501,2668,2025-04-19,Shipped,71659.61
6502,2676,2024-03-17,Pending,38976.59
6503,2582,2024-03-25,Shipped,40412.2
6504,3696,2025-04-17,Cancelled,25899.78
6505,4862,2025-03-29,Cancelled,68947.57
6506,1647,2024-06-11,Pending,8090.51
6507,3514,2025-02-26,Delivered,72554.88
6508,3518,2025-02-19,Pending,74728.44
6509,1572,2024-11-02,Shipped,45809.98
6510,2977,2025-11-04,Pending,35817.27
6511,3500,2025-07-21,Pending,55387.77
6512,3971,2025-09-13,Delivered,16047.33
6513,4604,2025-08-29,Delivered,28235.27
6514,3879,2024-06-20,Delivered,1906.25
6515,2196,2024-01-10,Pending,58264.52
6516,4511,2025-02-22,Pending,41827.37
6517,4740,2024-05-05,Pending,68079.74
6518,1155,2024-11-23,Pending,31435.98
6519,3592,2025-05-26,Delivered,49120.83
6520,4243,2025-11-24,Shipped,70790.58
6521,1174,2024-04-02,Pending,24775.39
6522,4141,2024-12-10,Delivered,57721.38
6523,1652,2024-03-24,Cancelled,24603.31
6524,4603,2024-08-16,Pending,45266.56
6525,3819,2024-05-21,Cancelled,12229.27
6526,1176,2025-08-08,Pending,34798.4
6527,555,2024-08-26,Shipped,14369.84
6528,678,2025-11-02,Pending,49514.42
6529,3410,2024-05-04,Cancelled,64574.14
6530,3722,2025-02-24,Shipped,49321.33
6531,4534,2025-02-18,Shipped,26804.45
6532,174,2024-03-30,Delivered,64703.82
6533,303,2024-02-06,Shipped,16100.84
6534,2020,2025-08-21,Cancelled,10674.35
6535,865,2025-04-14,Shipped,4117.93
6536,3241,2025-09-28,Shipped,33847.99
6537,3614,2025-05-01,Shipped,55720.81
6538,3617,2024-11-06,Pending,49693.37
6539,226,2025-03-14,Pending,51433.23
6540,1474,2025-08-16,Delivered,34297.79
6541,339,2024-06-10,Pending,23636.11
6542,1109,2025-06-17,Pending,35582.03
6543,3902,2025-04-20,Pending,29736.91
6544,4091,2025-08-17,Pending,7728.4
6545,4655,2024-09-16,Pending,52819.11
6546,562,2025-10-13,Delivered,73760.19
6547,3144,2025-03-27,Pending,53375.2
6548,4273,2024-07-09,Shipped,57093.89
6549,3118,2025-04-08,Cancelled,57496.42
6550,2161,2025-10-28,Delivered,21026.03
6551,1582,2025-11-16,Cancelled,56797.14
6552,4313,2024-02-13,Shipped,46255.4
6553,1414,2024-06-20,Cancelled,11046.51
6554,1410,2025-09-02,Cancelled,43311
6555,3365,2025-10-27,Delivered,30220.26
6556,4164,2025-10-09,Pending,20980.16
6557,1432,2025-09-20,Cancelled,14809.41
6558,1276,2025-01-25,Cancelled,70071.67
6559,4560,2024-10-30,Shipped,31142.65
6560,3172,2024-09-12,Delivered,52141.57
6561,1986,2025-08-25,Shipped,57806.96
6562,920,2024-12-05,Delivered,6813.45
6563,309,2025-04-17,Delivered,70890.56
6564,89,2024-04-18,Pending,74273.58
6565,3735,2025-09-09,Pending,57482.97
6566,4050,2024-11-23,Pending,5915.93
6567,3211,2025-06-22,Pending,8872.11
6568,2611,2025-08-10,Cancelled,29720.53
6569,683,2024-10-05,Shipped,24545.69
6570,1760,2025-09-02,Shipped,28506.04
6571,1118,2024-10-12,Cancelled,9181.87
6572,217,2024-02-03,Delivered,38667.29
6573,3554,2024-11-20,Cancelled,4321.4
6574,1602,2025-06-28,Cancelled,5434.73
6575,3431,2024-03-18,Cancelled,54944.13
6576,3738,2024-10-18,Pending,1830.42
6577,4511,2025-03-16,Cancelled,61395.77
6578,4732,2024-03-21,Delivered,15157.77
6579,1797,2024-11-15,Cancelled,23899.66
6580,4688,2025-03-01,Cancelled,46659.34
6581,902,2025-05-18,Delivered,9668.56
6582,3948,2025-07-26,Delivered,16019.17
6583,1650,2025-11-08,Shipped,56100.35
6584,4515,2025-06-15,Delivered,53184.35
6585,4155,2024-03-02,Pending,69020.31
6586,2546,2024-02-21,Delivered,24390.57
6587,1326,2024-10-16,Shipped,66419.37
6588,4552,2025-07-23,Pending,59761.73
6589,2092,2025-09-09,Pending,71752.2
6590,669,2025-05-09,Cancelled,67100.59
6591,3568,2025-10-18,Cancelled,7747.35
6592,4502,2025-07-13,Cancelled,8279.95
6593,4957,2025-05-05,Cancelled,10647.58
6594,4860,2024-02-11,Delivered,11206.44
6595,205,2025-03-20,Cancelled,46615.03
6596,3302,2025-08-21,Shipped,42409.88
6597,1006,2025-02-11,Delivered,876.95
6598,537,2024-01-05,Shipped,67334.81
6599,3165,2025-09-18,Shipped,16574.56
6600,385,2025-08-02,Delivered,33617.36
6601,4552,2025-04-14,Pending,23268.32
6602,2653,2025-02-23,Shipped,47991.09
6603,1545,2025-02-08,Pending,42923.29
6604,4884,2024-12-20,Cancelled,58726.99
6605,3431,2024-07-10,Shipped,24621.06
6606,3828,2025-11-02,Delivered,26735.28
6607,3544,2024-01-01,Pending,8934.15
6608,1100,2025-10-27,Shipped,72198.72
6609,3461,2025-05-11,Pending,67567.82
6610,4267,2024-01-30,Pending,69929.36
6611,400,2025-11-30,Shipped,55760.65
6612,1262,2025-07-26,Delivered,44723.9
6613,4557,2024-06-30,Pending,61597.84
6614,552,2024-08-25,Cancelled,63510.2
6615,1506,2024-10-17,Delivered,38518.78
6616,1319,2024-11-16,Cancelled,41634.06
6617,4321,2025-02-22,Cancelled,15028.13
6618,4618,2024-07-20,Cancelled,9987.73
6619,1646,2025-09-15,Shipped,19071.91
6620,229,2024-11-17,Cancelled,73073.42
6621,3176,2025-01-06,Cancelled,63982.38
6622,4459,2024-01-06,Shipped,4679.58
6623,4254,2025-02-12,Shipped,24508.83
6624,787,2024-02-03,Cancelled,56199.5
6625,2899,2025-07-04,Shipped,2116.75
6626,3772,2025-01-31,Delivered,51845.12
6627,192,2024-08-18,Cancelled,73514.42
6628,626,2025-09-27,Cancelled,27319.85
6629,3158,2025-07-20,Delivered,53368.72
6630,3567,2025-08-28,Shipped,56089.08
6631,619,2024-01-16,Cancelled,3254.74
6632,4329,2025-03-10,Pending,42874.58
6633,2996,2025-06-18,Pending,20923.68
6634,481,2024-06-02,Delivered,55786.98
6635,3785,2024-09-07,Delivered,59163.25
6636,93,2024-04-14,Delivered,61194.29
6637,2035,2024-07-31,Cancelled,62438.57
6638,4987,2025-08-15,Pending,58364.53
6639,2876,2025-07-07,Pending,41408.71
6640,4328,2025-08-29,Delivered,31957.87
6641,1436,2024-10-28,Delivered,64305.51
6642,2358,2025-06-15,Pending,49876.65
6643,4548,2024-08-01,Delivered,74887.3
6644,1358,2025-10-11,Cancelled,15301.08
6645,2803,2024-10-28,Delivered,12138.56
6646,1032,2025-10-18,Pending,38942.52
6647,2666,2024-03-21,Cancelled,69719.44
6648,1144,2025-11-03,Shipped,7510.68
6649,4647,2024-05-15,Cancelled,32267.43
6650,4049,2024-06-26,Cancelled,67436.3
6651,4574,2025-03-02,Pending,60546.81
6652,1104,2024-10-02,Delivered,8772.58
6653,1071,2024-07-20,Pending,50418.88
6654,4976,2025-01-25,Shipped,50196.91
6655,4402,2025-07-28,Pending,57499.36
6656,488,2024-01-14,Delivered,32013.83
6657,3526,2024-01-21,Delivered,51191.14
6658,3170,2025-12-19,Delivered,51011.13
6659,3123,2025-05-08,Pending,63835.7
6660,4986,2024-08-15,Pending,14041.86
6661,936,2024-05-06,Pending,50814.57
6662,1235,2025-02-05,Shipped,44396.19
6663,556,2025-11-26,Pending,18287.32
6664,2523,2025-03-03,Pending,34176.99
6665,1621,2024-11-02,Pending,7395.11
6666,2027,2024-05-15,Delivered,68724.62
6667,1977,2024-12-30,Pending,69206.05
6668,923,2025-08-13,Cancelled,66243.29
6669,913,2025-06-22,Delivered,50744.74
6670,1270,2024-03-06,Delivered,43412.42
6671,3030,2025-04-12,Shipped,33400.88
6672,1842,2024-09-06,Delivered,27693.65
6673,4004,2025-01-08,Cancelled,10189.19
6674,900,2025-10-12,Pending,11987.8
6675,1802,2025-08-02,Cancelled,74033.63
6676,132,2024-12-03,Pending,13681.6
6677,284,2025-07-14,Shipped,2320.52
6678,2081,2024-09-13,Pending,26666.73
6679,4982,2025-06-20,Pending,55071.52
6680,2609,2025-10-02,Pending,64588.93
6681,2313,2025-10-01,Cancelled,24184.18
6682,1116,2024-02-11,Cancelled,14494.29
6683,3039,2024-08-12,Cancelled,70159.71
6684,361,2024-11-17,Shipped,11165.51
6685,1515,2024-01-12,Cancelled,27762.04
6686,1084,2024-03-07,Shipped,3413.29
6687,1134,2024-05-23,Pending,54564.65
6688,4346,2024-07-27,Pending,74894.25
6689,920,2024-06-08,Pending,3484.94
6690,4683,2025-03-30,Pending,38627.01
6691,2063,2025-07-24,Shipped,36346.54
6692,801,2025-11-23,Delivered,3249.64
6693,4915,2025-03-18,Shipped,27385.95
6694,3611,2025-10-04,Shipped,72179.75
6695,3515,2025-06-30,Shipped,7372.67
6696,3258,2024-02-23,Delivered,44215.79
6697,761,2024-05-10,Pending,44974.93
6698,2839,2025-10-14,Pending,65403.33
6699,2483,2025-03-16,Shipped,63152.73
6700,4913,2024-02-15,Pending,8803.73
6701,414,2024-01-09,Shipped,51866.71
6702,2410,2025-08-02,Cancelled,20131.53
6703,2638,2025-02-14,Shipped,33053.94
6704,272,2024-07-12,Delivered,52571
6705,4472,2024-04-02,Delivered,39627.73
6706,3830,2024-05-03,Shipped,7051.94
6707,268,2024-08-06,Cancelled,69637.18
6708,389,2025-11-07,Delivered,8179.4
6709,2983,2024-10-02,Pending,59179.81
6710,4728,2024-07-18,Shipped,42250.05
6711,3425,2024-02-08,Shipped,29071.34
6712,46,2025-06-26,Delivered,17665.06
6713,2705,2025-07-27,Cancelled,54834.35
6714,709,2024-06-21,Pending,73977.59
6715,1236,2025-11-13,Cancelled,65864.14
6716,875,2024-10-25,Delivered,42838.1
6717,1212,2024-12-30,Pending,24656.97
6718,201,2025-07-06,Cancelled,57557.82
6719,1348,2025-12-15,Shipped,17344.45
6720,23,2024-05-29,Delivered,17883.97
6721,1395,2024-03-13,Pending,19996.01
6722,1420,2024-08-03,Cancelled,1455.33
6723,850,2025-12-16,Cancelled,53868.27
6724,1531,2024-06-08,Pending,14304.39
6725,4729,2025-04-16,Pending,47855.39
6726,1659,2025-10-27,Delivered,36697.84
6727,27,2024-05-19,Cancelled,19135.73
6728,3907,2024-08-10,Pending,6902.81
6729,2039,2024-08-09,Delivered,30924.15
6730,1739,2024-06-21,Cancelled,44938.23
6731,1417,2025-04-24,Delivered,64294.35
6732,4492,2024-02-27,Shipped,64738.15
6733,2354,2025-06-21,Cancelled,36395.64
6734,4027,2024-04-04,Pending,11514.93
6735,323,2025-07-31,Cancelled,1736.77
6736,3269,2025-02-16,Delivered,46648.07
6737,888,2025-11-13,Shipped,30557.07
6738,1186,2024-11-28,Pending,8962.7
6739,4382,2025-04-08,Cancelled,73901.84
6740,3350,2025-05-12,Delivered,3771.49
6741,1834,2025-08-21,Cancelled,33010.57
6742,1874,2025-04-04,Delivered,11271.71
6743,1597,2025-11-05,Cancelled,46331.45
6744,1071,2025-12-05,Delivered,16530.06
6745,3397,2025-01-30,Shipped,21678.45
6746,3464,2025-06-27,Delivered,28592.48
6747,430,2024-05-01,Cancelled,66824.33
6748,1426,2025-05-12,Delivered,38430.4
6749,2242,2024-11-07,Cancelled,11431.61
6750,1365,2025-08-30,Pending,10182.01
6751,4075,2024-06-06,Shipped,22356.13
6752,2574,2025-04-18,Delivered,56021.79
6753,3576,2025-01-31,Delivered,24911.21
6754,427,2025-10-02,Shipped,30591.49
6755,2854,2025-10-10,Pending,41594.14
6756,924,2024-03-09,Delivered,52435.54
6757,1623,2024-05-01,Pending,12171.74
6758,4767,2025-02-15,Cancelled,46815.95
6759,4097,2024-03-26,Shipped,57961.51
6760,143,2025-05-27,Delivered,11932.5
6761,4621,2025-04-08,Shipped,41682.35
6762,379,2025-08-22,Pending,53097.23
6763,4429,2025-07-30,Pending,56401.96
6764,4322,2025-01-06,Pending,8872.82
6765,4933,2024-06-27,Delivered,47479.76
6766,4044,2024-03-29,Pending,34397.78
6767,2806,2025-09-22,Cancelled,16783.52
6768,2111,2024-05-01,Cancelled,52804.74
6769,1632,2025-09-23,Shipped,48493.09
6770,4300,2024-05-04,Shipped,10507.02
6771,4302,2024-09-19,Pending,71138.21
6772,3980,2025-03-29,Pending,49709.04
6773,1755,2025-10-30,Cancelled,3207.93
6774,2522,2024-01-03,Pending,53333.47
6775,3090,2024-12-14,Shipped,33285.14
6776,4160,2025-01-24,Delivered,36675.3
6777,3748,2025-02-01,Cancelled,71602.88
6778,1011,2025-01-20,Pending,47119.14
6779,2779,2024-01-01,Pending,54017.84
6780,2791,2025-02-11,Shipped,30454.32
6781,904,2025-06-17,Pending,16686.34
6782,2963,2024-11-04,Cancelled,13350.41
6783,3322,2024-06-03,Pending,58541.44
6784,4491,2024-12-22,Pending,40559.1
6785,4972,2025-11-23,Delivered,25207.86
6786,4799,2024-11-05,Shipped,31379.05
6787,798,2025-10-18,Shipped,7762.92
6788,1443,2024-04-14,Shipped,56045.64
6789,261,2024-12-22,Cancelled,57771.33
6790,4242,2025-05-24,Cancelled,56392.54
6791,4617,2024-06-30,Shipped,39191.82
6792,3814,2025-08-26,Cancelled,40134.81
6793,4312,2025-02-11,Pending,5080.12
6794,4232,2025-10-24,Cancelled,26416.12
6795,829,2025-06-11,Delivered,6781.81
6796,1454,2024-06-03,Delivered,30154.73
6797,424,2025-11-11,Pending,64064.09
6798,128,2025-04-30,Delivered,2591.59
6799,3880,2025-11-25,Shipped,8460.23
6800,1059,2024-12-22,Shipped,43324.86
6801,4026,2025-06-09,Delivered,23876.29
6802,761,2024-12-07,Cancelled,41970.36
6803,3299,2024-01-29,Pending,43574.68
6804,2848,2025-02-20,Delivered,1662.43
6805,3739,2024-02-07,Cancelled,50524.42
6806,3375,2024-04-28,Pending,49676.89
6807,4226,2024-12-04,Delivered,8281.23
6808,440,2024-05-26,Pending,11210.37
6809,4822,2025-01-21,Pending,55547.86
6810,589,2025-08-15,Shipped,14093.52
6811,3635,2025-06-28,Delivered,62636.95
6812,2478,2025-09-27,Delivered,35295.55
6813,1357,2025-03-21,Cancelled,51693.94
6814,3661,2024-04-02,Pending,68696.24
6815,177,2025-10-21,Pending,31108.08
6816,96,2024-09-21,Shipped,5152.38
6817,875,2024-12-25,Shipped,62012.7
6818,1371,2024-04-19,Delivered,33943.89
6819,4313,2025-01-31,Shipped,65140.55
6820,1608,2025-05-29,Pending,44069.63
6821,836,2024-01-26,Cancelled,62007.01
6822,1752,2024-03-29,Pending,23008.51
6823,1010,2024-06-06,Pending,1107.03
6824,3893,2025-01-30,Shipped,43186.03
6825,702,2024-10-11,Cancelled,55667.68
6826,3961,2024-12-08,Shipped,72152.29
6827,856,2024-12-07,Delivered,50662.06
6828,3069,2024-10-09,Pending,27152.35
6829,87,2024-01-09,Shipped,59696.99
6830,4673,2024-01-08,Cancelled,16489.57
6831,2869,2025-08-28,Cancelled,49530.99
6832,1040,2025-11-02,Pending,50910.78
6833,955,2025-10-17,Pending,13045.42
6834,4638,2024-01-08,Cancelled,42029.95
6835,1979,2025-01-25,Pending,6717.03
6836,3155,2025-08-01,Pending,28127.63
6837,4429,2025-08-21,Delivered,58088.68
6838,1132,2025-01-13,Cancelled,35550.15
6839,143,2024-09-15,Delivered,30942.92
6840,625,2024-06-21,Delivered,37102.71
6841,816,2025-11-06,Delivered,37853.8
6842,80,2024-08-12,Cancelled,10253.57
6843,2660,2025-03-24,Delivered,59342.52
6844,415,2025-07-05,Pending,69300.64
6845,732,2025-08-05,Pending,44531.16
6846,3053,2025-07-16,Cancelled,61955.61
6847,2091,2024-05-01,Delivered,31512.82
6848,4044,2025-09-09,Delivered,9265.73
6849,1912,2025-09-21,Pending,74668.84
6850,4517,2025-10-15,Cancelled,8564.56
6851,580,2025-11-08,Pending,24080.36
6852,3197,2024-06-02,Cancelled,6214.42
6853,3308,2025-02-03,Cancelled,5834.8
6854,204,2025-09-12,Cancelled,3005.95
6855,392,2024-03-14,Shipped,14698.84
6856,1918,2025-01-03,Cancelled,64089.63
6857,2052,2024-05-15,Pending,58127.26
6858,930,2025-09-30,Cancelled,67238.36
6859,3960,2025-01-02,Shipped,27308.18
6860,3931,2025-10-16,Shipped,27726.23
6861,2332,2024-02-26,Pending,74422.62
6862,3434,2025-05-04,Pending,38788.81
6863,1850,2024-03-11,Cancelled,18800.06
6864,2873,2024-02-20,Shipped,58612.83
6865,4325,2025-05-23,Pending,21877.9
6866,2351,2025-10-06,Pending,54768.24
6867,2931,2025-11-19,Cancelled,54350.73
6868,1331,2024-11-20,Cancelled,44136.53
6869,3186,2024-03-16,Pending,992.71
6870,1029,2025-02-24,Delivered,48519.57
6871,206,2024-10-06,Shipped,29334.22
6872,1669,2025-05-08,Pending,60820.77
6873,926,2025-10-29,Cancelled,45667.52
6874,1948,2025-08-08,Cancelled,58599.46
6875,4226,2024-05-26,Cancelled,26837
6876,3212,2024-10-08,Cancelled,33224.88
6877,3382,2025-03-23,Delivered,29949.33
6878,2533,2024-06-30,Shipped,14666.66
6879,2050,2024-11-16,Cancelled,31906.65
6880,798,2025-08-11,Cancelled,29377.5
6881,182,2024-05-26,Delivered,50708.59
6882,957,2025-01-19,Cancelled,42931.11
6883,145,2025-06-18,Shipped,47668.11
6884,4517,2025-10-02,Cancelled,35846.53
6885,4654,2024-09-25,Delivered,20250.79
6886,3829,2024-03-11,Cancelled,55547.94
6887,1434,2025-11-28,Shipped,14540.43
6888,1288,2024-09-13,Delivered,33833.95
6889,4158,2025-01-02,Pending,42446.44
6890,1455,2024-12-11,Shipped,4367.6
6891,252,2024-12-25,Delivered,3157.06
6892,4346,2025-04-25,Delivered,35835.8
6893,931,2024-02-04,Shipped,64263.43
6894,3855,2024-08-27,Shipped,4692.32
6895,2935,2024-01-05,Delivered,58477.58
6896,2829,2024-08-01,Shipped,65790.51
6897,700,2024-04-16,Pending,54389.74
6898,53,2024-04-30,Shipped,31453.44
6899,1585,2024-07-13,Delivered,13233.49
6900,3324,2025-07-20,Pending,74375.27
6901,4897,2024-03-21,Pending,59419.6
6902,3555,2024-01-09,Delivered,48027.28
6903,3780,2024-08-31,Cancelled,40793.07
6904,4296,2024-09-28,Cancelled,15164.21
6905,381,2025-09-28,Delivered,61826.16
6906,1041,2025-01-21,Cancelled,25841.32
6907,722,2025-06-02,Delivered,34909.27
6908,3865,2024-06-23,Shipped,37775.52
6909,623,2024-05-03,Cancelled,5822.32
6910,1139,2024-04-05,Pending,13211.85
6911,1707,2025-09-15,Shipped,35864.42
6912,1130,2025-12-02,Cancelled,52120
6913,3890,2025-07-16,Delivered,66417.47
6914,1868,2024-12-30,Delivered,31915.9
6915,3010,2025-12-20,Shipped,48129.89
6916,4799,2025-07-09,Cancelled,40544.74
6917,4096,2025-04-04,Delivered,44075.31
6918,2652,2025-03-22,Delivered,39711.41
6919,407,2025-09-18,Delivered,8142.35
6920,2705,2024-01-25,Shipped,16488.18
6921,238,2025-04-09,Cancelled,5467.01
6922,1403,2024-10-13,Pending,45612.67
6923,3192,2025-08-07,Delivered,69194.42
6924,2241,2025-07-30,Cancelled,48999.69
6925,473,2025-09-29,Delivered,62549.83
6926,1523,2025-09-11,Shipped,61843.81
6927,3425,2025-01-28,Shipped,2224.64
6928,3547,2024-01-15,Shipped,72519.49
6929,135,2025-12-06,Cancelled,54076.16
6930,3194,2025-08-28,Shipped,1769.92
6931,4210,2025-06-22,Delivered,43360.3
6932,3702,2024-05-25,Delivered,49126.11
6933,3261,2025-11-26,Shipped,10833.92
6934,3230,2024-01-25,Delivered,55804.53
6935,3367,2024-07-31,Delivered,67357.44
6936,3047,2025-05-08,Delivered,48247.66
6937,1149,2025-01-07,Shipped,63693.06
6938,1035,2024-08-20,Delivered,15738.68
6939,1215,2024-11-06,Delivered,49075.12
6940,14,2025-09-13,Delivered,64691.13
6941,3744,2024-08-24,Cancelled,11655.37
6942,3359,2024-11-10,Delivered,45708.7
6943,3581,2025-09-01,Delivered,31933.77
6944,2409,2025-12-21,Pending,6625.29
6945,2187,2025-07-07,Delivered,46376.41
6946,4643,2024-11-18,Delivered,7174.35
6947,3856,2025-05-06,Cancelled,23609.28
6948,4466,2025-10-13,Delivered,2976.23
6949,2484,2025-11-11,Cancelled,6844.95
6950,3730,2024-10-20,Shipped,16955.27
6951,1221,2024-03-19,Delivered,43179.24
6952,1612,2024-03-15,Delivered,74290.76
6953,3605,2024-12-05,Delivered,33160.28
6954,1588,2024-05-10,Pending,68467.38
6955,1270,2024-06-20,Shipped,6368.19
6956,2122,2025-05-16,Delivered,58548.59
6957,384,2025-02-10,Shipped,10120.25
6958,4907,2025-10-03,Delivered,1155.16
6959,1747,2024-10-14,Shipped,22641.7
6960,854,2024-01-29,Delivered,29185.26
6961,546,2024-07-12,Shipped,27164.76
6962,3558,2024-04-29,Cancelled,3158.78
6963,1408,2025-05-29,Delivered,40761.1
6964,2450,2025-07-20,Delivered,14609.56
6965,430,2024-12-23,Pending,2779.13
6966,1398,2025-07-20,Shipped,2933.03
6967,832,2025-08-26,Shipped,11685.45
6968,2176,2024-01-30,Cancelled,46534.89
6969,942,2024-01-21,Shipped,55484.1
6970,3968,2024-07-25,Delivered,48292.89
6971,346,2024-08-12,Delivered,13317.9
6972,2970,2025-03-12,Shipped,31471.46
6973,3076,2024-10-31,Cancelled,64265.94
6974,2388,2024-05-22,Cancelled,61442.39
6975,3983,2025-09-15,Shipped,56107.6
6976,3089,2024-05-15,Delivered,47905.56
6977,4583,2025-04-24,Cancelled,22935.46
6978,444,2024-12-03,Delivered,3888.33
6979,3050,2025-07-26,Cancelled,14720.27
6980,4128,2025-06-22,Shipped,3421.03
6981,4536,2024-05-29,Shipped,6520
6982,2280,2024-08-21,Cancelled,48224.79
6983,1179,2025-10-14,Pending,13656.99
6984,1862,2024-08-27,Cancelled,20449.5
6985,857,2024-08-07,Cancelled,70979.49
6986,1569,2024-12-11,Cancelled,22126.95
6987,406,2025-01-18,Delivered,9492.58
6988,853,2024-06-11,Delivered,73691.63
6989,1560,2025-12-23,Shipped,60472.31
6990,968,2025-01-27,Pending,29453.22
6991,370,2025-11-19,Shipped,32505.16
6992,4616,2024-09-18,Shipped,21008.97
6993,3107,2025-06-07,Delivered,48933.94
6994,3738,2024-10-19,Pending,16317.04
6995,4482,2025-01-07,Cancelled,9642.41
6996,2578,2025-07-19,Shipped,33951.91
6997,24,2024-09-10,Delivered,39567.19
6998,4037,2024-08-14,Cancelled,62688.74
6999,556,2024-11-19,Pending,63980.56
7000,609,2025-01-05,Delivered,40167.78
7001,2515,2025-10-11,Pending,63278.14
7002,3196,2024-08-08,Cancelled,60900.96
7003,3386,2025-03-09,Delivered,8845.59
7004,291,2024-07-14,Cancelled,42737.4
7005,456,2024-07-18,Delivered,72140.8
7006,3000,2025-05-27,Shipped,41009.96
7007,4204,2024-11-06,Cancelled,53423.76
7008,1185,2024-12-10,Cancelled,44843.74
7009,851,2024-09-09,Delivered,47156.53
7010,3603,2024-03-29,Delivered,14064.72
7011,3261,2025-02-04,Shipped,18484.34
7012,4024,2025-09-21,Delivered,14038.95
7013,1116,2025-08-11,Delivered,41171.49
7014,2113,2024-03-29,Shipped,74130.86
7015,243,2025-01-06,Pending,14278.17
7016,497,2025-02-23,Delivered,38962.49
7017,4992,2025-10-12,Pending,8426.65
7018,1943,2024-02-27,Cancelled,8341.18
7019,4844,2025-08-07,Delivered,74529.16
7020,2419,2024-08-14,Delivered,65490.58
7021,3702,2024-04-07,Delivered,24445.23
7022,4225,2025-08-29,Shipped,73634.14
7023,4159,2025-09-01,Pending,49663.63
7024,3004,2024-01-23,Delivered,2191.1
7025,2815,2025-12-22,Shipped,13575.14
7026,1962,2025-11-23,Delivered,67020.85
7027,1951,2024-04-12,Delivered,74705.58
7028,4885,2024-03-11,Delivered,3504.88
7029,505,2025-09-12,Shipped,32163.81
7030,1728,2024-03-10,Pending,16430.78
7031,1313,2024-08-22,Pending,17029.11
7032,2370,2024-12-27,Shipped,13951.12
7033,1612,2024-12-31,Shipped,25568.69
7034,4562,2025-10-18,Cancelled,14144.37
7035,81,2025-03-22,Cancelled,61006.93
7036,1192,2024-02-26,Pending,57780.59
7037,1885,2025-03-13,Pending,13763.81
7038,1515,2024-02-28,Pending,45642.63
7039,4717,2024-04-11,Delivered,68378.99
7040,3004,2025-06-01,Cancelled,10395.62
7041,2710,2025-10-09,Delivered,16575.27
7042,2457,2025-08-18,Shipped,31178.67
7043,2740,2025-08-26,Cancelled,25292.24
7044,1927,2024-08-27,Shipped,11462.61
7045,2579,2025-08-15,Pending,26199.43
7046,4538,2025-10-22,Cancelled,23084.86
7047,4713,2025-07-04,Shipped,58772.68
7048,2239,2024-07-22,Pending,40441.1
7049,4402,2024-08-01,Delivered,34056.2
7050,267,2025-09-17,Delivered,72562.66
7051,3421,2025-10-17,Shipped,15921.36
7052,1189,2025-07-27,Pending,47993.01
7053,3382,2024-12-18,Pending,26480.74
7054,1001,2025-02-01,Pending,74191.89
7055,1182,2025-06-09,Pending,69732.56
7056,335,2024-09-03,Shipped,64687.21
7057,4552,2025-07-07,Cancelled,36045.93
7058,548,2024-04-03,Shipped,17339.44
7059,4638,2025-01-23,Delivered,49484.05
7060,3455,2025-01-28,Delivered,14509.33
7061,2740,2024-01-20,Pending,49187.44
7062,148,2025-09-24,Cancelled,21831.64
7063,3142,2025-02-05,Cancelled,43462.22
7064,1830,2025-01-01,Pending,53447.93
7065,2149,2025-09-13,Delivered,63516.54
7066,526,2024-05-15,Delivered,50494.57
7067,4073,2025-05-25,Pending,33502.49
7068,3512,2025-09-23,Delivered,6277.63
7069,4340,2025-04-12,Delivered,42916.7
7070,1391,2024-12-13,Shipped,15503.19
7071,1466,2024-01-07,Delivered,67661.01
7072,4307,2025-02-05,Pending,51338.84
7073,172,2025-07-25,Delivered,41704.94
7074,4296,2024-02-03,Delivered,17438.48
7075,1947,2025-09-17,Delivered,3347.49
7076,2594,2024-06-12,Pending,23229.66
7077,440,2024-10-02,Pending,29815.49
7078,3886,2024-04-10,Pending,33173.89
7079,4106,2025-01-17,Delivered,22413.26
7080,1312,2024-01-06,Delivered,67298.25
7081,983,2025-03-24,Shipped,21764.39
7082,1968,2024-04-07,Pending,16365.68
7083,1612,2024-07-03,Cancelled,57386.45
7084,2197,2024-09-17,Shipped,71729.11
7085,266,2024-02-05,Cancelled,8512.4
7086,4270,2025-12-03,Pending,10645.87
7087,23,2025-08-29,Shipped,62016.1
7088,2776,2024-12-17,Shipped,16340.85
7089,2210,2025-12-04,Delivered,25776.37
7090,2977,2025-04-18,Cancelled,51861.91
7091,3853,2025-03-07,Shipped,61187.46
7092,1655,2025-05-31,Pending,64810.03
7093,472,2024-08-10,Delivered,71885.82
7094,4763,2025-06-13,Shipped,73091.08
7095,3197,2025-06-07,Cancelled,43433.58
7096,4804,2025-02-12,Shipped,59691.65
7097,1787,2025-09-30,Shipped,60575.94
7098,880,2024-11-08,Cancelled,22049.56
7099,2658,2025-01-09,Delivered,38343.21
7100,2802,2025-06-23,Shipped,1727.22
7101,2116,2024-07-05,Delivered,26757.87
7102,2354,2025-09-10,Cancelled,4621.54
7103,2911,2024-07-20,Delivered,57682.74
7104,872,2024-03-20,Pending,1650.54
7105,4928,2025-07-21,Cancelled,36698.8
7106,1794,2024-08-06,Delivered,9792.82
7107,4108,2024-07-07,Shipped,5905.62
7108,2133,2025-08-03,Pending,814.27
7109,4505,2024-09-30,Pending,26117.99
7110,2341,2024-04-17,Shipped,70430.91
7111,994,2025-05-13,Delivered,68512.63
7112,1961,2024-11-28,Delivered,62492.09
7113,320,2025-02-24,Delivered,70869.21
7114,3631,2024-05-12,Cancelled,66726.09
7115,4601,2025-01-17,Delivered,5286.95
7116,2948,2025-07-28,Delivered,54989.51
7117,1153,2025-11-27,Cancelled,48998.95
7118,3313,2024-03-27,Cancelled,63104.77
7119,831,2024-06-24,Shipped,2961.43
7120,1174,2024-01-25,Cancelled,35193.43
7121,3344,2025-02-08,Pending,21466.24
7122,268,2025-08-06,Pending,25188.85
7123,87,2024-01-01,Delivered,11239.54
7124,4356,2025-04-24,Cancelled,60070.31
7125,1863,2025-06-07,Delivered,6947.89
7126,2984,2024-10-21,Shipped,30249.15
7127,2533,2024-08-09,Delivered,10981.27
7128,762,2024-06-24,Pending,22296.05
7129,4180,2024-10-16,Cancelled,74940.78
7130,3268,2025-06-05,Pending,66844.68
7131,2569,2024-10-15,Shipped,67608.62
7132,3234,2025-12-28,Cancelled,50094.32
7133,68,2025-05-01,Shipped,27115.43
7134,253,2024-01-28,Delivered,71661.06
7135,931,2025-06-24,Shipped,54481.48
7136,3143,2025-05-16,Shipped,65494.85
7137,810,2025-10-06,Cancelled,40526.29
7138,4822,2025-12-04,Delivered,38030.08
7139,996,2025-02-04,Cancelled,73396.9
7140,1084,2024-07-19,Pending,31208.69
7141,1288,2024-07-18,Cancelled,25076.86
7142,2606,2024-04-07,Shipped,43778.46
7143,1869,2025-09-24,Cancelled,17928.95
7144,3512,2025-10-23,Pending,48442.31
7145,4194,2025-04-08,Shipped,20962.67
7146,1666,2024-01-09,Cancelled,50608.33
7147,3879,2024-01-15,Shipped,33377.02
7148,1851,2024-12-23,Pending,2118.71
7149,4052,2025-12-04,Pending,14282.72
7150,271,2025-06-13,Delivered,3470.92
7151,281,2025-06-24,Cancelled,3202.71
7152,2697,2024-06-28,Pending,7044.76
7153,2755,2024-06-08,Delivered,72944.45
7154,280,2024-04-01,Shipped,45195.99
7155,1612,2025-07-14,Pending,6062.48
7156,3612,2025-01-11,Pending,67283.78
7157,2468,2025-07-12,Shipped,48198.31
7158,203,2025-06-02,Cancelled,17657.15
7159,3663,2024-12-01,Pending,6913.34
7160,4928,2025-02-07,Shipped,8627.08
7161,1090,2024-10-06,Pending,73424.89
7162,1833,2024-03-30,Cancelled,15352.97
7163,3994,2025-06-04,Pending,12830.29
7164,4726,2025-05-22,Cancelled,59652.08
7165,4155,2024-08-01,Shipped,64367.98
7166,4504,2025-10-21,Shipped,31861.3
7167,4494,2024-03-18,Cancelled,51391.04
7168,4330,2024-04-26,Shipped,66824.27
7169,204,2024-08-16,Pending,34610.08
7170,2344,2025-08-28,Shipped,35666.71
7171,2568,2024-03-21,Pending,62425.49
7172,3269,2024-04-03,Shipped,15773.6
7173,2680,2025-04-15,Cancelled,9826.19
7174,1004,2025-05-17,Pending,70835.79
7175,2151,2025-02-10,Pending,49277.4
7176,4151,2025-05-21,Pending,59107.93
7177,3153,2025-08-31,Delivered,10710.54
7178,1000,2025-04-22,Pending,43712.39
7179,4631,2025-06-02,Cancelled,58351.78
7180,78,2024-08-27,Cancelled,23367.09
7181,891,2024-04-11,Delivered,4377.81
7182,3276,2024-10-26,Cancelled,29235.16
7183,3248,2024-06-17,Shipped,71413.32
7184,873,2025-06-22,Cancelled,937.15
7185,4106,2024-05-02,Delivered,67805.69
7186,1291,2024-05-05,Pending,70838.73
7187,1430,2025-03-31,Pending,15453.36
7188,29,2024-05-08,Pending,46409.87
7189,3473,2025-06-10,Shipped,9138.53
7190,4599,2025-05-01,Shipped,36614.37
7191,1988,2024-07-15,Shipped,43176.8
7192,803,2025-10-01,Delivered,7041.74
7193,2642,2025-09-01,Delivered,14188.6
7194,3790,2025-07-10,Shipped,50039.73
7195,4081,2024-11-13,Pending,70733.06
7196,2548,2025-10-09,Shipped,48417.53
7197,4149,2024-02-28,Cancelled,25082.11
7198,3344,2024-09-10,Cancelled,71015.86
7199,3551,2024-07-22,Cancelled,68390.51
7200,3296,2024-06-15,Shipped,36680.28
7201,931,2025-05-14,Cancelled,35092.91
7202,4338,2024-02-09,Delivered,49261.67
7203,3966,2024-02-25,Delivered,34149.2
7204,2308,2025-02-13,Delivered,46253.98
7205,2892,2025-03-11,Pending,7281.32
7206,4417,2024-01-11,Cancelled,12677.47
7207,929,2025-04-26,Pending,16123.69
7208,70,2024-11-20,Shipped,67100.17
7209,4521,2024-08-19,Shipped,20607.99
7210,706,2025-07-16,Shipped,42752.66
7211,2761,2025-01-23,Delivered,41567.73
7212,1312,2025-02-05,Delivered,4402.18
7213,3125,2025-07-02,Delivered,59722.42
7214,2170,2024-10-27,Cancelled,15471.51
7215,192,2025-06-06,Pending,17246.78
7216,2615,2025-03-31,Pending,5474.83
7217,4972,2024-11-18,Delivered,34625.31
7218,4945,2024-01-09,Delivered,33399.13
7219,2092,2024-01-28,Delivered,30533.58
7220,3958,2025-04-01,Pending,6364.47
7221,892,2025-06-22,Shipped,57686.87
7222,976,2024-12-26,Pending,27406.34
7223,4704,2025-08-09,Pending,40247.74
7224,1023,2025-03-28,Delivered,53963.51
7225,1667,2025-08-04,Pending,5110.06
7226,2644,2025-09-12,Shipped,69513.11
7227,1025,2025-04-05,Pending,6815.13
7228,407,2024-03-14,Pending,24284.92
7229,2810,2024-08-10,Cancelled,10680.07
7230,609,2025-06-09,Shipped,36379.54
7231,300,2025-04-28,Shipped,69960.86
7232,104,2025-01-17,Pending,26402.32
7233,118,2025-05-10,Delivered,40035.2
7234,2485,2024-10-21,Cancelled,15645.74
7235,1693,2024-08-03,Delivered,24609.64
7236,3176,2025-10-15,Cancelled,43523.06
7237,1432,2025-12-04,Delivered,54518.41
7238,1424,2025-11-14,Delivered,46633.17
7239,4135,2024-01-26,Shipped,19401.64
7240,4918,2024-04-07,Cancelled,6508.03
7241,3704,2024-10-08,Cancelled,63570.41
7242,1439,2024-08-29,Cancelled,41801.98
7243,3323,2024-02-15,Pending,11286.79
7244,1664,2024-08-12,Delivered,74916.19
7245,1198,2025-11-14,Delivered,9366.62
7246,4544,2025-12-17,Delivered,20751.66
7247,4047,2024-06-14,Cancelled,35296.03
7248,645,2025-12-03,Delivered,44677.16
7249,1385,2024-05-23,Delivered,12561.07
7250,4118,2024-01-19,Pending,34097.53
7251,1886,2024-11-07,Delivered,41593.33
7252,1600,2025-08-19,Pending,35029
7253,569,2025-11-28,Shipped,20581.9
7254,1273,2025-12-15,Cancelled,25972.37
7255,1740,2025-06-25,Shipped,30599.83
7256,2417,2024-07-05,Delivered,50192.09
7257,2319,2025-11-03,Shipped,51803.15
7258,4467,2025-03-07,Shipped,73701.56
7259,2407,2024-08-24,Pending,46042.28
7260,4187,2025-03-04,Cancelled,6118.47
7261,4746,2025-04-18,Delivered,26772.3
7262,4193,2024-12-30,Cancelled,60382.28
7263,3461,2024-01-26,Delivered,40328.59
7264,1129,2024-10-13,Cancelled,46610.95
7265,2688,2024-02-14,Cancelled,29300.74
7266,4816,2024-02-21,Cancelled,70628.81
7267,1114,2024-06-23,Delivered,58143.87
7268,3185,2025-07-20,Cancelled,28446.39
7269,3647,2024-12-19,Delivered,51185.29
7270,1024,2025-07-17,Cancelled,51132.41
7271,1943,2024-01-19,Shipped,20196.23
7272,601,2025-07-30,Delivered,36682.78
7273,2766,2024-10-13,Pending,26661.49
7274,4519,2024-06-22,Delivered,25564.45
7275,4274,2025-09-04,Shipped,48448.26
7276,430,2025-04-19,Shipped,67633.95
7277,4845,2024-04-09,Cancelled,36825.02
7278,1776,2025-11-20,Cancelled,60635.34
7279,564,2025-05-02,Cancelled,58596.58
7280,2977,2025-09-21,Delivered,30981.41
7281,2094,2025-06-21,Delivered,3850.41
7282,1733,2024-06-16,Pending,7969.48
7283,3022,2024-05-01,Shipped,5976.71
7284,2115,2025-11-18,Pending,26382.24
7285,3307,2025-05-12,Delivered,19452.57
7286,1164,2025-12-17,Shipped,45429.44
7287,3147,2025-01-14,Pending,60244.02
7288,1725,2024-05-09,Cancelled,38554.84
7289,3757,2025-11-24,Cancelled,36386.8
7290,3692,2025-08-26,Delivered,60499.12
7291,1813,2024-03-03,Pending,37167.51
7292,3113,2025-08-23,Cancelled,57289.11
7293,1190,2025-07-06,Pending,37502.13
7294,293,2024-10-09,Shipped,40155.6
7295,3013,2025-10-24,Delivered,70772.79
7296,4502,2025-03-07,Shipped,56310.21
7297,314,2025-03-13,Cancelled,60849.58
7298,1298,2025-01-10,Cancelled,17723.75
7299,410,2025-11-08,Pending,6597.23
7300,2603,2024-01-10,Pending,3875.93
7301,1650,2024-08-22,Shipped,53539.44
7302,99,2025-02-03,Delivered,26676.33
7303,419,2024-10-26,Delivered,39606.77
7304,911,2025-04-16,Pending,26880.59
7305,660,2024-07-04,Pending,66912.15
7306,4465,2024-02-02,Pending,21361.98
7307,3049,2025-09-26,Cancelled,46241.73
7308,3753,2024-02-01,Pending,72216.95
7309,1458,2024-03-08,Pending,18861.64
7310,308,2025-06-03,Delivered,28027.58
7311,3658,2024-09-19,Delivered,42007.84
7312,1629,2025-05-14,Cancelled,18772.75
7313,3748,2025-06-24,Cancelled,15119.07
7314,910,2024-02-21,Shipped,1689.57
7315,4495,2024-05-18,Shipped,73287.54
7316,4368,2025-06-12,Cancelled,56585.08
7317,4148,2025-08-06,Delivered,38737.28
7318,813,2025-03-23,Shipped,55924.02
7319,3081,2024-01-28,Delivered,39940.53
7320,3193,2025-03-21,Pending,42488.04
7321,402,2025-12-21,Delivered,33681.1
7322,1638,2025-02-14,Cancelled,38636.11
7323,281,2025-09-14,Cancelled,8615.52
7324,577,2025-11-17,Pending,59568.75
7325,1405,2024-10-30,Pending,50380.88
7326,4915,2024-07-26,Delivered,3890.26
7327,22,2024-07-31,Cancelled,60772.41
7328,66,2024-05-23,Cancelled,2809.15
7329,526,2024-03-16,Pending,38207.49
7330,358,2025-10-10,Cancelled,35665.74
7331,3166,2025-08-31,Shipped,43118.62
7332,3223,2024-06-26,Pending,34799.25
7333,3404,2024-12-12,Cancelled,24180.11
7334,3551,2024-08-11,Shipped,56328
7335,796,2025-02-16,Delivered,6578.19
7336,1806,2024-08-07,Pending,57696.9
7337,1035,2024-04-13,Cancelled,22925.48
7338,3680,2025-04-14,Cancelled,15434.54
7339,2909,2025-12-27,Pending,54012.92
7340,2950,2024-05-29,Shipped,2755.51
7341,3485,2025-09-25,Shipped,60605
7342,4125,2025-01-19,Shipped,18784.28
7343,822,2024-11-12,Cancelled,71176.37
7344,1951,2024-04-01,Pending,20073.41
7345,3597,2024-04-01,Cancelled,63463.43
7346,4062,2025-09-16,Pending,16239.47
7347,2288,2025-06-29,Cancelled,56192.76
7348,1018,2024-03-09,Delivered,27408.21
7349,1087,2024-02-10,Cancelled,56004.24
7350,4187,2025-01-06,Cancelled,49283.06
7351,2469,2024-03-20,Pending,4382.23
7352,164,2025-09-20,Delivered,826.34
7353,2693,2025-06-21,Pending,9875.25
7354,93,2024-09-04,Cancelled,27517.18
7355,1860,2025-09-18,Pending,14231.36
7356,2831,2024-10-14,Shipped,34671.31
7357,4561,2024-04-24,Pending,8635.93
7358,1228,2024-09-30,Pending,13140.86
7359,3245,2024-06-17,Cancelled,66659.48
7360,966,2025-12-17,Cancelled,4773.62
7361,1096,2024-12-13,Cancelled,12715.71
7362,825,2025-07-23,Cancelled,44140.05
7363,3049,2024-12-27,Shipped,3757.78
7364,2938,2024-03-24,Cancelled,5859.52
7365,2974,2024-09-09,Pending,46547.38
7366,1700,2024-02-28,Pending,40537.6
7367,1999,2025-01-11,Cancelled,33390.27
7368,3916,2024-08-30,Pending,42197.78
7369,1657,2025-10-29,Delivered,67518.87
7370,876,2024-06-25,Cancelled,36028.36
7371,1340,2024-06-02,Shipped,62660.45
7372,1228,2024-03-14,Pending,18494.48
7373,1099,2025-12-02,Delivered,42243.63
7374,1799,2025-03-02,Pending,40451.95
7375,2814,2024-07-08,Delivered,45899.58
7376,3158,2024-11-12,Delivered,66247.23
7377,3994,2025-02-22,Delivered,48732.89
7378,1746,2024-01-26,Shipped,42022.13
7379,3781,2025-08-03,Delivered,39767.53
7380,3364,2025-11-11,Cancelled,29748.69
7381,4436,2024-03-19,Cancelled,55855.01
7382,3025,2024-08-01,Pending,17821.43
7383,3563,2025-06-14,Shipped,17043.42
7384,2871,2024-07-23,Pending,10885.43
7385,8,2024-07-11,Pending,59327.06
7386,2762,2025-05-14,Delivered,36072.52
7387,4341,2024-09-30,Cancelled,3819.28
7388,1432,2024-02-19,Pending,28941.17
7389,4068,2024-08-17,Shipped,43230.38
7390,4055,2025-12-21,Cancelled,25119.98
7391,826,2024-08-07,Delivered,69454.02
7392,1347,2025-06-30,Cancelled,66111.45
7393,2526,2025-08-18,Shipped,44983.45
7394,4181,2024-09-02,Pending,8546.85
7395,3324,2024-04-08,Cancelled,22917.65
7396,166,2025-07-02,Shipped,12253.62
7397,167,2024-11-04,Delivered,49552.47
7398,2853,2025-12-22,Delivered,57244.33
7399,1264,2024-04-25,Pending,72695.59
7400,1282,2024-10-02,Pending,46492.98
7401,931,2025-05-06,Cancelled,1742.04
7402,4921,2025-05-02,Delivered,68765.49
7403,864,2024-12-07,Delivered,59313.98
7404,763,2025-12-29,Shipped,39580.74
7405,3626,2024-05-17,Shipped,28452.02
7406,395,2025-11-03,Delivered,46498.7
7407,4061,2024-01-24,Delivered,4523.82
7408,4925,2025-11-14,Shipped,28842.2
7409,1245,2025-07-26,Pending,2394.55
7410,2785,2025-08-05,Delivered,56071.66
7411,821,2025-08-29,Pending,36595.96
7412,1540,2024-03-19,Pending,59419.59
7413,2321,2025-04-11,Shipped,56578.96
7414,478,2025-11-07,Cancelled,41636.73
7415,4232,2024-04-09,Pending,72376.41
7416,4730,2025-05-07,Pending,64822.04
7417,199,2025-09-07,Cancelled,29397.19
7418,1028,2025-08-13,Delivered,48853.99
7419,2637,2024-10-02,Pending,18746.21
7420,4585,2024-02-11,Cancelled,48113.24
7421,1577,2025-02-13,Shipped,36399.44
7422,559,2024-11-07,Delivered,39951.57
7423,2233,2025-09-01,Pending,66352.75
7424,1201,2024-07-11,Delivered,21078.77
7425,2531,2024-11-13,Pending,50370.02
7426,3966,2024-03-04,Delivered,65409.77
7427,4789,2025-11-26,Delivered,19537.09
7428,2288,2025-01-01,Cancelled,7723.4
7429,1023,2024-11-16,Shipped,50818.3
7430,928,2025-07-31,Cancelled,31080.06
7431,3405,2025-08-06,Cancelled,56952.66
7432,326,2024-10-17,Pending,52071.71
7433,2721,2024-01-23,Pending,56023.49
7434,3008,2025-05-24,Delivered,8707.62
7435,2555,2025-10-07,Shipped,24847.47
7436,3959,2024-11-17,Pending,52086.39
7437,4091,2024-06-26,Pending,7303.58
7438,4382,2024-07-31,Pending,71028.15
7439,224,2024-07-19,Shipped,36157.68
7440,621,2024-11-12,Pending,15740.63
7441,1147,2024-12-13,Shipped,52020.32
7442,207,2025-02-18,Pending,19799.91
7443,4401,2024-01-20,Pending,51216.76
7444,4570,2025-02-01,Cancelled,73507
7445,719,2024-03-15,Shipped,2289.17
7446,751,2024-10-24,Delivered,36056.7
7447,811,2024-03-25,Delivered,53397.91
7448,3412,2025-12-01,Pending,48175.32
7449,3665,2025-12-08,Delivered,52367.17
7450,3835,2024-08-20,Delivered,64718.06
7451,4693,2024-09-20,Cancelled,52804.59
7452,4333,2025-01-05,Shipped,47943.21
7453,2379,2024-09-02,Cancelled,48775.89
7454,1311,2024-11-21,Cancelled,39679.93
7455,1226,2024-11-25,Delivered,30858.85
7456,3600,2024-10-23,Shipped,64107.84
7457,1367,2024-12-01,Shipped,33381.17
7458,425,2025-05-06,Shipped,2447.86
7459,4564,2025-12-14,Shipped,37844.14
7460,3539,2025-05-14,Shipped,60247.39
7461,3172,2024-10-20,Delivered,21332.23
7462,1089,2025-10-02,Pending,4644.76
7463,1144,2024-09-11,Cancelled,8813.75
7464,2562,2025-09-27,Cancelled,29713.78
7465,4228,2025-06-21,Pending,13106.14
7466,387,2025-06-10,Shipped,6419.52
7467,3407,2025-12-19,Shipped,65340.25
7468,534,2025-07-28,Shipped,48957.13
7469,3567,2024-12-02,Shipped,18910.2
7470,2085,2025-01-22,Shipped,54439.41
7471,633,2025-10-31,Cancelled,40326
7472,183,2024-09-02,Delivered,25775.08
7473,2072,2024-04-19,Shipped,737.24
7474,128,2025-09-10,Pending,68281.23
7475,987,2025-04-11,Delivered,27888.1
7476,2165,2025-10-24,Shipped,14739.5
7477,3821,2025-09-16,Shipped,28493.53
7478,3992,2024-12-09,Shipped,38423.73
7479,2253,2024-11-20,Delivered,38601.46
7480,4808,2024-07-17,Cancelled,27624.45
7481,701,2025-03-29,Shipped,4831.02
7482,4479,2024-02-19,Cancelled,74307.87
7483,1257,2024-01-08,Shipped,53788.66
7484,161,2025-09-06,Shipped,42535.5
7485,3819,2025-01-12,Cancelled,28644.76
7486,4577,2025-04-29,Delivered,18191.97
7487,2098,2024-12-10,Delivered,21813.82
7488,805,2025-11-01,Cancelled,42769.72
7489,4361,2025-06-28,Delivered,72642.22
7490,483,2025-04-13,Shipped,34294.16
7491,592,2024-05-20,Shipped,8054.06
7492,2705,2025-12-02,Shipped,12476.49
7493,201,2025-02-21,Cancelled,11668.42
7494,473,2024-09-05,Cancelled,74668.77
7495,3919,2024-02-01,Shipped,62280.93
7496,4739,2025-05-10,Shipped,63470.02
7497,3350,2025-02-23,Delivered,33009.59
7498,4237,2025-04-01,Cancelled,15063.14
7499,4230,2024-07-22,Shipped,22918.69
7500,4587,2024-12-09,Pending,19354.07
7501,1233,2025-03-04,Shipped,57027.06
7502,1281,2024-10-06,Cancelled,39349.63
7503,1648,2024-08-14,Delivered,47403.33
7504,2155,2025-10-06,Cancelled,68609.01
7505,2103,2025-01-18,Cancelled,38830.01
7506,4579,2024-02-17,Cancelled,62400.11
7507,468,2025-03-15,Cancelled,38972.13
7508,2638,2024-08-19,Shipped,70511.9
7509,3952,2024-03-04,Pending,29760.68
7510,1350,2024-09-10,Cancelled,47070.81
7511,3989,2025-10-18,Shipped,62231.68
7512,976,2025-10-06,Pending,55266.66
7513,1516,2025-05-16,Delivered,39083.61
7514,605,2025-01-19,Shipped,32514.11
7515,2792,2025-07-27,Cancelled,53485.88
7516,262,2024-09-28,Shipped,5038.63
7517,4894,2025-11-01,Pending,70165.96
7518,2809,2024-06-05,Cancelled,67518.05
7519,4354,2024-01-28,Delivered,5904.02
7520,2952,2025-05-18,Cancelled,573.62
7521,50,2025-09-14,Delivered,27417.06
7522,1013,2024-09-25,Pending,61513.11
7523,3575,2025-11-04,Pending,14460.43
7524,3898,2024-01-05,Cancelled,39919.23
7525,1813,2025-07-08,Shipped,65356.17
7526,4181,2024-02-08,Shipped,7139.25
7527,4668,2024-01-26,Pending,60712.25
7528,3244,2024-02-29,Delivered,36767.18
7529,3801,2024-03-27,Pending,60843.73
7530,4727,2024-11-22,Pending,30289.25
7531,1379,2024-05-09,Cancelled,21893.6
7532,4796,2025-03-31,Shipped,12586.64
7533,4942,2025-10-19,Delivered,26410.63
7534,4650,2024-11-06,Delivered,17481.91
7535,904,2025-08-25,Delivered,49510.7
7536,2391,2025-01-04,Pending,72979.62
7537,1674,2024-01-16,Shipped,63025.37
7538,2876,2025-09-23,Pending,4083.54
7539,3239,2024-05-30,Cancelled,71272.63
7540,2548,2024-01-24,Shipped,7300.82
7541,2459,2024-05-25,Pending,66950.52
7542,231,2025-06-26,Pending,46148.98
7543,1061,2024-07-26,Pending,60438.83
7544,879,2024-08-10,Pending,11454.13
7545,74,2024-12-01,Cancelled,58207.64
7546,1488,2025-04-24,Shipped,57818.76
7547,3907,2025-09-26,Delivered,13430.67
7548,3100,2025-06-09,Cancelled,43140.29
7549,4416,2025-07-29,Shipped,34053.07
7550,1495,2025-06-24,Cancelled,36703.38
7551,3409,2025-09-10,Shipped,6414.27
7552,4722,2024-01-16,Shipped,18169.34
7553,111,2025-11-13,Pending,5911.64
7554,1510,2024-12-02,Cancelled,32616.76
7555,793,2024-03-19,Delivered,56810.09
7556,2224,2024-05-23,Delivered,45745.83
7557,1493,2024-03-17,Delivered,35720.32
7558,4084,2024-04-07,Cancelled,45708.24
7559,4336,2025-04-06,Shipped,30657.61
7560,1868,2025-03-25,Pending,4322.07
7561,3602,2025-12-28,Cancelled,9055.16
7562,3012,2024-09-26,Pending,42425.81
7563,4475,2025-07-10,Cancelled,11816.14
7564,3946,2024-08-01,Delivered,74511.84
7565,3907,2024-09-28,Delivered,32855.7
7566,2038,2025-09-16,Shipped,45795.13
7567,3454,2025-03-16,Pending,48738.59
7568,4326,2024-05-03,Shipped,40267.49
7569,1425,2025-12-10,Shipped,68663.27
7570,1014,2025-03-18,Pending,58786.75
7571,2421,2025-11-05,Cancelled,19203.85
7572,3464,2025-01-09,Shipped,40575.74
7573,4841,2025-09-27,Cancelled,13405.26
7574,329,2025-05-15,Delivered,55163.02
7575,3467,2024-09-28,Delivered,68822.73
7576,1485,2025-04-17,Pending,44150.32
7577,4698,2025-05-23,Delivered,7041.94
7578,165,2024-03-29,Shipped,17086.86
7579,3456,2025-08-12,Delivered,51215.36
7580,3746,2025-05-11,Cancelled,63084.79
7581,4642,2024-04-13,Shipped,40758.62
7582,2574,2024-02-05,Cancelled,63413.91
7583,4154,2025-09-15,Cancelled,42549.94
7584,2039,2025-09-27,Pending,10005.68
7585,501,2025-12-04,Pending,30529.54
7586,1720,2025-12-30,Delivered,53633.85
7587,2683,2024-03-23,Delivered,43039.36
7588,4196,2025-06-15,Pending,61081.47
7589,60,2024-07-30,Shipped,31181.8
7590,3900,2025-06-07,Shipped,61454.76
7591,2322,2025-04-20,Pending,24374.21
7592,43,2024-08-03,Shipped,62122.35
7593,2419,2024-10-27,Delivered,49916.01
7594,1487,2024-04-29,Shipped,68505.96
7595,4243,2025-11-08,Pending,61213.66
7596,94,2025-09-04,Pending,47135.6
7597,4195,2025-08-21,Delivered,21283.68
7598,1557,2024-06-24,Delivered,36509.15
7599,1240,2025-08-20,Shipped,31391.06
7600,3893,2024-06-14,Shipped,14514.41
7601,1610,2024-08-16,Shipped,42012.87
7602,4944,2024-07-16,Shipped,72102.42
7603,3712,2025-06-30,Shipped,71558.21
7604,4917,2024-02-19,Cancelled,30471.42
7605,2344,2024-06-06,Pending,70863.63
7606,283,2025-01-07,Shipped,61281.23
7607,4182,2025-06-13,Cancelled,13333.32
7608,1720,2025-06-17,Pending,12617.11
7609,2606,2024-05-01,Cancelled,74428.21
7610,4108,2025-10-19,Delivered,61290.65
7611,4892,2024-05-31,Shipped,2160.06
7612,2769,2025-08-01,Shipped,38364.52
7613,2109,2024-11-21,Delivered,39453.29
7614,402,2025-06-29,Delivered,51009.45
7615,4869,2025-11-27,Pending,19592.9
7616,3454,2024-03-04,Delivered,42714.18
7617,2359,2024-02-09,Cancelled,40825.78
7618,3513,2025-10-12,Pending,65170.39
7619,35,2025-02-28,Shipped,4534.58
7620,295,2025-03-03,Delivered,51758.77
7621,1229,2025-10-08,Shipped,30962.79
7622,4696,2024-12-15,Cancelled,38291.64
7623,4769,2024-06-11,Shipped,10717.2
7624,3708,2025-11-24,Cancelled,23995.53
7625,2108,2025-04-20,Shipped,66982.46
7626,1811,2024-07-26,Pending,52714.94
7627,1443,2024-07-19,Delivered,32954.66
7628,4650,2025-05-02,Delivered,54055.22
7629,1507,2024-06-27,Shipped,29103.25
7630,2238,2024-02-01,Cancelled,43662.58
7631,1835,2024-07-17,Shipped,68959.71
7632,2602,2024-07-12,Shipped,884.15
7633,4229,2025-12-11,Delivered,67285.13
7634,1515,2024-10-27,Shipped,28752.83
7635,3597,2025-01-26,Shipped,45836.23
7636,4212,2024-08-05,Cancelled,14094.69
7637,2637,2025-03-19,Pending,5615.55
7638,860,2024-12-09,Cancelled,54286.41
7639,4874,2025-12-21,Pending,9447.42
7640,2617,2025-01-01,Delivered,32855.5
7641,2440,2025-05-31,Cancelled,6434.11
7642,1112,2025-05-09,Delivered,24658.04
7643,4529,2025-04-22,Shipped,10631.53
7644,4459,2024-04-28,Delivered,69096.51
7645,1325,2024-12-17,Cancelled,73269.41
7646,3448,2024-12-13,Pending,46197.94
7647,1529,2025-12-23,Cancelled,31324.37
7648,415,2024-07-31,Cancelled,65719.86
7649,2730,2024-08-18,Pending,9441.29
7650,1141,2025-04-13,Shipped,73987.32
7651,1049,2024-03-28,Shipped,62405.67
7652,1201,2025-11-19,Shipped,2203.78
7653,3700,2024-04-09,Delivered,36430.12
7654,3600,2024-07-12,Pending,23810.36
7655,1335,2025-07-07,Pending,71724.44
7656,4815,2024-05-24,Cancelled,2279.99
7657,3295,2024-11-15,Shipped,25745.2
7658,3468,2025-02-07,Delivered,11985.98
7659,3881,2025-02-15,Delivered,54493.22
7660,3701,2024-12-07,Pending,67012.36
7661,3765,2024-04-09,Pending,44593.74
7662,4144,2025-01-30,Delivered,48909.69
7663,4480,2024-12-25,Shipped,42584.49
7664,4413,2025-01-30,Shipped,58295.11
7665,4406,2024-08-11,Shipped,16218.12
7666,3422,2025-02-01,Shipped,18669.77
7667,212,2024-08-14,Pending,10620.66
7668,448,2024-10-18,Shipped,33905.11
7669,3274,2024-07-17,Cancelled,58814.09
7670,494,2024-12-21,Cancelled,8364.1
7671,1041,2024-01-22,Shipped,38528.38
7672,2089,2025-05-29,Cancelled,30206.39
7673,3492,2025-01-20,Delivered,17332.67
7674,2434,2024-01-08,Shipped,29201.15
7675,1958,2025-01-02,Cancelled,3552.15
7676,4975,2024-03-20,Pending,42542.68
7677,2536,2024-07-04,Pending,50610.36
7678,1806,2025-03-03,Cancelled,40583.88
7679,1652,2025-01-29,Cancelled,68693.71
7680,4236,2025-02-08,Pending,74431.42
7681,3840,2024-02-21,Delivered,25073.05
7682,507,2024-04-22,Pending,41362.01
7683,842,2024-01-26,Pending,64756.81
7684,4961,2024-09-19,Delivered,21350.02
7685,1461,2025-07-20,Pending,27504.28
7686,4537,2024-02-10,Cancelled,36347.31
7687,1107,2024-04-30,Pending,33801.72
7688,3701,2025-06-08,Pending,54003.44
7689,4841,2025-01-18,Shipped,24385.18
7690,3882,2024-12-24,Pending,47884.01
7691,1437,2024-04-07,Shipped,62388.93
7692,1633,2024-10-26,Cancelled,20619.32
7693,4848,2025-11-16,Cancelled,7247.84
7694,503,2024-05-11,Pending,42360.35
7695,859,2025-11-09,Shipped,22307.07
7696,4918,2025-01-10,Delivered,12873.86
7697,4646,2025-03-23,Cancelled,50603.08
7698,3094,2024-07-18,Shipped,53180.6
7699,1057,2025-09-10,Shipped,57782.8
7700,4355,2025-09-03,Cancelled,33897.05
7701,4189,2025-11-10,Pending,43827.94
7702,3568,2024-04-11,Delivered,12526.92
7703,117,2024-10-10,Shipped,64020.36
7704,4244,2025-07-11,Delivered,34290.36
7705,3480,2024-12-25,Delivered,47436.91
7706,1623,2025-09-18,Shipped,56301.1
7707,3892,2024-10-20,Pending,60967.06
7708,1656,2024-08-04,Shipped,72926.61
7709,1633,2024-10-27,Delivered,18815.31
7710,2187,2024-12-13,Shipped,30534.2
7711,1724,2025-01-19,Pending,17885.6
7712,3860,2025-07-18,Pending,24466.29
7713,4832,2025-03-06,Pending,34767.73
7714,2532,2024-09-18,Cancelled,33499.07
7715,622,2025-09-11,Shipped,32123.86
7716,3624,2024-06-15,Delivered,14778.38
7717,4240,2024-01-02,Shipped,45024.99
7718,3161,2025-02-01,Delivered,10764.27
7719,1561,2025-06-23,Cancelled,49347.68
7720,2471,2024-03-18,Shipped,38042.4
7721,2230,2024-12-08,Delivered,63751.02
7722,4429,2024-03-05,Pending,26015.43
7723,270,2024-09-24,Cancelled,10611.17
7724,4974,2024-09-20,Pending,26822.57
7725,2390,2025-06-22,Cancelled,18017.41
7726,1253,2025-09-08,Shipped,5182.06
7727,4120,2024-07-01,Cancelled,57394.57
7728,3373,2024-11-23,Delivered,63649.33
7729,879,2024-04-27,Shipped,61531.26
7730,2744,2024-06-27,Delivered,57701.95
7731,3141,2024-01-13,Cancelled,51817.55
7732,3621,2024-02-15,Pending,53199.1
7733,536,2024-10-17,Delivered,17179.55
7734,3011,2024-06-18,Pending,50990.21
7735,4914,2025-10-13,Cancelled,27471.32
7736,200,2024-04-29,Cancelled,46749.12
7737,4422,2025-09-27,Shipped,35236.58
7738,2053,2024-05-06,Shipped,42722.3
7739,3867,2025-09-25,Pending,24567.25
7740,992,2025-09-23,Delivered,64953.13
7741,3885,2024-08-31,Cancelled,66434.28
7742,3796,2025-08-05,Pending,2948.53
7743,2074,2025-10-10,Cancelled,23751.74
7744,2252,2024-04-28,Cancelled,31219.62
7745,1728,2024-07-07,Shipped,70185.49
7746,3070,2025-02-04,Delivered,1893.49
7747,3670,2025-11-21,Cancelled,21486.61
7748,2394,2024-10-20,Delivered,39718.54
7749,3092,2024-03-23,Shipped,12873.47
7750,1211,2024-02-23,Cancelled,73699.89
7751,241,2025-10-20,Shipped,57247.88
7752,594,2025-04-10,Shipped,24136.91
7753,1494,2024-03-19,Shipped,72840.65
7754,3140,2024-04-22,Cancelled,49782.86
7755,1665,2024-11-08,Pending,32043.84
7756,3686,2025-04-06,Delivered,58538.95
7757,3758,2024-08-21,Shipped,53363.34
7758,2832,2024-01-17,Shipped,46033.82
7759,87,2025-02-24,Delivered,14759.13
7760,4240,2024-04-13,Shipped,56758.06
7761,3140,2025-01-07,Cancelled,70289.37
7762,4528,2024-06-14,Delivered,17773.58
7763,3725,2025-05-11,Pending,54102.43
7764,4468,2025-05-24,Delivered,1044.73
7765,2806,2025-07-10,Delivered,25832.59
7766,3208,2025-08-25,Cancelled,13339.49
7767,631,2025-04-18,Cancelled,54322.56
7768,2558,2024-09-18,Pending,60278.37
7769,1718,2025-10-24,Pending,67323.57
7770,1071,2025-05-17,Shipped,35235.44
7771,3751,2024-03-11,Delivered,41885.61
7772,3949,2024-08-23,Pending,4069.82
7773,298,2024-04-18,Cancelled,65553.65
7774,617,2024-08-05,Cancelled,18885.05
7775,2093,2024-12-04,Delivered,2434.06
7776,2947,2025-08-27,Cancelled,31167.5
7777,3062,2024-10-17,Delivered,73050.1
7778,1860,2024-05-19,Pending,7216.88
7779,4268,2025-02-20,Delivered,25004.56
7780,3315,2025-08-30,Delivered,35635.12
7781,4297,2025-05-04,Shipped,40418.18
7782,2423,2025-03-30,Shipped,58829.11
7783,2760,2025-06-19,Cancelled,17593.13
7784,2279,2024-11-29,Shipped,46766.84
7785,1778,2025-04-07,Cancelled,73259.15
7786,1435,2024-05-06,Delivered,57672.83
7787,558,2024-03-22,Cancelled,62468.91
7788,872,2024-01-23,Delivered,18661.78
7789,2561,2025-03-08,Pending,71875.89
7790,950,2024-01-25,Delivered,64538.89
7791,1718,2025-07-21,Delivered,70449.13
7792,3607,2025-04-28,Pending,43244.46
7793,1463,2024-06-16,Delivered,15017.14
7794,2727,2024-06-17,Pending,30162.33
7795,2517,2025-06-18,Pending,46656.27
7796,2170,2024-06-23,Pending,74072.04
7797,4193,2025-12-07,Shipped,14741.4
7798,193,2024-06-07,Shipped,46373.28
7799,2312,2024-03-01,Cancelled,28810.66
7800,3418,2025-07-03,Delivered,32701.62
7801,4516,2024-04-29,Pending,20776.79
7802,2130,2025-08-13,Delivered,55728.22
7803,531,2025-08-05,Delivered,41837.05
7804,4943,2025-08-03,Shipped,25989.53
7805,4574,2025-08-25,Shipped,3461.27
7806,2923,2025-09-11,Pending,20085.44
7807,3689,2024-01-21,Cancelled,47759.43
7808,4185,2025-07-10,Cancelled,18450.21
7809,2670,2025-07-28,Pending,53646.96
7810,3065,2025-09-14,Cancelled,43987.14
7811,3687,2025-08-13,Pending,36604.72
7812,4340,2024-04-13,Pending,5333.38
7813,2139,2025-06-02,Pending,22786.59
7814,1817,2024-01-31,Shipped,72285.13
7815,3328,2025-11-08,Delivered,73600.72
7816,3245,2024-05-20,Delivered,25787.58
7817,2093,2024-04-30,Shipped,17299.73
7818,4600,2024-06-16,Delivered,7395.22
7819,149,2025-02-01,Pending,8961.06
7820,333,2024-02-03,Shipped,66666.5
7821,1521,2025-04-19,Pending,48492.02
7822,438,2025-04-20,Pending,41692.69
7823,2385,2024-09-07,Delivered,38139.33
7824,3587,2025-01-11,Pending,57089.17
7825,3894,2024-04-02,Cancelled,49515.55
7826,496,2025-11-02,Shipped,1132.87
7827,3254,2025-08-25,Shipped,63144.12
7828,1104,2025-12-12,Pending,54464.52
7829,2728,2024-11-04,Shipped,1322.07
7830,336,2025-05-02,Shipped,9867.99
7831,1852,2025-05-10,Delivered,27666.04
7832,4557,2024-12-07,Shipped,33078.48
7833,4559,2024-08-15,Shipped,74749.67
7834,2381,2024-05-02,Delivered,30308.26
7835,3299,2024-07-22,Pending,39638.47
7836,1493,2024-10-01,Cancelled,60281.17
7837,705,2024-07-04,Shipped,2874.55
7838,3290,2025-01-23,Cancelled,35075.42
7839,1694,2025-07-17,Pending,65550.54
7840,3690,2024-10-12,Pending,34695.94
7841,4164,2024-12-30,Delivered,20241.97
7842,1003,2025-01-25,Shipped,55339.41
7843,4335,2025-10-30,Delivered,27995.19
7844,3848,2025-03-28,Pending,11313.17
7845,4491,2024-01-15,Shipped,43473.05
7846,1542,2024-07-28,Shipped,17112.8
7847,354,2025-07-03,Cancelled,42874.96
7848,505,2025-02-21,Delivered,55578.45
7849,2410,2024-07-31,Cancelled,18469.67
7850,2758,2024-04-27,Pending,35018.97
7851,181,2024-11-23,Delivered,12513.13
7852,2147,2024-03-30,Shipped,21311.63
7853,4558,2024-03-11,Cancelled,27281.61
7854,3737,2024-03-11,Delivered,67875.86
7855,4660,2025-12-23,Delivered,15979.9
7856,3671,2025-04-24,Pending,35363.84
7857,2442,2024-06-18,Pending,55281.1
7858,646,2024-02-04,Cancelled,67700.86
7859,4829,2025-04-30,Cancelled,66954.48
7860,2393,2024-09-01,Pending,64848.6
7861,1010,2025-12-09,Cancelled,57164.25
7862,885,2024-05-05,Delivered,30774.37
7863,1019,2024-02-25,Delivered,55673.94
7864,1834,2024-06-13,Shipped,49268.48
7865,4630,2025-07-14,Pending,60907.21
7866,562,2025-08-16,Shipped,33419.4
7867,1326,2025-05-04,Cancelled,59499.76
7868,2665,2025-03-16,Shipped,3829.32
7869,1427,2025-05-07,Shipped,35253.25
7870,3314,2025-08-09,Delivered,3508.39
7871,3662,2024-09-01,Cancelled,64921.83
7872,3822,2024-07-31,Cancelled,58278.26
7873,4357,2024-02-05,Cancelled,69064.82
7874,2179,2024-04-16,Delivered,48868.93
7875,4955,2024-08-24,Pending,74121.22
7876,716,2024-07-04,Shipped,32579.42
7877,4515,2025-11-08,Pending,23761.71
7878,2712,2025-06-27,Delivered,27491.66
7879,3410,2025-05-12,Shipped,35349.76
7880,2887,2025-12-10,Shipped,21641.76
7881,4179,2024-04-11,Pending,33640.97
7882,2394,2024-01-08,Pending,73982.28
7883,2676,2025-12-17,Delivered,50922.06
7884,1034,2024-08-02,Pending,64501.3
7885,4385,2024-12-23,Delivered,53130.74
7886,4236,2025-02-06,Cancelled,7891.41
7887,4010,2025-05-11,Delivered,19688.42
7888,44,2025-04-30,Shipped,46265.15
7889,4452,2025-04-15,Shipped,37495.3
7890,227,2024-09-14,Delivered,55146.53
7891,410,2025-07-14,Shipped,46466.15
7892,1869,2024-02-06,Pending,66596.06
7893,202,2024-12-29,Shipped,45896.6
7894,3577,2024-08-09,Cancelled,32290.2
7895,1408,2024-02-29,Delivered,57064.75
7896,1817,2024-07-31,Cancelled,13098.97
7897,3032,2025-09-18,Delivered,27897.51
7898,1154,2024-02-09,Pending,15978.76
7899,931,2025-10-21,Shipped,9615.97
7900,274,2025-12-05,Shipped,33345.31
7901,809,2024-03-04,Cancelled,66004.23
7902,3404,2024-08-01,Shipped,32899.8
7903,4166,2024-11-29,Shipped,4498.72
7904,2243,2025-01-21,Delivered,18353.24
7905,1447,2025-07-13,Pending,72851.21
7906,3560,2024-07-29,Pending,42069.21
7907,842,2024-10-23,Shipped,3201.99
7908,295,2024-06-10,Pending,71130.31
7909,3478,2024-12-15,Delivered,22073.65
7910,1582,2025-05-27,Shipped,73231.19
7911,63,2025-04-30,Shipped,1191.83
7912,2227,2024-09-03,Pending,72462.74
7913,3793,2025-12-06,Cancelled,57318.24
7914,1154,2024-08-19,Shipped,1262.7
7915,1403,2025-12-05,Delivered,52614.36
7916,1675,2025-06-07,Shipped,31475.97
7917,3404,2025-03-16,Shipped,2308.15
7918,1468,2025-12-01,Shipped,56347.85
7919,2876,2024-08-02,Pending,42938.75
7920,1164,2025-05-20,Shipped,19650.93
7921,3780,2024-04-25,Delivered,20745.63
7922,3430,2025-01-27,Cancelled,60273.26
7923,3011,2025-06-21,Cancelled,66253.09
7924,4831,2025-03-15,Pending,43257.29
7925,1642,2024-10-20,Pending,19672.8
7926,4041,2024-12-21,Cancelled,42478.69
7927,1219,2024-06-16,Pending,60036.66
7928,2246,2025-04-13,Cancelled,23802.4
7929,2490,2024-07-22,Pending,64510.41
7930,4958,2024-12-07,Shipped,44249.08
7931,3920,2024-07-28,Shipped,10541.48
7932,1855,2025-01-23,Pending,6498.19
7933,1108,2024-01-06,Delivered,19430.88
7934,1503,2024-11-24,Delivered,73227.62
7935,951,2024-07-01,Cancelled,15854.46
7936,2575,2024-12-27,Cancelled,53220.68
7937,354,2025-02-06,Cancelled,74528.25
7938,469,2025-12-05,Cancelled,72116.99
7939,2581,2024-07-24,Cancelled,27943.2
7940,2523,2024-02-06,Shipped,74585.26
7941,2522,2024-04-22,Shipped,43668.85
7942,3089,2024-05-03,Delivered,73147.19
7943,3796,2024-08-11,Shipped,36990.2
7944,4681,2025-10-24,Pending,7228.3
7945,2606,2025-05-18,Pending,42107.27
7946,1630,2025-04-13,Delivered,20644.88
7947,4610,2024-06-29,Delivered,12648.03
7948,551,2024-01-06,Delivered,48327.56
7949,2332,2025-04-02,Shipped,24089.14
7950,1181,2025-02-19,Cancelled,12445.86
7951,70,2025-06-21,Cancelled,61663.64
7952,27,2025-09-12,Delivered,64593.42
7953,2041,2024-02-15,Shipped,6469.88
7954,4343,2025-08-19,Pending,64696.81
7955,1485,2024-10-10,Delivered,48917.44
7956,2309,2025-03-02,Delivered,33586.9
7957,2558,2025-02-11,Shipped,63101.76
7958,686,2024-03-22,Cancelled,65008.01
7959,976,2024-08-23,Pending,61756.58
7960,2130,2024-08-31,Cancelled,61032.52
7961,4911,2024-09-08,Delivered,74181.2
7962,4018,2024-12-17,Delivered,19112.23
7963,2612,2025-10-28,Cancelled,784.36
7964,2882,2025-01-28,Pending,66874.24
7965,4190,2024-11-21,Shipped,71582.63
7966,4432,2025-04-17,Shipped,65463.33
7967,3497,2024-01-27,Shipped,32401.3
7968,3201,2024-04-19,Cancelled,12795.87
7969,490,2024-06-19,Cancelled,49487.81
7970,90,2024-07-05,Delivered,13365.78
7971,4760,2024-06-09,Cancelled,40070.26
7972,1745,2025-12-30,Cancelled,2459.88
7973,4985,2024-03-18,Delivered,55358.36
7974,3074,2025-02-13,Shipped,40828.49
7975,1519,2024-11-07,Shipped,46807.16
7976,4162,2024-07-28,Delivered,47915.7
7977,2165,2024-05-22,Pending,55837.72
7978,3770,2024-01-23,Shipped,17438.17
7979,1256,2025-08-14,Shipped,42736.05
7980,594,2025-01-19,Cancelled,61296.41
7981,1047,2025-02-01,Delivered,49014.82
7982,4743,2024-11-20,Shipped,19859.89
7983,324,2024-03-17,Shipped,39576.03
7984,3223,2025-04-13,Cancelled,3485.39
7985,2508,2024-10-13,Shipped,67768.99
7986,3467,2024-10-10,Pending,54966.17
7987,693,2025-03-13,Cancelled,72414.81
7988,3116,2025-01-15,Shipped,25651.4
7989,3133,2024-04-09,Shipped,21352.47
7990,3858,2024-07-24,Shipped,64705.56
7991,4998,2025-10-23,Delivered,41178.42
7992,1850,2025-07-11,Delivered,23802.03
7993,1002,2024-12-06,Pending,50301.56
7994,712,2025-07-13,Pending,35357.29
7995,4362,2025-02-11,Cancelled,65538.49
7996,4238,2024-04-14,Delivered,21413.04
7997,2889,2025-07-13,Pending,24569.07
7998,290,2024-01-13,Shipped,41080.89
7999,2506,2025-10-05,Pending,12863.72
8000,4448,2025-07-06,Cancelled,55418.45
