payment_id,order_id,payment_method,payment_status,payment_date
1,1,Debit Card,Refunded,23-03-2024
2,2,Debit Card,Failed,01-05-2025
3,3,Net Banking,Refunded,01-05-2025
4,4,Credit Card,Refunded,22-09-2024
5,5,Net Banking,Refunded,18-04-2025
6,6,COD,Paid,31-10-2024
7,7,Credit Card,Paid,02-11-2024
8,8,Debit Card,Paid,02-08-2025
9,9,Debit Card,Failed,27-12-2025
10,10,COD,Failed,02-01-2024
11,11,UPI,Paid,05-05-2024
12,12,Net Banking,Refunded,25-10-2024
13,13,UPI,Refunded,15-09-2024
14,14,UPI,Paid,11-09-2025
15,15,COD,Refunded,03-10-2025
16,16,COD,Refunded,03-02-2024
17,17,COD,Refunded,04-04-2024
18,18,COD,Paid,27-04-2025
19,19,UPI,Paid,18-11-2025
20,20,COD,Refunded,26-11-2025
21,21,Credit Card,Paid,12-02-2025
22,22,UPI,Paid,13-04-2024
23,23,Net Banking,Refunded,19-05-2024
24,24,Net Banking,Refunded,25-09-2024
25,25,UPI,Failed,12-06-2025
26,26,Credit Card,Paid,28-07-2024
27,27,Debit Card,Failed,29-05-2025
28,28,Debit Card,Paid,16-11-2025
29,29,Credit Card,Refunded,23-06-2025
30,30,Credit Card,Paid,02-03-2024
31,31,Debit Card,Failed,06-12-2024
32,32,Debit Card,Paid,07-01-2025
33,33,COD,Failed,07-04-2024
34,34,UPI,Failed,01-02-2025
35,35,Debit Card,Refunded,21-10-2024
36,36,UPI,Refunded,14-07-2025
37,37,Debit Card,Paid,22-12-2025
38,38,Net Banking,Paid,14-12-2025
39,39,Credit Card,Paid,10-10-2024
40,40,Debit Card,Paid,14-06-2025
41,41,UPI,Failed,11-06-2025
42,42,COD,Refunded,08-11-2025
43,43,UPI,Paid,08-08-2024
44,44,COD,Failed,17-01-2024
45,45,UPI,Failed,27-09-2024
46,46,Debit Card,Paid,26-07-2024
47,47,UPI,Failed,27-02-2025
48,48,Debit Card,Refunded,10-07-2025
49,49,COD,Paid,10-08-2024
50,50,COD,Refunded,17-02-2024
51,51,COD,Refunded,17-03-2025
52,52,COD,Failed,27-03-2025
53,53,UPI,Failed,30-04-2024
54,54,Net Banking,Failed,01-05-2025
55,55,COD,Paid,06-02-2025
56,56,COD,Paid,16-08-2024
57,57,Net Banking,Refunded,19-07-2025
58,58,COD,Paid,11-12-2025
59,59,Credit Card,Refunded,06-03-2024
60,60,Debit Card,Paid,09-05-2024
61,61,Net Banking,Paid,20-10-2024
62,62,COD,Failed,29-04-2025
63,63,Credit Card,Refunded,14-04-2024
64,64,Debit Card,Failed,19-01-2025
65,65,UPI,Paid,20-12-2024
66,66,Net Banking,Refunded,08-06-2024
67,67,COD,Paid,07-01-2024
68,68,Net Banking,Failed,14-06-2025
69,69,UPI,Refunded,30-01-2024
70,70,Debit Card,Refunded,18-04-2024
71,71,Net Banking,Refunded,01-02-2024
72,72,UPI,Paid,04-05-2025
73,73,UPI,Failed,11-10-2024
74,74,Net Banking,Failed,14-09-2025
75,75,Debit Card,Failed,10-08-2025
76,76,Debit Card,Refunded,16-09-2025
77,77,Net Banking,Paid,02-01-2025
78,78,Debit Card,Refunded,01-04-2025
79,79,COD,Paid,24-08-2025
80,80,Net Banking,Failed,02-03-2025
81,81,Debit Card,Paid,18-02-2024
82,82,UPI,Paid,08-09-2024
83,83,Net Banking,Failed,31-01-2024
84,84,COD,Failed,17-11-2025
85,85,UPI,Failed,29-10-2024
86,86,COD,Paid,07-03-2025
87,87,COD,Paid,30-11-2024
88,88,Net Banking,Refunded,17-11-2025
89,89,UPI,Refunded,09-01-2024
90,90,Credit Card,Paid,07-09-2025
91,91,COD,Refunded,02-09-2024
92,92,Credit Card,Failed,07-12-2024
93,93,Credit Card,Paid,12-11-2025
94,94,COD,Paid,23-04-2025
95,95,Net Banking,Refunded,20-12-2025
96,96,Debit Card,Failed,27-08-2025
97,97,UPI,Refunded,17-05-2024
98,98,COD,Refunded,01-02-2024
99,99,Net Banking,Paid,30-03-2024
100,100,Credit Card,Refunded,18-04-2025
101,101,Credit Card,Paid,17-05-2025
102,102,Credit Card,Failed,17-05-2025
103,103,UPI,Refunded,08-05-2024
104,104,COD,Refunded,10-11-2024
105,105,UPI,Paid,25-09-2025
106,106,Net Banking,Refunded,24-08-2024
107,107,Debit Card,Failed,07-01-2025
108,108,Debit Card,Refunded,07-06-2024
109,109,Debit Card,Paid,16-05-2025
110,110,Debit Card,Refunded,18-03-2024
111,111,Debit Card,Paid,28-03-2025
112,112,Credit Card,Paid,23-01-2024
113,113,Net Banking,Paid,16-04-2024
114,114,COD,Failed,22-11-2024
115,115,Debit Card,Failed,10-11-2025
116,116,Debit Card,Failed,29-12-2025
117,117,Credit Card,Refunded,06-06-2025
118,118,Debit Card,Failed,24-03-2024
119,119,COD,Refunded,22-10-2025
120,120,Credit Card,Failed,12-12-2024
121,121,Credit Card,Paid,21-11-2025
122,122,Debit Card,Paid,20-10-2024
123,123,UPI,Refunded,22-01-2025
124,124,Credit Card,Failed,17-12-2024
125,125,COD,Paid,13-11-2025
126,126,COD,Refunded,18-10-2024
127,127,Credit Card,Paid,30-05-2025
128,128,Net Banking,Paid,27-04-2024
129,129,UPI,Paid,11-08-2025
130,130,Net Banking,Refunded,03-08-2024
131,131,Net Banking,Paid,10-05-2024
132,132,Net Banking,Refunded,25-07-2024
133,133,Credit Card,Failed,08-11-2025
134,134,UPI,Paid,26-10-2025
135,135,UPI,Failed,03-09-2024
136,136,Net Banking,Failed,04-11-2025
137,137,Credit Card,Paid,02-03-2024
138,138,Debit Card,Paid,07-01-2024
139,139,COD,Refunded,28-12-2024
140,140,Debit Card,Refunded,14-10-2025
141,141,Net Banking,Failed,13-02-2025
142,142,COD,Refunded,30-07-2025
143,143,Credit Card,Failed,21-03-2025
144,144,Net Banking,Refunded,15-03-2024
145,145,Debit Card,Paid,03-08-2025
146,146,Credit Card,Refunded,28-10-2024
147,147,UPI,Paid,13-11-2025
148,148,Net Banking,Failed,20-09-2024
149,149,Net Banking,Refunded,22-01-2024
150,150,UPI,Refunded,02-07-2024
151,151,Net Banking,Paid,09-03-2025
152,152,UPI,Paid,28-04-2024
153,153,Net Banking,Failed,25-03-2024
154,154,COD,Refunded,07-07-2024
155,155,COD,Failed,25-04-2025
156,156,Debit Card,Paid,30-04-2025
157,157,Net Banking,Paid,23-04-2024
158,158,Credit Card,Failed,12-08-2025
159,159,Net Banking,Paid,19-06-2025
160,160,COD,Refunded,25-03-2024
161,161,Credit Card,Failed,30-04-2024
162,162,Net Banking,Refunded,18-09-2024
163,163,Net Banking,Failed,28-06-2024
164,164,Debit Card,Refunded,21-10-2025
165,165,Net Banking,Paid,01-02-2024
166,166,Net Banking,Failed,21-04-2025
167,167,UPI,Refunded,16-11-2025
168,168,UPI,Refunded,30-04-2025
169,169,UPI,Failed,13-04-2025
170,170,UPI,Paid,25-03-2025
171,171,Net Banking,Paid,29-05-2025
172,172,Credit Card,Paid,12-04-2024
173,173,Net Banking,Failed,10-04-2025
174,174,UPI,Refunded,12-12-2024
175,175,Credit Card,Failed,12-07-2025
176,176,Credit Card,Refunded,25-07-2025
177,177,UPI,Failed,24-08-2025
178,178,Credit Card,Refunded,11-07-2025
179,179,Net Banking,Paid,05-02-2024
180,180,COD,Paid,17-07-2024
181,181,UPI,Failed,25-05-2024
182,182,Credit Card,Failed,21-06-2025
183,183,Credit Card,Paid,11-09-2025
184,184,Credit Card,Failed,18-02-2025
185,185,Credit Card,Failed,23-06-2025
186,186,Net Banking,Refunded,30-12-2025
187,187,Net Banking,Refunded,16-06-2025
188,188,COD,Failed,03-03-2024
189,189,Net Banking,Paid,29-04-2024
190,190,Net Banking,Refunded,07-09-2024
191,191,Net Banking,Refunded,01-04-2024
192,192,Net Banking,Paid,30-06-2025
193,193,COD,Paid,08-09-2025
194,194,Credit Card,Refunded,28-08-2024
195,195,Credit Card,Paid,17-10-2025
196,196,Net Banking,Refunded,09-07-2025
197,197,Credit Card,Refunded,06-01-2024
198,198,Debit Card,Failed,08-11-2024
199,199,Net Banking,Failed,18-12-2025
200,200,Net Banking,Refunded,16-12-2024
201,201,Debit Card,Refunded,29-11-2024
202,202,Credit Card,Refunded,28-04-2025
203,203,Debit Card,Failed,05-10-2025
204,204,Debit Card,Failed,27-09-2024
205,205,COD,Failed,04-12-2024
206,206,Credit Card,Failed,23-09-2024
207,207,Net Banking,Refunded,16-08-2024
208,208,COD,Refunded,07-05-2024
209,209,UPI,Refunded,22-01-2025
210,210,Credit Card,Paid,24-02-2024
211,211,UPI,Failed,09-09-2024
212,212,COD,Failed,07-02-2024
213,213,UPI,Paid,23-05-2024
214,214,Credit Card,Failed,19-12-2025
215,215,UPI,Refunded,11-08-2025
216,216,Credit Card,Refunded,02-03-2025
217,217,UPI,Failed,17-04-2024
218,218,UPI,Failed,19-02-2025
219,219,Credit Card,Refunded,15-03-2025
220,220,Net Banking,Failed,03-12-2024
221,221,UPI,Refunded,26-01-2024
222,222,Debit Card,Refunded,06-08-2025
223,223,Debit Card,Paid,22-04-2025
224,224,Credit Card,Refunded,29-12-2025
225,225,Debit Card,Paid,10-01-2024
226,226,COD,Failed,15-05-2025
227,227,Credit Card,Paid,19-10-2024
228,228,Credit Card,Failed,12-11-2024
229,229,Credit Card,Failed,23-03-2025
230,230,Net Banking,Paid,06-02-2024
231,231,UPI,Paid,29-01-2025
232,232,UPI,Refunded,21-11-2024
233,233,Credit Card,Refunded,11-02-2024
234,234,Net Banking,Refunded,07-04-2025
235,235,Debit Card,Refunded,06-11-2025
236,236,Net Banking,Paid,11-02-2024
237,237,Credit Card,Failed,16-02-2025
238,238,Net Banking,Paid,25-12-2024
239,239,Net Banking,Failed,21-08-2024
240,240,COD,Refunded,17-10-2024
241,241,UPI,Failed,16-10-2024
242,242,UPI,Failed,24-08-2025
243,243,Credit Card,Refunded,17-12-2024
244,244,Debit Card,Paid,12-11-2024
245,245,UPI,Paid,21-09-2025
246,246,UPI,Paid,21-09-2025
247,247,UPI,Failed,20-07-2024
248,248,UPI,Refunded,20-06-2024
249,249,Net Banking,Failed,21-05-2024
250,250,Debit Card,Refunded,15-02-2024
251,251,Credit Card,Refunded,26-10-2024
252,252,Net Banking,Paid,18-04-2024
253,253,COD,Failed,01-11-2024
254,254,Debit Card,Failed,10-02-2025
255,255,UPI,Failed,12-03-2025
256,256,COD,Refunded,14-04-2025
257,257,Net Banking,Failed,29-09-2024
258,258,Debit Card,Failed,13-05-2024
259,259,Net Banking,Failed,04-01-2025
260,260,Debit Card,Failed,16-12-2025
261,261,Credit Card,Failed,29-05-2024
262,262,Debit Card,Failed,17-04-2024
263,263,Credit Card,Failed,06-01-2024
264,264,COD,Paid,15-01-2024
265,265,COD,Failed,03-03-2024
266,266,UPI,Failed,30-08-2024
267,267,Credit Card,Paid,25-11-2024
268,268,COD,Refunded,20-07-2024
269,269,UPI,Refunded,21-10-2025
270,270,Debit Card,Paid,01-06-2024
271,271,Debit Card,Failed,17-07-2025
272,272,Credit Card,Paid,29-03-2025
273,273,Credit Card,Refunded,04-09-2025
274,274,Net Banking,Failed,25-10-2025
275,275,Debit Card,Paid,15-11-2025
276,276,UPI,Failed,18-10-2025
277,277,COD,Failed,04-07-2025
278,278,Debit Card,Paid,18-11-2025
279,279,Net Banking,Failed,16-06-2024
280,280,Credit Card,Failed,29-05-2024
281,281,UPI,Failed,27-01-2024
282,282,UPI,Refunded,14-10-2024
283,283,COD,Paid,15-12-2025
284,284,Debit Card,Paid,25-04-2024
285,285,Net Banking,Refunded,19-03-2025
286,286,COD,Failed,24-08-2025
287,287,Debit Card,Paid,01-10-2024
288,288,Credit Card,Refunded,21-05-2025
289,289,Debit Card,Paid,03-10-2024
290,290,UPI,Paid,01-05-2024
291,291,COD,Refunded,26-02-2025
292,292,Net Banking,Refunded,23-04-2025
293,293,Credit Card,Paid,15-05-2024
294,294,Net Banking,Failed,28-10-2025
295,295,Debit Card,Failed,04-04-2024
296,296,Net Banking,Refunded,14-02-2024
297,297,COD,Paid,14-10-2024
298,298,Credit Card,Failed,25-06-2025
299,299,UPI,Paid,25-05-2025
300,300,Net Banking,Refunded,07-10-2025
301,301,COD,Refunded,06-07-2024
302,302,Net Banking,Failed,06-11-2025
303,303,UPI,Refunded,08-03-2025
304,304,Net Banking,Paid,18-04-2025
305,305,Credit Card,Refunded,07-10-2025
306,306,UPI,Failed,26-12-2025
307,307,Debit Card,Failed,15-09-2024
308,308,UPI,Refunded,14-11-2025
309,309,UPI,Refunded,16-10-2025
310,310,COD,Refunded,23-06-2024
311,311,Debit Card,Paid,17-08-2024
312,312,Debit Card,Refunded,30-08-2024
313,313,COD,Failed,02-04-2024
314,314,Credit Card,Refunded,24-04-2024
315,315,Debit Card,Paid,06-04-2024
316,316,UPI,Refunded,14-08-2024
317,317,Debit Card,Paid,03-04-2024
318,318,Credit Card,Failed,11-09-2024
319,319,Debit Card,Paid,30-03-2025
320,320,Debit Card,Refunded,12-05-2025
321,321,Debit Card,Refunded,21-08-2024
322,322,Credit Card,Paid,19-07-2025
323,323,Credit Card,Refunded,05-08-2024
324,324,Net Banking,Refunded,22-06-2025
325,325,Debit Card,Refunded,01-11-2024
326,326,COD,Refunded,27-12-2025
327,327,COD,Failed,03-06-2024
328,328,Net Banking,Failed,24-10-2024
329,329,UPI,Failed,07-11-2025
330,330,Credit Card,Refunded,19-03-2025
331,331,Credit Card,Failed,03-09-2024
332,332,Credit Card,Paid,08-02-2025
333,333,Credit Card,Failed,22-03-2025
334,334,Credit Card,Paid,15-09-2024
335,335,Debit Card,Failed,04-03-2024
336,336,Debit Card,Refunded,23-05-2024
337,337,Credit Card,Refunded,13-04-2024
338,338,Debit Card,Refunded,15-08-2025
339,339,UPI,Failed,01-09-2025
340,340,UPI,Failed,03-04-2024
341,341,COD,Paid,12-09-2024
342,342,Credit Card,Paid,07-12-2024
343,343,UPI,Failed,30-03-2024
344,344,UPI,Failed,07-05-2025
345,345,Debit Card,Paid,04-01-2024
346,346,Credit Card,Refunded,05-06-2025
347,347,Credit Card,Failed,24-02-2025
348,348,UPI,Paid,15-09-2025
349,349,Credit Card,Paid,26-11-2024
350,350,COD,Paid,14-09-2024
351,351,UPI,Paid,07-04-2024
352,352,UPI,Paid,30-03-2024
353,353,Debit Card,Refunded,12-05-2024
354,354,UPI,Failed,25-03-2025
355,355,COD,Failed,17-11-2025
356,356,Net Banking,Failed,20-09-2025
357,357,UPI,Failed,09-05-2025
358,358,COD,Refunded,20-10-2024
359,359,COD,Failed,16-11-2024
360,360,UPI,Paid,04-05-2025
361,361,Credit Card,Refunded,20-02-2025
362,362,Net Banking,Failed,20-10-2025
363,363,Credit Card,Paid,19-11-2024
364,364,Credit Card,Refunded,29-08-2024
365,365,Net Banking,Paid,03-06-2024
366,366,UPI,Refunded,02-06-2025
367,367,UPI,Paid,30-06-2024
368,368,UPI,Paid,23-10-2025
369,369,UPI,Failed,17-04-2024
370,370,Credit Card,Failed,25-09-2025
371,371,Debit Card,Refunded,26-03-2024
372,372,Net Banking,Failed,10-05-2024
373,373,Net Banking,Refunded,23-08-2025
374,374,Net Banking,Paid,26-06-2025
375,375,UPI,Failed,05-11-2025
376,376,COD,Failed,16-03-2025
377,377,Credit Card,Refunded,17-04-2025
378,378,UPI,Failed,20-04-2025
379,379,UPI,Refunded,07-02-2025
380,380,Credit Card,Failed,25-05-2024
381,381,Net Banking,Failed,04-10-2025
382,382,Credit Card,Failed,24-12-2024
383,383,Credit Card,Paid,21-03-2024
384,384,Debit Card,Refunded,11-01-2025
385,385,COD,Failed,09-11-2024
386,386,Debit Card,Paid,05-06-2025
387,387,Credit Card,Paid,25-01-2024
388,388,COD,Failed,06-11-2025
389,389,UPI,Refunded,10-06-2025
390,390,Credit Card,Refunded,09-05-2024
391,391,UPI,Failed,30-08-2024
392,392,UPI,Refunded,21-02-2025
393,393,Net Banking,Failed,30-08-2025
394,394,COD,Refunded,08-05-2024
395,395,UPI,Refunded,05-02-2024
396,396,Net Banking,Refunded,31-12-2025
397,397,Net Banking,Failed,02-02-2024
398,398,Net Banking,Refunded,15-06-2024
399,399,COD,Refunded,22-12-2025
400,400,Debit Card,Failed,28-08-2025
401,401,Debit Card,Paid,02-02-2025
402,402,UPI,Failed,09-11-2024
403,403,Net Banking,Paid,20-10-2025
404,404,UPI,Paid,06-02-2024
405,405,Net Banking,Paid,05-05-2025
406,406,Credit Card,Refunded,19-05-2025
407,407,Credit Card,Refunded,14-07-2024
408,408,UPI,Paid,02-11-2024
409,409,Debit Card,Paid,06-08-2025
410,410,Credit Card,Failed,10-05-2024
411,411,UPI,Refunded,01-04-2024
412,412,Debit Card,Refunded,23-05-2025
413,413,Credit Card,Refunded,19-12-2025
414,414,COD,Failed,23-11-2025
415,415,Net Banking,Paid,06-04-2025
416,416,Debit Card,Refunded,13-08-2025
417,417,Credit Card,Failed,07-07-2025
418,418,UPI,Failed,18-08-2025
419,419,Net Banking,Refunded,28-11-2024
420,420,Credit Card,Paid,02-02-2025
421,421,Net Banking,Refunded,29-06-2024
422,422,Credit Card,Failed,25-03-2024
423,423,COD,Refunded,20-12-2025
424,424,UPI,Refunded,06-05-2025
425,425,COD,Paid,27-01-2024
426,426,Credit Card,Paid,04-08-2024
427,427,COD,Failed,29-07-2024
428,428,Net Banking,Paid,02-12-2024
429,429,COD,Refunded,14-06-2025
430,430,COD,Refunded,05-04-2024
431,431,Credit Card,Refunded,02-07-2024
432,432,Debit Card,Refunded,04-02-2024
433,433,Net Banking,Paid,19-02-2024
434,434,UPI,Refunded,22-08-2024
435,435,Debit Card,Paid,01-12-2025
436,436,Debit Card,Paid,27-04-2024
437,437,COD,Failed,13-08-2025
438,438,UPI,Refunded,21-11-2024
439,439,Debit Card,Paid,13-08-2024
440,440,UPI,Paid,01-01-2024
441,441,COD,Paid,20-03-2024
442,442,Credit Card,Refunded,19-12-2024
443,443,Net Banking,Failed,16-11-2025
444,444,Credit Card,Paid,06-05-2025
445,445,Credit Card,Refunded,07-03-2024
446,446,Debit Card,Paid,05-02-2025
447,447,COD,Refunded,29-11-2025
448,448,UPI,Paid,26-05-2025
449,449,Net Banking,Refunded,15-04-2025
450,450,UPI,Refunded,24-05-2024
451,451,UPI,Paid,18-05-2025
452,452,Net Banking,Failed,11-07-2024
453,453,UPI,Paid,10-09-2025
454,454,Net Banking,Paid,08-07-2025
455,455,UPI,Paid,11-07-2024
456,456,COD,Refunded,07-03-2025
457,457,COD,Refunded,19-05-2025
458,458,Credit Card,Failed,20-10-2024
459,459,COD,Refunded,05-03-2024
460,460,Net Banking,Paid,06-02-2025
461,461,Debit Card,Failed,08-10-2025
462,462,Net Banking,Paid,20-06-2025
463,463,UPI,Paid,27-01-2024
464,464,Debit Card,Refunded,05-03-2024
465,465,Credit Card,Failed,24-05-2025
466,466,UPI,Paid,06-09-2024
467,467,Debit Card,Failed,17-08-2024
468,468,COD,Refunded,16-06-2024
469,469,UPI,Paid,07-05-2025
470,470,COD,Failed,27-02-2025
471,471,UPI,Refunded,21-06-2024
472,472,Credit Card,Paid,11-11-2025
473,473,COD,Paid,03-03-2025
474,474,Debit Card,Paid,29-11-2024
475,475,Net Banking,Failed,04-02-2024
476,476,Net Banking,Paid,30-11-2025
477,477,Net Banking,Refunded,31-01-2024
478,478,COD,Paid,23-03-2025
479,479,COD,Refunded,25-12-2025
480,480,UPI,Paid,17-02-2024
481,481,UPI,Refunded,06-01-2024
482,482,Debit Card,Paid,21-11-2024
483,483,COD,Refunded,02-10-2025
484,484,Debit Card,Refunded,12-05-2025
485,485,Credit Card,Paid,18-03-2025
486,486,UPI,Failed,19-04-2025
487,487,UPI,Paid,28-08-2025
488,488,Credit Card,Failed,22-09-2024
489,489,Net Banking,Paid,08-06-2024
490,490,COD,Refunded,11-10-2024
491,491,Net Banking,Failed,09-11-2024
492,492,COD,Refunded,15-04-2025
493,493,Debit Card,Refunded,28-08-2024
494,494,Net Banking,Refunded,25-04-2024
495,495,UPI,Failed,19-12-2024
496,496,Debit Card,Failed,20-03-2025
497,497,Debit Card,Failed,27-10-2025
498,498,Credit Card,Failed,30-09-2025
499,499,Debit Card,Refunded,17-08-2025
500,500,COD,Refunded,03-01-2024
501,501,COD,Refunded,16-12-2024
502,502,COD,Refunded,29-10-2025
503,503,Net Banking,Failed,29-02-2024
504,504,UPI,Paid,11-08-2025
505,505,Debit Card,Refunded,26-02-2024
506,506,Net Banking,Refunded,23-09-2024
507,507,UPI,Failed,28-01-2024
508,508,COD,Failed,13-06-2024
509,509,Credit Card,Refunded,07-01-2024
510,510,Net Banking,Refunded,03-09-2024
511,511,Credit Card,Refunded,28-02-2024
512,512,Debit Card,Paid,28-06-2025
513,513,COD,Refunded,27-03-2024
514,514,Debit Card,Paid,26-01-2024
515,515,Net Banking,Failed,07-04-2025
516,516,COD,Paid,11-05-2024
517,517,Net Banking,Refunded,30-06-2024
518,518,UPI,Paid,05-03-2025
519,519,UPI,Refunded,31-05-2024
520,520,Credit Card,Refunded,21-04-2025
521,521,Credit Card,Failed,21-08-2025
522,522,UPI,Failed,25-08-2025
523,523,UPI,Failed,02-07-2024
524,524,UPI,Refunded,08-11-2025
525,525,UPI,Refunded,06-03-2025
526,526,Net Banking,Failed,17-07-2024
527,527,Debit Card,Refunded,14-06-2024
528,528,Net Banking,Refunded,27-02-2025
529,529,UPI,Failed,25-08-2025
530,530,Net Banking,Failed,10-03-2024
531,531,Debit Card,Paid,24-02-2024
532,532,UPI,Refunded,31-12-2025
533,533,Debit Card,Refunded,19-02-2025
534,534,Credit Card,Paid,04-01-2024
535,535,UPI,Paid,12-05-2025
536,536,Credit Card,Refunded,06-11-2025
537,537,Net Banking,Failed,30-01-2024
538,538,UPI,Refunded,10-05-2025
539,539,COD,Refunded,12-07-2024
540,540,COD,Paid,11-06-2025
541,541,COD,Failed,27-06-2024
542,542,Credit Card,Refunded,13-07-2024
543,543,Net Banking,Failed,16-04-2025
544,544,Net Banking,Refunded,03-12-2024
545,545,Debit Card,Refunded,14-02-2024
546,546,Credit Card,Failed,04-10-2025
547,547,Net Banking,Paid,31-01-2024
548,548,UPI,Refunded,24-10-2024
549,549,Credit Card,Refunded,25-10-2024
550,550,UPI,Refunded,19-09-2024
551,551,Net Banking,Failed,29-01-2024
552,552,Debit Card,Refunded,14-04-2024
553,553,COD,Paid,13-10-2025
554,554,Net Banking,Failed,19-05-2024
555,555,UPI,Refunded,15-10-2024
556,556,Credit Card,Paid,12-11-2024
557,557,COD,Paid,08-03-2024
558,558,COD,Refunded,10-09-2025
559,559,UPI,Refunded,26-03-2025
560,560,Net Banking,Failed,14-08-2024
561,561,Net Banking,Failed,03-11-2025
562,562,COD,Paid,31-05-2025
563,563,Net Banking,Paid,04-07-2025
564,564,UPI,Refunded,30-11-2025
565,565,Credit Card,Failed,11-08-2024
566,566,UPI,Failed,30-07-2024
567,567,COD,Paid,21-12-2024
568,568,Debit Card,Failed,10-03-2025
569,569,UPI,Paid,04-08-2024
570,570,Net Banking,Paid,25-05-2024
571,571,Net Banking,Paid,09-10-2024
572,572,Debit Card,Paid,04-11-2024
573,573,Debit Card,Paid,31-01-2025
574,574,UPI,Failed,05-06-2024
575,575,Net Banking,Failed,12-06-2025
576,576,UPI,Paid,04-08-2024
577,577,Credit Card,Paid,16-06-2024
578,578,Credit Card,Failed,03-05-2025
579,579,COD,Paid,02-02-2025
580,580,COD,Paid,19-01-2024
581,581,UPI,Paid,09-05-2025
582,582,COD,Paid,30-04-2024
583,583,COD,Paid,22-12-2025
584,584,COD,Paid,06-11-2024
585,585,Debit Card,Failed,16-12-2024
586,586,UPI,Failed,15-06-2024
587,587,Credit Card,Paid,19-05-2025
588,588,COD,Refunded,27-08-2024
589,589,Debit Card,Failed,24-02-2025
590,590,Credit Card,Refunded,27-12-2025
591,591,Debit Card,Failed,24-10-2024
592,592,COD,Paid,17-05-2024
593,593,Debit Card,Refunded,26-09-2025
594,594,Net Banking,Paid,23-10-2024
595,595,Debit Card,Paid,06-03-2025
596,596,Credit Card,Paid,02-04-2024
597,597,Net Banking,Failed,12-10-2024
598,598,Net Banking,Failed,11-01-2025
599,599,UPI,Refunded,23-05-2025
600,600,Debit Card,Refunded,08-08-2025
601,601,Debit Card,Refunded,13-08-2025
602,602,Net Banking,Failed,21-12-2025
603,603,Net Banking,Paid,05-04-2024
604,604,Debit Card,Failed,12-08-2025
605,605,Credit Card,Failed,26-06-2025
606,606,COD,Failed,24-10-2025
607,607,Net Banking,Refunded,19-03-2024
608,608,Net Banking,Failed,10-05-2024
609,609,UPI,Failed,14-09-2025
610,610,UPI,Paid,24-11-2024
611,611,Debit Card,Refunded,18-07-2025
612,612,COD,Refunded,09-10-2025
613,613,COD,Paid,20-08-2025
614,614,COD,Failed,07-05-2024
615,615,Net Banking,Paid,25-03-2025
616,616,COD,Failed,26-03-2025
617,617,Debit Card,Failed,17-04-2025
618,618,UPI,Refunded,24-06-2025
619,619,UPI,Refunded,09-05-2024
620,620,Debit Card,Refunded,17-02-2024
621,621,Net Banking,Failed,20-04-2025
622,622,Net Banking,Refunded,04-06-2025
623,623,Net Banking,Failed,22-10-2024
624,624,Credit Card,Paid,10-08-2025
625,625,UPI,Failed,15-09-2025
626,626,UPI,Failed,03-07-2024
627,627,Net Banking,Failed,07-11-2024
628,628,UPI,Failed,07-12-2024
629,629,Net Banking,Failed,04-12-2025
630,630,Credit Card,Paid,25-06-2025
631,631,Debit Card,Failed,28-11-2024
632,632,UPI,Paid,17-10-2025
633,633,COD,Failed,19-04-2025
634,634,COD,Failed,03-12-2025
635,635,COD,Refunded,05-05-2025
636,636,COD,Failed,11-12-2024
637,637,Credit Card,Failed,13-02-2025
638,638,UPI,Paid,30-07-2024
639,639,UPI,Refunded,23-08-2025
640,640,UPI,Refunded,14-01-2025
641,641,COD,Paid,22-10-2024
642,642,UPI,Paid,16-06-2025
643,643,COD,Paid,03-03-2025
644,644,Net Banking,Paid,29-07-2024
645,645,UPI,Paid,22-02-2024
646,646,UPI,Refunded,25-04-2025
647,647,UPI,Failed,17-12-2025
648,648,Net Banking,Failed,12-05-2024
649,649,COD,Failed,02-09-2025
650,650,Debit Card,Failed,30-11-2025
651,651,Debit Card,Paid,24-02-2025
652,652,Credit Card,Refunded,17-12-2024
653,653,Net Banking,Refunded,30-03-2024
654,654,UPI,Paid,17-09-2025
655,655,Net Banking,Failed,24-12-2024
656,656,Debit Card,Refunded,19-08-2024
657,657,COD,Failed,21-05-2024
658,658,UPI,Refunded,21-09-2024
659,659,Credit Card,Paid,02-11-2025
660,660,Net Banking,Failed,30-10-2025
661,661,UPI,Refunded,14-08-2024
662,662,COD,Refunded,08-06-2024
663,663,Credit Card,Failed,02-10-2025
664,664,Net Banking,Paid,16-12-2024
665,665,Credit Card,Failed,10-10-2024
666,666,Credit Card,Paid,12-03-2024
667,667,UPI,Refunded,12-04-2024
668,668,UPI,Failed,25-03-2025
669,669,Net Banking,Failed,15-08-2025
670,670,Credit Card,Refunded,08-05-2025
671,671,Net Banking,Paid,18-06-2024
672,672,Credit Card,Failed,16-12-2024
673,673,UPI,Refunded,09-04-2024
674,674,Net Banking,Paid,15-04-2025
675,675,Debit Card,Refunded,20-03-2025
676,676,Net Banking,Failed,04-11-2024
677,677,Debit Card,Failed,25-12-2024
678,678,Credit Card,Paid,12-10-2025
679,679,Credit Card,Refunded,22-05-2024
680,680,Debit Card,Failed,14-10-2024
681,681,Credit Card,Paid,13-12-2024
682,682,Credit Card,Paid,22-12-2024
683,683,Debit Card,Paid,23-09-2025
684,684,COD,Failed,20-02-2025
685,685,UPI,Failed,18-08-2024
686,686,Credit Card,Paid,23-01-2025
687,687,Credit Card,Failed,27-07-2025
688,688,UPI,Paid,04-10-2025
689,689,Debit Card,Refunded,16-08-2024
690,690,COD,Paid,16-12-2025
691,691,Debit Card,Paid,28-09-2024
692,692,COD,Paid,25-12-2024
693,693,COD,Failed,11-05-2024
694,694,Credit Card,Failed,10-01-2025
695,695,Debit Card,Paid,20-01-2024
696,696,COD,Refunded,17-11-2025
697,697,COD,Failed,12-03-2024
698,698,Net Banking,Refunded,12-05-2024
699,699,Debit Card,Failed,27-01-2024
700,700,Debit Card,Refunded,22-12-2024
701,701,COD,Failed,14-12-2024
702,702,Debit Card,Failed,02-07-2024
703,703,UPI,Refunded,13-05-2025
704,704,UPI,Failed,21-10-2024
705,705,COD,Failed,26-06-2024
706,706,COD,Paid,01-01-2024
707,707,COD,Paid,23-08-2024
708,708,UPI,Refunded,27-05-2024
709,709,COD,Refunded,14-12-2024
710,710,Net Banking,Failed,19-08-2024
711,711,Debit Card,Paid,23-11-2025
712,712,COD,Failed,05-05-2024
713,713,Credit Card,Paid,01-10-2025
714,714,Net Banking,Paid,01-08-2024
715,715,COD,Paid,28-01-2024
716,716,COD,Refunded,11-02-2024
717,717,COD,Failed,07-09-2024
718,718,Credit Card,Failed,25-07-2025
719,719,Net Banking,Paid,23-03-2025
720,720,COD,Failed,10-09-2025
721,721,COD,Paid,11-08-2025
722,722,Credit Card,Failed,06-03-2025
723,723,Credit Card,Failed,27-10-2025
724,724,Credit Card,Refunded,08-05-2024
725,725,Net Banking,Refunded,23-12-2024
726,726,COD,Failed,13-01-2025
727,727,Net Banking,Failed,09-09-2024
728,728,UPI,Paid,26-01-2025
729,729,UPI,Refunded,21-09-2024
730,730,UPI,Paid,13-06-2025
731,731,Credit Card,Paid,02-01-2024
732,732,UPI,Failed,05-02-2024
733,733,Credit Card,Failed,04-02-2024
734,734,Net Banking,Failed,30-09-2024
735,735,Debit Card,Paid,18-09-2025
736,736,Net Banking,Paid,21-06-2025
737,737,Net Banking,Failed,14-02-2025
738,738,COD,Failed,21-02-2025
739,739,Net Banking,Paid,03-08-2024
740,740,Net Banking,Failed,05-05-2024
741,741,Net Banking,Paid,13-08-2025
742,742,Net Banking,Paid,13-05-2024
743,743,Debit Card,Refunded,07-06-2025
744,744,Credit Card,Refunded,22-11-2025
745,745,Credit Card,Failed,19-06-2025
746,746,COD,Failed,16-03-2025
747,747,UPI,Refunded,24-06-2024
748,748,Net Banking,Refunded,30-11-2024
749,749,Net Banking,Failed,18-04-2024
750,750,Net Banking,Refunded,02-09-2024
751,751,Debit Card,Failed,02-11-2024
752,752,Debit Card,Refunded,26-03-2025
753,753,UPI,Paid,12-06-2025
754,754,COD,Paid,26-03-2024
755,755,Net Banking,Refunded,11-03-2025
756,756,Debit Card,Paid,23-01-2024
757,757,Debit Card,Paid,10-09-2025
758,758,Net Banking,Refunded,30-04-2024
759,759,Debit Card,Refunded,31-01-2025
760,760,Debit Card,Refunded,26-04-2024
761,761,UPI,Refunded,17-06-2025
762,762,Net Banking,Failed,11-07-2025
763,763,Debit Card,Failed,09-03-2025
764,764,Net Banking,Refunded,08-09-2024
765,765,Net Banking,Failed,25-06-2024
766,766,UPI,Paid,15-09-2025
767,767,UPI,Failed,26-11-2025
768,768,UPI,Paid,11-04-2024
769,769,Credit Card,Refunded,17-03-2025
770,770,UPI,Refunded,05-12-2025
771,771,COD,Refunded,21-11-2024
772,772,Debit Card,Paid,06-01-2025
773,773,UPI,Paid,12-09-2025
774,774,Credit Card,Refunded,31-08-2025
775,775,Credit Card,Paid,15-11-2025
776,776,COD,Failed,13-10-2025
777,777,Net Banking,Paid,11-03-2025
778,778,Net Banking,Failed,21-03-2024
779,779,Credit Card,Failed,03-06-2024
780,780,Credit Card,Paid,31-01-2025
781,781,UPI,Failed,07-01-2024
782,782,Credit Card,Failed,09-07-2025
783,783,COD,Failed,23-02-2024
784,784,Credit Card,Refunded,02-12-2024
785,785,Net Banking,Failed,30-11-2025
786,786,Net Banking,Paid,19-05-2024
787,787,UPI,Failed,28-10-2025
788,788,Debit Card,Failed,29-09-2024
789,789,Credit Card,Paid,29-04-2024
790,790,COD,Failed,17-07-2024
791,791,UPI,Refunded,16-10-2024
792,792,Credit Card,Paid,28-04-2024
793,793,Credit Card,Refunded,16-06-2024
794,794,Net Banking,Paid,23-12-2024
795,795,UPI,Paid,23-11-2024
796,796,Credit Card,Failed,05-07-2024
797,797,UPI,Failed,11-07-2024
798,798,UPI,Failed,03-04-2024
799,799,Credit Card,Refunded,02-12-2025
800,800,Debit Card,Refunded,03-04-2024
801,801,UPI,Paid,31-03-2025
802,802,UPI,Refunded,07-02-2024
803,803,Debit Card,Failed,18-08-2024
804,804,Net Banking,Failed,11-03-2025
805,805,Debit Card,Paid,04-02-2025
806,806,Credit Card,Refunded,20-12-2024
807,807,COD,Refunded,03-03-2025
808,808,Debit Card,Paid,09-09-2025
809,809,UPI,Failed,19-06-2024
810,810,UPI,Paid,03-12-2025
811,811,Credit Card,Paid,02-06-2024
812,812,Debit Card,Paid,05-01-2025
813,813,Net Banking,Refunded,18-02-2024
814,814,COD,Paid,05-04-2025
815,815,UPI,Refunded,08-02-2025
816,816,COD,Paid,21-03-2025
817,817,Net Banking,Failed,05-08-2025
818,818,COD,Paid,11-01-2024
819,819,UPI,Paid,06-05-2025
820,820,Credit Card,Refunded,21-03-2025
821,821,COD,Failed,27-11-2024
822,822,UPI,Refunded,14-04-2024
823,823,UPI,Failed,22-05-2025
824,824,Credit Card,Paid,23-11-2025
825,825,COD,Failed,29-07-2025
826,826,Net Banking,Paid,11-03-2024
827,827,Net Banking,Failed,02-02-2024
828,828,UPI,Paid,12-08-2025
829,829,COD,Failed,29-01-2025
830,830,UPI,Paid,15-06-2025
831,831,Debit Card,Refunded,11-02-2024
832,832,UPI,Failed,28-08-2025
833,833,Net Banking,Paid,15-10-2025
834,834,UPI,Refunded,10-04-2024
835,835,Credit Card,Failed,23-01-2025
836,836,Debit Card,Failed,28-03-2024
837,837,Debit Card,Failed,11-06-2024
838,838,COD,Refunded,07-11-2025
839,839,Credit Card,Paid,29-11-2024
840,840,Debit Card,Failed,11-11-2024
841,841,Net Banking,Paid,29-12-2024
842,842,COD,Refunded,07-05-2025
843,843,Debit Card,Paid,20-02-2025
844,844,COD,Paid,09-12-2024
845,845,UPI,Refunded,06-02-2025
846,846,UPI,Paid,01-03-2025
847,847,COD,Failed,25-01-2024
848,848,Credit Card,Paid,20-07-2024
849,849,Net Banking,Paid,01-11-2024
850,850,Debit Card,Refunded,15-05-2024
851,851,Debit Card,Paid,15-08-2024
852,852,Credit Card,Failed,10-08-2024
853,853,Credit Card,Failed,30-12-2024
854,854,UPI,Refunded,14-11-2024
855,855,Net Banking,Refunded,31-08-2024
856,856,Net Banking,Failed,27-08-2025
857,857,Net Banking,Paid,24-10-2025
858,858,Credit Card,Refunded,09-07-2025
859,859,Net Banking,Paid,10-10-2024
860,860,Debit Card,Paid,30-07-2024
861,861,Debit Card,Failed,29-01-2025
862,862,UPI,Paid,30-01-2024
863,863,Credit Card,Failed,21-04-2025
864,864,UPI,Failed,23-08-2025
865,865,UPI,Refunded,07-11-2024
866,866,UPI,Failed,27-07-2024
867,867,Credit Card,Failed,15-09-2024
868,868,COD,Refunded,03-01-2025
869,869,COD,Failed,11-02-2025
870,870,COD,Paid,09-12-2025
871,871,Credit Card,Paid,03-11-2024
872,872,UPI,Failed,15-07-2025
873,873,UPI,Refunded,07-06-2024
874,874,Debit Card,Failed,30-01-2025
875,875,COD,Paid,23-04-2024
876,876,UPI,Failed,23-07-2024
877,877,Credit Card,Failed,04-12-2025
878,878,Net Banking,Paid,08-07-2025
879,879,Debit Card,Paid,08-06-2024
880,880,Debit Card,Refunded,24-10-2025
881,881,UPI,Refunded,10-11-2024
882,882,COD,Paid,16-01-2024
883,883,Credit Card,Paid,18-04-2024
884,884,Debit Card,Paid,24-02-2024
885,885,Credit Card,Paid,17-07-2025
886,886,Credit Card,Paid,18-09-2024
887,887,Credit Card,Failed,07-01-2025
888,888,Debit Card,Paid,25-04-2025
889,889,UPI,Failed,05-06-2024
890,890,UPI,Refunded,03-02-2025
891,891,COD,Refunded,19-01-2024
892,892,Credit Card,Paid,19-10-2024
893,893,Net Banking,Paid,14-07-2025
894,894,Credit Card,Refunded,22-03-2025
895,895,Credit Card,Failed,28-11-2024
896,896,UPI,Paid,13-10-2024
897,897,UPI,Paid,14-12-2025
898,898,Net Banking,Failed,17-12-2025
899,899,UPI,Failed,11-02-2024
900,900,COD,Failed,18-01-2025
901,901,Credit Card,Paid,07-04-2024
902,902,COD,Failed,12-12-2025
903,903,Debit Card,Failed,08-05-2024
904,904,Debit Card,Paid,19-06-2024
905,905,Debit Card,Refunded,28-08-2024
906,906,COD,Refunded,18-07-2025
907,907,Net Banking,Failed,19-05-2024
908,908,Debit Card,Paid,22-07-2024
909,909,COD,Paid,31-01-2025
910,910,UPI,Refunded,18-01-2025
911,911,Net Banking,Refunded,04-07-2025
912,912,Debit Card,Failed,28-03-2024
913,913,Debit Card,Failed,11-12-2024
914,914,UPI,Paid,09-01-2025
915,915,Net Banking,Paid,09-04-2025
916,916,Debit Card,Failed,02-03-2025
917,917,UPI,Failed,09-10-2025
918,918,Net Banking,Refunded,25-11-2025
919,919,Credit Card,Failed,18-06-2024
920,920,Net Banking,Paid,17-03-2024
921,921,Net Banking,Paid,27-05-2025
922,922,Net Banking,Paid,27-08-2024
923,923,UPI,Failed,28-02-2024
924,924,Net Banking,Failed,25-09-2025
925,925,Credit Card,Failed,26-05-2024
926,926,COD,Paid,03-02-2024
927,927,UPI,Failed,29-11-2024
928,928,COD,Paid,20-05-2025
929,929,Net Banking,Failed,02-06-2025
930,930,Net Banking,Paid,23-11-2024
931,931,Credit Card,Paid,28-10-2025
932,932,COD,Paid,13-11-2025
933,933,Debit Card,Failed,27-09-2025
934,934,Credit Card,Refunded,22-09-2024
935,935,Credit Card,Failed,08-02-2024
936,936,Debit Card,Paid,08-06-2024
937,937,Net Banking,Refunded,30-03-2025
938,938,Credit Card,Paid,23-12-2025
939,939,UPI,Paid,10-10-2024
940,940,UPI,Refunded,06-03-2025
941,941,Net Banking,Failed,24-12-2025
942,942,COD,Paid,10-09-2025
943,943,Credit Card,Failed,26-07-2025
944,944,Net Banking,Paid,21-04-2024
945,945,UPI,Refunded,10-08-2024
946,946,Credit Card,Refunded,21-06-2025
947,947,Credit Card,Refunded,15-03-2024
948,948,Credit Card,Paid,10-07-2024
949,949,COD,Paid,07-04-2024
950,950,Credit Card,Paid,07-10-2025
951,951,COD,Failed,12-03-2024
952,952,Credit Card,Paid,28-01-2025
953,953,Credit Card,Paid,08-04-2025
954,954,COD,Refunded,13-01-2025
955,955,Net Banking,Refunded,05-12-2025
956,956,Debit Card,Failed,13-09-2024
957,957,Credit Card,Failed,11-04-2025
958,958,UPI,Paid,17-10-2025
959,959,UPI,Failed,21-12-2025
960,960,UPI,Refunded,16-06-2024
961,961,COD,Failed,25-05-2025
962,962,Net Banking,Refunded,26-12-2024
963,963,UPI,Failed,04-11-2025
964,964,Debit Card,Paid,10-11-2025
965,965,COD,Refunded,08-09-2025
966,966,UPI,Refunded,02-03-2024
967,967,Net Banking,Paid,12-09-2024
968,968,Credit Card,Paid,16-12-2024
969,969,Credit Card,Refunded,27-11-2025
970,970,Net Banking,Failed,31-03-2024
971,971,UPI,Paid,13-02-2025
972,972,COD,Failed,06-04-2025
973,973,Credit Card,Refunded,15-02-2025
974,974,COD,Failed,29-04-2024
975,975,Credit Card,Paid,11-10-2024
976,976,Debit Card,Refunded,21-12-2025
977,977,Debit Card,Failed,21-12-2024
978,978,Credit Card,Failed,15-07-2025
979,979,UPI,Paid,19-05-2025
980,980,Net Banking,Failed,26-12-2025
981,981,Debit Card,Refunded,13-05-2025
982,982,UPI,Refunded,14-02-2024
983,983,Net Banking,Paid,07-06-2025
984,984,Net Banking,Refunded,07-01-2024
985,985,Net Banking,Refunded,29-09-2024
986,986,Net Banking,Refunded,10-09-2024
987,987,Credit Card,Paid,23-05-2024
988,988,Debit Card,Refunded,22-07-2025
989,989,Debit Card,Refunded,03-12-2025
990,990,UPI,Paid,31-07-2025
991,991,Credit Card,Failed,01-02-2024
992,992,Credit Card,Refunded,20-05-2024
993,993,COD,Paid,26-05-2025
994,994,Credit Card,Paid,20-06-2025
995,995,Net Banking,Refunded,27-10-2025
996,996,COD,Paid,23-11-2025
997,997,UPI,Refunded,28-01-2024
998,998,COD,Refunded,15-09-2024
999,999,Debit Card,Refunded,17-06-2024
1000,1000,Net Banking,Failed,01-07-2024
1001,1001,COD,Paid,27-01-2024
1002,1002,COD,Paid,12-12-2025
1003,1003,UPI,Paid,26-12-2025
1004,1004,COD,Failed,20-12-2024
1005,1005,Debit Card,Failed,09-01-2024
1006,1006,COD,Refunded,15-05-2025
1007,1007,Credit Card,Paid,22-08-2025
1008,1008,COD,Refunded,08-02-2024
1009,1009,UPI,Paid,18-11-2025
1010,1010,COD,Refunded,29-10-2025
1011,1011,Net Banking,Paid,22-04-2025
1012,1012,COD,Failed,15-11-2025
1013,1013,Debit Card,Refunded,14-08-2025
1014,1014,Credit Card,Failed,23-07-2025
1015,1015,Credit Card,Refunded,31-08-2025
1016,1016,UPI,Failed,07-02-2025
1017,1017,Net Banking,Paid,29-05-2025
1018,1018,Net Banking,Paid,21-07-2025
1019,1019,COD,Failed,29-03-2025
1020,1020,Net Banking,Paid,06-04-2024
1021,1021,COD,Paid,18-03-2024
1022,1022,COD,Failed,29-07-2025
1023,1023,Net Banking,Paid,24-11-2024
1024,1024,Debit Card,Refunded,16-06-2025
1025,1025,Net Banking,Refunded,11-10-2025
1026,1026,Net Banking,Refunded,30-08-2025
1027,1027,UPI,Refunded,25-12-2024
1028,1028,COD,Refunded,13-09-2024
1029,1029,Net Banking,Failed,28-08-2024
1030,1030,Net Banking,Failed,20-08-2024
1031,1031,Credit Card,Refunded,27-04-2025
1032,1032,Debit Card,Refunded,26-11-2024
1033,1033,COD,Refunded,29-04-2025
1034,1034,UPI,Refunded,17-10-2025
1035,1035,Credit Card,Failed,04-04-2024
1036,1036,Debit Card,Refunded,23-06-2024
1037,1037,COD,Refunded,25-08-2024
1038,1038,Credit Card,Refunded,06-04-2025
1039,1039,UPI,Paid,21-08-2025
1040,1040,Credit Card,Paid,10-05-2025
1041,1041,COD,Refunded,28-05-2025
1042,1042,Net Banking,Failed,29-07-2025
1043,1043,Credit Card,Refunded,17-08-2024
1044,1044,COD,Refunded,21-01-2024
1045,1045,Net Banking,Refunded,17-05-2024
1046,1046,UPI,Failed,20-03-2025
1047,1047,UPI,Refunded,19-03-2025
1048,1048,Debit Card,Failed,04-04-2024
1049,1049,Net Banking,Refunded,06-10-2024
1050,1050,COD,Paid,17-04-2024
1051,1051,COD,Refunded,09-03-2024
1052,1052,COD,Refunded,20-04-2025
1053,1053,COD,Failed,23-01-2024
1054,1054,Net Banking,Failed,16-12-2025
1055,1055,UPI,Failed,28-07-2025
1056,1056,UPI,Refunded,10-11-2025
1057,1057,Net Banking,Paid,22-04-2024
1058,1058,COD,Paid,25-09-2025
1059,1059,Debit Card,Refunded,08-08-2025
1060,1060,UPI,Paid,04-12-2025
1061,1061,UPI,Failed,28-08-2025
1062,1062,Credit Card,Paid,13-10-2024
1063,1063,Credit Card,Paid,23-10-2025
1064,1064,COD,Failed,11-04-2024
1065,1065,UPI,Paid,03-07-2024
1066,1066,Debit Card,Paid,25-01-2024
1067,1067,COD,Refunded,26-12-2024
1068,1068,Net Banking,Refunded,17-02-2025
1069,1069,UPI,Refunded,06-02-2025
1070,1070,Net Banking,Refunded,15-06-2024
1071,1071,COD,Paid,27-03-2025
1072,1072,Credit Card,Failed,28-12-2024
1073,1073,UPI,Paid,06-08-2024
1074,1074,UPI,Paid,15-11-2025
1075,1075,Net Banking,Refunded,01-08-2025
1076,1076,UPI,Refunded,11-07-2025
1077,1077,Credit Card,Paid,02-08-2024
1078,1078,Credit Card,Refunded,24-07-2024
1079,1079,Credit Card,Failed,26-12-2024
1080,1080,Debit Card,Paid,09-06-2025
1081,1081,COD,Refunded,10-07-2025
1082,1082,Debit Card,Failed,16-10-2024
1083,1083,Debit Card,Paid,11-10-2025
1084,1084,Net Banking,Failed,07-10-2025
1085,1085,Debit Card,Refunded,10-05-2025
1086,1086,UPI,Refunded,04-03-2024
1087,1087,COD,Paid,16-10-2025
1088,1088,Credit Card,Refunded,03-07-2025
1089,1089,Credit Card,Paid,09-05-2024
1090,1090,Debit Card,Refunded,30-06-2024
1091,1091,UPI,Refunded,13-12-2024
1092,1092,Net Banking,Failed,19-06-2025
1093,1093,COD,Failed,24-10-2024
1094,1094,Debit Card,Refunded,21-09-2024
1095,1095,UPI,Failed,29-02-2024
1096,1096,UPI,Refunded,29-08-2024
1097,1097,Debit Card,Failed,04-10-2024
1098,1098,Credit Card,Paid,10-11-2025
1099,1099,Credit Card,Refunded,01-05-2024
1100,1100,COD,Failed,10-12-2024
1101,1101,Debit Card,Refunded,27-09-2025
1102,1102,Debit Card,Failed,10-08-2025
1103,1103,UPI,Refunded,26-05-2025
1104,1104,UPI,Failed,03-10-2024
1105,1105,Debit Card,Refunded,04-08-2025
1106,1106,Debit Card,Paid,06-06-2025
1107,1107,COD,Paid,20-11-2025
1108,1108,Debit Card,Refunded,07-09-2025
1109,1109,COD,Failed,01-10-2024
1110,1110,UPI,Failed,01-05-2024
1111,1111,Credit Card,Refunded,09-06-2024
1112,1112,Net Banking,Failed,08-08-2025
1113,1113,Credit Card,Failed,12-07-2024
1114,1114,UPI,Refunded,20-10-2024
1115,1115,COD,Failed,15-01-2025
1116,1116,Net Banking,Paid,04-09-2024
1117,1117,Debit Card,Paid,30-01-2024
1118,1118,Debit Card,Refunded,07-07-2024
1119,1119,UPI,Paid,07-01-2024
1120,1120,UPI,Failed,20-04-2024
1121,1121,UPI,Refunded,08-10-2024
1122,1122,Credit Card,Failed,17-05-2024
1123,1123,COD,Paid,17-11-2025
1124,1124,Debit Card,Failed,10-10-2025
1125,1125,Credit Card,Paid,03-02-2024
1126,1126,Net Banking,Failed,05-06-2025
1127,1127,COD,Refunded,24-01-2024
1128,1128,Debit Card,Refunded,13-12-2025
1129,1129,UPI,Refunded,08-08-2024
1130,1130,Credit Card,Failed,28-04-2024
1131,1131,Net Banking,Refunded,08-02-2024
1132,1132,Net Banking,Paid,14-05-2025
1133,1133,COD,Refunded,13-09-2025
1134,1134,Net Banking,Failed,12-05-2024
1135,1135,Debit Card,Failed,25-10-2024
1136,1136,UPI,Refunded,07-10-2025
1137,1137,Credit Card,Refunded,21-08-2024
1138,1138,UPI,Paid,25-10-2025
1139,1139,Net Banking,Paid,24-02-2025
1140,1140,Debit Card,Refunded,09-04-2025
1141,1141,Credit Card,Failed,14-09-2025
1142,1142,Credit Card,Paid,23-05-2024
1143,1143,Credit Card,Refunded,02-03-2024
1144,1144,Credit Card,Failed,29-05-2024
1145,1145,Credit Card,Paid,10-08-2024
1146,1146,Net Banking,Paid,23-09-2025
1147,1147,UPI,Refunded,07-12-2025
1148,1148,Credit Card,Refunded,18-02-2024
1149,1149,UPI,Paid,08-02-2025
1150,1150,Net Banking,Refunded,24-10-2025
1151,1151,Debit Card,Paid,15-05-2025
1152,1152,Debit Card,Paid,06-12-2025
1153,1153,UPI,Refunded,30-06-2025
1154,1154,Credit Card,Paid,01-03-2025
1155,1155,UPI,Paid,22-01-2024
1156,1156,UPI,Paid,12-12-2025
1157,1157,COD,Paid,10-07-2024
1158,1158,Net Banking,Refunded,10-10-2025
1159,1159,Credit Card,Paid,24-02-2024
1160,1160,UPI,Paid,04-05-2025
1161,1161,UPI,Refunded,06-07-2024
1162,1162,Debit Card,Paid,20-03-2025
1163,1163,UPI,Failed,02-06-2025
1164,1164,UPI,Failed,18-05-2024
1165,1165,UPI,Failed,05-07-2025
1166,1166,COD,Paid,08-04-2025
1167,1167,Debit Card,Failed,03-01-2025
1168,1168,Credit Card,Paid,05-08-2024
1169,1169,Debit Card,Paid,08-10-2024
1170,1170,COD,Paid,11-10-2024
1171,1171,COD,Refunded,07-12-2024
1172,1172,Debit Card,Failed,29-08-2025
1173,1173,Debit Card,Paid,02-02-2025
1174,1174,Credit Card,Refunded,16-03-2025
1175,1175,COD,Refunded,26-11-2025
1176,1176,Credit Card,Paid,29-02-2024
1177,1177,Debit Card,Paid,12-09-2025
1178,1178,Debit Card,Refunded,16-12-2025
1179,1179,COD,Refunded,28-05-2025
1180,1180,COD,Refunded,24-01-2024
1181,1181,COD,Paid,17-08-2024
1182,1182,UPI,Refunded,15-12-2024
1183,1183,COD,Failed,28-12-2024
1184,1184,UPI,Failed,07-01-2025
1185,1185,Debit Card,Failed,29-10-2024
1186,1186,Net Banking,Refunded,31-12-2024
1187,1187,Debit Card,Paid,21-11-2025
1188,1188,Debit Card,Refunded,29-08-2025
1189,1189,Credit Card,Paid,07-12-2025
1190,1190,Debit Card,Refunded,31-05-2024
1191,1191,UPI,Refunded,19-06-2024
1192,1192,COD,Refunded,25-07-2024
1193,1193,COD,Failed,19-04-2025
1194,1194,Debit Card,Refunded,22-05-2025
1195,1195,Net Banking,Refunded,19-06-2024
1196,1196,Net Banking,Failed,01-08-2024
1197,1197,Credit Card,Failed,29-12-2024
1198,1198,Net Banking,Refunded,04-01-2025
1199,1199,Credit Card,Refunded,20-04-2025
1200,1200,Debit Card,Paid,20-07-2024
1201,1201,COD,Failed,28-07-2025
1202,1202,UPI,Refunded,08-09-2025
1203,1203,COD,Refunded,01-11-2024
1204,1204,Credit Card,Paid,17-02-2024
1205,1205,UPI,Refunded,22-09-2024
1206,1206,COD,Failed,19-05-2024
1207,1207,Credit Card,Failed,16-10-2024
1208,1208,COD,Failed,02-08-2025
1209,1209,Debit Card,Failed,11-07-2025
1210,1210,Debit Card,Paid,06-11-2024
1211,1211,UPI,Paid,13-10-2025
1212,1212,Net Banking,Paid,06-06-2024
1213,1213,Credit Card,Failed,03-06-2025
1214,1214,UPI,Refunded,04-12-2024
1215,1215,COD,Refunded,04-10-2025
1216,1216,Debit Card,Refunded,15-07-2025
1217,1217,UPI,Refunded,06-03-2024
1218,1218,Net Banking,Refunded,23-08-2025
1219,1219,Net Banking,Paid,20-07-2024
1220,1220,COD,Paid,22-04-2025
1221,1221,Net Banking,Failed,26-05-2025
1222,1222,COD,Refunded,29-12-2024
1223,1223,COD,Paid,08-11-2024
1224,1224,Credit Card,Paid,20-12-2024
1225,1225,Credit Card,Refunded,17-04-2025
1226,1226,UPI,Paid,10-11-2025
1227,1227,COD,Paid,08-05-2025
1228,1228,Credit Card,Failed,21-01-2025
1229,1229,COD,Paid,19-05-2024
1230,1230,COD,Paid,19-04-2024
1231,1231,Credit Card,Refunded,13-07-2025
1232,1232,COD,Paid,10-08-2024
1233,1233,Net Banking,Refunded,16-11-2025
1234,1234,UPI,Paid,17-02-2024
1235,1235,Net Banking,Paid,12-09-2025
1236,1236,Credit Card,Refunded,15-04-2025
1237,1237,Debit Card,Paid,18-04-2024
1238,1238,Credit Card,Refunded,19-02-2024
1239,1239,Net Banking,Paid,11-01-2025
1240,1240,COD,Refunded,02-11-2024
1241,1241,Credit Card,Failed,08-06-2025
1242,1242,Credit Card,Failed,18-02-2024
1243,1243,Credit Card,Failed,18-12-2024
1244,1244,Debit Card,Failed,21-09-2024
1245,1245,UPI,Refunded,19-04-2024
1246,1246,COD,Failed,13-05-2025
1247,1247,Debit Card,Refunded,17-03-2024
1248,1248,COD,Failed,08-10-2025
1249,1249,Credit Card,Failed,09-05-2024
1250,1250,UPI,Paid,04-06-2025
1251,1251,Net Banking,Refunded,25-03-2025
1252,1252,COD,Paid,17-07-2025
1253,1253,Debit Card,Failed,14-02-2024
1254,1254,Credit Card,Refunded,15-02-2024
1255,1255,Debit Card,Paid,20-04-2025
1256,1256,Net Banking,Failed,29-06-2025
1257,1257,UPI,Refunded,13-04-2024
1258,1258,UPI,Paid,12-07-2025
1259,1259,Debit Card,Paid,24-12-2024
1260,1260,Debit Card,Paid,10-08-2024
1261,1261,Credit Card,Refunded,28-01-2024
1262,1262,COD,Failed,07-08-2025
1263,1263,COD,Paid,11-01-2024
1264,1264,Net Banking,Failed,26-06-2025
1265,1265,Debit Card,Paid,12-03-2025
1266,1266,Net Banking,Refunded,01-06-2025
1267,1267,Credit Card,Refunded,25-09-2025
1268,1268,Net Banking,Paid,07-05-2024
1269,1269,UPI,Failed,25-12-2024
1270,1270,Net Banking,Refunded,21-06-2024
1271,1271,Net Banking,Paid,29-06-2024
1272,1272,Credit Card,Failed,22-04-2024
1273,1273,Net Banking,Refunded,10-05-2024
1274,1274,Credit Card,Refunded,28-10-2025
1275,1275,UPI,Refunded,07-05-2025
1276,1276,Credit Card,Paid,09-11-2024
1277,1277,UPI,Paid,07-08-2025
1278,1278,UPI,Failed,26-08-2024
1279,1279,Net Banking,Failed,26-01-2024
1280,1280,UPI,Paid,16-09-2025
1281,1281,Credit Card,Failed,18-07-2025
1282,1282,UPI,Failed,23-12-2025
1283,1283,Credit Card,Paid,11-02-2025
1284,1284,Debit Card,Paid,28-01-2025
1285,1285,Credit Card,Refunded,30-04-2024
1286,1286,COD,Refunded,17-07-2024
1287,1287,Debit Card,Paid,05-04-2024
1288,1288,Net Banking,Refunded,12-09-2024
1289,1289,Credit Card,Failed,05-11-2025
1290,1290,COD,Refunded,07-02-2024
1291,1291,Credit Card,Failed,07-04-2024
1292,1292,UPI,Paid,27-07-2025
1293,1293,Credit Card,Paid,18-04-2025
1294,1294,COD,Refunded,24-09-2024
1295,1295,Credit Card,Paid,25-09-2025
1296,1296,UPI,Failed,27-03-2024
1297,1297,Debit Card,Failed,14-02-2024
1298,1298,Net Banking,Refunded,27-10-2025
1299,1299,Net Banking,Failed,10-06-2025
1300,1300,Net Banking,Refunded,06-07-2025
1301,1301,Debit Card,Paid,28-12-2024
1302,1302,Credit Card,Refunded,04-08-2025
1303,1303,COD,Refunded,17-03-2024
1304,1304,UPI,Failed,27-06-2024
1305,1305,Debit Card,Failed,11-01-2025
1306,1306,UPI,Failed,14-03-2024
1307,1307,COD,Failed,13-06-2025
1308,1308,Debit Card,Refunded,24-02-2024
1309,1309,UPI,Refunded,17-09-2025
1310,1310,COD,Paid,14-07-2025
1311,1311,UPI,Paid,19-10-2024
1312,1312,COD,Refunded,20-08-2024
1313,1313,COD,Failed,06-01-2024
1314,1314,Net Banking,Refunded,04-11-2024
1315,1315,Debit Card,Refunded,05-11-2025
1316,1316,Net Banking,Refunded,01-10-2025
1317,1317,COD,Refunded,24-06-2025
1318,1318,Debit Card,Failed,02-10-2025
1319,1319,UPI,Failed,28-08-2025
1320,1320,Net Banking,Refunded,10-08-2024
1321,1321,UPI,Paid,23-07-2024
1322,1322,Credit Card,Failed,03-04-2025
1323,1323,COD,Failed,09-07-2025
1324,1324,COD,Paid,20-05-2024
1325,1325,Credit Card,Paid,10-07-2024
1326,1326,Net Banking,Failed,18-07-2024
1327,1327,Debit Card,Refunded,14-05-2025
1328,1328,Credit Card,Paid,25-08-2024
1329,1329,Net Banking,Failed,11-06-2024
1330,1330,COD,Refunded,06-09-2024
1331,1331,Net Banking,Refunded,20-06-2025
1332,1332,Credit Card,Failed,09-04-2024
1333,1333,UPI,Refunded,28-04-2024
1334,1334,Debit Card,Refunded,13-10-2024
1335,1335,Net Banking,Failed,17-05-2025
1336,1336,Net Banking,Failed,18-01-2025
1337,1337,COD,Failed,31-10-2025
1338,1338,Net Banking,Refunded,25-03-2024
1339,1339,Credit Card,Refunded,13-01-2025
1340,1340,COD,Failed,25-09-2024
1341,1341,Net Banking,Refunded,14-10-2025
1342,1342,COD,Refunded,05-12-2024
1343,1343,COD,Refunded,11-02-2024
1344,1344,Net Banking,Refunded,26-01-2025
1345,1345,Credit Card,Failed,26-10-2025
1346,1346,Net Banking,Failed,21-01-2024
1347,1347,UPI,Refunded,10-12-2024
1348,1348,COD,Paid,27-07-2025
1349,1349,Net Banking,Failed,05-01-2025
1350,1350,Debit Card,Failed,27-09-2025
1351,1351,Net Banking,Paid,23-05-2024
1352,1352,Net Banking,Paid,08-02-2024
1353,1353,Net Banking,Paid,28-09-2024
1354,1354,UPI,Paid,03-07-2024
1355,1355,Debit Card,Failed,05-05-2024
1356,1356,Credit Card,Failed,15-10-2025
1357,1357,COD,Refunded,04-07-2024
1358,1358,COD,Paid,31-08-2024
1359,1359,UPI,Paid,15-07-2024
1360,1360,UPI,Refunded,25-10-2024
1361,1361,UPI,Refunded,02-06-2025
1362,1362,Net Banking,Failed,07-01-2024
1363,1363,Net Banking,Failed,20-02-2025
1364,1364,UPI,Paid,21-09-2025
1365,1365,UPI,Failed,13-10-2025
1366,1366,COD,Failed,12-08-2024
1367,1367,Debit Card,Refunded,13-07-2024
1368,1368,Debit Card,Failed,08-08-2025
1369,1369,Debit Card,Refunded,23-04-2024
1370,1370,Credit Card,Failed,24-08-2025
1371,1371,Debit Card,Refunded,17-12-2024
1372,1372,Net Banking,Paid,05-06-2024
1373,1373,UPI,Paid,20-01-2025
1374,1374,COD,Paid,01-01-2024
1375,1375,Credit Card,Failed,19-08-2025
1376,1376,Debit Card,Failed,31-01-2024
1377,1377,UPI,Failed,29-07-2025
1378,1378,Net Banking,Refunded,23-04-2024
1379,1379,UPI,Failed,19-10-2024
1380,1380,Debit Card,Paid,10-04-2025
1381,1381,COD,Failed,13-10-2025
1382,1382,Debit Card,Paid,27-07-2025
1383,1383,Net Banking,Paid,28-03-2024
1384,1384,Credit Card,Paid,22-04-2024
1385,1385,UPI,Refunded,09-03-2025
1386,1386,UPI,Failed,30-11-2024
1387,1387,Credit Card,Failed,18-07-2025
1388,1388,Debit Card,Refunded,26-05-2024
1389,1389,UPI,Refunded,16-02-2024
1390,1390,Debit Card,Refunded,06-01-2025
1391,1391,Credit Card,Failed,22-01-2024
1392,1392,Credit Card,Failed,06-03-2024
1393,1393,COD,Refunded,13-03-2024
1394,1394,COD,Failed,03-03-2025
1395,1395,UPI,Failed,22-08-2025
1396,1396,Net Banking,Refunded,24-12-2024
1397,1397,Net Banking,Paid,14-02-2025
1398,1398,Debit Card,Refunded,24-11-2025
1399,1399,UPI,Paid,04-05-2025
1400,1400,Credit Card,Failed,23-02-2024
1401,1401,UPI,Failed,01-01-2024
1402,1402,UPI,Refunded,29-03-2024
1403,1403,Credit Card,Paid,29-06-2025
1404,1404,Net Banking,Refunded,06-03-2024
1405,1405,COD,Refunded,12-03-2024
1406,1406,Credit Card,Failed,07-05-2025
1407,1407,COD,Failed,24-01-2024
1408,1408,Debit Card,Paid,16-07-2025
1409,1409,Debit Card,Paid,21-01-2025
1410,1410,COD,Refunded,11-11-2024
1411,1411,Credit Card,Refunded,03-02-2025
1412,1412,Net Banking,Failed,01-12-2025
1413,1413,Debit Card,Failed,19-10-2025
1414,1414,Net Banking,Refunded,22-05-2025
1415,1415,Debit Card,Refunded,06-04-2024
1416,1416,Net Banking,Failed,30-07-2025
1417,1417,Credit Card,Failed,22-12-2024
1418,1418,Net Banking,Failed,23-08-2025
1419,1419,Credit Card,Paid,22-03-2024
1420,1420,Credit Card,Refunded,21-06-2024
1421,1421,Debit Card,Paid,16-02-2024
1422,1422,Credit Card,Refunded,18-09-2024
1423,1423,COD,Failed,24-04-2025
1424,1424,Credit Card,Failed,02-07-2024
1425,1425,Debit Card,Failed,27-06-2024
1426,1426,Net Banking,Paid,15-01-2024
1427,1427,Debit Card,Failed,03-05-2024
1428,1428,COD,Failed,05-08-2025
1429,1429,Credit Card,Paid,04-08-2024
1430,1430,UPI,Failed,27-05-2025
1431,1431,COD,Paid,08-12-2025
1432,1432,UPI,Failed,20-04-2024
1433,1433,COD,Paid,26-11-2025
1434,1434,Credit Card,Refunded,22-07-2024
1435,1435,Credit Card,Failed,17-12-2024
1436,1436,COD,Refunded,31-05-2025
1437,1437,UPI,Failed,02-04-2024
1438,1438,Debit Card,Paid,14-07-2024
1439,1439,Credit Card,Refunded,10-10-2024
1440,1440,Debit Card,Refunded,09-12-2025
1441,1441,Credit Card,Refunded,29-03-2025
1442,1442,Debit Card,Refunded,22-11-2025
1443,1443,Net Banking,Paid,05-08-2024
1444,1444,Net Banking,Failed,28-02-2024
1445,1445,COD,Refunded,04-04-2025
1446,1446,Debit Card,Paid,20-03-2024
1447,1447,UPI,Paid,27-03-2025
1448,1448,Credit Card,Failed,06-08-2025
1449,1449,Credit Card,Failed,14-06-2025
1450,1450,Net Banking,Refunded,27-04-2024
1451,1451,UPI,Paid,14-02-2025
1452,1452,COD,Refunded,24-07-2025
1453,1453,Credit Card,Paid,02-02-2025
1454,1454,UPI,Failed,20-10-2024
1455,1455,UPI,Failed,08-11-2024
1456,1456,COD,Paid,09-05-2024
1457,1457,UPI,Failed,22-06-2025
1458,1458,COD,Paid,02-04-2024
1459,1459,Credit Card,Failed,07-08-2024
1460,1460,COD,Failed,23-03-2025
1461,1461,COD,Paid,12-10-2024
1462,1462,Credit Card,Refunded,10-10-2024
1463,1463,Net Banking,Failed,06-05-2024
1464,1464,Credit Card,Refunded,09-01-2025
1465,1465,Credit Card,Failed,11-10-2024
1466,1466,Credit Card,Paid,19-12-2024
1467,1467,Debit Card,Paid,11-11-2024
1468,1468,Debit Card,Failed,27-03-2024
1469,1469,COD,Paid,28-01-2024
1470,1470,COD,Failed,24-03-2025
1471,1471,COD,Failed,05-10-2024
1472,1472,UPI,Refunded,21-01-2025
1473,1473,Credit Card,Failed,05-11-2024
1474,1474,COD,Refunded,05-02-2025
1475,1475,Debit Card,Refunded,18-07-2024
1476,1476,Net Banking,Failed,27-09-2025
1477,1477,Net Banking,Failed,30-09-2024
1478,1478,COD,Refunded,12-05-2024
1479,1479,Net Banking,Failed,08-08-2025
1480,1480,Credit Card,Refunded,19-10-2025
1481,1481,Credit Card,Refunded,05-03-2025
1482,1482,Debit Card,Paid,22-04-2025
1483,1483,Net Banking,Refunded,25-09-2024
1484,1484,COD,Paid,15-01-2025
1485,1485,Net Banking,Paid,08-08-2024
1486,1486,UPI,Failed,12-01-2024
1487,1487,Debit Card,Paid,11-11-2025
1488,1488,Debit Card,Paid,28-07-2024
1489,1489,Debit Card,Failed,14-07-2024
1490,1490,UPI,Paid,21-12-2025
1491,1491,Net Banking,Refunded,13-02-2024
1492,1492,Credit Card,Refunded,01-08-2025
1493,1493,UPI,Failed,01-07-2024
1494,1494,Net Banking,Failed,13-08-2024
1495,1495,COD,Paid,29-03-2025
1496,1496,UPI,Refunded,05-07-2024
1497,1497,Net Banking,Failed,01-09-2024
1498,1498,COD,Paid,10-06-2025
1499,1499,COD,Failed,11-04-2025
1500,1500,Debit Card,Paid,27-04-2024
1501,1501,Debit Card,Refunded,30-11-2024
1502,1502,Debit Card,Failed,02-09-2024
1503,1503,Debit Card,Refunded,09-08-2025
1504,1504,Net Banking,Failed,14-07-2025
1505,1505,Credit Card,Failed,30-05-2024
1506,1506,COD,Refunded,10-11-2025
1507,1507,Debit Card,Paid,16-10-2025
1508,1508,Credit Card,Refunded,01-11-2025
1509,1509,Credit Card,Failed,24-02-2024
1510,1510,COD,Paid,22-11-2024
1511,1511,Credit Card,Failed,10-11-2025
1512,1512,Debit Card,Failed,25-09-2024
1513,1513,COD,Paid,30-01-2025
1514,1514,Net Banking,Refunded,07-05-2024
1515,1515,Net Banking,Failed,23-10-2025
1516,1516,UPI,Failed,09-08-2025
1517,1517,Debit Card,Paid,29-03-2025
1518,1518,Net Banking,Paid,04-09-2024
1519,1519,Net Banking,Refunded,03-01-2024
1520,1520,UPI,Failed,20-03-2025
1521,1521,Net Banking,Refunded,21-02-2024
1522,1522,COD,Refunded,26-01-2024
1523,1523,UPI,Failed,11-10-2025
1524,1524,COD,Paid,31-10-2025
1525,1525,UPI,Failed,20-04-2025
1526,1526,Net Banking,Failed,21-05-2024
1527,1527,UPI,Paid,05-07-2025
1528,1528,Debit Card,Paid,24-06-2024
1529,1529,Credit Card,Refunded,20-02-2024
1530,1530,Debit Card,Refunded,07-10-2024
1531,1531,Credit Card,Refunded,03-05-2025
1532,1532,COD,Failed,16-12-2025
1533,1533,Debit Card,Paid,20-11-2024
1534,1534,Net Banking,Failed,01-08-2025
1535,1535,UPI,Refunded,07-12-2024
1536,1536,COD,Failed,07-03-2024
1537,1537,Debit Card,Refunded,22-12-2025
1538,1538,Credit Card,Failed,11-06-2024
1539,1539,Net Banking,Paid,22-07-2024
1540,1540,Net Banking,Refunded,04-11-2025
1541,1541,Credit Card,Paid,21-08-2024
1542,1542,Net Banking,Paid,09-06-2024
1543,1543,UPI,Refunded,31-07-2024
1544,1544,Net Banking,Refunded,02-05-2024
1545,1545,COD,Failed,06-08-2024
1546,1546,Net Banking,Paid,25-05-2024
1547,1547,Debit Card,Refunded,16-06-2025
1548,1548,Credit Card,Failed,20-12-2024
1549,1549,Net Banking,Paid,08-03-2025
1550,1550,COD,Paid,25-08-2025
1551,1551,Debit Card,Failed,04-09-2025
1552,1552,COD,Refunded,07-05-2025
1553,1553,COD,Failed,17-08-2024
1554,1554,Net Banking,Paid,31-12-2024
1555,1555,Debit Card,Failed,18-10-2024
1556,1556,Debit Card,Failed,11-11-2024
1557,1557,Credit Card,Refunded,13-04-2024
1558,1558,Debit Card,Paid,13-03-2024
1559,1559,Credit Card,Refunded,16-07-2025
1560,1560,UPI,Refunded,10-03-2025
1561,1561,COD,Failed,16-12-2024
1562,1562,UPI,Paid,10-03-2025
1563,1563,COD,Paid,17-10-2025
1564,1564,UPI,Refunded,21-04-2025
1565,1565,Credit Card,Paid,03-06-2024
1566,1566,Net Banking,Refunded,06-02-2025
1567,1567,UPI,Failed,22-05-2025
1568,1568,Debit Card,Failed,25-11-2025
1569,1569,Debit Card,Paid,23-10-2025
1570,1570,Net Banking,Failed,16-12-2024
1571,1571,Debit Card,Paid,19-11-2024
1572,1572,Net Banking,Refunded,14-09-2024
1573,1573,Credit Card,Refunded,23-03-2024
1574,1574,Credit Card,Failed,08-02-2025
1575,1575,UPI,Failed,06-11-2024
1576,1576,UPI,Paid,20-01-2025
1577,1577,COD,Refunded,11-05-2025
1578,1578,COD,Refunded,16-09-2024
1579,1579,COD,Failed,11-07-2025
1580,1580,Net Banking,Paid,16-12-2025
1581,1581,COD,Paid,29-05-2025
1582,1582,Debit Card,Refunded,15-12-2025
1583,1583,UPI,Refunded,28-01-2025
1584,1584,Net Banking,Failed,27-02-2024
1585,1585,COD,Failed,11-11-2024
1586,1586,UPI,Refunded,21-04-2024
1587,1587,Debit Card,Failed,14-07-2025
1588,1588,UPI,Paid,20-12-2025
1589,1589,COD,Paid,10-10-2024
1590,1590,UPI,Failed,16-07-2025
1591,1591,COD,Failed,04-11-2025
1592,1592,Credit Card,Refunded,04-02-2025
1593,1593,UPI,Failed,22-12-2025
1594,1594,Credit Card,Paid,15-04-2025
1595,1595,UPI,Failed,16-04-2025
1596,1596,UPI,Failed,08-02-2024
1597,1597,Debit Card,Paid,29-02-2024
1598,1598,Debit Card,Paid,29-09-2025
1599,1599,COD,Refunded,18-02-2024
1600,1600,Debit Card,Failed,27-05-2024
1601,1601,Credit Card,Refunded,18-06-2025
1602,1602,Debit Card,Paid,07-05-2025
1603,1603,Debit Card,Failed,18-10-2024
1604,1604,Debit Card,Failed,13-05-2025
1605,1605,Debit Card,Refunded,08-09-2024
1606,1606,UPI,Refunded,16-01-2025
1607,1607,COD,Failed,02-10-2024
1608,1608,Net Banking,Refunded,08-01-2025
1609,1609,COD,Refunded,16-03-2025
1610,1610,Debit Card,Failed,16-02-2024
1611,1611,UPI,Refunded,02-01-2025
1612,1612,Credit Card,Failed,17-05-2025
1613,1613,Debit Card,Failed,13-08-2025
1614,1614,Debit Card,Paid,15-06-2024
1615,1615,Credit Card,Paid,17-02-2025
1616,1616,UPI,Refunded,07-09-2024
1617,1617,COD,Refunded,24-09-2024
1618,1618,COD,Paid,14-11-2024
1619,1619,Net Banking,Failed,04-03-2025
1620,1620,Net Banking,Paid,02-06-2025
1621,1621,Net Banking,Failed,04-01-2025
1622,1622,COD,Failed,19-08-2025
1623,1623,Net Banking,Paid,14-08-2024
1624,1624,Net Banking,Paid,04-08-2025
1625,1625,Net Banking,Failed,12-12-2025
1626,1626,UPI,Refunded,03-02-2025
1627,1627,UPI,Failed,06-06-2025
1628,1628,COD,Refunded,15-05-2024
1629,1629,UPI,Refunded,27-07-2024
1630,1630,Debit Card,Refunded,15-01-2024
1631,1631,Credit Card,Refunded,03-02-2025
1632,1632,Debit Card,Refunded,25-09-2025
1633,1633,UPI,Failed,13-12-2025
1634,1634,COD,Failed,28-03-2024
1635,1635,UPI,Failed,25-09-2024
1636,1636,Net Banking,Failed,06-02-2024
1637,1637,Credit Card,Refunded,10-08-2024
1638,1638,Credit Card,Paid,10-08-2025
1639,1639,COD,Failed,10-04-2025
1640,1640,Debit Card,Failed,12-02-2025
1641,1641,UPI,Failed,24-11-2024
1642,1642,UPI,Failed,07-02-2024
1643,1643,UPI,Paid,07-10-2025
1644,1644,UPI,Failed,29-03-2025
1645,1645,Credit Card,Paid,20-01-2024
1646,1646,UPI,Failed,27-12-2025
1647,1647,UPI,Failed,17-11-2025
1648,1648,Net Banking,Paid,11-12-2024
1649,1649,Credit Card,Failed,02-11-2025
1650,1650,Debit Card,Failed,31-10-2025
1651,1651,UPI,Paid,28-10-2025
1652,1652,Debit Card,Paid,02-06-2024
1653,1653,COD,Failed,07-02-2024
1654,1654,Debit Card,Failed,10-04-2025
1655,1655,COD,Paid,29-11-2025
1656,1656,Credit Card,Paid,10-11-2025
1657,1657,Credit Card,Failed,14-01-2024
1658,1658,Credit Card,Failed,30-12-2024
1659,1659,UPI,Paid,15-08-2025
1660,1660,Credit Card,Refunded,30-12-2024
1661,1661,Debit Card,Failed,07-02-2024
1662,1662,UPI,Failed,15-04-2025
1663,1663,UPI,Refunded,14-11-2024
1664,1664,COD,Refunded,23-12-2025
1665,1665,COD,Paid,21-03-2025
1666,1666,Debit Card,Paid,14-04-2025
1667,1667,Net Banking,Failed,28-04-2024
1668,1668,COD,Paid,17-10-2024
1669,1669,COD,Paid,25-07-2025
1670,1670,Credit Card,Paid,25-03-2025
1671,1671,COD,Refunded,12-03-2024
1672,1672,UPI,Refunded,26-05-2025
1673,1673,UPI,Paid,16-11-2025
1674,1674,UPI,Failed,02-05-2025
1675,1675,Debit Card,Refunded,23-08-2025
1676,1676,COD,Failed,23-05-2025
1677,1677,COD,Refunded,02-01-2024
1678,1678,UPI,Failed,24-11-2025
1679,1679,UPI,Failed,28-08-2024
1680,1680,Debit Card,Refunded,24-03-2025
1681,1681,UPI,Failed,10-07-2024
1682,1682,UPI,Refunded,05-10-2024
1683,1683,Debit Card,Refunded,05-11-2024
1684,1684,Debit Card,Failed,16-10-2024
1685,1685,Debit Card,Paid,25-03-2024
1686,1686,UPI,Paid,04-09-2024
1687,1687,Debit Card,Failed,23-09-2025
1688,1688,COD,Paid,14-06-2024
1689,1689,UPI,Refunded,22-01-2025
1690,1690,Net Banking,Failed,20-02-2025
1691,1691,UPI,Refunded,12-08-2024
1692,1692,UPI,Failed,30-01-2024
1693,1693,Net Banking,Failed,15-07-2025
1694,1694,COD,Failed,06-10-2024
1695,1695,Debit Card,Failed,23-07-2024
1696,1696,UPI,Failed,23-08-2024
1697,1697,Credit Card,Paid,06-03-2024
1698,1698,Credit Card,Failed,02-11-2025
1699,1699,Credit Card,Paid,20-06-2024
1700,1700,Debit Card,Failed,01-11-2024
1701,1701,Debit Card,Failed,22-11-2024
1702,1702,Net Banking,Failed,29-05-2024
1703,1703,Debit Card,Paid,04-03-2025
1704,1704,Credit Card,Refunded,29-08-2025
1705,1705,Net Banking,Refunded,17-08-2024
1706,1706,UPI,Paid,06-01-2025
1707,1707,COD,Failed,05-04-2025
1708,1708,UPI,Failed,26-05-2024
1709,1709,COD,Refunded,16-07-2025
1710,1710,Debit Card,Refunded,10-03-2025
1711,1711,COD,Refunded,07-07-2024
1712,1712,COD,Paid,01-06-2024
1713,1713,Credit Card,Refunded,08-07-2024
1714,1714,COD,Paid,10-07-2024
1715,1715,UPI,Paid,26-02-2025
1716,1716,UPI,Paid,01-06-2024
1717,1717,COD,Refunded,24-08-2024
1718,1718,UPI,Failed,08-03-2025
1719,1719,Net Banking,Refunded,11-01-2025
1720,1720,Credit Card,Paid,25-02-2024
1721,1721,COD,Refunded,01-11-2024
1722,1722,Credit Card,Paid,09-06-2025
1723,1723,Credit Card,Refunded,06-09-2025
1724,1724,COD,Failed,05-11-2025
1725,1725,Debit Card,Paid,07-05-2024
1726,1726,COD,Failed,12-06-2024
1727,1727,COD,Refunded,28-07-2025
1728,1728,COD,Refunded,14-08-2025
1729,1729,Credit Card,Failed,06-04-2024
1730,1730,Debit Card,Refunded,12-11-2024
1731,1731,UPI,Failed,18-11-2024
1732,1732,Debit Card,Failed,11-04-2025
1733,1733,Credit Card,Refunded,16-03-2025
1734,1734,UPI,Paid,06-12-2024
1735,1735,Net Banking,Paid,11-07-2024
1736,1736,UPI,Refunded,26-06-2024
1737,1737,COD,Paid,30-09-2025
1738,1738,Debit Card,Failed,21-03-2025
1739,1739,Credit Card,Paid,15-10-2025
1740,1740,Debit Card,Paid,17-12-2024
1741,1741,Debit Card,Failed,28-08-2024
1742,1742,Net Banking,Refunded,04-09-2024
1743,1743,Credit Card,Failed,20-12-2024
1744,1744,Debit Card,Failed,05-07-2025
1745,1745,Net Banking,Failed,20-11-2025
1746,1746,Debit Card,Refunded,09-03-2025
1747,1747,UPI,Failed,03-02-2025
1748,1748,Credit Card,Failed,16-04-2025
1749,1749,UPI,Failed,02-12-2024
1750,1750,Debit Card,Failed,13-11-2024
1751,1751,COD,Paid,21-10-2024
1752,1752,Credit Card,Refunded,08-02-2024
1753,1753,COD,Refunded,19-09-2025
1754,1754,COD,Failed,10-11-2025
1755,1755,UPI,Failed,01-04-2025
1756,1756,Net Banking,Failed,04-02-2025
1757,1757,Net Banking,Refunded,09-06-2025
1758,1758,Credit Card,Failed,13-02-2025
1759,1759,Net Banking,Paid,14-08-2024
1760,1760,Debit Card,Refunded,15-02-2025
1761,1761,UPI,Paid,16-09-2024
1762,1762,COD,Refunded,25-08-2024
1763,1763,Debit Card,Refunded,16-09-2025
1764,1764,Credit Card,Paid,01-05-2025
1765,1765,Debit Card,Failed,20-10-2025
1766,1766,Credit Card,Failed,06-04-2024
1767,1767,Credit Card,Paid,20-11-2025
1768,1768,Net Banking,Refunded,23-07-2025
1769,1769,COD,Failed,06-04-2024
1770,1770,UPI,Refunded,20-10-2024
1771,1771,Net Banking,Failed,05-01-2024
1772,1772,Net Banking,Failed,07-10-2025
1773,1773,Net Banking,Refunded,11-10-2025
1774,1774,Credit Card,Failed,08-06-2025
1775,1775,COD,Refunded,02-01-2024
1776,1776,Credit Card,Refunded,25-04-2025
1777,1777,COD,Paid,22-09-2025
1778,1778,Credit Card,Failed,06-06-2024
1779,1779,COD,Paid,03-06-2024
1780,1780,Credit Card,Paid,23-10-2025
1781,1781,Debit Card,Failed,10-04-2025
1782,1782,Debit Card,Paid,03-07-2024
1783,1783,COD,Paid,24-10-2025
1784,1784,Debit Card,Failed,14-07-2025
1785,1785,Credit Card,Refunded,10-01-2025
1786,1786,Credit Card,Failed,26-07-2024
1787,1787,UPI,Refunded,10-09-2024
1788,1788,Net Banking,Paid,12-07-2024
1789,1789,COD,Refunded,14-11-2024
1790,1790,Net Banking,Failed,05-05-2025
1791,1791,COD,Failed,22-12-2024
1792,1792,Net Banking,Paid,21-05-2025
1793,1793,UPI,Failed,29-09-2025
1794,1794,Credit Card,Refunded,04-12-2025
1795,1795,Debit Card,Refunded,30-04-2025
1796,1796,COD,Paid,10-01-2025
1797,1797,Credit Card,Refunded,22-02-2025
1798,1798,COD,Paid,10-04-2025
1799,1799,Credit Card,Refunded,27-08-2025
1800,1800,Credit Card,Paid,20-08-2024
1801,1801,UPI,Failed,25-10-2025
1802,1802,Net Banking,Paid,17-01-2025
1803,1803,COD,Paid,29-10-2025
1804,1804,COD,Failed,06-11-2025
1805,1805,UPI,Refunded,20-08-2025
1806,1806,COD,Paid,08-04-2024
1807,1807,COD,Refunded,20-06-2025
1808,1808,COD,Failed,22-12-2025
1809,1809,UPI,Failed,15-03-2024
1810,1810,Debit Card,Failed,07-08-2025
1811,1811,Net Banking,Refunded,10-07-2024
1812,1812,Debit Card,Failed,14-09-2025
1813,1813,Credit Card,Paid,15-04-2024
1814,1814,Debit Card,Paid,01-10-2024
1815,1815,Net Banking,Failed,04-05-2025
1816,1816,COD,Refunded,10-12-2025
1817,1817,Net Banking,Refunded,01-02-2024
1818,1818,Credit Card,Refunded,07-06-2024
1819,1819,Credit Card,Failed,06-01-2025
1820,1820,UPI,Refunded,19-02-2024
1821,1821,Net Banking,Refunded,21-08-2024
1822,1822,Net Banking,Failed,28-03-2024
1823,1823,Credit Card,Refunded,10-01-2024
1824,1824,Debit Card,Refunded,08-05-2024
1825,1825,Credit Card,Refunded,07-01-2024
1826,1826,COD,Refunded,05-02-2025
1827,1827,Net Banking,Failed,09-08-2024
1828,1828,Debit Card,Failed,09-10-2024
1829,1829,Credit Card,Refunded,05-04-2024
1830,1830,COD,Paid,02-01-2025
1831,1831,Net Banking,Refunded,08-11-2024
1832,1832,Net Banking,Failed,13-09-2024
1833,1833,Debit Card,Paid,07-06-2025
1834,1834,COD,Refunded,05-06-2024
1835,1835,UPI,Failed,23-03-2024
1836,1836,Credit Card,Paid,05-02-2025
1837,1837,COD,Failed,14-01-2025
1838,1838,Debit Card,Failed,02-01-2025
1839,1839,Debit Card,Failed,13-06-2025
1840,1840,Net Banking,Refunded,19-07-2025
1841,1841,UPI,Failed,16-09-2025
1842,1842,Debit Card,Refunded,24-11-2025
1843,1843,Net Banking,Refunded,19-04-2025
1844,1844,Debit Card,Failed,26-01-2024
1845,1845,UPI,Refunded,08-05-2024
1846,1846,UPI,Paid,03-03-2025
1847,1847,UPI,Paid,30-05-2024
1848,1848,Net Banking,Paid,08-11-2025
1849,1849,Net Banking,Failed,02-04-2025
1850,1850,UPI,Paid,26-06-2024
1851,1851,Net Banking,Failed,17-07-2024
1852,1852,Debit Card,Failed,26-08-2025
1853,1853,COD,Failed,16-04-2025
1854,1854,Net Banking,Failed,17-11-2024
1855,1855,Debit Card,Failed,25-10-2025
1856,1856,COD,Refunded,25-11-2025
1857,1857,COD,Paid,28-08-2025
1858,1858,Net Banking,Failed,18-02-2025
1859,1859,UPI,Paid,02-07-2024
1860,1860,Credit Card,Refunded,19-08-2025
1861,1861,Debit Card,Failed,03-09-2025
1862,1862,UPI,Refunded,27-08-2024
1863,1863,Net Banking,Refunded,23-07-2025
1864,1864,Debit Card,Paid,09-09-2024
1865,1865,Debit Card,Paid,20-04-2024
1866,1866,COD,Failed,29-03-2024
1867,1867,Net Banking,Failed,14-09-2025
1868,1868,UPI,Refunded,06-02-2025
1869,1869,COD,Refunded,02-09-2025
1870,1870,Debit Card,Refunded,31-10-2024
1871,1871,COD,Refunded,31-05-2024
1872,1872,Net Banking,Refunded,03-10-2025
1873,1873,Debit Card,Refunded,21-02-2025
1874,1874,COD,Failed,14-09-2025
1875,1875,Debit Card,Failed,02-10-2025
1876,1876,Credit Card,Paid,27-11-2024
1877,1877,Credit Card,Refunded,02-07-2024
1878,1878,Credit Card,Refunded,02-08-2025
1879,1879,Debit Card,Refunded,10-09-2024
1880,1880,Net Banking,Refunded,12-09-2025
1881,1881,Debit Card,Refunded,20-07-2025
1882,1882,Credit Card,Refunded,02-04-2024
1883,1883,Credit Card,Refunded,06-05-2025
1884,1884,Credit Card,Refunded,08-08-2024
1885,1885,Net Banking,Refunded,10-05-2024
1886,1886,Credit Card,Paid,18-12-2024
1887,1887,UPI,Failed,29-01-2024
1888,1888,Net Banking,Failed,22-02-2025
1889,1889,COD,Failed,24-10-2024
1890,1890,Net Banking,Paid,01-11-2025
1891,1891,Credit Card,Refunded,20-11-2024
1892,1892,Credit Card,Paid,01-09-2025
1893,1893,Debit Card,Refunded,13-03-2024
1894,1894,COD,Refunded,16-08-2025
1895,1895,Credit Card,Failed,04-09-2025
1896,1896,Net Banking,Paid,27-01-2025
1897,1897,COD,Failed,30-05-2025
1898,1898,COD,Paid,19-04-2025
1899,1899,Credit Card,Refunded,28-01-2025
1900,1900,Net Banking,Failed,24-11-2025
1901,1901,Debit Card,Failed,27-01-2024
1902,1902,COD,Failed,01-10-2025
1903,1903,UPI,Refunded,09-04-2024
1904,1904,Debit Card,Failed,21-08-2024
1905,1905,UPI,Paid,06-07-2025
1906,1906,UPI,Paid,24-01-2024
1907,1907,Credit Card,Refunded,01-12-2024
1908,1908,Credit Card,Failed,24-06-2024
1909,1909,Net Banking,Failed,08-05-2024
1910,1910,Debit Card,Refunded,09-11-2025
1911,1911,UPI,Failed,11-05-2025
1912,1912,Debit Card,Failed,02-01-2025
1913,1913,Credit Card,Refunded,22-03-2024
1914,1914,Net Banking,Refunded,16-10-2025
1915,1915,UPI,Refunded,17-05-2025
1916,1916,Credit Card,Paid,21-05-2024
1917,1917,UPI,Failed,22-02-2024
1918,1918,Net Banking,Failed,06-09-2025
1919,1919,Net Banking,Refunded,16-03-2025
1920,1920,UPI,Paid,23-05-2024
1921,1921,COD,Failed,26-09-2025
1922,1922,Net Banking,Paid,20-10-2024
1923,1923,UPI,Paid,18-06-2024
1924,1924,Debit Card,Paid,15-02-2024
1925,1925,Net Banking,Failed,31-03-2024
1926,1926,Debit Card,Failed,29-03-2024
1927,1927,Credit Card,Paid,23-12-2025
1928,1928,Net Banking,Failed,11-10-2024
1929,1929,UPI,Refunded,27-12-2025
1930,1930,UPI,Refunded,09-10-2025
1931,1931,Credit Card,Refunded,26-02-2024
1932,1932,Debit Card,Refunded,31-05-2025
1933,1933,UPI,Failed,16-03-2025
1934,1934,COD,Refunded,19-04-2025
1935,1935,Credit Card,Paid,28-11-2025
1936,1936,COD,Paid,09-07-2024
1937,1937,Debit Card,Refunded,04-01-2025
1938,1938,UPI,Paid,12-09-2024
1939,1939,Net Banking,Failed,04-09-2024
1940,1940,Debit Card,Refunded,30-09-2024
1941,1941,COD,Failed,02-06-2024
1942,1942,Debit Card,Refunded,13-07-2025
1943,1943,UPI,Refunded,22-06-2025
1944,1944,UPI,Refunded,23-06-2024
1945,1945,UPI,Failed,18-09-2024
1946,1946,Net Banking,Failed,23-10-2024
1947,1947,Debit Card,Paid,20-11-2025
1948,1948,UPI,Paid,17-01-2024
1949,1949,Net Banking,Failed,05-10-2024
1950,1950,Net Banking,Failed,01-03-2024
1951,1951,Net Banking,Refunded,14-01-2024
1952,1952,COD,Paid,25-09-2025
1953,1953,Net Banking,Paid,10-07-2024
1954,1954,Net Banking,Failed,01-12-2025
1955,1955,Net Banking,Paid,14-10-2024
1956,1956,Credit Card,Refunded,08-10-2024
1957,1957,COD,Failed,23-11-2024
1958,1958,UPI,Paid,09-11-2025
1959,1959,COD,Paid,18-02-2024
1960,1960,Credit Card,Failed,08-07-2025
1961,1961,COD,Paid,02-11-2025
1962,1962,Credit Card,Failed,07-03-2025
1963,1963,Debit Card,Paid,14-07-2024
1964,1964,Net Banking,Paid,17-06-2024
1965,1965,Net Banking,Paid,20-07-2024
1966,1966,COD,Failed,25-11-2025
1967,1967,Credit Card,Paid,29-01-2024
1968,1968,Debit Card,Failed,28-04-2025
1969,1969,Credit Card,Paid,06-02-2024
1970,1970,Net Banking,Refunded,28-12-2024
1971,1971,Credit Card,Failed,05-12-2025
1972,1972,UPI,Refunded,03-06-2025
1973,1973,COD,Paid,19-02-2025
1974,1974,Debit Card,Paid,02-12-2024
1975,1975,UPI,Paid,16-06-2025
1976,1976,Credit Card,Failed,04-12-2024
1977,1977,Net Banking,Failed,05-07-2024
1978,1978,Credit Card,Paid,03-06-2025
1979,1979,COD,Failed,14-08-2024
1980,1980,Net Banking,Paid,27-01-2025
1981,1981,COD,Failed,17-01-2024
1982,1982,UPI,Failed,20-09-2025
1983,1983,COD,Failed,19-06-2024
1984,1984,UPI,Paid,18-01-2024
1985,1985,Credit Card,Failed,21-06-2024
1986,1986,COD,Refunded,26-02-2025
1987,1987,Debit Card,Paid,27-02-2024
1988,1988,UPI,Refunded,19-03-2024
1989,1989,Net Banking,Refunded,06-07-2024
1990,1990,Net Banking,Refunded,01-09-2024
1991,1991,Debit Card,Refunded,08-09-2024
1992,1992,Credit Card,Failed,06-05-2025
1993,1993,Debit Card,Refunded,24-10-2025
1994,1994,Debit Card,Refunded,29-04-2024
1995,1995,COD,Failed,24-05-2025
1996,1996,Net Banking,Refunded,29-07-2025
1997,1997,Debit Card,Paid,21-08-2024
1998,1998,Debit Card,Refunded,05-09-2024
1999,1999,UPI,Paid,28-12-2025
2000,2000,Debit Card,Paid,18-11-2024
2001,2001,UPI,Refunded,19-04-2024
2002,2002,Debit Card,Refunded,26-12-2025
2003,2003,Debit Card,Failed,06-03-2024
2004,2004,Debit Card,Refunded,21-08-2025
2005,2005,Credit Card,Paid,19-08-2024
2006,2006,Credit Card,Refunded,12-07-2025
2007,2007,COD,Paid,30-11-2025
2008,2008,UPI,Failed,10-08-2025
2009,2009,UPI,Refunded,03-10-2025
2010,2010,Debit Card,Paid,30-07-2024
2011,2011,COD,Refunded,30-03-2025
2012,2012,Net Banking,Refunded,08-02-2024
2013,2013,UPI,Failed,13-01-2025
2014,2014,UPI,Refunded,05-08-2024
2015,2015,UPI,Failed,21-01-2025
2016,2016,UPI,Paid,19-01-2024
2017,2017,UPI,Paid,19-07-2025
2018,2018,Credit Card,Failed,17-11-2025
2019,2019,UPI,Refunded,10-12-2025
2020,2020,Credit Card,Failed,08-06-2024
2021,2021,UPI,Refunded,26-07-2025
2022,2022,COD,Paid,15-03-2024
2023,2023,COD,Paid,10-12-2025
2024,2024,Credit Card,Paid,30-03-2025
2025,2025,Credit Card,Failed,28-08-2024
2026,2026,COD,Failed,27-09-2024
2027,2027,Net Banking,Paid,07-06-2025
2028,2028,Net Banking,Refunded,12-04-2024
2029,2029,Credit Card,Refunded,08-02-2025
2030,2030,UPI,Failed,17-02-2025
2031,2031,COD,Failed,19-08-2025
2032,2032,Debit Card,Failed,04-12-2025
2033,2033,UPI,Failed,28-09-2024
2034,2034,Debit Card,Refunded,14-07-2025
2035,2035,UPI,Failed,21-09-2024
2036,2036,Debit Card,Failed,18-10-2024
2037,2037,Credit Card,Paid,23-10-2024
2038,2038,Net Banking,Failed,27-05-2025
2039,2039,UPI,Failed,17-06-2025
2040,2040,Net Banking,Failed,27-01-2024
2041,2041,Debit Card,Refunded,31-03-2025
2042,2042,UPI,Failed,23-01-2025
2043,2043,COD,Paid,04-04-2025
2044,2044,Credit Card,Refunded,27-05-2024
2045,2045,Net Banking,Paid,09-01-2024
2046,2046,COD,Paid,01-06-2024
2047,2047,Credit Card,Failed,08-05-2024
2048,2048,COD,Refunded,27-11-2025
2049,2049,Net Banking,Failed,29-10-2025
2050,2050,Debit Card,Refunded,01-01-2024
2051,2051,Net Banking,Failed,14-11-2025
2052,2052,UPI,Refunded,28-12-2025
2053,2053,UPI,Refunded,04-04-2024
2054,2054,Net Banking,Paid,09-02-2024
2055,2055,COD,Failed,23-05-2024
2056,2056,Credit Card,Paid,10-02-2024
2057,2057,Net Banking,Failed,24-10-2025
2058,2058,COD,Refunded,07-08-2024
2059,2059,COD,Failed,24-10-2025
2060,2060,Credit Card,Failed,16-11-2025
2061,2061,Net Banking,Paid,25-04-2025
2062,2062,Net Banking,Refunded,20-10-2025
2063,2063,COD,Refunded,05-08-2024
2064,2064,UPI,Failed,01-07-2025
2065,2065,Net Banking,Failed,24-10-2025
2066,2066,Credit Card,Refunded,16-11-2025
2067,2067,Debit Card,Paid,12-09-2025
2068,2068,UPI,Failed,30-08-2024
2069,2069,Credit Card,Refunded,21-12-2025
2070,2070,Debit Card,Refunded,11-05-2024
2071,2071,UPI,Paid,07-08-2025
2072,2072,Net Banking,Paid,06-02-2025
2073,2073,Debit Card,Failed,22-08-2024
2074,2074,COD,Failed,05-11-2025
2075,2075,UPI,Failed,17-11-2024
2076,2076,UPI,Failed,18-06-2025
2077,2077,Credit Card,Failed,04-01-2024
2078,2078,Debit Card,Paid,31-07-2024
2079,2079,Debit Card,Paid,02-09-2025
2080,2080,Credit Card,Failed,06-11-2025
2081,2081,COD,Failed,06-02-2025
2082,2082,Credit Card,Failed,25-11-2024
2083,2083,Debit Card,Refunded,14-05-2024
2084,2084,UPI,Refunded,11-05-2024
2085,2085,Credit Card,Paid,11-01-2024
2086,2086,Debit Card,Paid,21-06-2024
2087,2087,COD,Refunded,21-08-2024
2088,2088,Credit Card,Failed,13-09-2025
2089,2089,Credit Card,Refunded,13-07-2024
2090,2090,UPI,Refunded,03-02-2024
2091,2091,Net Banking,Paid,12-03-2024
2092,2092,Debit Card,Failed,07-05-2024
2093,2093,UPI,Failed,20-04-2024
2094,2094,UPI,Refunded,17-09-2024
2095,2095,Net Banking,Paid,20-03-2024
2096,2096,Net Banking,Refunded,06-10-2024
2097,2097,Credit Card,Refunded,17-10-2024
2098,2098,COD,Refunded,19-09-2025
2099,2099,Net Banking,Refunded,09-02-2024
2100,2100,Net Banking,Failed,08-04-2025
2101,2101,COD,Failed,18-04-2025
2102,2102,Debit Card,Refunded,27-09-2025
2103,2103,Net Banking,Failed,31-08-2025
2104,2104,COD,Refunded,27-09-2025
2105,2105,Credit Card,Failed,09-10-2024
2106,2106,Debit Card,Paid,20-10-2025
2107,2107,UPI,Paid,20-08-2025
2108,2108,Credit Card,Failed,15-12-2024
2109,2109,Credit Card,Paid,15-01-2024
2110,2110,UPI,Paid,21-11-2025
2111,2111,Debit Card,Paid,11-05-2025
2112,2112,Debit Card,Paid,15-12-2025
2113,2113,Net Banking,Failed,16-12-2024
2114,2114,Net Banking,Paid,25-03-2025
2115,2115,Debit Card,Failed,28-09-2025
2116,2116,Net Banking,Refunded,05-04-2024
2117,2117,COD,Paid,21-02-2025
2118,2118,Credit Card,Refunded,18-01-2024
2119,2119,COD,Refunded,18-11-2024
2120,2120,Debit Card,Failed,14-02-2025
2121,2121,Debit Card,Paid,06-10-2025
2122,2122,UPI,Paid,04-03-2024
2123,2123,Net Banking,Refunded,13-03-2024
2124,2124,Net Banking,Refunded,24-10-2024
2125,2125,Credit Card,Failed,09-06-2025
2126,2126,Credit Card,Failed,11-08-2024
2127,2127,Debit Card,Paid,21-10-2025
2128,2128,COD,Failed,25-04-2025
2129,2129,COD,Refunded,22-10-2025
2130,2130,UPI,Failed,15-06-2024
2131,2131,Credit Card,Failed,22-06-2025
2132,2132,UPI,Refunded,31-03-2024
2133,2133,UPI,Paid,21-12-2024
2134,2134,UPI,Refunded,23-02-2024
2135,2135,Net Banking,Paid,06-02-2024
2136,2136,Debit Card,Failed,09-06-2024
2137,2137,Debit Card,Failed,13-10-2024
2138,2138,UPI,Paid,03-06-2024
2139,2139,Net Banking,Failed,24-06-2025
2140,2140,COD,Refunded,11-05-2024
2141,2141,UPI,Refunded,23-02-2024
2142,2142,Net Banking,Failed,06-02-2025
2143,2143,COD,Failed,12-01-2024
2144,2144,UPI,Paid,13-10-2025
2145,2145,UPI,Refunded,23-12-2024
2146,2146,Credit Card,Refunded,13-10-2024
2147,2147,UPI,Refunded,12-12-2024
2148,2148,Credit Card,Refunded,26-08-2025
2149,2149,Net Banking,Refunded,26-04-2025
2150,2150,Debit Card,Failed,06-09-2025
2151,2151,COD,Paid,20-05-2025
2152,2152,Net Banking,Paid,23-07-2024
2153,2153,Debit Card,Refunded,16-09-2024
2154,2154,Credit Card,Paid,11-05-2024
2155,2155,Debit Card,Refunded,19-02-2024
2156,2156,Credit Card,Paid,14-04-2024
2157,2157,Net Banking,Failed,15-03-2025
2158,2158,Net Banking,Refunded,22-03-2025
2159,2159,UPI,Refunded,09-08-2025
2160,2160,Credit Card,Failed,08-06-2025
2161,2161,Debit Card,Refunded,02-09-2024
2162,2162,Debit Card,Failed,02-09-2024
2163,2163,Credit Card,Refunded,17-04-2025
2164,2164,Net Banking,Failed,01-04-2025
2165,2165,UPI,Refunded,22-04-2025
2166,2166,Credit Card,Refunded,22-04-2024
2167,2167,Debit Card,Failed,07-12-2024
2168,2168,Debit Card,Paid,07-12-2025
2169,2169,Credit Card,Refunded,11-01-2025
2170,2170,Credit Card,Paid,26-06-2024
2171,2171,Net Banking,Paid,10-09-2024
2172,2172,Net Banking,Failed,20-03-2024
2173,2173,COD,Paid,29-07-2025
2174,2174,Debit Card,Failed,04-07-2024
2175,2175,Credit Card,Paid,30-12-2025
2176,2176,UPI,Paid,19-04-2025
2177,2177,Debit Card,Paid,19-10-2024
2178,2178,COD,Paid,23-02-2024
2179,2179,UPI,Paid,04-01-2024
2180,2180,Net Banking,Paid,17-03-2025
2181,2181,COD,Failed,26-06-2025
2182,2182,Credit Card,Failed,05-04-2025
2183,2183,UPI,Failed,14-09-2025
2184,2184,Debit Card,Refunded,24-06-2024
2185,2185,UPI,Paid,15-05-2024
2186,2186,COD,Failed,31-03-2025
2187,2187,COD,Failed,27-09-2024
2188,2188,Net Banking,Failed,07-06-2024
2189,2189,Debit Card,Paid,17-08-2024
2190,2190,Credit Card,Failed,01-05-2024
2191,2191,Net Banking,Paid,09-04-2024
2192,2192,COD,Failed,17-03-2024
2193,2193,UPI,Paid,27-06-2024
2194,2194,Credit Card,Paid,05-03-2025
2195,2195,Credit Card,Failed,28-03-2024
2196,2196,UPI,Refunded,29-09-2025
2197,2197,COD,Refunded,18-03-2025
2198,2198,Debit Card,Refunded,27-07-2024
2199,2199,Credit Card,Refunded,17-03-2024
2200,2200,UPI,Paid,11-05-2024
2201,2201,COD,Paid,14-11-2024
2202,2202,UPI,Refunded,03-05-2024
2203,2203,UPI,Paid,14-03-2024
2204,2204,Debit Card,Refunded,18-06-2024
2205,2205,COD,Failed,18-05-2025
2206,2206,Debit Card,Refunded,04-02-2024
2207,2207,Net Banking,Paid,20-07-2024
2208,2208,COD,Failed,16-03-2025
2209,2209,UPI,Failed,25-04-2025
2210,2210,COD,Paid,24-12-2024
2211,2211,UPI,Refunded,13-06-2025
2212,2212,UPI,Failed,16-02-2025
2213,2213,Debit Card,Refunded,29-05-2024
2214,2214,Debit Card,Paid,21-10-2025
2215,2215,Debit Card,Failed,12-05-2025
2216,2216,Net Banking,Refunded,13-03-2024
2217,2217,Credit Card,Failed,07-06-2024
2218,2218,UPI,Paid,23-06-2025
2219,2219,COD,Failed,28-07-2024
2220,2220,Credit Card,Paid,01-04-2024
2221,2221,COD,Refunded,24-11-2024
2222,2222,Net Banking,Refunded,28-02-2024
2223,2223,Debit Card,Paid,03-04-2025
2224,2224,UPI,Paid,12-05-2024
2225,2225,UPI,Failed,23-06-2024
2226,2226,Credit Card,Refunded,02-05-2025
2227,2227,Debit Card,Paid,06-10-2024
2228,2228,COD,Failed,07-05-2025
2229,2229,UPI,Failed,29-05-2025
2230,2230,UPI,Paid,04-07-2025
2231,2231,UPI,Paid,10-07-2024
2232,2232,Net Banking,Paid,26-02-2025
2233,2233,COD,Failed,19-01-2025
2234,2234,Net Banking,Paid,23-07-2024
2235,2235,Net Banking,Refunded,08-06-2024
2236,2236,Debit Card,Refunded,30-01-2025
2237,2237,COD,Paid,22-12-2025
2238,2238,Credit Card,Failed,11-03-2025
2239,2239,UPI,Refunded,15-09-2024
2240,2240,UPI,Failed,23-08-2025
2241,2241,UPI,Paid,15-09-2024
2242,2242,Credit Card,Paid,26-11-2024
2243,2243,Net Banking,Refunded,13-09-2024
2244,2244,Debit Card,Paid,18-03-2025
2245,2245,Debit Card,Failed,23-12-2024
2246,2246,Credit Card,Failed,10-09-2024
2247,2247,COD,Failed,15-06-2024
2248,2248,Credit Card,Failed,26-06-2025
2249,2249,Net Banking,Failed,15-01-2025
2250,2250,Debit Card,Paid,04-03-2025
2251,2251,COD,Failed,31-10-2024
2252,2252,COD,Failed,06-02-2024
2253,2253,COD,Paid,26-04-2025
2254,2254,Net Banking,Paid,28-12-2024
2255,2255,Net Banking,Failed,04-06-2024
2256,2256,Net Banking,Refunded,01-10-2025
2257,2257,Net Banking,Paid,21-02-2024
2258,2258,Debit Card,Refunded,18-12-2024
2259,2259,Debit Card,Refunded,19-07-2024
2260,2260,Net Banking,Paid,03-08-2024
2261,2261,UPI,Failed,17-12-2025
2262,2262,COD,Refunded,26-11-2025
2263,2263,Credit Card,Refunded,18-05-2025
2264,2264,Debit Card,Refunded,05-02-2025
2265,2265,Debit Card,Failed,21-07-2024
2266,2266,Net Banking,Failed,12-05-2025
2267,2267,Debit Card,Refunded,27-04-2024
2268,2268,Net Banking,Refunded,11-08-2025
2269,2269,Net Banking,Paid,14-05-2024
2270,2270,Credit Card,Failed,12-08-2025
2271,2271,Net Banking,Paid,01-10-2025
2272,2272,COD,Failed,13-12-2024
2273,2273,UPI,Paid,30-04-2024
2274,2274,Credit Card,Paid,10-04-2025
2275,2275,COD,Paid,18-10-2025
2276,2276,UPI,Paid,06-06-2025
2277,2277,Net Banking,Paid,20-01-2024
2278,2278,Credit Card,Failed,30-09-2024
2279,2279,UPI,Paid,05-03-2024
2280,2280,UPI,Paid,01-02-2025
2281,2281,Debit Card,Failed,20-11-2024
2282,2282,Debit Card,Paid,02-07-2024
2283,2283,COD,Failed,15-08-2024
2284,2284,Credit Card,Refunded,06-11-2024
2285,2285,Debit Card,Paid,09-11-2024
2286,2286,COD,Paid,13-08-2025
2287,2287,Credit Card,Paid,23-06-2024
2288,2288,Debit Card,Failed,05-02-2024
2289,2289,Debit Card,Failed,02-12-2024
2290,2290,Credit Card,Refunded,14-06-2025
2291,2291,Net Banking,Paid,21-09-2024
2292,2292,Credit Card,Refunded,04-06-2025
2293,2293,Debit Card,Failed,26-10-2025
2294,2294,Debit Card,Paid,02-03-2024
2295,2295,Debit Card,Failed,16-05-2024
2296,2296,Net Banking,Refunded,04-09-2025
2297,2297,Credit Card,Refunded,25-09-2024
2298,2298,Debit Card,Paid,16-08-2025
2299,2299,Debit Card,Paid,12-06-2025
2300,2300,Credit Card,Refunded,18-05-2024
2301,2301,COD,Paid,14-11-2025
2302,2302,UPI,Failed,27-01-2024
2303,2303,COD,Refunded,14-10-2024
2304,2304,Net Banking,Refunded,23-12-2024
2305,2305,Credit Card,Refunded,02-02-2025
2306,2306,Net Banking,Paid,06-08-2025
2307,2307,Net Banking,Refunded,24-04-2025
2308,2308,Credit Card,Refunded,07-02-2024
2309,2309,Credit Card,Refunded,28-06-2025
2310,2310,Net Banking,Refunded,11-06-2024
2311,2311,UPI,Paid,14-07-2025
2312,2312,Credit Card,Failed,31-08-2024
2313,2313,COD,Paid,11-10-2024
2314,2314,COD,Failed,03-10-2025
2315,2315,COD,Paid,20-11-2024
2316,2316,COD,Failed,10-12-2025
2317,2317,COD,Refunded,12-10-2024
2318,2318,Debit Card,Failed,15-04-2024
2319,2319,Debit Card,Refunded,12-03-2024
2320,2320,Debit Card,Refunded,19-09-2024
2321,2321,COD,Failed,08-12-2025
2322,2322,Debit Card,Refunded,13-10-2025
2323,2323,Net Banking,Failed,21-04-2024
2324,2324,Credit Card,Failed,03-10-2025
2325,2325,COD,Failed,23-11-2025
2326,2326,Net Banking,Paid,08-11-2024
2327,2327,Debit Card,Failed,14-03-2025
2328,2328,UPI,Failed,07-10-2024
2329,2329,COD,Refunded,26-10-2025
2330,2330,Credit Card,Refunded,29-02-2024
2331,2331,UPI,Refunded,12-04-2024
2332,2332,Net Banking,Failed,23-01-2025
2333,2333,UPI,Failed,04-10-2025
2334,2334,COD,Refunded,16-06-2024
2335,2335,COD,Refunded,12-06-2024
2336,2336,Net Banking,Failed,18-10-2025
2337,2337,Credit Card,Failed,20-09-2025
2338,2338,COD,Refunded,22-10-2025
2339,2339,Net Banking,Failed,26-03-2024
2340,2340,UPI,Paid,27-08-2024
2341,2341,COD,Paid,21-04-2025
2342,2342,Net Banking,Paid,04-11-2025
2343,2343,Credit Card,Paid,24-09-2024
2344,2344,UPI,Failed,28-09-2025
2345,2345,COD,Failed,18-04-2025
2346,2346,COD,Failed,08-08-2025
2347,2347,Credit Card,Failed,03-01-2024
2348,2348,Credit Card,Failed,11-02-2024
2349,2349,Credit Card,Failed,03-04-2025
2350,2350,Debit Card,Refunded,07-08-2024
2351,2351,Debit Card,Refunded,09-09-2024
2352,2352,Net Banking,Paid,24-12-2024
2353,2353,Credit Card,Paid,20-12-2025
2354,2354,Credit Card,Paid,10-04-2025
2355,2355,Debit Card,Paid,28-07-2024
2356,2356,Debit Card,Refunded,26-10-2025
2357,2357,COD,Paid,11-12-2025
2358,2358,Net Banking,Failed,30-08-2025
2359,2359,Debit Card,Refunded,16-01-2025
2360,2360,UPI,Paid,07-01-2024
2361,2361,Debit Card,Refunded,06-01-2024
2362,2362,Debit Card,Paid,15-05-2025
2363,2363,Net Banking,Paid,28-08-2025
2364,2364,Net Banking,Failed,05-08-2025
2365,2365,UPI,Paid,31-12-2024
2366,2366,Credit Card,Refunded,20-11-2025
2367,2367,COD,Paid,16-06-2024
2368,2368,Debit Card,Failed,28-04-2024
2369,2369,Net Banking,Failed,01-03-2025
2370,2370,COD,Failed,25-08-2024
2371,2371,Debit Card,Refunded,13-10-2024
2372,2372,Debit Card,Failed,22-11-2024
2373,2373,Credit Card,Refunded,16-02-2024
2374,2374,Net Banking,Paid,19-05-2024
2375,2375,Credit Card,Failed,29-06-2024
2376,2376,Credit Card,Paid,04-05-2025
2377,2377,COD,Paid,01-07-2025
2378,2378,Credit Card,Failed,25-05-2024
2379,2379,Net Banking,Refunded,20-02-2025
2380,2380,Credit Card,Refunded,25-02-2025
2381,2381,Credit Card,Refunded,14-01-2024
2382,2382,COD,Failed,19-05-2024
2383,2383,Net Banking,Failed,09-03-2025
2384,2384,COD,Refunded,03-08-2025
2385,2385,UPI,Paid,04-01-2025
2386,2386,Credit Card,Refunded,07-05-2025
2387,2387,COD,Refunded,29-11-2024
2388,2388,UPI,Failed,24-09-2025
2389,2389,UPI,Failed,23-06-2024
2390,2390,Credit Card,Failed,02-09-2024
2391,2391,Net Banking,Failed,16-07-2024
2392,2392,Debit Card,Paid,29-12-2024
2393,2393,Credit Card,Refunded,09-04-2024
2394,2394,COD,Failed,02-08-2025
2395,2395,Net Banking,Failed,10-04-2024
2396,2396,Net Banking,Refunded,16-07-2025
2397,2397,Debit Card,Failed,18-02-2024
2398,2398,Credit Card,Paid,13-03-2025
2399,2399,COD,Paid,22-02-2025
2400,2400,UPI,Paid,28-03-2025
2401,2401,Credit Card,Paid,01-06-2024
2402,2402,COD,Refunded,27-09-2025
2403,2403,Credit Card,Paid,24-01-2025
2404,2404,UPI,Refunded,03-02-2024
2405,2405,Net Banking,Refunded,17-09-2025
2406,2406,COD,Failed,22-05-2024
2407,2407,Net Banking,Failed,18-02-2025
2408,2408,UPI,Paid,24-02-2025
2409,2409,Net Banking,Refunded,20-04-2024
2410,2410,Net Banking,Paid,02-05-2024
2411,2411,UPI,Refunded,06-07-2024
2412,2412,Credit Card,Refunded,01-02-2024
2413,2413,Debit Card,Refunded,22-10-2025
2414,2414,Credit Card,Refunded,11-02-2025
2415,2415,Debit Card,Refunded,01-02-2024
2416,2416,COD,Failed,08-11-2025
2417,2417,COD,Failed,12-10-2024
2418,2418,UPI,Paid,19-11-2025
2419,2419,COD,Paid,09-12-2025
2420,2420,COD,Failed,15-05-2025
2421,2421,Debit Card,Failed,04-06-2025
2422,2422,Credit Card,Refunded,05-06-2025
2423,2423,Debit Card,Paid,31-03-2025
2424,2424,Credit Card,Failed,03-08-2025
2425,2425,UPI,Failed,16-04-2024
2426,2426,Debit Card,Paid,07-04-2025
2427,2427,UPI,Failed,16-04-2024
2428,2428,Credit Card,Failed,24-07-2024
2429,2429,Debit Card,Paid,27-09-2024
2430,2430,COD,Paid,17-06-2025
2431,2431,COD,Failed,29-09-2025
2432,2432,UPI,Paid,18-06-2025
2433,2433,Debit Card,Paid,01-09-2024
2434,2434,Debit Card,Failed,04-12-2025
2435,2435,UPI,Paid,15-02-2025
2436,2436,COD,Failed,07-04-2024
2437,2437,Debit Card,Paid,31-10-2025
2438,2438,Credit Card,Failed,14-12-2024
2439,2439,Debit Card,Refunded,20-05-2025
2440,2440,Credit Card,Paid,08-11-2025
2441,2441,UPI,Refunded,13-10-2025
2442,2442,COD,Refunded,02-03-2025
2443,2443,Net Banking,Failed,30-06-2024
2444,2444,Debit Card,Failed,16-03-2025
2445,2445,Credit Card,Failed,29-06-2025
2446,2446,UPI,Refunded,02-11-2024
2447,2447,COD,Refunded,03-02-2024
2448,2448,UPI,Failed,07-10-2025
2449,2449,UPI,Paid,03-07-2025
2450,2450,UPI,Paid,28-05-2025
2451,2451,Credit Card,Paid,22-04-2024
2452,2452,Debit Card,Failed,17-10-2024
2453,2453,Debit Card,Refunded,21-07-2024
2454,2454,Debit Card,Refunded,05-11-2025
2455,2455,Debit Card,Paid,19-04-2024
2456,2456,UPI,Refunded,13-08-2024
2457,2457,COD,Paid,09-08-2024
2458,2458,Net Banking,Failed,07-08-2025
2459,2459,UPI,Paid,21-04-2024
2460,2460,COD,Refunded,06-02-2024
2461,2461,UPI,Refunded,22-06-2025
2462,2462,Debit Card,Failed,10-11-2025
2463,2463,Net Banking,Failed,08-02-2024
2464,2464,Debit Card,Refunded,20-12-2025
2465,2465,Credit Card,Failed,02-09-2025
2466,2466,UPI,Paid,01-01-2024
2467,2467,Debit Card,Refunded,06-02-2025
2468,2468,UPI,Refunded,16-10-2024
2469,2469,Debit Card,Paid,31-12-2024
2470,2470,Net Banking,Refunded,15-07-2025
2471,2471,Net Banking,Paid,24-11-2025
2472,2472,Net Banking,Paid,02-07-2024
2473,2473,Credit Card,Paid,30-10-2025
2474,2474,UPI,Failed,14-03-2025
2475,2475,Credit Card,Paid,24-01-2024
2476,2476,UPI,Failed,12-03-2025
2477,2477,Debit Card,Failed,09-06-2025
2478,2478,COD,Paid,21-08-2024
2479,2479,UPI,Refunded,13-04-2024
2480,2480,Credit Card,Failed,01-05-2024
2481,2481,COD,Refunded,09-08-2024
2482,2482,UPI,Refunded,12-09-2024
2483,2483,Debit Card,Refunded,05-09-2024
2484,2484,UPI,Paid,09-12-2024
2485,2485,UPI,Failed,18-08-2025
2486,2486,Net Banking,Paid,31-03-2024
2487,2487,UPI,Failed,31-12-2024
2488,2488,Debit Card,Refunded,16-12-2025
2489,2489,Debit Card,Refunded,13-09-2024
2490,2490,Net Banking,Paid,05-09-2024
2491,2491,Debit Card,Refunded,10-07-2024
2492,2492,COD,Refunded,16-10-2025
2493,2493,Credit Card,Refunded,31-03-2024
2494,2494,Net Banking,Refunded,06-11-2024
2495,2495,UPI,Failed,11-04-2024
2496,2496,UPI,Failed,13-03-2025
2497,2497,Credit Card,Paid,07-03-2024
2498,2498,Net Banking,Failed,21-03-2024
2499,2499,Net Banking,Paid,29-05-2024
2500,2500,Net Banking,Failed,05-03-2025
2501,2501,UPI,Failed,03-01-2024
2502,2502,COD,Refunded,20-06-2024
2503,2503,UPI,Failed,18-11-2024
2504,2504,UPI,Failed,24-10-2025
2505,2505,Credit Card,Failed,16-07-2024
2506,2506,COD,Paid,21-01-2025
2507,2507,Credit Card,Paid,03-03-2025
2508,2508,UPI,Refunded,03-10-2025
2509,2509,Net Banking,Paid,19-07-2024
2510,2510,Net Banking,Failed,24-11-2024
2511,2511,COD,Paid,08-07-2024
2512,2512,COD,Paid,10-04-2025
2513,2513,COD,Failed,13-07-2025
2514,2514,Debit Card,Refunded,25-09-2025
2515,2515,Debit Card,Failed,08-05-2025
2516,2516,UPI,Paid,21-03-2024
2517,2517,COD,Failed,09-11-2025
2518,2518,UPI,Paid,11-02-2024
2519,2519,Credit Card,Paid,18-07-2024
2520,2520,Net Banking,Failed,14-12-2024
2521,2521,COD,Failed,04-02-2024
2522,2522,COD,Failed,01-10-2024
2523,2523,Debit Card,Paid,18-06-2025
2524,2524,UPI,Paid,12-03-2025
2525,2525,Credit Card,Paid,23-03-2024
2526,2526,Credit Card,Failed,16-10-2024
2527,2527,COD,Failed,12-12-2025
2528,2528,Credit Card,Refunded,04-07-2024
2529,2529,Debit Card,Refunded,26-03-2024
2530,2530,Net Banking,Refunded,17-01-2025
2531,2531,UPI,Paid,11-07-2025
2532,2532,COD,Paid,22-02-2024
2533,2533,UPI,Refunded,25-04-2025
2534,2534,UPI,Refunded,10-08-2025
2535,2535,Credit Card,Paid,17-02-2025
2536,2536,Net Banking,Refunded,16-11-2025
2537,2537,Credit Card,Failed,14-02-2025
2538,2538,Debit Card,Failed,11-07-2025
2539,2539,COD,Refunded,24-07-2024
2540,2540,UPI,Failed,27-01-2025
2541,2541,UPI,Paid,21-08-2024
2542,2542,Net Banking,Refunded,18-02-2025
2543,2543,Net Banking,Refunded,17-03-2024
2544,2544,Credit Card,Refunded,23-03-2025
2545,2545,Net Banking,Failed,09-07-2024
2546,2546,Net Banking,Paid,03-09-2024
2547,2547,Net Banking,Refunded,25-03-2025
2548,2548,Credit Card,Paid,30-08-2024
2549,2549,Credit Card,Paid,26-11-2024
2550,2550,Debit Card,Paid,09-03-2025
2551,2551,Credit Card,Paid,06-12-2024
2552,2552,UPI,Failed,27-08-2025
2553,2553,UPI,Refunded,24-10-2024
2554,2554,Debit Card,Refunded,08-04-2025
2555,2555,Credit Card,Failed,21-09-2024
2556,2556,Net Banking,Paid,11-12-2025
2557,2557,Net Banking,Failed,29-07-2024
2558,2558,Net Banking,Refunded,05-11-2025
2559,2559,COD,Paid,11-02-2024
2560,2560,Debit Card,Failed,09-12-2025
2561,2561,Debit Card,Paid,28-02-2025
2562,2562,UPI,Failed,28-05-2025
2563,2563,UPI,Refunded,29-06-2024
2564,2564,Net Banking,Paid,30-04-2024
2565,2565,COD,Refunded,16-01-2025
2566,2566,Net Banking,Failed,12-10-2024
2567,2567,Debit Card,Paid,26-08-2024
2568,2568,UPI,Failed,07-04-2024
2569,2569,Credit Card,Refunded,13-02-2025
2570,2570,Net Banking,Paid,02-02-2024
2571,2571,COD,Refunded,11-09-2024
2572,2572,Net Banking,Paid,21-11-2024
2573,2573,Credit Card,Refunded,23-08-2024
2574,2574,Net Banking,Paid,25-02-2025
2575,2575,COD,Refunded,26-08-2024
2576,2576,Debit Card,Failed,11-09-2025
2577,2577,UPI,Failed,16-06-2025
2578,2578,Debit Card,Refunded,22-05-2024
2579,2579,Debit Card,Paid,21-09-2025
2580,2580,COD,Paid,18-03-2024
2581,2581,COD,Failed,28-12-2024
2582,2582,Net Banking,Refunded,16-09-2024
2583,2583,COD,Paid,15-08-2024
2584,2584,UPI,Paid,22-07-2024
2585,2585,Net Banking,Failed,20-09-2024
2586,2586,Debit Card,Failed,20-07-2024
2587,2587,COD,Failed,23-02-2025
2588,2588,UPI,Paid,06-04-2024
2589,2589,UPI,Refunded,30-12-2025
2590,2590,COD,Failed,07-04-2025
2591,2591,Credit Card,Failed,05-11-2024
2592,2592,COD,Refunded,14-12-2025
2593,2593,COD,Refunded,27-05-2024
2594,2594,COD,Refunded,14-01-2024
2595,2595,UPI,Failed,29-05-2024
2596,2596,UPI,Failed,25-12-2024
2597,2597,Net Banking,Failed,06-08-2024
2598,2598,COD,Refunded,27-05-2025
2599,2599,UPI,Refunded,27-04-2025
2600,2600,Debit Card,Failed,01-10-2024
2601,2601,Credit Card,Failed,19-06-2025
2602,2602,Debit Card,Paid,29-09-2024
2603,2603,UPI,Failed,01-12-2024
2604,2604,COD,Paid,09-06-2025
2605,2605,Debit Card,Refunded,15-09-2024
2606,2606,UPI,Failed,19-01-2024
2607,2607,COD,Paid,02-02-2025
2608,2608,UPI,Refunded,17-11-2025
2609,2609,Debit Card,Failed,08-06-2025
2610,2610,UPI,Paid,06-04-2025
2611,2611,Credit Card,Paid,02-02-2025
2612,2612,UPI,Paid,19-09-2024
2613,2613,COD,Refunded,18-12-2025
2614,2614,Debit Card,Refunded,26-09-2025
2615,2615,Debit Card,Paid,21-11-2025
2616,2616,Net Banking,Refunded,08-04-2024
2617,2617,Credit Card,Paid,04-08-2025
2618,2618,Debit Card,Refunded,07-02-2024
2619,2619,UPI,Paid,01-08-2024
2620,2620,Credit Card,Paid,08-09-2024
2621,2621,Debit Card,Failed,01-02-2024
2622,2622,UPI,Failed,26-03-2024
2623,2623,COD,Failed,17-11-2024
2624,2624,Debit Card,Refunded,24-12-2024
2625,2625,UPI,Failed,11-11-2024
2626,2626,Net Banking,Failed,07-05-2024
2627,2627,Debit Card,Refunded,14-10-2024
2628,2628,COD,Failed,14-06-2024
2629,2629,Debit Card,Paid,18-07-2024
2630,2630,COD,Paid,04-04-2024
2631,2631,Net Banking,Paid,04-11-2025
2632,2632,COD,Refunded,08-06-2024
2633,2633,COD,Failed,26-08-2025
2634,2634,Net Banking,Failed,23-10-2024
2635,2635,Debit Card,Paid,11-05-2025
2636,2636,Net Banking,Refunded,13-03-2025
2637,2637,COD,Failed,10-07-2024
2638,2638,COD,Refunded,24-04-2025
2639,2639,COD,Refunded,04-11-2025
2640,2640,UPI,Failed,03-01-2025
2641,2641,Net Banking,Refunded,14-01-2025
2642,2642,Net Banking,Failed,24-11-2024
2643,2643,Net Banking,Paid,16-07-2024
2644,2644,Credit Card,Refunded,31-07-2025
2645,2645,Credit Card,Paid,25-11-2025
2646,2646,Credit Card,Refunded,24-08-2025
2647,2647,Debit Card,Refunded,04-01-2024
2648,2648,Debit Card,Refunded,05-04-2025
2649,2649,UPI,Paid,10-12-2024
2650,2650,Debit Card,Paid,14-04-2025
2651,2651,Net Banking,Failed,28-09-2025
2652,2652,Debit Card,Paid,24-01-2025
2653,2653,Credit Card,Failed,15-09-2025
2654,2654,Credit Card,Failed,26-02-2025
2655,2655,Net Banking,Failed,10-08-2025
2656,2656,Credit Card,Refunded,13-12-2025
2657,2657,Debit Card,Refunded,05-08-2024
2658,2658,COD,Failed,31-03-2025
2659,2659,Net Banking,Failed,11-08-2025
2660,2660,COD,Paid,11-05-2024
2661,2661,COD,Paid,24-12-2025
2662,2662,Credit Card,Refunded,15-02-2024
2663,2663,Credit Card,Paid,19-06-2025
2664,2664,COD,Refunded,05-08-2024
2665,2665,UPI,Refunded,09-10-2025
2666,2666,Debit Card,Refunded,11-03-2024
2667,2667,COD,Refunded,24-11-2025
2668,2668,Debit Card,Refunded,14-06-2024
2669,2669,COD,Failed,30-06-2025
2670,2670,Net Banking,Failed,14-10-2024
2671,2671,UPI,Failed,17-06-2025
2672,2672,Debit Card,Failed,28-12-2025
2673,2673,UPI,Paid,07-11-2024
2674,2674,Credit Card,Refunded,17-03-2024
2675,2675,Debit Card,Paid,23-06-2025
2676,2676,Net Banking,Paid,24-03-2025
2677,2677,Credit Card,Refunded,01-12-2024
2678,2678,Credit Card,Refunded,24-05-2025
2679,2679,COD,Failed,24-12-2024
2680,2680,Credit Card,Refunded,28-08-2024
2681,2681,Credit Card,Paid,13-08-2024
2682,2682,Credit Card,Refunded,26-06-2025
2683,2683,Net Banking,Failed,11-06-2025
2684,2684,UPI,Paid,23-01-2025
2685,2685,Credit Card,Failed,26-07-2024
2686,2686,Net Banking,Failed,30-01-2024
2687,2687,Net Banking,Paid,22-12-2025
2688,2688,COD,Paid,31-01-2024
2689,2689,Net Banking,Failed,01-04-2025
2690,2690,Net Banking,Refunded,23-02-2025
2691,2691,UPI,Paid,09-08-2024
2692,2692,COD,Refunded,06-06-2024
2693,2693,Net Banking,Refunded,23-09-2024
2694,2694,Debit Card,Paid,02-03-2024
2695,2695,Debit Card,Paid,02-07-2025
2696,2696,UPI,Failed,03-01-2025
2697,2697,Credit Card,Paid,03-09-2024
2698,2698,Net Banking,Failed,12-02-2024
2699,2699,Net Banking,Failed,08-05-2025
2700,2700,UPI,Failed,07-02-2025
2701,2701,Net Banking,Paid,12-02-2025
2702,2702,Debit Card,Failed,27-01-2025
2703,2703,Credit Card,Refunded,28-11-2025
2704,2704,Debit Card,Paid,19-04-2025
2705,2705,Debit Card,Refunded,05-10-2025
2706,2706,Debit Card,Paid,07-02-2025
2707,2707,COD,Failed,26-08-2025
2708,2708,Credit Card,Failed,02-08-2024
2709,2709,Credit Card,Paid,13-10-2024
2710,2710,Debit Card,Paid,22-09-2025
2711,2711,COD,Failed,28-11-2024
2712,2712,UPI,Paid,31-03-2025
2713,2713,COD,Failed,03-12-2025
2714,2714,Net Banking,Failed,04-08-2025
2715,2715,Credit Card,Failed,10-05-2024
2716,2716,Net Banking,Refunded,04-07-2025
2717,2717,Net Banking,Paid,23-11-2024
2718,2718,Credit Card,Refunded,18-04-2024
2719,2719,COD,Paid,14-10-2024
2720,2720,UPI,Refunded,14-07-2024
2721,2721,Net Banking,Paid,29-03-2024
2722,2722,COD,Paid,19-10-2024
2723,2723,UPI,Paid,26-02-2024
2724,2724,Net Banking,Refunded,27-01-2024
2725,2725,Credit Card,Refunded,19-02-2024
2726,2726,Net Banking,Failed,12-04-2024
2727,2727,UPI,Failed,09-07-2025
2728,2728,Debit Card,Paid,12-08-2024
2729,2729,Net Banking,Paid,13-12-2025
2730,2730,UPI,Paid,29-04-2025
2731,2731,COD,Paid,17-04-2025
2732,2732,Net Banking,Paid,10-10-2024
2733,2733,Credit Card,Paid,06-01-2024
2734,2734,Credit Card,Paid,20-12-2024
2735,2735,Net Banking,Refunded,25-07-2024
2736,2736,Credit Card,Failed,02-02-2025
2737,2737,Debit Card,Failed,09-12-2024
2738,2738,Credit Card,Refunded,05-08-2024
2739,2739,UPI,Failed,02-08-2024
2740,2740,Credit Card,Paid,27-04-2025
2741,2741,UPI,Failed,06-11-2025
2742,2742,UPI,Refunded,04-03-2025
2743,2743,Debit Card,Paid,15-05-2024
2744,2744,Debit Card,Paid,30-01-2024
2745,2745,UPI,Refunded,10-09-2024
2746,2746,COD,Refunded,15-06-2025
2747,2747,UPI,Paid,24-03-2025
2748,2748,Net Banking,Refunded,05-10-2024
2749,2749,Net Banking,Refunded,22-06-2024
2750,2750,Debit Card,Paid,30-05-2024
2751,2751,Net Banking,Failed,17-08-2025
2752,2752,Debit Card,Failed,30-01-2025
2753,2753,UPI,Failed,05-06-2025
2754,2754,Debit Card,Failed,23-06-2024
2755,2755,Debit Card,Paid,24-03-2024
2756,2756,Net Banking,Refunded,20-04-2024
2757,2757,UPI,Failed,27-05-2025
2758,2758,Debit Card,Failed,09-07-2025
2759,2759,COD,Failed,12-10-2025
2760,2760,Net Banking,Failed,24-10-2025
2761,2761,Debit Card,Failed,05-03-2024
2762,2762,Credit Card,Failed,14-06-2024
2763,2763,Credit Card,Failed,14-07-2025
2764,2764,COD,Paid,15-09-2024
2765,2765,UPI,Failed,25-05-2025
2766,2766,Credit Card,Refunded,01-04-2024
2767,2767,COD,Failed,17-04-2024
2768,2768,COD,Failed,23-06-2025
2769,2769,Credit Card,Failed,24-11-2025
2770,2770,Net Banking,Paid,26-09-2025
2771,2771,COD,Refunded,04-11-2024
2772,2772,Net Banking,Failed,27-09-2024
2773,2773,Credit Card,Paid,27-03-2025
2774,2774,COD,Refunded,09-02-2025
2775,2775,UPI,Failed,13-11-2025
2776,2776,Credit Card,Paid,27-02-2024
2777,2777,Debit Card,Paid,26-08-2025
2778,2778,Net Banking,Refunded,02-08-2024
2779,2779,Net Banking,Failed,21-03-2025
2780,2780,Credit Card,Paid,31-05-2024
2781,2781,Credit Card,Failed,15-05-2025
2782,2782,COD,Refunded,12-02-2024
2783,2783,Debit Card,Failed,28-10-2024
2784,2784,UPI,Failed,15-11-2024
2785,2785,Credit Card,Refunded,22-10-2025
2786,2786,Debit Card,Refunded,06-05-2025
2787,2787,UPI,Paid,10-11-2025
2788,2788,Net Banking,Failed,27-04-2024
2789,2789,Debit Card,Refunded,03-10-2024
2790,2790,UPI,Paid,06-01-2024
2791,2791,COD,Paid,19-08-2024
2792,2792,Credit Card,Paid,30-09-2024
2793,2793,UPI,Failed,27-02-2025
2794,2794,Credit Card,Refunded,24-07-2025
2795,2795,Debit Card,Failed,26-01-2025
2796,2796,COD,Failed,03-04-2024
2797,2797,Net Banking,Paid,25-07-2025
2798,2798,COD,Refunded,02-03-2024
2799,2799,Credit Card,Paid,29-01-2025
2800,2800,Debit Card,Failed,03-12-2025
2801,2801,Credit Card,Refunded,04-02-2025
2802,2802,Credit Card,Refunded,27-09-2025
2803,2803,Debit Card,Paid,10-02-2025
2804,2804,Credit Card,Refunded,21-05-2024
2805,2805,Debit Card,Paid,09-02-2025
2806,2806,Debit Card,Failed,20-02-2025
2807,2807,Credit Card,Failed,24-01-2025
2808,2808,Net Banking,Paid,07-06-2025
2809,2809,UPI,Failed,13-06-2024
2810,2810,COD,Refunded,21-06-2025
2811,2811,Debit Card,Refunded,08-06-2025
2812,2812,Debit Card,Refunded,29-04-2024
2813,2813,Credit Card,Paid,27-08-2024
2814,2814,UPI,Failed,01-12-2025
2815,2815,UPI,Refunded,23-06-2025
2816,2816,COD,Refunded,15-05-2024
2817,2817,Debit Card,Failed,27-10-2024
2818,2818,Net Banking,Paid,30-06-2025
2819,2819,Credit Card,Paid,15-08-2025
2820,2820,UPI,Paid,15-12-2024
2821,2821,Debit Card,Failed,29-03-2025
2822,2822,Debit Card,Paid,12-08-2025
2823,2823,Net Banking,Paid,09-01-2024
2824,2824,Debit Card,Paid,07-02-2024
2825,2825,UPI,Failed,26-12-2025
2826,2826,Net Banking,Refunded,08-11-2025
2827,2827,Credit Card,Paid,11-08-2025
2828,2828,Debit Card,Failed,18-04-2025
2829,2829,Net Banking,Failed,05-02-2025
2830,2830,Debit Card,Failed,05-01-2025
2831,2831,UPI,Failed,03-08-2024
2832,2832,Net Banking,Failed,28-03-2024
2833,2833,COD,Paid,24-01-2024
2834,2834,COD,Failed,16-05-2025
2835,2835,Credit Card,Refunded,19-06-2025
2836,2836,COD,Refunded,28-05-2025
2837,2837,Debit Card,Failed,15-10-2024
2838,2838,Debit Card,Refunded,24-06-2024
2839,2839,UPI,Failed,26-08-2024
2840,2840,Net Banking,Failed,09-11-2025
2841,2841,Net Banking,Failed,28-08-2024
2842,2842,Net Banking,Refunded,15-01-2024
2843,2843,Credit Card,Refunded,05-04-2024
2844,2844,COD,Failed,29-05-2025
2845,2845,Credit Card,Paid,21-03-2025
2846,2846,UPI,Paid,23-07-2025
2847,2847,COD,Failed,27-11-2025
2848,2848,COD,Paid,30-03-2025
2849,2849,UPI,Failed,11-03-2024
2850,2850,Credit Card,Failed,18-02-2025
2851,2851,COD,Refunded,24-10-2024
2852,2852,UPI,Paid,01-06-2025
2853,2853,COD,Failed,28-08-2025
2854,2854,COD,Paid,11-10-2025
2855,2855,Net Banking,Failed,04-09-2025
2856,2856,Credit Card,Failed,21-08-2025
2857,2857,Net Banking,Failed,19-04-2024
2858,2858,Debit Card,Paid,25-01-2025
2859,2859,Debit Card,Paid,28-09-2024
2860,2860,UPI,Refunded,13-10-2024
2861,2861,Net Banking,Failed,07-05-2025
2862,2862,Net Banking,Failed,08-05-2024
2863,2863,Debit Card,Failed,01-09-2025
2864,2864,Net Banking,Refunded,30-04-2025
2865,2865,Net Banking,Paid,19-07-2024
2866,2866,Net Banking,Paid,25-02-2024
2867,2867,Debit Card,Failed,12-12-2024
2868,2868,UPI,Paid,25-11-2025
2869,2869,COD,Refunded,05-04-2025
2870,2870,Net Banking,Refunded,03-07-2024
2871,2871,Credit Card,Paid,14-08-2025
2872,2872,UPI,Failed,07-03-2024
2873,2873,UPI,Paid,10-10-2025
2874,2874,Net Banking,Failed,06-12-2024
2875,2875,Debit Card,Failed,17-05-2024
2876,2876,Debit Card,Failed,15-03-2025
2877,2877,COD,Refunded,14-02-2024
2878,2878,Credit Card,Failed,17-09-2025
2879,2879,UPI,Refunded,19-02-2025
2880,2880,Debit Card,Paid,23-12-2025
2881,2881,UPI,Failed,16-03-2024
2882,2882,Net Banking,Failed,12-08-2025
2883,2883,Net Banking,Failed,04-04-2024
2884,2884,Net Banking,Refunded,03-03-2024
2885,2885,Credit Card,Paid,11-11-2024
2886,2886,COD,Failed,05-12-2024
2887,2887,UPI,Paid,05-02-2024
2888,2888,Net Banking,Failed,13-10-2024
2889,2889,Debit Card,Refunded,12-09-2024
2890,2890,Credit Card,Paid,11-04-2025
2891,2891,UPI,Failed,19-05-2024
2892,2892,Net Banking,Refunded,13-08-2024
2893,2893,Credit Card,Refunded,29-03-2024
2894,2894,Debit Card,Failed,09-07-2024
2895,2895,UPI,Refunded,28-05-2024
2896,2896,Net Banking,Refunded,20-11-2025
2897,2897,Net Banking,Paid,15-11-2025
2898,2898,Credit Card,Paid,19-05-2025
2899,2899,Debit Card,Paid,30-06-2025
2900,2900,Credit Card,Refunded,21-06-2024
2901,2901,UPI,Refunded,28-07-2025
2902,2902,Debit Card,Paid,15-06-2024
2903,2903,UPI,Failed,16-07-2024
2904,2904,Debit Card,Failed,26-09-2025
2905,2905,Debit Card,Paid,02-07-2024
2906,2906,UPI,Failed,01-05-2025
2907,2907,Credit Card,Failed,09-05-2025
2908,2908,UPI,Failed,30-12-2024
2909,2909,COD,Failed,16-06-2025
2910,2910,Net Banking,Failed,01-05-2024
2911,2911,COD,Failed,13-06-2024
2912,2912,Net Banking,Paid,15-10-2025
2913,2913,UPI,Failed,16-10-2025
2914,2914,Net Banking,Refunded,03-11-2024
2915,2915,Debit Card,Failed,26-11-2025
2916,2916,Credit Card,Refunded,13-08-2024
2917,2917,UPI,Failed,14-08-2025
2918,2918,UPI,Refunded,19-02-2024
2919,2919,Credit Card,Refunded,22-12-2025
2920,2920,Credit Card,Paid,11-10-2024
2921,2921,UPI,Refunded,04-08-2024
2922,2922,COD,Refunded,28-02-2024
2923,2923,COD,Failed,26-03-2025
2924,2924,COD,Failed,15-01-2024
2925,2925,Credit Card,Failed,03-01-2025
2926,2926,Debit Card,Refunded,15-05-2024
2927,2927,Net Banking,Refunded,12-05-2025
2928,2928,COD,Refunded,16-03-2025
2929,2929,UPI,Paid,10-11-2024
2930,2930,COD,Refunded,23-11-2025
2931,2931,Net Banking,Paid,16-10-2025
2932,2932,COD,Failed,23-08-2025
2933,2933,COD,Failed,27-01-2024
2934,2934,Debit Card,Failed,28-10-2025
2935,2935,UPI,Failed,19-06-2024
2936,2936,UPI,Failed,03-03-2024
2937,2937,Debit Card,Paid,25-09-2025
2938,2938,COD,Paid,01-04-2024
2939,2939,Net Banking,Refunded,24-09-2024
2940,2940,Credit Card,Refunded,10-01-2024
2941,2941,Net Banking,Refunded,26-04-2025
2942,2942,Debit Card,Failed,06-01-2024
2943,2943,Debit Card,Failed,05-10-2025
2944,2944,Credit Card,Refunded,18-10-2025
2945,2945,Debit Card,Refunded,02-07-2025
2946,2946,COD,Failed,22-07-2025
2947,2947,COD,Paid,23-09-2025
2948,2948,Credit Card,Paid,29-03-2024
2949,2949,Credit Card,Refunded,09-04-2025
2950,2950,Debit Card,Refunded,06-12-2025
2951,2951,Credit Card,Paid,08-01-2025
2952,2952,Debit Card,Paid,24-09-2025
2953,2953,UPI,Refunded,29-05-2024
2954,2954,Net Banking,Failed,10-03-2024
2955,2955,UPI,Refunded,03-08-2025
2956,2956,Credit Card,Paid,05-06-2024
2957,2957,Credit Card,Failed,01-05-2024
2958,2958,COD,Paid,02-02-2024
2959,2959,Debit Card,Refunded,08-11-2025
2960,2960,UPI,Failed,13-12-2024
2961,2961,Debit Card,Paid,17-12-2024
2962,2962,COD,Failed,08-06-2024
2963,2963,Credit Card,Refunded,25-04-2025
2964,2964,Net Banking,Failed,29-10-2024
2965,2965,Debit Card,Failed,18-12-2025
2966,2966,Net Banking,Paid,24-10-2025
2967,2967,Net Banking,Refunded,27-05-2024
2968,2968,Net Banking,Refunded,28-09-2024
2969,2969,Net Banking,Refunded,20-05-2024
2970,2970,Debit Card,Failed,16-09-2025
2971,2971,Net Banking,Refunded,11-01-2024
2972,2972,Debit Card,Failed,15-11-2025
2973,2973,COD,Paid,28-11-2025
2974,2974,COD,Refunded,14-08-2024
2975,2975,COD,Paid,29-10-2024
2976,2976,Debit Card,Failed,03-03-2025
2977,2977,Credit Card,Failed,05-04-2024
2978,2978,Credit Card,Failed,15-08-2025
2979,2979,Net Banking,Refunded,18-01-2025
2980,2980,Net Banking,Paid,13-05-2025
2981,2981,Credit Card,Refunded,05-06-2025
2982,2982,UPI,Refunded,10-08-2025
2983,2983,UPI,Paid,17-07-2024
2984,2984,UPI,Failed,17-11-2025
2985,2985,Net Banking,Failed,12-11-2025
2986,2986,UPI,Refunded,19-08-2024
2987,2987,Credit Card,Refunded,27-08-2025
2988,2988,COD,Refunded,26-11-2024
2989,2989,Credit Card,Refunded,06-06-2025
2990,2990,COD,Paid,07-03-2024
2991,2991,Net Banking,Failed,05-04-2025
2992,2992,Credit Card,Failed,06-11-2025
2993,2993,Credit Card,Paid,15-01-2024
2994,2994,Net Banking,Paid,11-03-2024
2995,2995,Debit Card,Refunded,31-01-2025
2996,2996,Debit Card,Paid,26-02-2024
2997,2997,Net Banking,Failed,24-01-2025
2998,2998,Credit Card,Refunded,11-10-2024
2999,2999,COD,Paid,15-01-2025
3000,3000,COD,Failed,09-11-2024
3001,3001,Debit Card,Refunded,04-04-2024
3002,3002,Credit Card,Failed,14-12-2024
3003,3003,COD,Failed,11-04-2025
3004,3004,Credit Card,Paid,15-07-2025
3005,3005,UPI,Refunded,11-11-2024
3006,3006,UPI,Failed,20-03-2024
3007,3007,Credit Card,Refunded,23-01-2025
3008,3008,Credit Card,Paid,05-08-2025
3009,3009,UPI,Refunded,30-06-2024
3010,3010,Credit Card,Paid,29-12-2025
3011,3011,Credit Card,Refunded,05-09-2025
3012,3012,Debit Card,Refunded,08-11-2025
3013,3013,Net Banking,Refunded,25-04-2024
3014,3014,Net Banking,Paid,18-09-2025
3015,3015,Debit Card,Paid,03-12-2025
3016,3016,Net Banking,Failed,21-06-2025
3017,3017,UPI,Failed,21-04-2024
3018,3018,UPI,Refunded,30-03-2024
3019,3019,UPI,Refunded,15-01-2024
3020,3020,UPI,Failed,27-02-2025
3021,3021,UPI,Refunded,19-02-2024
3022,3022,Net Banking,Refunded,09-04-2024
3023,3023,UPI,Failed,20-03-2024
3024,3024,Debit Card,Paid,30-09-2025
3025,3025,COD,Paid,28-02-2025
3026,3026,Net Banking,Refunded,17-12-2024
3027,3027,Net Banking,Refunded,04-02-2025
3028,3028,Debit Card,Refunded,13-02-2025
3029,3029,UPI,Failed,30-03-2025
3030,3030,Debit Card,Failed,03-05-2025
3031,3031,Debit Card,Failed,20-01-2025
3032,3032,Debit Card,Paid,05-11-2024
3033,3033,Debit Card,Paid,09-11-2024
3034,3034,Debit Card,Paid,03-03-2024
3035,3035,COD,Failed,31-07-2024
3036,3036,UPI,Paid,18-06-2024
3037,3037,Debit Card,Failed,21-08-2025
3038,3038,Credit Card,Failed,11-03-2024
3039,3039,Debit Card,Refunded,15-09-2024
3040,3040,Credit Card,Failed,11-04-2024
3041,3041,Debit Card,Failed,14-05-2025
3042,3042,COD,Paid,03-07-2025
3043,3043,Net Banking,Paid,12-03-2024
3044,3044,Net Banking,Refunded,18-06-2025
3045,3045,COD,Paid,06-04-2024
3046,3046,Net Banking,Paid,24-06-2025
3047,3047,Debit Card,Refunded,14-03-2025
3048,3048,UPI,Paid,04-04-2025
3049,3049,Debit Card,Failed,21-08-2024
3050,3050,UPI,Failed,05-05-2025
3051,3051,COD,Refunded,17-07-2024
3052,3052,Net Banking,Paid,27-11-2024
3053,3053,Debit Card,Refunded,27-01-2025
3054,3054,Debit Card,Paid,28-07-2025
3055,3055,Debit Card,Paid,19-07-2024
3056,3056,Net Banking,Failed,09-07-2024
3057,3057,Debit Card,Paid,15-02-2025
3058,3058,Credit Card,Paid,23-04-2025
3059,3059,Debit Card,Paid,17-09-2025
3060,3060,Net Banking,Failed,07-01-2025
3061,3061,Credit Card,Failed,27-12-2025
3062,3062,Credit Card,Paid,18-10-2024
3063,3063,Debit Card,Paid,25-06-2024
3064,3064,Credit Card,Paid,23-03-2025
3065,3065,Net Banking,Refunded,03-07-2025
3066,3066,Net Banking,Failed,15-08-2024
3067,3067,Credit Card,Paid,26-02-2025
3068,3068,Debit Card,Refunded,12-01-2024
3069,3069,Debit Card,Failed,25-03-2025
3070,3070,COD,Failed,05-05-2024
3071,3071,Credit Card,Refunded,12-02-2025
3072,3072,COD,Refunded,26-11-2024
3073,3073,Debit Card,Refunded,13-07-2024
3074,3074,Credit Card,Paid,19-01-2024
3075,3075,COD,Refunded,08-03-2024
3076,3076,Debit Card,Paid,18-08-2024
3077,3077,COD,Failed,23-09-2024
3078,3078,Net Banking,Refunded,07-04-2025
3079,3079,Net Banking,Refunded,16-09-2024
3080,3080,COD,Failed,02-03-2024
3081,3081,Debit Card,Refunded,29-06-2024
3082,3082,UPI,Paid,18-10-2025
3083,3083,COD,Failed,25-12-2025
3084,3084,UPI,Paid,05-01-2024
3085,3085,Debit Card,Failed,08-07-2025
3086,3086,Credit Card,Failed,06-12-2025
3087,3087,COD,Refunded,02-09-2025
3088,3088,UPI,Paid,02-07-2024
3089,3089,Credit Card,Paid,28-07-2024
3090,3090,UPI,Refunded,01-02-2024
3091,3091,COD,Refunded,15-05-2024
3092,3092,Net Banking,Paid,31-10-2024
3093,3093,UPI,Refunded,16-02-2024
3094,3094,COD,Refunded,19-06-2025
3095,3095,Net Banking,Paid,04-09-2025
3096,3096,Net Banking,Paid,28-09-2024
3097,3097,Net Banking,Failed,19-12-2024
3098,3098,UPI,Paid,28-07-2025
3099,3099,Net Banking,Refunded,22-01-2025
3100,3100,Debit Card,Failed,08-03-2025
3101,3101,Debit Card,Paid,28-12-2025
3102,3102,Credit Card,Failed,24-05-2025
3103,3103,Debit Card,Failed,22-07-2024
3104,3104,UPI,Failed,15-05-2024
3105,3105,COD,Failed,14-05-2025
3106,3106,Net Banking,Refunded,10-04-2025
3107,3107,Debit Card,Paid,05-08-2025
3108,3108,COD,Paid,13-07-2024
3109,3109,Credit Card,Paid,12-08-2025
3110,3110,Credit Card,Refunded,14-09-2024
3111,3111,Credit Card,Refunded,14-04-2025
3112,3112,Debit Card,Failed,25-01-2024
3113,3113,Net Banking,Failed,29-12-2025
3114,3114,Credit Card,Refunded,19-08-2025
3115,3115,COD,Paid,30-03-2024
3116,3116,Credit Card,Refunded,03-02-2025
3117,3117,Net Banking,Paid,15-10-2025
3118,3118,Credit Card,Paid,03-05-2024
3119,3119,UPI,Failed,21-07-2025
3120,3120,UPI,Refunded,23-04-2025
3121,3121,Credit Card,Paid,11-06-2025
3122,3122,Debit Card,Paid,01-05-2025
3123,3123,Debit Card,Failed,19-07-2025
3124,3124,UPI,Failed,07-06-2025
3125,3125,Credit Card,Paid,10-02-2025
3126,3126,Credit Card,Refunded,15-04-2025
3127,3127,Credit Card,Refunded,25-12-2024
3128,3128,Credit Card,Paid,31-05-2024
3129,3129,Debit Card,Paid,02-07-2025
3130,3130,Debit Card,Failed,08-08-2024
3131,3131,UPI,Refunded,10-07-2025
3132,3132,Credit Card,Refunded,04-03-2024
3133,3133,Net Banking,Failed,13-03-2024
3134,3134,COD,Refunded,18-10-2025
3135,3135,COD,Refunded,22-05-2024
3136,3136,Debit Card,Refunded,07-08-2025
3137,3137,Net Banking,Paid,29-03-2025
3138,3138,Debit Card,Failed,23-01-2024
3139,3139,Credit Card,Failed,11-10-2025
3140,3140,UPI,Failed,03-11-2024
3141,3141,UPI,Failed,15-06-2024
3142,3142,Credit Card,Failed,26-01-2025
3143,3143,Credit Card,Refunded,02-07-2025
3144,3144,Credit Card,Paid,01-09-2025
3145,3145,UPI,Paid,08-05-2024
3146,3146,COD,Failed,09-06-2025
3147,3147,COD,Refunded,11-08-2024
3148,3148,Net Banking,Refunded,01-09-2025
3149,3149,Debit Card,Failed,09-11-2024
3150,3150,UPI,Refunded,14-04-2025
3151,3151,Net Banking,Refunded,04-08-2025
3152,3152,UPI,Failed,13-04-2025
3153,3153,Debit Card,Paid,11-12-2024
3154,3154,Debit Card,Refunded,04-01-2025
3155,3155,Debit Card,Paid,04-05-2025
3156,3156,COD,Refunded,20-08-2024
3157,3157,Net Banking,Failed,13-10-2025
3158,3158,Debit Card,Paid,26-03-2024
3159,3159,COD,Refunded,11-11-2025
3160,3160,COD,Refunded,23-09-2024
3161,3161,Net Banking,Failed,22-06-2025
3162,3162,Net Banking,Paid,25-03-2025
3163,3163,UPI,Paid,14-10-2025
3164,3164,Debit Card,Failed,05-12-2024
3165,3165,UPI,Failed,25-07-2025
3166,3166,UPI,Failed,18-06-2024
3167,3167,Debit Card,Refunded,13-08-2024
3168,3168,UPI,Refunded,19-01-2025
3169,3169,UPI,Failed,27-07-2025
3170,3170,Credit Card,Paid,10-08-2025
3171,3171,UPI,Refunded,14-07-2024
3172,3172,Debit Card,Refunded,05-08-2025
3173,3173,COD,Failed,26-08-2024
3174,3174,Net Banking,Refunded,17-05-2025
3175,3175,Credit Card,Paid,24-04-2024
3176,3176,Net Banking,Paid,17-11-2024
3177,3177,UPI,Failed,17-05-2025
3178,3178,UPI,Paid,27-10-2024
3179,3179,COD,Paid,02-04-2025
3180,3180,Net Banking,Refunded,15-10-2024
3181,3181,Credit Card,Failed,13-09-2024
3182,3182,UPI,Refunded,10-04-2025
3183,3183,Net Banking,Paid,04-12-2025
3184,3184,UPI,Paid,12-10-2025
3185,3185,Debit Card,Refunded,02-02-2024
3186,3186,Debit Card,Failed,07-02-2024
3187,3187,Net Banking,Paid,02-06-2024
3188,3188,COD,Paid,10-07-2025
3189,3189,Debit Card,Refunded,06-05-2025
3190,3190,Net Banking,Paid,22-02-2024
3191,3191,Net Banking,Failed,28-01-2025
3192,3192,Credit Card,Failed,26-06-2024
3193,3193,Net Banking,Paid,30-07-2025
3194,3194,Net Banking,Paid,16-10-2025
3195,3195,Net Banking,Refunded,22-05-2025
3196,3196,Debit Card,Failed,02-03-2025
3197,3197,Credit Card,Failed,17-11-2024
3198,3198,UPI,Paid,14-09-2024
3199,3199,Debit Card,Refunded,04-04-2024
3200,3200,Net Banking,Refunded,08-05-2024
3201,3201,COD,Paid,22-11-2025
3202,3202,Debit Card,Paid,04-04-2024
3203,3203,UPI,Refunded,21-11-2025
3204,3204,COD,Failed,29-04-2025
3205,3205,UPI,Refunded,08-07-2024
3206,3206,Net Banking,Refunded,20-06-2025
3207,3207,Debit Card,Refunded,21-04-2025
3208,3208,UPI,Failed,24-06-2025
3209,3209,Net Banking,Paid,15-03-2025
3210,3210,Net Banking,Failed,02-09-2024
3211,3211,COD,Failed,17-11-2024
3212,3212,Credit Card,Failed,12-12-2024
3213,3213,COD,Paid,02-01-2025
3214,3214,Net Banking,Paid,28-09-2025
3215,3215,Credit Card,Paid,09-07-2024
3216,3216,Net Banking,Failed,31-01-2024
3217,3217,Net Banking,Paid,08-04-2025
3218,3218,UPI,Failed,24-01-2025
3219,3219,Credit Card,Refunded,08-02-2024
3220,3220,Debit Card,Paid,02-09-2025
3221,3221,UPI,Failed,04-08-2025
3222,3222,Net Banking,Refunded,22-07-2024
3223,3223,UPI,Failed,06-06-2024
3224,3224,Debit Card,Paid,05-04-2024
3225,3225,Net Banking,Paid,11-06-2024
3226,3226,Net Banking,Paid,23-07-2024
3227,3227,Debit Card,Refunded,07-05-2025
3228,3228,Debit Card,Failed,13-01-2025
3229,3229,UPI,Refunded,01-08-2024
3230,3230,Credit Card,Failed,18-12-2025
3231,3231,COD,Paid,01-03-2024
3232,3232,Debit Card,Failed,03-08-2025
3233,3233,UPI,Paid,04-04-2024
3234,3234,COD,Refunded,19-05-2025
3235,3235,Net Banking,Paid,03-03-2024
3236,3236,COD,Refunded,18-07-2025
3237,3237,UPI,Failed,12-01-2025
3238,3238,UPI,Failed,04-02-2024
3239,3239,Net Banking,Failed,15-07-2025
3240,3240,Debit Card,Refunded,15-05-2024
3241,3241,UPI,Failed,14-07-2025
3242,3242,Debit Card,Refunded,08-11-2024
3243,3243,UPI,Refunded,04-03-2024
3244,3244,COD,Refunded,16-09-2024
3245,3245,UPI,Refunded,19-04-2024
3246,3246,Credit Card,Refunded,28-03-2025
3247,3247,COD,Refunded,19-08-2025
3248,3248,Credit Card,Refunded,29-08-2024
3249,3249,UPI,Refunded,09-07-2025
3250,3250,Credit Card,Paid,10-05-2025
3251,3251,COD,Refunded,25-07-2025
3252,3252,Debit Card,Failed,15-01-2024
3253,3253,Net Banking,Failed,24-07-2024
3254,3254,Debit Card,Paid,26-12-2024
3255,3255,Credit Card,Refunded,14-12-2025
3256,3256,Net Banking,Failed,05-12-2024
3257,3257,Credit Card,Failed,07-03-2024
3258,3258,UPI,Paid,22-05-2025
3259,3259,Debit Card,Paid,27-11-2024
3260,3260,Debit Card,Failed,29-06-2024
3261,3261,COD,Failed,19-09-2025
3262,3262,Net Banking,Failed,15-01-2025
3263,3263,Debit Card,Failed,30-03-2024
3264,3264,Debit Card,Refunded,22-03-2025
3265,3265,UPI,Failed,21-11-2025
3266,3266,Credit Card,Failed,17-08-2024
3267,3267,COD,Failed,20-10-2024
3268,3268,UPI,Paid,29-10-2024
3269,3269,UPI,Paid,09-03-2024
3270,3270,Debit Card,Paid,14-12-2025
3271,3271,Credit Card,Failed,27-01-2024
3272,3272,Net Banking,Failed,26-06-2025
3273,3273,Net Banking,Refunded,30-08-2024
3274,3274,Net Banking,Paid,26-02-2024
3275,3275,Net Banking,Paid,13-06-2024
3276,3276,UPI,Refunded,19-01-2024
3277,3277,COD,Paid,30-01-2025
3278,3278,UPI,Paid,06-03-2024
3279,3279,Net Banking,Failed,26-05-2024
3280,3280,Debit Card,Failed,24-07-2025
3281,3281,COD,Paid,09-11-2025
3282,3282,Credit Card,Refunded,05-03-2024
3283,3283,Credit Card,Failed,03-06-2025
3284,3284,Net Banking,Paid,09-08-2025
3285,3285,Credit Card,Failed,29-01-2024
3286,3286,UPI,Paid,29-12-2025
3287,3287,Debit Card,Refunded,05-08-2025
3288,3288,Credit Card,Paid,05-04-2024
3289,3289,Net Banking,Paid,28-01-2025
3290,3290,Debit Card,Paid,02-06-2024
3291,3291,UPI,Refunded,02-10-2025
3292,3292,COD,Failed,03-10-2024
3293,3293,Credit Card,Failed,23-02-2024
3294,3294,UPI,Failed,04-04-2024
3295,3295,Net Banking,Failed,22-07-2024
3296,3296,Net Banking,Failed,06-09-2024
3297,3297,COD,Paid,28-06-2024
3298,3298,Net Banking,Paid,17-12-2024
3299,3299,Net Banking,Refunded,13-05-2024
3300,3300,Debit Card,Refunded,10-06-2025
3301,3301,Net Banking,Refunded,11-04-2025
3302,3302,Debit Card,Failed,04-10-2024
3303,3303,UPI,Failed,07-10-2025
3304,3304,COD,Refunded,21-04-2024
3305,3305,Debit Card,Refunded,08-03-2025
3306,3306,UPI,Paid,05-03-2024
3307,3307,UPI,Failed,02-10-2024
3308,3308,Net Banking,Failed,28-10-2024
3309,3309,Debit Card,Paid,27-04-2024
3310,3310,Credit Card,Paid,02-02-2025
3311,3311,COD,Paid,07-04-2024
3312,3312,COD,Paid,09-10-2025
3313,3313,Credit Card,Failed,11-04-2024
3314,3314,UPI,Failed,08-02-2025
3315,3315,COD,Paid,15-05-2025
3316,3316,Credit Card,Refunded,31-10-2024
3317,3317,Credit Card,Paid,30-05-2025
3318,3318,Credit Card,Refunded,19-10-2025
3319,3319,UPI,Refunded,05-07-2025
3320,3320,Credit Card,Failed,04-09-2024
3321,3321,UPI,Failed,19-01-2025
3322,3322,Credit Card,Failed,04-01-2025
3323,3323,Debit Card,Refunded,24-10-2024
3324,3324,Credit Card,Failed,29-03-2025
3325,3325,COD,Refunded,04-01-2024
3326,3326,Credit Card,Failed,29-03-2024
3327,3327,Debit Card,Refunded,25-04-2025
3328,3328,Debit Card,Failed,21-06-2024
3329,3329,UPI,Failed,05-01-2024
3330,3330,Credit Card,Failed,20-09-2024
3331,3331,UPI,Paid,28-11-2024
3332,3332,Net Banking,Failed,22-06-2025
3333,3333,COD,Refunded,20-02-2024
3334,3334,COD,Paid,10-08-2025
3335,3335,Net Banking,Failed,13-01-2024
3336,3336,COD,Failed,20-03-2024
3337,3337,Net Banking,Failed,05-12-2025
3338,3338,Net Banking,Refunded,05-11-2025
3339,3339,Debit Card,Failed,08-01-2025
3340,3340,Net Banking,Failed,20-09-2025
3341,3341,COD,Failed,16-08-2024
3342,3342,Credit Card,Failed,07-08-2025
3343,3343,Net Banking,Refunded,08-10-2025
3344,3344,UPI,Failed,27-11-2024
3345,3345,Net Banking,Paid,30-09-2025
3346,3346,COD,Refunded,22-09-2024
3347,3347,Debit Card,Paid,08-04-2024
3348,3348,Net Banking,Refunded,09-11-2025
3349,3349,Net Banking,Refunded,27-05-2024
3350,3350,COD,Refunded,24-07-2024
3351,3351,Debit Card,Paid,12-08-2025
3352,3352,UPI,Paid,10-02-2024
3353,3353,UPI,Refunded,07-12-2025
3354,3354,Debit Card,Refunded,16-05-2025
3355,3355,UPI,Paid,23-04-2025
3356,3356,Credit Card,Refunded,15-05-2024
3357,3357,Debit Card,Failed,16-05-2025
3358,3358,COD,Failed,23-06-2024
3359,3359,UPI,Refunded,29-09-2025
3360,3360,COD,Paid,13-10-2024
3361,3361,Net Banking,Failed,27-02-2025
3362,3362,Credit Card,Refunded,05-06-2024
3363,3363,Credit Card,Refunded,18-02-2025
3364,3364,Credit Card,Refunded,12-09-2024
3365,3365,Debit Card,Refunded,13-05-2025
3366,3366,Credit Card,Failed,04-01-2024
3367,3367,COD,Refunded,19-05-2024
3368,3368,Credit Card,Refunded,10-06-2024
3369,3369,Credit Card,Failed,25-01-2025
3370,3370,UPI,Refunded,15-12-2025
3371,3371,UPI,Paid,03-08-2024
3372,3372,Credit Card,Refunded,13-04-2024
3373,3373,Debit Card,Failed,18-11-2025
3374,3374,Debit Card,Failed,18-11-2025
3375,3375,Credit Card,Refunded,19-08-2025
3376,3376,Credit Card,Failed,20-11-2024
3377,3377,Debit Card,Refunded,11-08-2025
3378,3378,Debit Card,Failed,26-01-2025
3379,3379,Credit Card,Paid,13-09-2025
3380,3380,Debit Card,Failed,02-03-2025
3381,3381,Debit Card,Failed,03-07-2025
3382,3382,UPI,Paid,28-05-2025
3383,3383,UPI,Refunded,06-06-2024
3384,3384,Debit Card,Paid,07-05-2025
3385,3385,Credit Card,Failed,29-09-2024
3386,3386,UPI,Paid,21-06-2025
3387,3387,Credit Card,Failed,09-11-2025
3388,3388,COD,Refunded,21-01-2025
3389,3389,COD,Failed,19-02-2024
3390,3390,COD,Failed,19-06-2025
3391,3391,COD,Failed,02-06-2024
3392,3392,UPI,Paid,30-06-2024
3393,3393,Credit Card,Failed,02-05-2025
3394,3394,Credit Card,Refunded,12-10-2024
3395,3395,UPI,Failed,12-06-2025
3396,3396,Credit Card,Refunded,10-03-2025
3397,3397,UPI,Refunded,24-05-2025
3398,3398,Debit Card,Refunded,07-07-2024
3399,3399,Debit Card,Failed,08-08-2025
3400,3400,Credit Card,Failed,21-03-2025
3401,3401,Net Banking,Failed,02-01-2024
3402,3402,Net Banking,Failed,17-09-2024
3403,3403,Credit Card,Failed,29-01-2025
3404,3404,Net Banking,Paid,23-10-2025
3405,3405,Credit Card,Refunded,14-04-2024
3406,3406,UPI,Paid,05-04-2025
3407,3407,UPI,Paid,21-09-2025
3408,3408,Net Banking,Refunded,11-08-2024
3409,3409,COD,Refunded,02-08-2024
3410,3410,Credit Card,Failed,12-10-2024
3411,3411,Debit Card,Refunded,15-06-2025
3412,3412,Net Banking,Failed,30-09-2024
3413,3413,Debit Card,Failed,27-09-2025
3414,3414,Debit Card,Failed,16-07-2024
3415,3415,UPI,Refunded,22-12-2024
3416,3416,Credit Card,Failed,28-02-2025
3417,3417,Net Banking,Refunded,18-03-2024
3418,3418,UPI,Refunded,27-02-2024
3419,3419,Credit Card,Paid,18-08-2025
3420,3420,Debit Card,Paid,17-07-2025
3421,3421,Net Banking,Refunded,20-04-2024
3422,3422,COD,Failed,19-05-2025
3423,3423,Net Banking,Paid,10-06-2025
3424,3424,UPI,Failed,25-08-2025
3425,3425,Debit Card,Failed,06-12-2025
3426,3426,COD,Refunded,22-06-2025
3427,3427,Net Banking,Failed,31-01-2025
3428,3428,Credit Card,Failed,21-07-2025
3429,3429,COD,Paid,05-04-2024
3430,3430,Net Banking,Failed,11-02-2025
3431,3431,COD,Failed,09-10-2025
3432,3432,Net Banking,Failed,30-10-2025
3433,3433,Credit Card,Refunded,20-11-2024
3434,3434,Credit Card,Failed,11-04-2024
3435,3435,Net Banking,Paid,24-02-2025
3436,3436,Net Banking,Failed,04-04-2024
3437,3437,Net Banking,Refunded,06-01-2024
3438,3438,Debit Card,Refunded,13-06-2025
3439,3439,Net Banking,Failed,16-06-2024
3440,3440,Net Banking,Failed,15-12-2025
3441,3441,COD,Failed,03-04-2024
3442,3442,Debit Card,Failed,09-04-2025
3443,3443,COD,Failed,12-03-2024
3444,3444,Credit Card,Failed,18-05-2025
3445,3445,COD,Refunded,27-10-2024
3446,3446,UPI,Failed,06-01-2025
3447,3447,Credit Card,Refunded,24-07-2024
3448,3448,UPI,Paid,13-11-2024
3449,3449,COD,Paid,06-07-2025
3450,3450,Debit Card,Refunded,10-05-2025
3451,3451,UPI,Paid,05-03-2024
3452,3452,Credit Card,Failed,16-09-2025
3453,3453,COD,Failed,03-05-2024
3454,3454,Net Banking,Failed,07-12-2025
3455,3455,UPI,Paid,12-03-2024
3456,3456,Debit Card,Refunded,01-10-2024
3457,3457,UPI,Paid,11-06-2025
3458,3458,Credit Card,Failed,23-10-2024
3459,3459,Credit Card,Refunded,16-07-2025
3460,3460,Credit Card,Paid,08-08-2024
3461,3461,UPI,Paid,04-12-2024
3462,3462,Net Banking,Refunded,16-08-2025
3463,3463,UPI,Paid,29-03-2024
3464,3464,Credit Card,Paid,06-05-2024
3465,3465,Net Banking,Paid,20-05-2025
3466,3466,Net Banking,Paid,19-03-2024
3467,3467,Net Banking,Paid,29-07-2024
3468,3468,COD,Failed,08-01-2025
3469,3469,Net Banking,Refunded,05-09-2024
3470,3470,UPI,Paid,22-07-2025
3471,3471,Credit Card,Paid,28-02-2025
3472,3472,Net Banking,Refunded,19-06-2024
3473,3473,Debit Card,Paid,14-12-2025
3474,3474,UPI,Refunded,30-11-2025
3475,3475,Debit Card,Refunded,06-06-2024
3476,3476,UPI,Refunded,27-03-2025
3477,3477,Net Banking,Failed,23-11-2024
3478,3478,Net Banking,Paid,18-05-2025
3479,3479,Debit Card,Failed,15-11-2024
3480,3480,UPI,Refunded,28-06-2025
3481,3481,COD,Failed,29-11-2024
3482,3482,Credit Card,Failed,26-12-2024
3483,3483,Debit Card,Paid,14-09-2025
3484,3484,COD,Refunded,30-11-2025
3485,3485,COD,Paid,29-03-2025
3486,3486,Credit Card,Paid,21-02-2025
3487,3487,Credit Card,Failed,14-03-2024
3488,3488,Credit Card,Failed,09-02-2024
3489,3489,UPI,Refunded,19-11-2025
3490,3490,Debit Card,Paid,04-01-2025
3491,3491,COD,Failed,07-05-2025
3492,3492,Net Banking,Failed,26-09-2024
3493,3493,Net Banking,Paid,24-05-2024
3494,3494,COD,Failed,08-09-2025
3495,3495,Net Banking,Paid,27-05-2024
3496,3496,COD,Paid,01-05-2024
3497,3497,Debit Card,Refunded,07-10-2025
3498,3498,Net Banking,Refunded,21-02-2024
3499,3499,Net Banking,Paid,16-03-2025
3500,3500,Credit Card,Refunded,14-05-2024
3501,3501,Credit Card,Failed,26-09-2025
3502,3502,Net Banking,Paid,07-02-2024
3503,3503,Credit Card,Failed,05-10-2024
3504,3504,UPI,Failed,01-06-2025
3505,3505,Net Banking,Failed,26-11-2024
3506,3506,Net Banking,Paid,28-11-2025
3507,3507,Credit Card,Failed,31-10-2025
3508,3508,Debit Card,Refunded,23-10-2025
3509,3509,COD,Paid,28-07-2024
3510,3510,UPI,Failed,05-08-2025
3511,3511,COD,Failed,02-08-2025
3512,3512,Credit Card,Refunded,18-03-2025
3513,3513,Debit Card,Refunded,08-02-2024
3514,3514,Credit Card,Failed,25-02-2024
3515,3515,COD,Paid,05-04-2025
3516,3516,Debit Card,Refunded,09-02-2025
3517,3517,COD,Refunded,14-08-2025
3518,3518,Net Banking,Failed,08-05-2025
3519,3519,COD,Refunded,07-08-2024
3520,3520,COD,Paid,12-08-2025
3521,3521,Debit Card,Refunded,25-02-2024
3522,3522,Credit Card,Refunded,20-03-2024
3523,3523,Credit Card,Refunded,31-07-2024
3524,3524,Credit Card,Paid,29-02-2024
3525,3525,COD,Failed,24-02-2024
3526,3526,UPI,Refunded,04-08-2025
3527,3527,Credit Card,Refunded,13-10-2025
3528,3528,Net Banking,Refunded,08-06-2025
3529,3529,Debit Card,Refunded,09-07-2025
3530,3530,Net Banking,Failed,15-04-2025
3531,3531,UPI,Failed,04-07-2025
3532,3532,Credit Card,Paid,20-02-2025
3533,3533,COD,Failed,29-04-2025
3534,3534,Debit Card,Refunded,04-12-2025
3535,3535,COD,Refunded,16-11-2025
3536,3536,UPI,Failed,05-05-2024
3537,3537,Debit Card,Paid,14-07-2024
3538,3538,Debit Card,Paid,31-07-2025
3539,3539,COD,Paid,22-04-2024
3540,3540,UPI,Failed,23-08-2024
3541,3541,COD,Refunded,25-11-2024
3542,3542,COD,Failed,28-12-2024
3543,3543,Debit Card,Refunded,13-03-2025
3544,3544,COD,Refunded,26-09-2024
3545,3545,Debit Card,Paid,10-11-2025
3546,3546,Debit Card,Failed,21-08-2025
3547,3547,Credit Card,Refunded,23-05-2025
3548,3548,Net Banking,Failed,09-04-2024
3549,3549,Debit Card,Refunded,02-04-2024
3550,3550,COD,Paid,30-03-2025
3551,3551,Credit Card,Failed,07-05-2025
3552,3552,Debit Card,Failed,30-03-2025
3553,3553,Debit Card,Paid,24-05-2024
3554,3554,Debit Card,Failed,18-06-2024
3555,3555,COD,Paid,16-01-2024
3556,3556,Net Banking,Failed,30-10-2024
3557,3557,Net Banking,Failed,23-04-2024
3558,3558,COD,Paid,26-06-2025
3559,3559,COD,Paid,27-09-2025
3560,3560,Net Banking,Refunded,02-07-2024
3561,3561,Debit Card,Refunded,04-07-2025
3562,3562,UPI,Paid,17-01-2024
3563,3563,Credit Card,Paid,28-01-2024
3564,3564,COD,Failed,30-09-2025
3565,3565,Debit Card,Refunded,10-01-2024
3566,3566,COD,Refunded,27-10-2024
3567,3567,Credit Card,Failed,06-02-2025
3568,3568,Net Banking,Paid,18-12-2024
3569,3569,Credit Card,Refunded,24-01-2025
3570,3570,Net Banking,Paid,10-01-2024
3571,3571,Net Banking,Refunded,30-01-2024
3572,3572,COD,Failed,07-08-2024
3573,3573,Credit Card,Failed,27-11-2024
3574,3574,Net Banking,Refunded,15-09-2024
3575,3575,COD,Refunded,10-08-2025
3576,3576,Credit Card,Refunded,20-05-2025
3577,3577,Debit Card,Refunded,03-03-2024
3578,3578,Net Banking,Paid,26-12-2024
3579,3579,COD,Refunded,16-12-2025
3580,3580,Debit Card,Refunded,22-11-2025
3581,3581,Credit Card,Refunded,26-01-2024
3582,3582,Credit Card,Failed,29-05-2025
3583,3583,Debit Card,Paid,17-02-2024
3584,3584,UPI,Paid,29-10-2024
3585,3585,UPI,Refunded,10-06-2024
3586,3586,Debit Card,Paid,13-11-2025
3587,3587,Net Banking,Paid,08-09-2025
3588,3588,COD,Paid,25-04-2024
3589,3589,Credit Card,Failed,04-06-2024
3590,3590,UPI,Failed,08-01-2024
3591,3591,Credit Card,Failed,13-11-2025
3592,3592,COD,Refunded,27-10-2025
3593,3593,COD,Paid,21-12-2025
3594,3594,Net Banking,Failed,03-09-2025
3595,3595,UPI,Failed,02-02-2024
3596,3596,UPI,Refunded,30-12-2024
3597,3597,Net Banking,Failed,26-01-2025
3598,3598,COD,Paid,02-12-2024
3599,3599,UPI,Refunded,29-02-2024
3600,3600,UPI,Failed,28-09-2024
3601,3601,UPI,Refunded,11-06-2025
3602,3602,Credit Card,Refunded,18-09-2025
3603,3603,Credit Card,Paid,13-09-2024
3604,3604,Debit Card,Failed,13-02-2025
3605,3605,COD,Failed,01-09-2025
3606,3606,Net Banking,Refunded,20-02-2025
3607,3607,UPI,Paid,01-05-2024
3608,3608,Debit Card,Refunded,07-08-2025
3609,3609,UPI,Paid,18-01-2025
3610,3610,Net Banking,Paid,18-09-2024
3611,3611,Net Banking,Refunded,26-06-2024
3612,3612,Credit Card,Refunded,16-02-2024
3613,3613,COD,Failed,19-07-2024
3614,3614,Net Banking,Paid,05-07-2025
3615,3615,COD,Refunded,16-09-2025
3616,3616,Net Banking,Paid,20-06-2024
3617,3617,Credit Card,Paid,01-09-2025
3618,3618,Net Banking,Paid,28-03-2025
3619,3619,UPI,Failed,26-11-2025
3620,3620,Debit Card,Refunded,26-08-2025
3621,3621,Credit Card,Paid,28-03-2025
3622,3622,Credit Card,Refunded,16-11-2024
3623,3623,Debit Card,Failed,18-03-2024
3624,3624,Debit Card,Refunded,04-08-2024
3625,3625,COD,Refunded,15-08-2024
3626,3626,UPI,Paid,04-02-2024
3627,3627,UPI,Paid,03-03-2025
3628,3628,Credit Card,Refunded,22-01-2025
3629,3629,Net Banking,Paid,28-04-2025
3630,3630,Credit Card,Paid,23-02-2025
3631,3631,Credit Card,Failed,27-03-2024
3632,3632,Credit Card,Paid,19-12-2024
3633,3633,Debit Card,Failed,25-05-2025
3634,3634,Credit Card,Failed,13-08-2024
3635,3635,UPI,Paid,23-05-2024
3636,3636,Net Banking,Refunded,06-07-2025
3637,3637,COD,Refunded,25-07-2025
3638,3638,UPI,Failed,23-06-2025
3639,3639,Net Banking,Failed,19-04-2025
3640,3640,Debit Card,Refunded,20-05-2024
3641,3641,COD,Failed,17-11-2024
3642,3642,UPI,Paid,24-07-2024
3643,3643,COD,Failed,21-11-2025
3644,3644,COD,Refunded,11-07-2025
3645,3645,Debit Card,Paid,31-05-2025
3646,3646,Credit Card,Failed,06-09-2024
3647,3647,COD,Paid,27-01-2024
3648,3648,Credit Card,Failed,26-10-2025
3649,3649,Net Banking,Failed,06-08-2024
3650,3650,COD,Failed,12-08-2025
3651,3651,UPI,Paid,12-10-2024
3652,3652,COD,Failed,14-11-2024
3653,3653,UPI,Paid,30-03-2025
3654,3654,UPI,Failed,19-12-2024
3655,3655,Debit Card,Paid,28-04-2025
3656,3656,Credit Card,Refunded,21-09-2024
3657,3657,Net Banking,Failed,05-12-2024
3658,3658,Net Banking,Paid,04-08-2025
3659,3659,Credit Card,Paid,23-10-2025
3660,3660,Debit Card,Refunded,07-11-2025
3661,3661,Debit Card,Paid,25-11-2024
3662,3662,Debit Card,Failed,22-11-2025
3663,3663,Credit Card,Refunded,10-03-2025
3664,3664,UPI,Refunded,13-10-2025
3665,3665,Debit Card,Paid,29-05-2024
3666,3666,UPI,Paid,07-08-2025
3667,3667,Net Banking,Refunded,02-02-2024
3668,3668,COD,Refunded,21-11-2025
3669,3669,Net Banking,Refunded,11-08-2024
3670,3670,Credit Card,Failed,04-07-2025
3671,3671,Credit Card,Failed,10-12-2025
3672,3672,UPI,Paid,06-02-2025
3673,3673,UPI,Paid,30-08-2025
3674,3674,Debit Card,Refunded,04-12-2024
3675,3675,Debit Card,Failed,05-07-2025
3676,3676,COD,Failed,31-07-2024
3677,3677,COD,Failed,11-04-2025
3678,3678,Debit Card,Failed,06-03-2024
3679,3679,Credit Card,Refunded,05-04-2025
3680,3680,Net Banking,Failed,22-06-2024
3681,3681,UPI,Failed,24-06-2024
3682,3682,Debit Card,Paid,31-01-2024
3683,3683,COD,Refunded,25-08-2024
3684,3684,COD,Refunded,11-07-2024
3685,3685,UPI,Failed,22-11-2025
3686,3686,Net Banking,Refunded,22-02-2025
3687,3687,Debit Card,Failed,16-06-2024
3688,3688,Net Banking,Paid,31-08-2024
3689,3689,UPI,Refunded,23-06-2025
3690,3690,Debit Card,Paid,06-04-2024
3691,3691,Net Banking,Failed,17-05-2025
3692,3692,COD,Refunded,15-05-2025
3693,3693,COD,Paid,08-05-2024
3694,3694,Net Banking,Refunded,21-04-2025
3695,3695,Debit Card,Paid,18-08-2025
3696,3696,Credit Card,Refunded,04-01-2025
3697,3697,Net Banking,Refunded,28-06-2025
3698,3698,Net Banking,Failed,01-06-2025
3699,3699,UPI,Paid,11-09-2025
3700,3700,Debit Card,Refunded,24-12-2025
3701,3701,UPI,Paid,08-03-2025
3702,3702,Debit Card,Paid,11-06-2025
3703,3703,COD,Refunded,06-10-2025
3704,3704,Debit Card,Refunded,30-05-2025
3705,3705,Debit Card,Paid,25-02-2025
3706,3706,Debit Card,Refunded,23-11-2025
3707,3707,Credit Card,Refunded,19-04-2025
3708,3708,COD,Paid,14-08-2024
3709,3709,Credit Card,Failed,11-03-2024
3710,3710,Credit Card,Failed,19-11-2025
3711,3711,COD,Failed,15-11-2025
3712,3712,COD,Failed,22-03-2025
3713,3713,Net Banking,Paid,05-02-2024
3714,3714,Net Banking,Refunded,30-07-2024
3715,3715,Credit Card,Refunded,28-01-2024
3716,3716,Net Banking,Paid,18-07-2024
3717,3717,Debit Card,Failed,16-09-2025
3718,3718,Net Banking,Failed,26-09-2024
3719,3719,Net Banking,Failed,18-03-2025
3720,3720,Net Banking,Failed,22-11-2024
3721,3721,Net Banking,Paid,29-09-2024
3722,3722,UPI,Paid,13-06-2025
3723,3723,Debit Card,Failed,21-03-2024
3724,3724,Credit Card,Failed,07-08-2024
3725,3725,UPI,Refunded,01-11-2024
3726,3726,Net Banking,Paid,14-11-2025
3727,3727,Net Banking,Paid,20-05-2024
3728,3728,COD,Refunded,04-01-2024
3729,3729,Credit Card,Refunded,14-05-2025
3730,3730,Debit Card,Failed,22-06-2024
3731,3731,Net Banking,Paid,03-07-2025
3732,3732,Debit Card,Paid,31-05-2025
3733,3733,Net Banking,Refunded,25-08-2025
3734,3734,Credit Card,Refunded,12-02-2024
3735,3735,Credit Card,Refunded,08-11-2025
3736,3736,Net Banking,Paid,27-03-2025
3737,3737,Credit Card,Failed,07-03-2024
3738,3738,COD,Refunded,13-12-2025
3739,3739,Net Banking,Paid,19-12-2025
3740,3740,Debit Card,Refunded,09-05-2024
3741,3741,Net Banking,Failed,07-10-2025
3742,3742,Credit Card,Paid,17-07-2025
3743,3743,Debit Card,Failed,02-12-2024
3744,3744,Net Banking,Refunded,25-07-2025
3745,3745,COD,Paid,21-05-2024
3746,3746,COD,Refunded,16-06-2024
3747,3747,Net Banking,Failed,19-12-2024
3748,3748,Credit Card,Failed,16-11-2024
3749,3749,Debit Card,Refunded,18-07-2024
3750,3750,UPI,Failed,23-04-2025
3751,3751,Net Banking,Failed,19-08-2024
3752,3752,Debit Card,Paid,30-03-2025
3753,3753,COD,Paid,03-10-2025
3754,3754,Debit Card,Failed,20-12-2025
3755,3755,Credit Card,Failed,15-05-2024
3756,3756,Credit Card,Refunded,06-05-2025
3757,3757,Credit Card,Paid,30-06-2025
3758,3758,UPI,Failed,06-03-2024
3759,3759,Net Banking,Paid,10-07-2024
3760,3760,Credit Card,Paid,05-11-2025
3761,3761,COD,Paid,05-01-2025
3762,3762,Credit Card,Failed,14-05-2025
3763,3763,UPI,Failed,20-03-2025
3764,3764,Credit Card,Failed,24-04-2024
3765,3765,UPI,Paid,05-08-2024
3766,3766,COD,Paid,17-05-2025
3767,3767,UPI,Refunded,14-05-2025
3768,3768,UPI,Paid,28-11-2024
3769,3769,Debit Card,Paid,28-12-2025
3770,3770,Net Banking,Failed,22-09-2024
3771,3771,COD,Refunded,16-08-2025
3772,3772,COD,Failed,11-08-2025
3773,3773,COD,Failed,24-03-2024
3774,3774,COD,Failed,11-06-2024
3775,3775,UPI,Refunded,23-10-2025
3776,3776,COD,Paid,04-07-2024
3777,3777,COD,Refunded,17-10-2025
3778,3778,Debit Card,Failed,28-03-2024
3779,3779,UPI,Refunded,31-12-2024
3780,3780,Credit Card,Refunded,12-08-2025
3781,3781,UPI,Refunded,19-02-2025
3782,3782,UPI,Paid,19-10-2025
3783,3783,COD,Failed,04-06-2025
3784,3784,COD,Failed,26-08-2025
3785,3785,Debit Card,Failed,25-01-2025
3786,3786,Net Banking,Failed,07-10-2024
3787,3787,Net Banking,Refunded,22-06-2024
3788,3788,Net Banking,Paid,12-09-2024
3789,3789,Net Banking,Refunded,09-04-2025
3790,3790,UPI,Paid,24-11-2025
3791,3791,Credit Card,Failed,11-10-2025
3792,3792,Debit Card,Refunded,06-08-2025
3793,3793,UPI,Paid,09-02-2025
3794,3794,COD,Paid,16-03-2024
3795,3795,Debit Card,Refunded,24-09-2024
3796,3796,Credit Card,Failed,11-07-2025
3797,3797,UPI,Refunded,09-04-2024
3798,3798,UPI,Failed,14-01-2025
3799,3799,Credit Card,Refunded,01-03-2025
3800,3800,Debit Card,Refunded,09-06-2024
3801,3801,Net Banking,Refunded,26-07-2025
3802,3802,COD,Failed,15-07-2025
3803,3803,Credit Card,Paid,07-09-2025
3804,3804,Credit Card,Failed,23-10-2025
3805,3805,Net Banking,Refunded,02-05-2025
3806,3806,Credit Card,Paid,17-09-2025
3807,3807,COD,Failed,04-01-2024
3808,3808,UPI,Refunded,24-06-2025
3809,3809,Net Banking,Failed,09-08-2025
3810,3810,Net Banking,Failed,29-04-2025
3811,3811,Net Banking,Failed,31-03-2025
3812,3812,COD,Failed,30-06-2024
3813,3813,Net Banking,Paid,12-09-2024
3814,3814,COD,Failed,30-11-2024
3815,3815,Credit Card,Failed,23-08-2024
3816,3816,Net Banking,Refunded,27-10-2024
3817,3817,Debit Card,Failed,03-12-2024
3818,3818,Net Banking,Failed,19-03-2024
3819,3819,Debit Card,Failed,05-12-2024
3820,3820,COD,Failed,10-01-2025
3821,3821,Credit Card,Paid,04-01-2024
3822,3822,Credit Card,Paid,11-07-2024
3823,3823,UPI,Refunded,10-09-2025
3824,3824,Credit Card,Refunded,12-12-2025
3825,3825,Credit Card,Paid,29-09-2025
3826,3826,Debit Card,Refunded,02-09-2024
3827,3827,Net Banking,Refunded,17-02-2024
3828,3828,Debit Card,Refunded,17-08-2025
3829,3829,COD,Failed,19-05-2025
3830,3830,Debit Card,Paid,24-10-2025
3831,3831,Debit Card,Refunded,18-10-2025
3832,3832,Net Banking,Paid,23-08-2024
3833,3833,COD,Paid,26-01-2024
3834,3834,Credit Card,Failed,30-07-2024
3835,3835,UPI,Paid,08-06-2024
3836,3836,Credit Card,Refunded,08-03-2025
3837,3837,Debit Card,Failed,21-10-2025
3838,3838,COD,Failed,23-01-2025
3839,3839,Credit Card,Paid,15-11-2025
3840,3840,Debit Card,Refunded,14-10-2025
3841,3841,COD,Failed,24-02-2024
3842,3842,UPI,Paid,11-12-2024
3843,3843,Net Banking,Failed,02-07-2025
3844,3844,Net Banking,Failed,16-04-2025
3845,3845,UPI,Paid,28-09-2025
3846,3846,Net Banking,Failed,30-07-2024
3847,3847,UPI,Failed,07-06-2024
3848,3848,Credit Card,Refunded,29-11-2024
3849,3849,UPI,Failed,23-06-2025
3850,3850,COD,Failed,01-03-2025
3851,3851,Debit Card,Failed,17-04-2024
3852,3852,Debit Card,Failed,25-07-2025
3853,3853,Debit Card,Paid,09-03-2024
3854,3854,UPI,Refunded,29-08-2025
3855,3855,COD,Paid,16-05-2025
3856,3856,Net Banking,Refunded,08-05-2024
3857,3857,Net Banking,Refunded,07-08-2025
3858,3858,Credit Card,Paid,27-08-2025
3859,3859,Credit Card,Paid,12-11-2025
3860,3860,Debit Card,Failed,04-01-2024
3861,3861,Credit Card,Failed,04-11-2025
3862,3862,COD,Refunded,04-05-2024
3863,3863,Debit Card,Paid,22-08-2024
3864,3864,Credit Card,Paid,25-04-2025
3865,3865,UPI,Paid,14-12-2025
3866,3866,Debit Card,Failed,19-01-2024
3867,3867,Credit Card,Failed,18-06-2025
3868,3868,Debit Card,Failed,14-01-2025
3869,3869,COD,Failed,13-05-2025
3870,3870,Net Banking,Refunded,12-09-2024
3871,3871,Credit Card,Failed,16-07-2024
3872,3872,COD,Refunded,12-03-2024
3873,3873,UPI,Failed,20-05-2025
3874,3874,Credit Card,Failed,02-07-2025
3875,3875,Debit Card,Paid,25-04-2025
3876,3876,COD,Paid,24-11-2024
3877,3877,COD,Refunded,24-05-2024
3878,3878,UPI,Paid,28-07-2024
3879,3879,Debit Card,Failed,17-09-2025
3880,3880,COD,Paid,01-02-2025
3881,3881,COD,Refunded,01-12-2025
3882,3882,Net Banking,Paid,26-09-2025
3883,3883,Debit Card,Paid,26-06-2025
3884,3884,Debit Card,Paid,09-04-2024
3885,3885,Debit Card,Paid,30-01-2024
3886,3886,Credit Card,Refunded,12-08-2025
3887,3887,COD,Paid,23-04-2025
3888,3888,Debit Card,Refunded,02-09-2024
3889,3889,UPI,Failed,28-10-2024
3890,3890,Credit Card,Failed,17-02-2025
3891,3891,Net Banking,Paid,09-10-2025
3892,3892,Credit Card,Paid,31-07-2024
3893,3893,Debit Card,Failed,09-07-2025
3894,3894,COD,Paid,20-10-2024
3895,3895,COD,Paid,10-10-2025
3896,3896,Net Banking,Paid,24-01-2025
3897,3897,COD,Refunded,06-10-2025
3898,3898,UPI,Paid,20-06-2025
3899,3899,Credit Card,Failed,29-05-2025
3900,3900,UPI,Failed,15-08-2025
3901,3901,Credit Card,Refunded,05-05-2025
3902,3902,Net Banking,Failed,07-07-2024
3903,3903,Credit Card,Failed,30-05-2024
3904,3904,Credit Card,Failed,20-09-2025
3905,3905,UPI,Failed,27-05-2024
3906,3906,Debit Card,Paid,25-09-2024
3907,3907,Debit Card,Refunded,05-03-2025
3908,3908,Net Banking,Failed,02-02-2025
3909,3909,Credit Card,Refunded,13-08-2024
3910,3910,COD,Paid,13-08-2024
3911,3911,Credit Card,Failed,08-01-2024
3912,3912,UPI,Refunded,31-07-2025
3913,3913,COD,Failed,22-08-2024
3914,3914,Credit Card,Failed,30-01-2024
3915,3915,Net Banking,Failed,21-01-2025
3916,3916,Credit Card,Failed,29-02-2024
3917,3917,COD,Failed,19-11-2024
3918,3918,COD,Refunded,10-10-2025
3919,3919,COD,Refunded,09-10-2024
3920,3920,Credit Card,Failed,20-03-2024
3921,3921,Credit Card,Paid,06-11-2025
3922,3922,COD,Refunded,27-11-2025
3923,3923,Debit Card,Paid,17-08-2025
3924,3924,Debit Card,Failed,21-01-2024
3925,3925,COD,Paid,17-05-2025
3926,3926,UPI,Paid,07-05-2024
3927,3927,Net Banking,Paid,02-11-2024
3928,3928,COD,Refunded,28-12-2025
3929,3929,Net Banking,Paid,03-10-2024
3930,3930,COD,Paid,14-02-2025
3931,3931,Debit Card,Paid,05-10-2025
3932,3932,COD,Failed,29-09-2024
3933,3933,Debit Card,Refunded,08-06-2025
3934,3934,COD,Refunded,24-10-2024
3935,3935,Credit Card,Paid,11-11-2024
3936,3936,Net Banking,Paid,18-03-2025
3937,3937,COD,Refunded,27-09-2024
3938,3938,UPI,Refunded,29-03-2025
3939,3939,Net Banking,Paid,20-07-2025
3940,3940,Debit Card,Failed,03-02-2024
3941,3941,UPI,Failed,20-12-2025
3942,3942,Net Banking,Paid,04-05-2024
3943,3943,Debit Card,Refunded,28-05-2024
3944,3944,UPI,Paid,13-11-2025
3945,3945,UPI,Paid,13-06-2024
3946,3946,UPI,Failed,22-12-2025
3947,3947,COD,Failed,24-08-2024
3948,3948,UPI,Refunded,02-08-2025
3949,3949,Net Banking,Paid,16-02-2024
3950,3950,Debit Card,Refunded,04-08-2025
3951,3951,UPI,Paid,12-06-2024
3952,3952,Credit Card,Paid,17-02-2024
3953,3953,Net Banking,Failed,03-08-2024
3954,3954,UPI,Paid,02-04-2025
3955,3955,UPI,Paid,28-06-2024
3956,3956,COD,Failed,18-10-2024
3957,3957,Net Banking,Failed,04-05-2025
3958,3958,UPI,Paid,17-01-2024
3959,3959,COD,Failed,08-07-2025
3960,3960,Credit Card,Failed,26-03-2025
3961,3961,COD,Paid,14-08-2024
3962,3962,Credit Card,Refunded,09-06-2025
3963,3963,COD,Paid,26-09-2024
3964,3964,Debit Card,Failed,17-11-2024
3965,3965,Credit Card,Paid,12-10-2025
3966,3966,COD,Failed,16-08-2025
3967,3967,Debit Card,Paid,26-05-2025
3968,3968,UPI,Paid,12-05-2024
3969,3969,UPI,Refunded,24-01-2024
3970,3970,Net Banking,Paid,11-12-2024
3971,3971,Credit Card,Failed,07-10-2025
3972,3972,UPI,Failed,25-12-2025
3973,3973,COD,Paid,24-09-2025
3974,3974,Net Banking,Paid,16-11-2024
3975,3975,Credit Card,Refunded,03-05-2024
3976,3976,Net Banking,Failed,25-11-2024
3977,3977,Net Banking,Paid,13-08-2024
3978,3978,UPI,Failed,11-07-2025
3979,3979,COD,Paid,17-07-2024
3980,3980,Net Banking,Failed,10-04-2025
3981,3981,Net Banking,Paid,18-07-2025
3982,3982,COD,Refunded,10-06-2024
3983,3983,Debit Card,Failed,30-08-2024
3984,3984,Debit Card,Paid,10-02-2025
3985,3985,Net Banking,Refunded,16-11-2025
3986,3986,Net Banking,Refunded,16-09-2025
3987,3987,COD,Paid,21-11-2024
3988,3988,Credit Card,Failed,03-03-2025
3989,3989,UPI,Paid,02-11-2025
3990,3990,Net Banking,Refunded,27-01-2024
3991,3991,COD,Refunded,21-05-2024
3992,3992,Net Banking,Failed,10-08-2024
3993,3993,Credit Card,Refunded,07-10-2025
3994,3994,Credit Card,Paid,17-09-2024
3995,3995,UPI,Failed,23-07-2025
3996,3996,Net Banking,Paid,24-12-2024
3997,3997,Credit Card,Paid,13-06-2024
3998,3998,UPI,Failed,08-10-2025
3999,3999,Debit Card,Paid,17-10-2024
4000,4000,Debit Card,Refunded,10-07-2025
4001,4001,Net Banking,Paid,24-08-2025
4002,4002,COD,Refunded,05-04-2024
4003,4003,COD,Refunded,07-09-2025
4004,4004,Credit Card,Paid,12-08-2024
4005,4005,Net Banking,Refunded,15-10-2025
4006,4006,UPI,Failed,29-01-2024
4007,4007,Debit Card,Paid,20-10-2024
4008,4008,Debit Card,Refunded,23-05-2024
4009,4009,COD,Failed,24-07-2025
4010,4010,Debit Card,Paid,28-03-2024
4011,4011,Debit Card,Paid,16-09-2024
4012,4012,Net Banking,Failed,15-02-2025
4013,4013,COD,Failed,02-07-2024
4014,4014,Net Banking,Refunded,18-10-2025
4015,4015,Credit Card,Refunded,16-12-2025
4016,4016,UPI,Paid,10-01-2024
4017,4017,Net Banking,Failed,21-07-2024
4018,4018,COD,Refunded,22-07-2024
4019,4019,Debit Card,Paid,12-12-2025
4020,4020,Credit Card,Failed,24-02-2024
4021,4021,UPI,Refunded,16-07-2025
4022,4022,COD,Refunded,29-08-2024
4023,4023,Debit Card,Refunded,24-03-2024
4024,4024,Net Banking,Paid,29-04-2024
4025,4025,UPI,Failed,17-07-2025
4026,4026,Debit Card,Paid,06-11-2025
4027,4027,Debit Card,Failed,27-03-2025
4028,4028,Debit Card,Refunded,29-01-2025
4029,4029,Net Banking,Refunded,22-04-2025
4030,4030,Credit Card,Paid,19-06-2024
4031,4031,UPI,Failed,15-12-2024
4032,4032,Credit Card,Paid,30-07-2025
4033,4033,COD,Paid,17-05-2025
4034,4034,Debit Card,Paid,30-07-2024
4035,4035,Net Banking,Refunded,12-04-2024
4036,4036,UPI,Refunded,20-06-2024
4037,4037,UPI,Failed,13-09-2024
4038,4038,Debit Card,Paid,21-07-2025
4039,4039,Debit Card,Paid,09-05-2024
4040,4040,UPI,Paid,10-11-2024
4041,4041,Debit Card,Failed,27-01-2025
4042,4042,Debit Card,Refunded,04-08-2025
4043,4043,Credit Card,Failed,01-08-2025
4044,4044,Net Banking,Failed,25-04-2025
4045,4045,Debit Card,Refunded,03-09-2024
4046,4046,COD,Refunded,13-11-2024
4047,4047,Credit Card,Refunded,29-09-2024
4048,4048,COD,Paid,13-12-2025
4049,4049,Net Banking,Failed,02-08-2025
4050,4050,Net Banking,Paid,24-12-2025
4051,4051,Net Banking,Refunded,11-02-2025
4052,4052,COD,Paid,04-04-2025
4053,4053,UPI,Paid,25-06-2025
4054,4054,Debit Card,Failed,16-11-2024
4055,4055,Credit Card,Refunded,10-10-2025
4056,4056,Net Banking,Failed,04-03-2025
4057,4057,COD,Failed,21-02-2025
4058,4058,Debit Card,Refunded,28-01-2025
4059,4059,UPI,Paid,31-01-2024
4060,4060,Credit Card,Paid,09-02-2024
4061,4061,UPI,Refunded,16-01-2024
4062,4062,UPI,Paid,24-10-2024
4063,4063,Debit Card,Refunded,07-06-2025
4064,4064,Debit Card,Paid,17-07-2025
4065,4065,Credit Card,Refunded,23-04-2025
4066,4066,Credit Card,Paid,05-10-2025
4067,4067,UPI,Paid,15-10-2024
4068,4068,Credit Card,Paid,18-12-2024
4069,4069,UPI,Paid,11-10-2025
4070,4070,Credit Card,Refunded,24-09-2024
4071,4071,UPI,Paid,26-04-2024
4072,4072,Net Banking,Failed,31-12-2025
4073,4073,Debit Card,Failed,12-05-2024
4074,4074,UPI,Paid,02-03-2025
4075,4075,Debit Card,Refunded,08-08-2025
4076,4076,Credit Card,Failed,01-08-2024
4077,4077,Net Banking,Paid,08-01-2025
4078,4078,UPI,Paid,23-06-2024
4079,4079,COD,Refunded,28-12-2024
4080,4080,UPI,Paid,29-03-2025
4081,4081,Net Banking,Failed,11-12-2025
4082,4082,Credit Card,Failed,14-11-2024
4083,4083,COD,Failed,26-06-2024
4084,4084,UPI,Paid,18-01-2025
4085,4085,Credit Card,Failed,31-01-2024
4086,4086,COD,Paid,28-09-2024
4087,4087,Net Banking,Failed,20-01-2025
4088,4088,Credit Card,Failed,24-10-2025
4089,4089,Net Banking,Failed,05-07-2024
4090,4090,UPI,Failed,05-10-2025
4091,4091,Debit Card,Failed,19-12-2024
4092,4092,Credit Card,Paid,17-10-2025
4093,4093,Debit Card,Paid,25-04-2024
4094,4094,Credit Card,Paid,24-08-2025
4095,4095,COD,Failed,28-03-2025
4096,4096,Net Banking,Failed,01-12-2024
4097,4097,COD,Paid,21-07-2024
4098,4098,COD,Refunded,28-07-2025
4099,4099,UPI,Failed,28-05-2024
4100,4100,Net Banking,Failed,02-07-2024
4101,4101,Net Banking,Refunded,20-04-2025
4102,4102,UPI,Paid,16-03-2024
4103,4103,UPI,Failed,26-09-2024
4104,4104,Debit Card,Paid,02-04-2025
4105,4105,Credit Card,Paid,30-08-2024
4106,4106,Net Banking,Paid,17-08-2025
4107,4107,UPI,Failed,24-06-2024
4108,4108,Debit Card,Failed,20-07-2024
4109,4109,Debit Card,Failed,01-03-2024
4110,4110,COD,Refunded,26-08-2025
4111,4111,UPI,Failed,12-05-2024
4112,4112,Credit Card,Refunded,25-03-2024
4113,4113,COD,Refunded,02-08-2024
4114,4114,Debit Card,Refunded,02-02-2024
4115,4115,UPI,Refunded,01-04-2024
4116,4116,UPI,Failed,01-09-2025
4117,4117,Net Banking,Paid,01-10-2024
4118,4118,Debit Card,Paid,02-09-2024
4119,4119,Credit Card,Paid,06-02-2024
4120,4120,COD,Refunded,21-10-2025
4121,4121,Debit Card,Failed,03-06-2024
4122,4122,Net Banking,Refunded,15-04-2025
4123,4123,Net Banking,Failed,07-03-2025
4124,4124,Net Banking,Failed,17-01-2024
4125,4125,Net Banking,Paid,11-05-2025
4126,4126,UPI,Refunded,11-01-2025
4127,4127,UPI,Refunded,03-06-2024
4128,4128,Debit Card,Paid,27-10-2024
4129,4129,UPI,Paid,15-03-2024
4130,4130,Debit Card,Failed,23-04-2025
4131,4131,Net Banking,Refunded,09-04-2024
4132,4132,COD,Paid,11-09-2025
4133,4133,COD,Refunded,02-05-2024
4134,4134,Debit Card,Paid,13-08-2025
4135,4135,UPI,Failed,18-10-2025
4136,4136,UPI,Failed,08-07-2024
4137,4137,UPI,Paid,08-03-2024
4138,4138,UPI,Paid,19-04-2025
4139,4139,Debit Card,Paid,23-04-2024
4140,4140,COD,Failed,31-12-2024
4141,4141,COD,Refunded,23-02-2025
4142,4142,COD,Failed,10-04-2024
4143,4143,COD,Paid,31-08-2024
4144,4144,COD,Failed,05-09-2024
4145,4145,Credit Card,Refunded,06-06-2025
4146,4146,Credit Card,Paid,18-01-2025
4147,4147,COD,Failed,02-08-2024
4148,4148,Debit Card,Refunded,26-08-2025
4149,4149,COD,Paid,21-08-2024
4150,4150,Net Banking,Failed,17-12-2025
4151,4151,Credit Card,Paid,10-09-2024
4152,4152,Debit Card,Failed,08-09-2024
4153,4153,UPI,Refunded,22-10-2024
4154,4154,Net Banking,Refunded,03-10-2025
4155,4155,Credit Card,Refunded,11-09-2025
4156,4156,Credit Card,Refunded,14-09-2025
4157,4157,COD,Refunded,20-09-2024
4158,4158,COD,Paid,20-03-2025
4159,4159,Net Banking,Paid,28-10-2024
4160,4160,Net Banking,Paid,18-06-2025
4161,4161,Debit Card,Failed,28-04-2024
4162,4162,Net Banking,Refunded,27-03-2025
4163,4163,UPI,Failed,19-05-2024
4164,4164,Net Banking,Refunded,19-04-2025
4165,4165,Debit Card,Refunded,08-11-2025
4166,4166,Debit Card,Paid,18-10-2024
4167,4167,COD,Refunded,24-11-2024
4168,4168,Debit Card,Refunded,01-04-2025
4169,4169,Credit Card,Failed,31-08-2025
4170,4170,Net Banking,Failed,06-11-2024
4171,4171,UPI,Refunded,27-02-2025
4172,4172,Net Banking,Refunded,08-07-2024
4173,4173,COD,Refunded,08-02-2025
4174,4174,COD,Failed,01-12-2025
4175,4175,COD,Paid,02-01-2025
4176,4176,Debit Card,Refunded,01-11-2025
4177,4177,Debit Card,Refunded,06-10-2024
4178,4178,Net Banking,Paid,25-02-2024
4179,4179,COD,Failed,26-11-2024
4180,4180,COD,Failed,28-02-2024
4181,4181,Debit Card,Refunded,21-11-2024
4182,4182,Credit Card,Refunded,18-12-2024
4183,4183,Net Banking,Failed,03-04-2025
4184,4184,UPI,Failed,05-08-2024
4185,4185,Credit Card,Refunded,04-09-2024
4186,4186,COD,Paid,14-07-2025
4187,4187,COD,Paid,09-01-2024
4188,4188,Credit Card,Failed,09-09-2024
4189,4189,Debit Card,Refunded,12-04-2024
4190,4190,Net Banking,Refunded,26-01-2024
4191,4191,Net Banking,Failed,25-01-2024
4192,4192,UPI,Paid,08-05-2024
4193,4193,Debit Card,Paid,26-08-2024
4194,4194,Debit Card,Paid,01-02-2024
4195,4195,Debit Card,Failed,03-03-2024
4196,4196,COD,Paid,02-10-2025
4197,4197,COD,Refunded,04-07-2024
4198,4198,Net Banking,Refunded,23-11-2024
4199,4199,UPI,Paid,08-06-2025
4200,4200,Debit Card,Failed,31-01-2025
4201,4201,UPI,Failed,26-07-2025
4202,4202,Credit Card,Paid,23-01-2024
4203,4203,Credit Card,Refunded,31-05-2024
4204,4204,COD,Failed,16-07-2024
4205,4205,Net Banking,Failed,07-04-2024
4206,4206,UPI,Paid,14-10-2025
4207,4207,UPI,Failed,04-12-2025
4208,4208,Debit Card,Failed,18-03-2024
4209,4209,UPI,Paid,13-09-2024
4210,4210,Debit Card,Failed,04-10-2024
4211,4211,Credit Card,Refunded,21-09-2024
4212,4212,Net Banking,Refunded,01-04-2024
4213,4213,Net Banking,Failed,24-11-2024
4214,4214,UPI,Refunded,12-12-2025
4215,4215,Debit Card,Paid,18-04-2025
4216,4216,COD,Paid,19-01-2024
4217,4217,Net Banking,Paid,17-12-2025
4218,4218,UPI,Failed,29-06-2025
4219,4219,COD,Refunded,13-05-2025
4220,4220,Credit Card,Paid,15-05-2024
4221,4221,UPI,Refunded,18-11-2025
4222,4222,Credit Card,Failed,17-02-2025
4223,4223,Net Banking,Paid,16-10-2024
4224,4224,Net Banking,Refunded,25-09-2025
4225,4225,Debit Card,Refunded,26-12-2025
4226,4226,Debit Card,Failed,16-05-2024
4227,4227,Net Banking,Failed,25-10-2024
4228,4228,Net Banking,Failed,17-01-2024
4229,4229,Net Banking,Failed,21-01-2025
4230,4230,Debit Card,Refunded,28-01-2024
4231,4231,Debit Card,Failed,10-05-2024
4232,4232,UPI,Refunded,30-03-2025
4233,4233,UPI,Paid,27-03-2025
4234,4234,UPI,Failed,29-07-2025
4235,4235,COD,Paid,21-04-2024
4236,4236,Credit Card,Paid,13-05-2025
4237,4237,Credit Card,Paid,05-04-2024
4238,4238,Debit Card,Failed,13-10-2025
4239,4239,UPI,Paid,24-03-2024
4240,4240,UPI,Paid,04-01-2025
4241,4241,COD,Failed,17-01-2024
4242,4242,Credit Card,Paid,19-05-2024
4243,4243,COD,Refunded,11-05-2025
4244,4244,UPI,Paid,26-10-2024
4245,4245,UPI,Refunded,11-01-2025
4246,4246,UPI,Failed,27-01-2025
4247,4247,UPI,Refunded,20-11-2025
4248,4248,Net Banking,Failed,25-11-2025
4249,4249,Net Banking,Refunded,25-06-2024
4250,4250,Debit Card,Refunded,28-11-2024
4251,4251,Net Banking,Failed,04-10-2024
4252,4252,Net Banking,Paid,11-03-2025
4253,4253,Debit Card,Paid,20-05-2024
4254,4254,Net Banking,Refunded,30-07-2025
4255,4255,Credit Card,Refunded,18-03-2024
4256,4256,UPI,Paid,31-03-2024
4257,4257,Net Banking,Refunded,18-06-2025
4258,4258,Net Banking,Failed,23-02-2025
4259,4259,Net Banking,Refunded,24-04-2025
4260,4260,Net Banking,Refunded,10-06-2025
4261,4261,Net Banking,Refunded,19-02-2024
4262,4262,Debit Card,Failed,23-11-2024
4263,4263,Credit Card,Paid,29-12-2024
4264,4264,Credit Card,Failed,11-06-2025
4265,4265,Debit Card,Paid,03-08-2025
4266,4266,UPI,Refunded,29-01-2025
4267,4267,Debit Card,Paid,27-04-2025
4268,4268,Net Banking,Refunded,26-09-2025
4269,4269,UPI,Paid,29-06-2025
4270,4270,Net Banking,Failed,27-02-2024
4271,4271,UPI,Failed,09-06-2024
4272,4272,UPI,Paid,03-02-2024
4273,4273,UPI,Paid,30-01-2024
4274,4274,Debit Card,Failed,04-12-2024
4275,4275,Credit Card,Paid,24-10-2025
4276,4276,Net Banking,Refunded,18-07-2025
4277,4277,Debit Card,Paid,27-09-2024
4278,4278,Credit Card,Paid,23-07-2024
4279,4279,Net Banking,Refunded,12-07-2025
4280,4280,UPI,Refunded,02-03-2025
4281,4281,Debit Card,Paid,30-05-2024
4282,4282,Net Banking,Paid,02-08-2024
4283,4283,Debit Card,Refunded,10-05-2024
4284,4284,Debit Card,Refunded,04-01-2025
4285,4285,Net Banking,Failed,04-06-2024
4286,4286,Net Banking,Paid,18-04-2025
4287,4287,COD,Paid,10-04-2025
4288,4288,Credit Card,Failed,23-03-2024
4289,4289,Net Banking,Refunded,07-11-2025
4290,4290,Debit Card,Refunded,09-10-2025
4291,4291,Net Banking,Failed,20-04-2024
4292,4292,UPI,Failed,07-06-2025
4293,4293,UPI,Refunded,06-02-2024
4294,4294,COD,Paid,05-04-2024
4295,4295,Debit Card,Paid,12-03-2024
4296,4296,Debit Card,Paid,10-12-2024
4297,4297,UPI,Paid,23-12-2025
4298,4298,Net Banking,Refunded,02-01-2025
4299,4299,Debit Card,Refunded,28-02-2024
4300,4300,Credit Card,Failed,28-08-2024
4301,4301,Debit Card,Refunded,09-08-2024
4302,4302,Debit Card,Refunded,20-04-2024
4303,4303,Net Banking,Failed,13-12-2024
4304,4304,Debit Card,Failed,09-04-2024
4305,4305,Net Banking,Failed,01-06-2024
4306,4306,Credit Card,Paid,15-09-2025
4307,4307,COD,Paid,21-12-2024
4308,4308,COD,Paid,18-01-2024
4309,4309,Debit Card,Refunded,30-09-2024
4310,4310,UPI,Paid,27-07-2025
4311,4311,COD,Refunded,01-11-2025
4312,4312,Credit Card,Paid,14-04-2024
4313,4313,UPI,Failed,01-07-2025
4314,4314,COD,Refunded,29-05-2025
4315,4315,COD,Paid,15-06-2025
4316,4316,Net Banking,Refunded,10-11-2025
4317,4317,COD,Refunded,06-12-2024
4318,4318,Credit Card,Refunded,28-04-2025
4319,4319,Net Banking,Paid,13-07-2024
4320,4320,UPI,Refunded,10-07-2025
4321,4321,COD,Failed,26-09-2024
4322,4322,Debit Card,Refunded,09-03-2024
4323,4323,UPI,Paid,27-08-2024
4324,4324,Credit Card,Paid,20-11-2025
4325,4325,Debit Card,Failed,28-07-2025
4326,4326,Credit Card,Refunded,01-01-2025
4327,4327,Credit Card,Paid,24-03-2025
4328,4328,Net Banking,Paid,13-11-2024
4329,4329,Debit Card,Paid,17-06-2024
4330,4330,COD,Failed,25-06-2024
4331,4331,UPI,Paid,22-05-2024
4332,4332,UPI,Failed,13-09-2024
4333,4333,Debit Card,Paid,20-04-2025
4334,4334,Credit Card,Refunded,19-06-2024
4335,4335,UPI,Failed,05-04-2025
4336,4336,COD,Paid,17-06-2024
4337,4337,Net Banking,Paid,13-04-2024
4338,4338,Debit Card,Failed,06-09-2024
4339,4339,UPI,Paid,29-10-2024
4340,4340,Net Banking,Refunded,26-06-2024
4341,4341,COD,Paid,27-06-2025
4342,4342,COD,Failed,14-01-2024
4343,4343,UPI,Failed,30-11-2025
4344,4344,UPI,Failed,25-05-2025
4345,4345,Credit Card,Refunded,28-02-2025
4346,4346,Net Banking,Failed,10-01-2024
4347,4347,UPI,Failed,08-04-2025
4348,4348,Credit Card,Failed,20-05-2024
4349,4349,Credit Card,Refunded,28-02-2024
4350,4350,UPI,Failed,20-02-2024
4351,4351,Net Banking,Failed,07-02-2025
4352,4352,Debit Card,Refunded,03-04-2025
4353,4353,Debit Card,Refunded,06-04-2025
4354,4354,Net Banking,Paid,09-01-2025
4355,4355,Debit Card,Paid,17-08-2024
4356,4356,Debit Card,Refunded,10-02-2024
4357,4357,COD,Refunded,19-07-2025
4358,4358,UPI,Refunded,23-11-2024
4359,4359,UPI,Refunded,06-06-2024
4360,4360,Net Banking,Paid,31-12-2024
4361,4361,Debit Card,Paid,06-12-2025
4362,4362,Net Banking,Failed,01-01-2025
4363,4363,COD,Paid,06-07-2024
4364,4364,Net Banking,Paid,03-06-2024
4365,4365,Credit Card,Failed,28-02-2024
4366,4366,UPI,Failed,27-07-2024
4367,4367,Credit Card,Paid,12-08-2025
4368,4368,Debit Card,Failed,10-03-2024
4369,4369,Credit Card,Refunded,30-12-2024
4370,4370,Net Banking,Paid,25-06-2025
4371,4371,COD,Paid,10-02-2025
4372,4372,COD,Paid,31-10-2025
4373,4373,UPI,Paid,05-10-2025
4374,4374,Debit Card,Paid,23-11-2025
4375,4375,Debit Card,Failed,30-09-2024
4376,4376,Credit Card,Paid,20-01-2024
4377,4377,Credit Card,Refunded,06-06-2025
4378,4378,COD,Refunded,25-10-2024
4379,4379,Debit Card,Failed,23-10-2024
4380,4380,COD,Failed,24-11-2025
4381,4381,COD,Failed,29-07-2025
4382,4382,Net Banking,Failed,17-02-2024
4383,4383,Credit Card,Failed,05-07-2025
4384,4384,Net Banking,Paid,19-06-2025
4385,4385,COD,Failed,17-04-2025
4386,4386,COD,Paid,04-01-2025
4387,4387,UPI,Paid,25-06-2025
4388,4388,Net Banking,Failed,14-03-2024
4389,4389,COD,Refunded,02-03-2025
4390,4390,Credit Card,Refunded,13-01-2025
4391,4391,UPI,Paid,15-10-2024
4392,4392,Net Banking,Refunded,04-12-2024
4393,4393,Net Banking,Failed,04-05-2025
4394,4394,Debit Card,Failed,25-06-2024
4395,4395,UPI,Paid,23-10-2024
4396,4396,Credit Card,Paid,18-08-2024
4397,4397,UPI,Refunded,04-06-2025
4398,4398,Net Banking,Failed,22-10-2025
4399,4399,COD,Paid,22-01-2025
4400,4400,Credit Card,Failed,05-11-2025
4401,4401,Debit Card,Failed,14-08-2024
4402,4402,Debit Card,Paid,08-09-2025
4403,4403,Net Banking,Paid,21-03-2024
4404,4404,Net Banking,Failed,05-11-2024
4405,4405,Credit Card,Paid,05-07-2024
4406,4406,Net Banking,Refunded,07-11-2025
4407,4407,UPI,Refunded,06-02-2025
4408,4408,Debit Card,Paid,19-08-2024
4409,4409,Debit Card,Paid,10-06-2024
4410,4410,Credit Card,Refunded,19-05-2025
4411,4411,COD,Refunded,25-10-2024
4412,4412,Credit Card,Refunded,29-06-2025
4413,4413,COD,Paid,09-04-2025
4414,4414,Debit Card,Failed,27-09-2024
4415,4415,Net Banking,Failed,07-01-2024
4416,4416,Credit Card,Paid,16-11-2024
4417,4417,Credit Card,Paid,07-03-2025
4418,4418,Debit Card,Failed,14-01-2025
4419,4419,UPI,Refunded,22-08-2025
4420,4420,Net Banking,Refunded,13-11-2025
4421,4421,Net Banking,Paid,16-08-2025
4422,4422,UPI,Paid,23-04-2025
4423,4423,Debit Card,Refunded,21-04-2024
4424,4424,COD,Refunded,13-01-2025
4425,4425,Net Banking,Paid,07-06-2025
4426,4426,COD,Refunded,04-08-2024
4427,4427,Net Banking,Paid,24-12-2024
4428,4428,Credit Card,Paid,23-01-2024
4429,4429,Net Banking,Refunded,20-05-2024
4430,4430,UPI,Paid,17-06-2025
4431,4431,COD,Failed,05-05-2024
4432,4432,Credit Card,Paid,06-08-2025
4433,4433,COD,Paid,29-10-2024
4434,4434,UPI,Failed,02-01-2025
4435,4435,Net Banking,Refunded,12-01-2024
4436,4436,Debit Card,Paid,20-08-2025
4437,4437,Credit Card,Refunded,27-08-2025
4438,4438,Net Banking,Failed,06-08-2024
4439,4439,Debit Card,Refunded,10-05-2024
4440,4440,Net Banking,Failed,26-01-2025
4441,4441,UPI,Refunded,16-08-2025
4442,4442,UPI,Refunded,05-01-2025
4443,4443,COD,Refunded,12-09-2024
4444,4444,Net Banking,Paid,09-10-2024
4445,4445,Debit Card,Failed,22-05-2025
4446,4446,UPI,Refunded,21-04-2025
4447,4447,Debit Card,Failed,04-04-2024
4448,4448,UPI,Failed,08-06-2024
4449,4449,COD,Paid,07-04-2025
4450,4450,UPI,Failed,06-05-2024
4451,4451,Debit Card,Refunded,26-10-2024
4452,4452,Net Banking,Refunded,30-10-2024
4453,4453,UPI,Paid,03-03-2024
4454,4454,COD,Refunded,25-05-2024
4455,4455,COD,Failed,14-12-2025
4456,4456,Net Banking,Failed,15-01-2025
4457,4457,Credit Card,Paid,04-02-2024
4458,4458,UPI,Paid,18-02-2024
4459,4459,COD,Refunded,03-09-2024
4460,4460,Debit Card,Failed,26-09-2024
4461,4461,Net Banking,Refunded,21-10-2025
4462,4462,UPI,Failed,10-09-2024
4463,4463,COD,Failed,29-12-2024
4464,4464,Credit Card,Failed,28-08-2024
4465,4465,Net Banking,Paid,19-11-2025
4466,4466,Net Banking,Failed,10-08-2025
4467,4467,Credit Card,Paid,23-03-2024
4468,4468,UPI,Refunded,13-01-2025
4469,4469,Debit Card,Failed,03-12-2024
4470,4470,Debit Card,Failed,20-06-2024
4471,4471,Net Banking,Refunded,15-04-2024
4472,4472,Net Banking,Failed,11-12-2025
4473,4473,UPI,Paid,01-12-2024
4474,4474,Debit Card,Failed,17-11-2025
4475,4475,Net Banking,Paid,23-05-2024
4476,4476,COD,Failed,30-11-2024
4477,4477,Credit Card,Refunded,03-08-2025
4478,4478,Credit Card,Paid,07-03-2025
4479,4479,Net Banking,Refunded,25-02-2025
4480,4480,UPI,Paid,19-11-2024
4481,4481,UPI,Failed,10-12-2024
4482,4482,COD,Refunded,22-02-2025
4483,4483,Credit Card,Paid,24-02-2024
4484,4484,Debit Card,Failed,05-05-2024
4485,4485,Credit Card,Failed,17-06-2024
4486,4486,Net Banking,Refunded,14-06-2025
4487,4487,Credit Card,Refunded,08-02-2024
4488,4488,Credit Card,Paid,14-02-2024
4489,4489,COD,Failed,25-02-2024
4490,4490,COD,Refunded,26-03-2025
4491,4491,Credit Card,Paid,23-06-2024
4492,4492,Debit Card,Failed,29-10-2025
4493,4493,Debit Card,Refunded,22-04-2024
4494,4494,COD,Refunded,06-02-2024
4495,4495,Credit Card,Failed,26-07-2024
4496,4496,Credit Card,Paid,29-04-2024
4497,4497,Debit Card,Refunded,23-02-2025
4498,4498,UPI,Refunded,19-06-2024
4499,4499,Credit Card,Paid,20-01-2024
4500,4500,UPI,Failed,18-01-2025
4501,4501,Credit Card,Paid,26-05-2024
4502,4502,UPI,Paid,13-11-2025
4503,4503,Credit Card,Failed,23-08-2025
4504,4504,UPI,Paid,04-02-2025
4505,4505,Debit Card,Paid,24-08-2025
4506,4506,Debit Card,Refunded,03-09-2024
4507,4507,Debit Card,Refunded,13-05-2025
4508,4508,COD,Refunded,21-03-2025
4509,4509,Credit Card,Failed,07-11-2024
4510,4510,Credit Card,Failed,24-07-2024
4511,4511,Debit Card,Paid,08-03-2024
4512,4512,Net Banking,Paid,02-12-2024
4513,4513,Debit Card,Refunded,15-08-2024
4514,4514,Debit Card,Failed,31-10-2025
4515,4515,COD,Refunded,13-06-2025
4516,4516,UPI,Failed,09-01-2025
4517,4517,Debit Card,Failed,24-12-2024
4518,4518,Debit Card,Failed,15-04-2024
4519,4519,Credit Card,Paid,31-07-2025
4520,4520,Net Banking,Paid,09-09-2024
4521,4521,Credit Card,Refunded,19-11-2025
4522,4522,Credit Card,Refunded,12-02-2024
4523,4523,COD,Failed,14-03-2025
4524,4524,Net Banking,Paid,24-04-2024
4525,4525,Debit Card,Failed,28-09-2025
4526,4526,Debit Card,Failed,01-05-2024
4527,4527,UPI,Failed,05-11-2024
4528,4528,COD,Failed,31-12-2024
4529,4529,Debit Card,Failed,20-07-2025
4530,4530,Credit Card,Paid,29-12-2024
4531,4531,Debit Card,Failed,03-11-2025
4532,4532,Credit Card,Refunded,27-01-2025
4533,4533,Debit Card,Failed,12-01-2024
4534,4534,Credit Card,Refunded,06-03-2025
4535,4535,Net Banking,Paid,01-04-2025
4536,4536,Net Banking,Failed,28-08-2025
4537,4537,Net Banking,Failed,09-11-2025
4538,4538,Debit Card,Paid,15-10-2025
4539,4539,Net Banking,Paid,27-02-2025
4540,4540,Net Banking,Failed,14-04-2024
4541,4541,UPI,Refunded,10-02-2024
4542,4542,Debit Card,Paid,20-11-2025
4543,4543,Debit Card,Paid,06-02-2025
4544,4544,COD,Failed,07-09-2024
4545,4545,UPI,Paid,02-11-2024
4546,4546,UPI,Paid,28-08-2025
4547,4547,Debit Card,Paid,05-07-2024
4548,4548,Credit Card,Paid,11-11-2024
4549,4549,Net Banking,Refunded,20-10-2024
4550,4550,Debit Card,Refunded,13-11-2025
4551,4551,Debit Card,Failed,08-07-2025
4552,4552,Net Banking,Failed,14-09-2025
4553,4553,Debit Card,Refunded,18-02-2025
4554,4554,Credit Card,Refunded,17-09-2025
4555,4555,UPI,Failed,15-09-2024
4556,4556,UPI,Failed,17-08-2025
4557,4557,UPI,Refunded,31-01-2024
4558,4558,COD,Paid,22-03-2025
4559,4559,Credit Card,Refunded,16-02-2025
4560,4560,UPI,Paid,19-10-2025
4561,4561,COD,Refunded,09-02-2024
4562,4562,UPI,Refunded,01-06-2024
4563,4563,Net Banking,Failed,14-04-2024
4564,4564,Credit Card,Failed,04-10-2024
4565,4565,COD,Refunded,16-08-2025
4566,4566,COD,Refunded,05-09-2024
4567,4567,UPI,Failed,11-11-2024
4568,4568,COD,Paid,12-08-2025
4569,4569,COD,Refunded,15-12-2024
4570,4570,Net Banking,Failed,11-05-2024
4571,4571,UPI,Paid,23-03-2024
4572,4572,Debit Card,Failed,01-08-2025
4573,4573,Credit Card,Failed,07-09-2025
4574,4574,Credit Card,Paid,26-12-2024
4575,4575,Net Banking,Failed,23-10-2025
4576,4576,UPI,Failed,10-09-2025
4577,4577,UPI,Paid,23-11-2025
4578,4578,COD,Refunded,10-07-2024
4579,4579,Debit Card,Paid,09-10-2024
4580,4580,COD,Paid,10-04-2024
4581,4581,UPI,Failed,07-06-2025
4582,4582,Net Banking,Failed,13-02-2024
4583,4583,Debit Card,Refunded,25-01-2024
4584,4584,Credit Card,Refunded,06-08-2025
4585,4585,Net Banking,Failed,01-04-2025
4586,4586,COD,Paid,23-09-2024
4587,4587,Credit Card,Failed,21-09-2025
4588,4588,UPI,Failed,26-04-2025
4589,4589,UPI,Refunded,26-01-2025
4590,4590,Debit Card,Failed,06-07-2024
4591,4591,Credit Card,Refunded,26-02-2025
4592,4592,Debit Card,Paid,19-10-2024
4593,4593,UPI,Refunded,07-09-2024
4594,4594,Debit Card,Refunded,11-09-2025
4595,4595,Debit Card,Refunded,25-02-2025
4596,4596,COD,Failed,13-05-2024
4597,4597,COD,Failed,10-02-2024
4598,4598,Debit Card,Failed,08-08-2024
4599,4599,COD,Refunded,25-10-2025
4600,4600,UPI,Failed,22-08-2024
4601,4601,Credit Card,Refunded,20-09-2024
4602,4602,Credit Card,Refunded,05-09-2024
4603,4603,UPI,Refunded,19-07-2024
4604,4604,UPI,Failed,14-03-2024
4605,4605,Debit Card,Refunded,09-05-2025
4606,4606,Net Banking,Paid,12-01-2024
4607,4607,Net Banking,Failed,20-01-2024
4608,4608,UPI,Paid,09-01-2024
4609,4609,Net Banking,Refunded,21-11-2025
4610,4610,Debit Card,Failed,10-06-2024
4611,4611,Credit Card,Paid,28-11-2025
4612,4612,COD,Refunded,06-02-2024
4613,4613,Debit Card,Paid,13-04-2024
4614,4614,Net Banking,Paid,17-03-2025
4615,4615,Net Banking,Refunded,30-11-2025
4616,4616,UPI,Paid,18-01-2024
4617,4617,COD,Failed,10-12-2025
4618,4618,Net Banking,Failed,15-01-2024
4619,4619,Net Banking,Refunded,18-10-2024
4620,4620,Net Banking,Paid,29-09-2024
4621,4621,UPI,Failed,13-07-2025
4622,4622,Credit Card,Refunded,03-08-2024
4623,4623,UPI,Paid,24-06-2025
4624,4624,Net Banking,Refunded,04-12-2024
4625,4625,Debit Card,Failed,28-12-2024
4626,4626,COD,Paid,19-09-2025
4627,4627,COD,Refunded,12-07-2025
4628,4628,Credit Card,Paid,26-02-2025
4629,4629,UPI,Failed,31-08-2025
4630,4630,Credit Card,Failed,20-06-2024
4631,4631,Credit Card,Refunded,19-02-2025
4632,4632,Debit Card,Failed,05-04-2024
4633,4633,Debit Card,Failed,13-08-2024
4634,4634,COD,Paid,12-08-2024
4635,4635,Net Banking,Failed,22-12-2024
4636,4636,COD,Paid,07-07-2025
4637,4637,COD,Refunded,30-05-2024
4638,4638,Debit Card,Refunded,14-09-2024
4639,4639,Debit Card,Failed,08-01-2024
4640,4640,UPI,Refunded,06-12-2024
4641,4641,Net Banking,Failed,19-06-2025
4642,4642,Debit Card,Refunded,18-01-2024
4643,4643,COD,Paid,24-03-2024
4644,4644,Net Banking,Failed,17-07-2025
4645,4645,COD,Refunded,15-03-2025
4646,4646,COD,Paid,09-09-2025
4647,4647,Credit Card,Refunded,07-01-2024
4648,4648,Credit Card,Refunded,14-12-2025
4649,4649,COD,Refunded,06-12-2024
4650,4650,Net Banking,Paid,27-01-2025
4651,4651,Debit Card,Paid,05-11-2024
4652,4652,Net Banking,Paid,02-01-2025
4653,4653,Debit Card,Paid,20-08-2025
4654,4654,UPI,Refunded,24-01-2025
4655,4655,Debit Card,Refunded,28-06-2024
4656,4656,Debit Card,Refunded,20-12-2024
4657,4657,COD,Refunded,21-01-2025
4658,4658,Net Banking,Refunded,29-03-2025
4659,4659,Debit Card,Refunded,04-05-2024
4660,4660,UPI,Refunded,22-05-2025
4661,4661,Debit Card,Refunded,23-04-2025
4662,4662,Credit Card,Refunded,08-11-2024
4663,4663,Debit Card,Failed,06-10-2024
4664,4664,UPI,Refunded,10-06-2025
4665,4665,COD,Paid,26-05-2025
4666,4666,UPI,Failed,28-10-2024
4667,4667,Debit Card,Paid,24-10-2025
4668,4668,UPI,Refunded,24-04-2025
4669,4669,UPI,Paid,04-03-2024
4670,4670,Debit Card,Failed,24-04-2024
4671,4671,UPI,Failed,05-07-2025
4672,4672,Debit Card,Refunded,17-05-2025
4673,4673,UPI,Refunded,15-07-2025
4674,4674,Credit Card,Paid,14-08-2024
4675,4675,COD,Failed,08-10-2025
4676,4676,COD,Refunded,17-02-2025
4677,4677,Credit Card,Paid,09-08-2025
4678,4678,UPI,Paid,02-02-2025
4679,4679,Debit Card,Failed,27-03-2025
4680,4680,UPI,Refunded,29-05-2024
4681,4681,Credit Card,Failed,21-08-2025
4682,4682,Credit Card,Refunded,07-12-2025
4683,4683,Net Banking,Refunded,31-03-2024
4684,4684,COD,Paid,30-04-2024
4685,4685,Debit Card,Failed,17-08-2025
4686,4686,Credit Card,Refunded,21-05-2025
4687,4687,Debit Card,Refunded,11-11-2024
4688,4688,Credit Card,Refunded,10-07-2024
4689,4689,UPI,Failed,23-07-2025
4690,4690,COD,Failed,19-12-2024
4691,4691,Credit Card,Paid,01-07-2024
4692,4692,Credit Card,Paid,10-03-2025
4693,4693,Credit Card,Refunded,26-07-2025
4694,4694,Credit Card,Paid,23-01-2025
4695,4695,UPI,Failed,12-10-2024
4696,4696,UPI,Refunded,23-09-2024
4697,4697,Credit Card,Failed,23-11-2024
4698,4698,Debit Card,Paid,22-12-2025
4699,4699,Debit Card,Refunded,13-07-2025
4700,4700,UPI,Failed,28-12-2024
4701,4701,Credit Card,Refunded,13-11-2025
4702,4702,Credit Card,Paid,05-05-2024
4703,4703,Net Banking,Paid,30-06-2025
4704,4704,UPI,Refunded,01-05-2025
4705,4705,Debit Card,Refunded,11-10-2024
4706,4706,UPI,Paid,30-07-2025
4707,4707,Net Banking,Refunded,11-02-2025
4708,4708,UPI,Failed,10-06-2025
4709,4709,UPI,Failed,25-11-2024
4710,4710,Net Banking,Refunded,25-02-2025
4711,4711,COD,Refunded,27-05-2024
4712,4712,Net Banking,Refunded,26-01-2025
4713,4713,Debit Card,Failed,10-05-2024
4714,4714,UPI,Paid,29-09-2024
4715,4715,Net Banking,Failed,19-08-2025
4716,4716,Debit Card,Refunded,24-07-2025
4717,4717,Debit Card,Paid,18-10-2025
4718,4718,COD,Paid,27-04-2024
4719,4719,Net Banking,Paid,13-08-2025
4720,4720,Credit Card,Refunded,23-05-2024
4721,4721,Net Banking,Failed,04-04-2024
4722,4722,UPI,Refunded,28-03-2024
4723,4723,COD,Refunded,05-07-2024
4724,4724,COD,Paid,20-01-2024
4725,4725,Net Banking,Paid,31-08-2025
4726,4726,Credit Card,Refunded,19-01-2025
4727,4727,UPI,Refunded,21-03-2024
4728,4728,Credit Card,Failed,04-10-2025
4729,4729,Debit Card,Refunded,07-11-2024
4730,4730,Debit Card,Refunded,02-03-2024
4731,4731,Debit Card,Failed,22-06-2024
4732,4732,UPI,Paid,10-10-2024
4733,4733,COD,Refunded,19-07-2024
4734,4734,UPI,Paid,31-07-2024
4735,4735,Debit Card,Failed,30-08-2024
4736,4736,COD,Paid,03-08-2024
4737,4737,UPI,Refunded,12-11-2025
4738,4738,Net Banking,Paid,02-01-2024
4739,4739,Debit Card,Failed,22-07-2025
4740,4740,Debit Card,Failed,23-03-2024
4741,4741,Credit Card,Paid,10-12-2025
4742,4742,UPI,Failed,08-07-2024
4743,4743,Net Banking,Failed,09-11-2025
4744,4744,Net Banking,Refunded,23-11-2025
4745,4745,Credit Card,Refunded,05-09-2025
4746,4746,Net Banking,Failed,17-01-2024
4747,4747,UPI,Paid,29-12-2024
4748,4748,UPI,Failed,12-12-2024
4749,4749,UPI,Refunded,31-10-2025
4750,4750,Credit Card,Paid,17-09-2025
4751,4751,Net Banking,Refunded,19-12-2025
4752,4752,Credit Card,Refunded,30-09-2024
4753,4753,Debit Card,Failed,15-01-2025
4754,4754,COD,Refunded,01-08-2024
4755,4755,Debit Card,Paid,30-09-2024
4756,4756,COD,Refunded,05-09-2024
4757,4757,UPI,Paid,27-07-2025
4758,4758,Credit Card,Refunded,28-01-2024
4759,4759,Net Banking,Paid,05-07-2024
4760,4760,COD,Paid,22-09-2024
4761,4761,Credit Card,Paid,13-04-2024
4762,4762,Debit Card,Refunded,20-08-2024
4763,4763,Debit Card,Paid,07-02-2025
4764,4764,COD,Paid,16-12-2025
4765,4765,Net Banking,Paid,02-12-2025
4766,4766,Debit Card,Paid,21-02-2025
4767,4767,Debit Card,Failed,21-01-2024
4768,4768,COD,Paid,14-10-2024
4769,4769,UPI,Refunded,15-10-2025
4770,4770,Net Banking,Paid,27-03-2025
4771,4771,COD,Failed,21-05-2024
4772,4772,Debit Card,Refunded,05-07-2024
4773,4773,COD,Failed,03-11-2024
4774,4774,Credit Card,Failed,27-11-2024
4775,4775,Net Banking,Failed,28-09-2024
4776,4776,COD,Failed,21-02-2024
4777,4777,Debit Card,Failed,02-12-2025
4778,4778,Debit Card,Failed,22-02-2025
4779,4779,Debit Card,Paid,11-08-2025
4780,4780,Credit Card,Failed,20-12-2025
4781,4781,UPI,Paid,22-04-2024
4782,4782,UPI,Refunded,08-12-2024
4783,4783,Debit Card,Failed,27-08-2024
4784,4784,COD,Refunded,06-11-2024
4785,4785,UPI,Refunded,09-12-2024
4786,4786,Credit Card,Refunded,30-01-2025
4787,4787,Net Banking,Refunded,08-02-2025
4788,4788,Credit Card,Refunded,15-08-2024
4789,4789,Debit Card,Paid,29-09-2024
4790,4790,UPI,Refunded,10-08-2025
4791,4791,Debit Card,Paid,12-09-2025
4792,4792,UPI,Failed,02-07-2025
4793,4793,Credit Card,Paid,01-11-2025
4794,4794,Credit Card,Paid,28-08-2024
4795,4795,Debit Card,Paid,09-02-2025
4796,4796,Debit Card,Refunded,19-12-2024
4797,4797,Debit Card,Refunded,06-02-2025
4798,4798,COD,Refunded,05-05-2025
4799,4799,COD,Refunded,24-06-2025
4800,4800,UPI,Paid,11-11-2024
4801,4801,Credit Card,Paid,25-10-2024
4802,4802,Credit Card,Failed,08-12-2025
4803,4803,Net Banking,Refunded,03-04-2025
4804,4804,COD,Paid,28-02-2025
4805,4805,Net Banking,Failed,22-04-2024
4806,4806,Net Banking,Paid,26-09-2024
4807,4807,Debit Card,Paid,05-06-2024
4808,4808,Credit Card,Failed,19-09-2025
4809,4809,UPI,Refunded,18-03-2024
4810,4810,Credit Card,Refunded,15-08-2024
4811,4811,Debit Card,Paid,07-09-2025
4812,4812,UPI,Paid,17-05-2025
4813,4813,Net Banking,Refunded,02-09-2024
4814,4814,UPI,Failed,27-11-2025
4815,4815,COD,Paid,02-03-2025
4816,4816,UPI,Paid,23-04-2025
4817,4817,Net Banking,Refunded,03-09-2024
4818,4818,COD,Refunded,13-01-2025
4819,4819,Debit Card,Refunded,27-01-2024
4820,4820,Net Banking,Refunded,06-05-2024
4821,4821,Credit Card,Failed,25-11-2025
4822,4822,COD,Paid,16-08-2025
4823,4823,COD,Refunded,29-05-2025
4824,4824,Net Banking,Refunded,01-06-2025
4825,4825,Debit Card,Paid,08-06-2025
4826,4826,Debit Card,Failed,21-08-2024
4827,4827,UPI,Refunded,07-05-2025
4828,4828,UPI,Refunded,16-05-2025
4829,4829,Net Banking,Refunded,03-03-2025
4830,4830,Debit Card,Paid,21-01-2025
4831,4831,Debit Card,Refunded,11-01-2024
4832,4832,Credit Card,Failed,14-10-2025
4833,4833,Net Banking,Failed,28-11-2024
4834,4834,UPI,Refunded,31-12-2025
4835,4835,COD,Refunded,15-08-2025
4836,4836,Credit Card,Failed,03-02-2024
4837,4837,Net Banking,Refunded,24-09-2024
4838,4838,Credit Card,Refunded,05-03-2024
4839,4839,COD,Paid,16-08-2025
4840,4840,Credit Card,Refunded,23-07-2025
4841,4841,UPI,Refunded,01-06-2025
4842,4842,Credit Card,Refunded,11-10-2024
4843,4843,COD,Paid,15-09-2025
4844,4844,Credit Card,Failed,16-01-2024
4845,4845,Debit Card,Paid,28-07-2024
4846,4846,Credit Card,Paid,14-12-2024
4847,4847,COD,Paid,30-01-2025
4848,4848,UPI,Paid,03-07-2024
4849,4849,Debit Card,Refunded,06-11-2024
4850,4850,UPI,Refunded,05-07-2025
4851,4851,Credit Card,Paid,26-02-2024
4852,4852,UPI,Failed,13-10-2025
4853,4853,Credit Card,Failed,11-03-2025
4854,4854,COD,Failed,16-04-2025
4855,4855,Net Banking,Refunded,12-02-2024
4856,4856,Debit Card,Failed,29-09-2025
4857,4857,UPI,Failed,16-07-2024
4858,4858,Credit Card,Failed,17-08-2025
4859,4859,COD,Failed,19-03-2025
4860,4860,UPI,Failed,16-11-2025
4861,4861,UPI,Refunded,11-12-2024
4862,4862,Net Banking,Refunded,21-03-2024
4863,4863,Credit Card,Failed,20-03-2024
4864,4864,UPI,Paid,02-04-2025
4865,4865,Net Banking,Failed,22-03-2024
4866,4866,Net Banking,Paid,23-05-2024
4867,4867,UPI,Paid,05-01-2024
4868,4868,Debit Card,Paid,27-05-2025
4869,4869,Net Banking,Refunded,23-11-2025
4870,4870,Debit Card,Paid,13-01-2025
4871,4871,Debit Card,Paid,09-02-2024
4872,4872,Net Banking,Refunded,31-01-2025
4873,4873,UPI,Failed,08-04-2024
4874,4874,COD,Failed,01-05-2024
4875,4875,Net Banking,Failed,29-10-2024
4876,4876,Credit Card,Failed,03-07-2025
4877,4877,Credit Card,Paid,12-10-2025
4878,4878,Credit Card,Failed,17-12-2025
4879,4879,COD,Refunded,07-09-2025
4880,4880,Credit Card,Paid,10-03-2024
4881,4881,Net Banking,Failed,31-08-2024
4882,4882,Debit Card,Paid,06-10-2025
4883,4883,Credit Card,Failed,17-02-2025
4884,4884,Net Banking,Paid,31-12-2025
4885,4885,UPI,Refunded,10-04-2025
4886,4886,UPI,Paid,21-07-2025
4887,4887,COD,Failed,11-05-2024
4888,4888,UPI,Paid,01-02-2025
4889,4889,Net Banking,Paid,12-10-2024
4890,4890,UPI,Refunded,29-07-2025
4891,4891,UPI,Paid,09-08-2025
4892,4892,UPI,Paid,15-06-2024
4893,4893,Net Banking,Failed,16-07-2025
4894,4894,Net Banking,Refunded,28-02-2024
4895,4895,UPI,Failed,05-05-2025
4896,4896,Debit Card,Paid,11-10-2024
4897,4897,Net Banking,Failed,24-01-2025
4898,4898,COD,Refunded,21-05-2024
4899,4899,Credit Card,Refunded,22-08-2025
4900,4900,UPI,Refunded,29-11-2025
4901,4901,Credit Card,Refunded,17-03-2025
4902,4902,Credit Card,Paid,03-01-2025
4903,4903,Net Banking,Refunded,28-02-2024
4904,4904,Credit Card,Failed,09-01-2025
4905,4905,Debit Card,Paid,23-07-2024
4906,4906,UPI,Refunded,10-12-2024
4907,4907,UPI,Failed,30-01-2024
4908,4908,UPI,Refunded,31-03-2025
4909,4909,Debit Card,Refunded,22-04-2025
4910,4910,Net Banking,Paid,01-06-2024
4911,4911,UPI,Paid,15-11-2024
4912,4912,Debit Card,Failed,14-04-2025
4913,4913,COD,Paid,16-02-2025
4914,4914,COD,Failed,10-03-2025
4915,4915,Net Banking,Paid,14-04-2024
4916,4916,Debit Card,Failed,25-08-2025
4917,4917,Debit Card,Refunded,19-08-2024
4918,4918,COD,Paid,24-03-2025
4919,4919,Credit Card,Refunded,25-06-2024
4920,4920,Credit Card,Failed,12-07-2025
4921,4921,Net Banking,Refunded,04-02-2024
4922,4922,COD,Refunded,11-08-2025
4923,4923,UPI,Refunded,23-02-2024
4924,4924,Debit Card,Paid,28-05-2024
4925,4925,COD,Refunded,15-06-2024
4926,4926,Credit Card,Refunded,21-12-2024
4927,4927,COD,Refunded,02-12-2024
4928,4928,Net Banking,Failed,08-04-2025
4929,4929,Net Banking,Paid,07-01-2024
4930,4930,COD,Refunded,04-03-2025
4931,4931,Debit Card,Failed,04-12-2025
4932,4932,COD,Paid,03-01-2024
4933,4933,Debit Card,Failed,25-04-2024
4934,4934,UPI,Refunded,07-10-2024
4935,4935,UPI,Failed,20-04-2025
4936,4936,COD,Failed,08-02-2024
4937,4937,COD,Paid,11-08-2025
4938,4938,Debit Card,Paid,29-10-2024
4939,4939,Debit Card,Failed,06-05-2024
4940,4940,Credit Card,Refunded,17-08-2025
4941,4941,Debit Card,Failed,05-01-2024
4942,4942,COD,Refunded,29-11-2025
4943,4943,UPI,Failed,12-04-2025
4944,4944,Credit Card,Refunded,23-08-2024
4945,4945,Net Banking,Paid,12-04-2025
4946,4946,Debit Card,Failed,22-04-2024
4947,4947,UPI,Paid,12-10-2025
4948,4948,Net Banking,Paid,02-09-2024
4949,4949,Credit Card,Failed,28-07-2024
4950,4950,UPI,Paid,17-02-2025
4951,4951,Net Banking,Refunded,15-06-2025
4952,4952,UPI,Paid,10-08-2024
4953,4953,Net Banking,Paid,17-10-2025
4954,4954,Debit Card,Failed,31-12-2024
4955,4955,Debit Card,Failed,26-01-2024
4956,4956,Net Banking,Refunded,10-08-2024
4957,4957,Net Banking,Refunded,20-04-2024
4958,4958,Debit Card,Paid,16-07-2025
4959,4959,UPI,Failed,30-03-2024
4960,4960,UPI,Failed,16-09-2025
4961,4961,Debit Card,Refunded,03-03-2024
4962,4962,Debit Card,Paid,12-07-2024
4963,4963,Net Banking,Paid,23-01-2025
4964,4964,Debit Card,Refunded,28-01-2024
4965,4965,Credit Card,Paid,07-11-2025
4966,4966,Net Banking,Failed,03-12-2025
4967,4967,UPI,Paid,04-10-2025
4968,4968,Net Banking,Paid,14-04-2024
4969,4969,UPI,Failed,15-03-2024
4970,4970,COD,Refunded,08-01-2024
4971,4971,Net Banking,Refunded,02-05-2025
4972,4972,UPI,Refunded,09-10-2024
4973,4973,Net Banking,Paid,04-09-2024
4974,4974,UPI,Refunded,17-08-2025
4975,4975,Net Banking,Refunded,19-04-2024
4976,4976,Credit Card,Refunded,21-05-2025
4977,4977,UPI,Paid,30-11-2025
4978,4978,Net Banking,Paid,18-05-2025
4979,4979,COD,Paid,16-09-2024
4980,4980,Debit Card,Paid,17-07-2025
4981,4981,COD,Failed,17-02-2025
4982,4982,COD,Refunded,15-12-2024
4983,4983,Credit Card,Refunded,22-06-2025
4984,4984,Credit Card,Paid,17-08-2024
4985,4985,COD,Refunded,10-11-2024
4986,4986,COD,Failed,03-06-2024
4987,4987,Net Banking,Refunded,04-06-2025
4988,4988,UPI,Paid,04-07-2025
4989,4989,UPI,Failed,09-10-2025
4990,4990,UPI,Refunded,04-01-2024
4991,4991,Net Banking,Paid,31-03-2025
4992,4992,Credit Card,Refunded,30-01-2024
4993,4993,Credit Card,Refunded,07-12-2025
4994,4994,COD,Refunded,22-01-2025
4995,4995,Credit Card,Failed,04-01-2024
4996,4996,UPI,Refunded,14-08-2024
4997,4997,Net Banking,Paid,03-08-2024
4998,4998,Credit Card,Failed,15-05-2024
4999,4999,Net Banking,Refunded,10-03-2025
5000,5000,COD,Paid,30-03-2024
5001,5001,Net Banking,Paid,14-01-2024
5002,5002,Credit Card,Paid,15-02-2025
5003,5003,Credit Card,Failed,12-05-2024
5004,5004,Credit Card,Paid,14-04-2025
5005,5005,Net Banking,Paid,22-01-2025
5006,5006,COD,Failed,03-03-2025
5007,5007,Debit Card,Failed,12-06-2024
5008,5008,COD,Paid,23-08-2024
5009,5009,UPI,Paid,08-08-2025
5010,5010,UPI,Refunded,05-06-2025
5011,5011,Net Banking,Paid,15-12-2024
5012,5012,COD,Refunded,12-05-2024
5013,5013,Debit Card,Failed,19-11-2024
5014,5014,COD,Paid,06-10-2024
5015,5015,Debit Card,Failed,02-10-2024
5016,5016,UPI,Refunded,17-12-2025
5017,5017,Debit Card,Paid,16-12-2024
5018,5018,Credit Card,Failed,22-07-2025
5019,5019,Credit Card,Refunded,07-12-2025
5020,5020,Credit Card,Refunded,21-07-2025
5021,5021,Debit Card,Refunded,01-02-2024
5022,5022,COD,Paid,01-03-2025
5023,5023,Credit Card,Paid,23-01-2025
5024,5024,Debit Card,Refunded,08-08-2025
5025,5025,COD,Paid,27-03-2025
5026,5026,COD,Failed,19-01-2024
5027,5027,Credit Card,Failed,24-12-2025
5028,5028,UPI,Paid,09-05-2025
5029,5029,COD,Refunded,06-06-2025
5030,5030,Debit Card,Failed,06-05-2024
5031,5031,Net Banking,Failed,17-12-2025
5032,5032,Net Banking,Refunded,30-05-2024
5033,5033,UPI,Paid,20-07-2025
5034,5034,UPI,Failed,01-05-2024
5035,5035,Debit Card,Refunded,07-04-2024
5036,5036,Debit Card,Paid,20-02-2024
5037,5037,UPI,Paid,27-10-2025
5038,5038,Credit Card,Paid,12-03-2025
5039,5039,COD,Refunded,28-11-2025
5040,5040,Credit Card,Failed,27-10-2024
5041,5041,UPI,Paid,25-03-2024
5042,5042,Debit Card,Refunded,28-08-2025
5043,5043,COD,Paid,04-02-2025
5044,5044,Debit Card,Refunded,08-06-2025
5045,5045,Credit Card,Failed,17-07-2025
5046,5046,Net Banking,Paid,07-08-2024
5047,5047,Debit Card,Refunded,31-10-2025
5048,5048,Credit Card,Paid,07-10-2024
5049,5049,Debit Card,Failed,31-05-2025
5050,5050,Debit Card,Failed,22-08-2025
5051,5051,COD,Paid,24-08-2025
5052,5052,Credit Card,Failed,13-12-2025
5053,5053,Debit Card,Paid,02-01-2024
5054,5054,Credit Card,Refunded,14-02-2024
5055,5055,COD,Paid,07-02-2025
5056,5056,Net Banking,Failed,05-04-2025
5057,5057,UPI,Refunded,05-10-2025
5058,5058,UPI,Refunded,23-11-2024
5059,5059,Net Banking,Failed,25-07-2024
5060,5060,Credit Card,Paid,29-02-2024
5061,5061,UPI,Paid,05-03-2024
5062,5062,COD,Paid,05-11-2024
5063,5063,COD,Refunded,05-09-2024
5064,5064,UPI,Failed,11-05-2025
5065,5065,Net Banking,Refunded,02-11-2025
5066,5066,COD,Paid,31-10-2025
5067,5067,COD,Failed,22-11-2024
5068,5068,Credit Card,Paid,05-06-2024
5069,5069,UPI,Failed,05-05-2024
5070,5070,UPI,Paid,07-11-2024
5071,5071,Debit Card,Paid,13-02-2024
5072,5072,COD,Refunded,04-11-2025
5073,5073,Debit Card,Refunded,26-03-2024
5074,5074,UPI,Refunded,19-05-2024
5075,5075,Debit Card,Failed,15-04-2024
5076,5076,Net Banking,Paid,27-05-2025
5077,5077,UPI,Failed,29-09-2025
5078,5078,Debit Card,Refunded,10-05-2024
5079,5079,Net Banking,Paid,11-06-2024
5080,5080,Net Banking,Paid,20-02-2024
5081,5081,Debit Card,Failed,28-08-2024
5082,5082,UPI,Failed,03-01-2025
5083,5083,Debit Card,Refunded,20-03-2024
5084,5084,COD,Refunded,03-04-2025
5085,5085,Credit Card,Refunded,31-07-2024
5086,5086,UPI,Failed,14-11-2025
5087,5087,UPI,Failed,16-06-2025
5088,5088,Credit Card,Failed,11-03-2024
5089,5089,Net Banking,Failed,17-03-2024
5090,5090,Credit Card,Failed,29-06-2024
5091,5091,Credit Card,Paid,10-07-2024
5092,5092,Net Banking,Paid,04-03-2025
5093,5093,COD,Refunded,04-06-2024
5094,5094,COD,Paid,05-02-2024
5095,5095,Net Banking,Paid,25-11-2024
5096,5096,COD,Paid,03-02-2024
5097,5097,COD,Failed,08-05-2025
5098,5098,Debit Card,Failed,04-12-2024
5099,5099,Debit Card,Failed,02-10-2025
5100,5100,Credit Card,Paid,24-07-2024
5101,5101,COD,Failed,07-09-2025
5102,5102,Net Banking,Paid,06-09-2025
5103,5103,Credit Card,Paid,31-12-2024
5104,5104,Debit Card,Paid,19-04-2025
5105,5105,UPI,Refunded,17-11-2024
5106,5106,Debit Card,Paid,13-12-2024
5107,5107,COD,Refunded,05-06-2025
5108,5108,COD,Failed,13-03-2024
5109,5109,UPI,Paid,20-07-2024
5110,5110,UPI,Paid,17-06-2024
5111,5111,Debit Card,Paid,15-06-2025
5112,5112,Credit Card,Refunded,06-10-2025
5113,5113,Net Banking,Failed,03-12-2024
5114,5114,Credit Card,Refunded,12-12-2025
5115,5115,UPI,Failed,03-08-2025
5116,5116,COD,Paid,08-02-2024
5117,5117,UPI,Paid,23-11-2024
5118,5118,COD,Failed,30-12-2025
5119,5119,Credit Card,Paid,27-12-2024
5120,5120,COD,Failed,12-07-2025
5121,5121,UPI,Refunded,15-09-2025
5122,5122,Debit Card,Refunded,24-09-2024
5123,5123,Credit Card,Paid,23-05-2024
5124,5124,Credit Card,Refunded,22-09-2024
5125,5125,Debit Card,Refunded,09-06-2025
5126,5126,Credit Card,Refunded,21-07-2024
5127,5127,Credit Card,Paid,11-04-2024
5128,5128,Debit Card,Refunded,01-09-2024
5129,5129,Net Banking,Failed,17-12-2024
5130,5130,COD,Refunded,03-11-2024
5131,5131,Debit Card,Failed,21-02-2024
5132,5132,Credit Card,Failed,06-12-2024
5133,5133,COD,Paid,28-02-2025
5134,5134,UPI,Refunded,12-01-2024
5135,5135,Debit Card,Paid,17-07-2024
5136,5136,Credit Card,Refunded,09-05-2024
5137,5137,COD,Paid,29-06-2025
5138,5138,Net Banking,Paid,19-01-2025
5139,5139,Credit Card,Refunded,07-10-2024
5140,5140,Credit Card,Failed,29-03-2025
5141,5141,Debit Card,Refunded,20-11-2025
5142,5142,Credit Card,Refunded,24-03-2025
5143,5143,Debit Card,Failed,25-10-2024
5144,5144,Debit Card,Failed,12-10-2025
5145,5145,Credit Card,Refunded,26-08-2025
5146,5146,Debit Card,Refunded,17-01-2025
5147,5147,Debit Card,Paid,29-08-2025
5148,5148,Debit Card,Refunded,20-06-2024
5149,5149,Credit Card,Failed,14-04-2025
5150,5150,UPI,Paid,20-07-2024
5151,5151,UPI,Refunded,26-03-2024
5152,5152,Debit Card,Failed,18-07-2024
5153,5153,UPI,Paid,22-03-2024
5154,5154,Credit Card,Refunded,30-04-2025
5155,5155,UPI,Paid,15-09-2024
5156,5156,UPI,Refunded,16-05-2025
5157,5157,Net Banking,Refunded,09-05-2024
5158,5158,Debit Card,Failed,13-01-2024
5159,5159,UPI,Paid,26-04-2024
5160,5160,Net Banking,Refunded,12-12-2024
5161,5161,COD,Paid,25-10-2024
5162,5162,Debit Card,Refunded,27-10-2025
5163,5163,Net Banking,Refunded,06-02-2025
5164,5164,Credit Card,Paid,21-09-2024
5165,5165,Net Banking,Paid,14-01-2025
5166,5166,Net Banking,Paid,14-06-2024
5167,5167,COD,Refunded,08-05-2025
5168,5168,UPI,Failed,16-08-2025
5169,5169,Credit Card,Refunded,15-04-2025
5170,5170,Net Banking,Paid,20-05-2024
5171,5171,Net Banking,Failed,08-08-2025
5172,5172,Credit Card,Refunded,20-10-2024
5173,5173,Net Banking,Failed,30-08-2024
5174,5174,Net Banking,Refunded,10-04-2024
5175,5175,COD,Refunded,26-02-2025
5176,5176,Net Banking,Failed,12-01-2025
5177,5177,Credit Card,Paid,07-09-2025
5178,5178,UPI,Refunded,10-12-2024
5179,5179,Debit Card,Paid,19-11-2024
5180,5180,COD,Paid,05-11-2025
5181,5181,Debit Card,Refunded,24-01-2025
5182,5182,Credit Card,Paid,16-12-2024
5183,5183,Credit Card,Failed,25-08-2024
5184,5184,Net Banking,Paid,29-01-2024
5185,5185,Net Banking,Refunded,18-08-2025
5186,5186,UPI,Refunded,06-01-2025
5187,5187,Net Banking,Paid,08-12-2024
5188,5188,Net Banking,Refunded,05-03-2025
5189,5189,COD,Refunded,30-05-2024
5190,5190,Net Banking,Refunded,05-11-2024
5191,5191,COD,Refunded,26-05-2025
5192,5192,UPI,Failed,14-04-2024
5193,5193,Net Banking,Paid,18-10-2025
5194,5194,Credit Card,Failed,28-11-2025
5195,5195,UPI,Paid,14-11-2024
5196,5196,Debit Card,Paid,04-01-2024
5197,5197,COD,Failed,12-11-2024
5198,5198,Credit Card,Failed,06-02-2024
5199,5199,Net Banking,Refunded,20-10-2024
5200,5200,Credit Card,Paid,23-01-2025
5201,5201,COD,Failed,04-09-2024
5202,5202,Credit Card,Paid,07-12-2024
5203,5203,Debit Card,Refunded,05-06-2024
5204,5204,UPI,Refunded,10-08-2024
5205,5205,UPI,Failed,22-05-2025
5206,5206,Debit Card,Paid,26-01-2024
5207,5207,Debit Card,Paid,29-01-2025
5208,5208,Net Banking,Paid,17-10-2024
5209,5209,Credit Card,Paid,26-03-2024
5210,5210,Debit Card,Refunded,22-01-2024
5211,5211,Credit Card,Paid,31-08-2025
5212,5212,COD,Refunded,16-01-2025
5213,5213,Net Banking,Paid,12-11-2024
5214,5214,UPI,Failed,15-04-2025
5215,5215,Debit Card,Refunded,06-02-2025
5216,5216,Credit Card,Refunded,08-03-2024
5217,5217,UPI,Failed,11-07-2025
5218,5218,Credit Card,Paid,24-09-2024
5219,5219,Debit Card,Refunded,04-03-2024
5220,5220,COD,Failed,16-11-2024
5221,5221,Debit Card,Paid,22-04-2025
5222,5222,UPI,Failed,07-02-2025
5223,5223,Net Banking,Refunded,21-09-2025
5224,5224,Credit Card,Failed,30-12-2025
5225,5225,Credit Card,Refunded,31-05-2025
5226,5226,Credit Card,Failed,26-06-2025
5227,5227,Net Banking,Paid,25-01-2024
5228,5228,Debit Card,Failed,26-05-2025
5229,5229,COD,Paid,08-05-2024
5230,5230,Credit Card,Failed,19-01-2024
5231,5231,COD,Failed,30-08-2025
5232,5232,Net Banking,Refunded,24-08-2025
5233,5233,Net Banking,Refunded,27-06-2025
5234,5234,Net Banking,Paid,07-09-2024
5235,5235,COD,Refunded,04-02-2024
5236,5236,UPI,Failed,09-07-2024
5237,5237,Debit Card,Refunded,20-02-2025
5238,5238,Credit Card,Failed,11-03-2025
5239,5239,COD,Failed,09-09-2025
5240,5240,UPI,Refunded,02-06-2025
5241,5241,UPI,Paid,07-04-2024
5242,5242,Credit Card,Paid,05-09-2025
5243,5243,Credit Card,Refunded,31-08-2025
5244,5244,Credit Card,Paid,04-12-2025
5245,5245,COD,Refunded,13-07-2024
5246,5246,UPI,Failed,17-06-2025
5247,5247,Debit Card,Failed,15-01-2025
5248,5248,Debit Card,Paid,17-07-2025
5249,5249,Debit Card,Refunded,13-02-2025
5250,5250,Net Banking,Paid,09-12-2024
5251,5251,Debit Card,Failed,02-07-2025
5252,5252,Credit Card,Paid,01-04-2024
5253,5253,Debit Card,Failed,03-05-2024
5254,5254,Debit Card,Paid,23-08-2024
5255,5255,UPI,Refunded,27-03-2025
5256,5256,Net Banking,Refunded,02-04-2024
5257,5257,Credit Card,Failed,09-05-2025
5258,5258,Credit Card,Refunded,27-09-2025
5259,5259,COD,Paid,14-11-2024
5260,5260,COD,Paid,25-08-2024
5261,5261,COD,Failed,15-12-2024
5262,5262,COD,Paid,19-04-2024
5263,5263,Net Banking,Paid,17-10-2025
5264,5264,COD,Failed,24-06-2024
5265,5265,Net Banking,Failed,23-09-2025
5266,5266,Net Banking,Failed,21-09-2025
5267,5267,COD,Refunded,05-06-2024
5268,5268,Debit Card,Failed,29-08-2024
5269,5269,Credit Card,Refunded,30-08-2024
5270,5270,Credit Card,Paid,02-12-2025
5271,5271,Credit Card,Failed,12-07-2024
5272,5272,COD,Paid,05-10-2024
5273,5273,UPI,Refunded,13-09-2024
5274,5274,UPI,Paid,03-11-2025
5275,5275,Net Banking,Refunded,04-11-2025
5276,5276,Net Banking,Refunded,01-11-2024
5277,5277,Credit Card,Refunded,29-04-2025
5278,5278,Credit Card,Failed,28-01-2024
5279,5279,COD,Paid,19-11-2025
5280,5280,Net Banking,Paid,09-09-2025
5281,5281,Net Banking,Failed,04-05-2024
5282,5282,Net Banking,Failed,29-01-2024
5283,5283,COD,Refunded,01-10-2024
5284,5284,COD,Refunded,19-04-2025
5285,5285,Net Banking,Failed,31-03-2024
5286,5286,UPI,Refunded,03-09-2025
5287,5287,COD,Paid,02-12-2025
5288,5288,COD,Paid,20-04-2025
5289,5289,Debit Card,Failed,06-12-2025
5290,5290,Net Banking,Failed,17-08-2025
5291,5291,Debit Card,Refunded,25-12-2024
5292,5292,COD,Refunded,20-06-2024
5293,5293,UPI,Refunded,29-11-2025
5294,5294,Net Banking,Refunded,04-10-2025
5295,5295,Debit Card,Paid,18-07-2025
5296,5296,Debit Card,Failed,20-09-2024
5297,5297,COD,Paid,16-07-2024
5298,5298,UPI,Refunded,11-09-2024
5299,5299,Credit Card,Refunded,07-01-2024
5300,5300,Debit Card,Paid,08-04-2025
5301,5301,Credit Card,Paid,27-04-2025
5302,5302,COD,Refunded,16-09-2025
5303,5303,UPI,Refunded,26-10-2024
5304,5304,UPI,Failed,01-12-2025
5305,5305,Net Banking,Failed,15-09-2025
5306,5306,Net Banking,Failed,14-02-2025
5307,5307,UPI,Failed,17-05-2024
5308,5308,Net Banking,Refunded,25-08-2025
5309,5309,UPI,Refunded,02-03-2024
5310,5310,Debit Card,Refunded,10-11-2025
5311,5311,COD,Paid,29-10-2025
5312,5312,Net Banking,Failed,17-08-2025
5313,5313,COD,Refunded,06-04-2025
5314,5314,Net Banking,Paid,16-08-2024
5315,5315,UPI,Paid,24-08-2025
5316,5316,Debit Card,Paid,14-05-2024
5317,5317,UPI,Refunded,22-03-2025
5318,5318,COD,Paid,07-02-2025
5319,5319,COD,Paid,17-03-2025
5320,5320,COD,Refunded,05-07-2024
5321,5321,UPI,Paid,05-03-2024
5322,5322,Credit Card,Failed,13-03-2025
5323,5323,UPI,Paid,11-02-2025
5324,5324,UPI,Refunded,12-07-2025
5325,5325,Net Banking,Failed,08-09-2025
5326,5326,Debit Card,Refunded,30-10-2025
5327,5327,Net Banking,Failed,01-11-2025
5328,5328,Credit Card,Refunded,19-04-2024
5329,5329,Debit Card,Failed,24-05-2024
5330,5330,Net Banking,Paid,08-12-2025
5331,5331,Debit Card,Refunded,22-08-2025
5332,5332,Net Banking,Refunded,25-11-2024
5333,5333,UPI,Refunded,26-08-2025
5334,5334,Debit Card,Failed,25-12-2024
5335,5335,Net Banking,Failed,09-02-2025
5336,5336,UPI,Failed,29-07-2025
5337,5337,Credit Card,Refunded,14-11-2025
5338,5338,COD,Paid,22-12-2024
5339,5339,Credit Card,Refunded,21-03-2024
5340,5340,UPI,Paid,24-08-2025
5341,5341,Credit Card,Refunded,14-03-2024
5342,5342,UPI,Failed,15-10-2024
5343,5343,Credit Card,Failed,15-11-2024
5344,5344,COD,Refunded,14-07-2025
5345,5345,Net Banking,Failed,20-10-2025
5346,5346,Net Banking,Refunded,04-02-2024
5347,5347,Net Banking,Refunded,23-07-2024
5348,5348,UPI,Paid,25-09-2024
5349,5349,Debit Card,Failed,07-09-2025
5350,5350,COD,Refunded,18-10-2025
5351,5351,Net Banking,Refunded,19-07-2025
5352,5352,Credit Card,Paid,05-04-2025
5353,5353,UPI,Failed,15-11-2025
5354,5354,Net Banking,Refunded,30-05-2024
5355,5355,Credit Card,Refunded,11-05-2024
5356,5356,Net Banking,Failed,04-01-2025
5357,5357,COD,Paid,20-11-2024
5358,5358,COD,Failed,15-11-2024
5359,5359,Net Banking,Failed,03-04-2025
5360,5360,Debit Card,Paid,25-10-2025
5361,5361,Credit Card,Refunded,28-08-2025
5362,5362,Net Banking,Paid,21-07-2024
5363,5363,Debit Card,Refunded,23-07-2025
5364,5364,Net Banking,Refunded,20-11-2024
5365,5365,UPI,Failed,24-03-2024
5366,5366,UPI,Paid,02-07-2025
5367,5367,Debit Card,Paid,05-03-2025
5368,5368,COD,Paid,31-08-2025
5369,5369,COD,Paid,06-02-2025
5370,5370,COD,Refunded,15-07-2025
5371,5371,UPI,Paid,04-09-2025
5372,5372,Net Banking,Failed,30-09-2025
5373,5373,COD,Paid,30-06-2025
5374,5374,Net Banking,Failed,26-07-2024
5375,5375,Net Banking,Paid,25-05-2025
5376,5376,Net Banking,Refunded,18-12-2025
5377,5377,Debit Card,Failed,17-04-2024
5378,5378,COD,Paid,14-11-2024
5379,5379,COD,Failed,08-12-2024
5380,5380,Net Banking,Failed,28-01-2025
5381,5381,Debit Card,Paid,19-01-2024
5382,5382,Credit Card,Refunded,29-06-2024
5383,5383,Net Banking,Paid,29-05-2024
5384,5384,Net Banking,Failed,01-06-2024
5385,5385,COD,Paid,14-12-2025
5386,5386,Debit Card,Refunded,05-06-2025
5387,5387,UPI,Paid,08-10-2025
5388,5388,COD,Paid,25-08-2025
5389,5389,COD,Refunded,14-01-2024
5390,5390,COD,Paid,02-01-2024
5391,5391,Credit Card,Refunded,01-02-2025
5392,5392,UPI,Refunded,28-05-2024
5393,5393,Debit Card,Paid,16-02-2024
5394,5394,Debit Card,Paid,07-01-2024
5395,5395,Net Banking,Refunded,10-01-2024
5396,5396,Debit Card,Paid,03-03-2024
5397,5397,Credit Card,Failed,01-12-2024
5398,5398,Debit Card,Paid,11-08-2024
5399,5399,COD,Failed,04-05-2024
5400,5400,Credit Card,Refunded,25-09-2025
5401,5401,Net Banking,Paid,11-03-2024
5402,5402,COD,Paid,25-04-2024
5403,5403,UPI,Paid,08-05-2024
5404,5404,Debit Card,Refunded,21-03-2025
5405,5405,Debit Card,Failed,13-07-2024
5406,5406,Credit Card,Paid,17-12-2024
5407,5407,Credit Card,Refunded,06-05-2025
5408,5408,Net Banking,Refunded,04-12-2024
5409,5409,COD,Refunded,10-08-2025
5410,5410,Net Banking,Paid,26-05-2024
5411,5411,Credit Card,Paid,28-07-2024
5412,5412,UPI,Refunded,04-05-2025
5413,5413,Net Banking,Paid,28-05-2024
5414,5414,Net Banking,Failed,22-06-2025
5415,5415,Debit Card,Paid,08-06-2024
5416,5416,UPI,Paid,08-10-2024
5417,5417,Debit Card,Refunded,19-07-2024
5418,5418,UPI,Paid,04-03-2025
5419,5419,UPI,Refunded,28-11-2024
5420,5420,COD,Paid,26-01-2024
5421,5421,Credit Card,Refunded,19-05-2024
5422,5422,Net Banking,Paid,09-08-2025
5423,5423,Net Banking,Failed,08-07-2024
5424,5424,UPI,Paid,06-05-2025
5425,5425,Debit Card,Refunded,25-08-2024
5426,5426,Net Banking,Paid,04-12-2024
5427,5427,COD,Failed,02-12-2024
5428,5428,Debit Card,Paid,05-02-2025
5429,5429,UPI,Failed,01-06-2025
5430,5430,Debit Card,Paid,20-01-2024
5431,5431,Net Banking,Paid,29-06-2024
5432,5432,UPI,Paid,02-09-2024
5433,5433,Net Banking,Paid,27-09-2025
5434,5434,COD,Refunded,18-02-2025
5435,5435,Net Banking,Refunded,16-10-2024
5436,5436,Net Banking,Refunded,13-10-2024
5437,5437,UPI,Paid,17-09-2025
5438,5438,COD,Refunded,28-09-2025
5439,5439,Net Banking,Refunded,25-01-2024
5440,5440,Credit Card,Refunded,06-02-2025
5441,5441,UPI,Failed,02-10-2025
5442,5442,Debit Card,Paid,08-04-2024
5443,5443,UPI,Paid,11-08-2025
5444,5444,COD,Failed,21-05-2024
5445,5445,COD,Refunded,22-09-2025
5446,5446,UPI,Paid,05-06-2025
5447,5447,Net Banking,Paid,28-09-2024
5448,5448,UPI,Refunded,22-08-2024
5449,5449,COD,Failed,21-03-2024
5450,5450,UPI,Failed,02-09-2024
5451,5451,COD,Paid,11-10-2025
5452,5452,Debit Card,Paid,26-12-2025
5453,5453,Credit Card,Refunded,29-09-2025
5454,5454,COD,Refunded,10-01-2025
5455,5455,UPI,Paid,14-04-2024
5456,5456,UPI,Paid,05-04-2024
5457,5457,Debit Card,Paid,15-03-2024
5458,5458,Credit Card,Failed,04-11-2024
5459,5459,Credit Card,Refunded,03-08-2025
5460,5460,COD,Paid,28-12-2025
5461,5461,Debit Card,Paid,09-07-2025
5462,5462,Debit Card,Refunded,28-06-2024
5463,5463,Credit Card,Refunded,02-01-2024
5464,5464,Net Banking,Paid,08-01-2025
5465,5465,UPI,Failed,08-12-2024
5466,5466,COD,Refunded,19-06-2025
5467,5467,Debit Card,Failed,26-09-2025
5468,5468,UPI,Paid,18-02-2025
5469,5469,Debit Card,Paid,22-04-2024
5470,5470,UPI,Paid,12-02-2025
5471,5471,Net Banking,Paid,31-05-2025
5472,5472,UPI,Failed,21-01-2025
5473,5473,Credit Card,Failed,19-08-2025
5474,5474,Debit Card,Paid,30-03-2024
5475,5475,COD,Refunded,14-04-2025
5476,5476,UPI,Paid,05-05-2025
5477,5477,COD,Failed,14-08-2025
5478,5478,UPI,Paid,10-05-2025
5479,5479,Credit Card,Paid,05-06-2025
5480,5480,Debit Card,Paid,12-07-2025
5481,5481,UPI,Paid,06-07-2024
5482,5482,Credit Card,Failed,23-02-2025
5483,5483,Debit Card,Paid,25-08-2024
5484,5484,COD,Failed,29-07-2024
5485,5485,Net Banking,Paid,23-03-2024
5486,5486,Credit Card,Refunded,23-08-2024
5487,5487,COD,Refunded,11-06-2024
5488,5488,UPI,Failed,26-06-2025
5489,5489,Net Banking,Refunded,07-10-2025
5490,5490,Debit Card,Refunded,16-02-2025
5491,5491,COD,Paid,23-10-2024
5492,5492,UPI,Paid,09-03-2025
5493,5493,UPI,Failed,22-08-2025
5494,5494,Debit Card,Failed,23-06-2024
5495,5495,Credit Card,Paid,28-03-2025
5496,5496,Credit Card,Paid,25-07-2025
5497,5497,Debit Card,Failed,28-03-2025
5498,5498,COD,Refunded,24-05-2024
5499,5499,Debit Card,Paid,17-08-2024
5500,5500,UPI,Paid,30-09-2024
5501,5501,Debit Card,Refunded,06-05-2024
5502,5502,Debit Card,Refunded,28-05-2025
5503,5503,UPI,Paid,17-11-2025
5504,5504,Net Banking,Failed,11-05-2025
5505,5505,Net Banking,Paid,31-07-2024
5506,5506,UPI,Refunded,10-12-2024
5507,5507,Credit Card,Failed,23-11-2025
5508,5508,Debit Card,Failed,18-01-2025
5509,5509,Credit Card,Failed,30-04-2025
5510,5510,Debit Card,Refunded,12-05-2025
5511,5511,COD,Refunded,17-12-2025
5512,5512,Credit Card,Failed,06-04-2025
5513,5513,COD,Refunded,09-04-2025
5514,5514,UPI,Paid,09-09-2025
5515,5515,Net Banking,Failed,25-02-2024
5516,5516,Credit Card,Failed,29-09-2024
5517,5517,UPI,Failed,16-06-2025
5518,5518,COD,Paid,17-02-2025
5519,5519,Net Banking,Failed,05-11-2024
5520,5520,UPI,Failed,24-01-2024
5521,5521,Credit Card,Failed,17-02-2025
5522,5522,UPI,Paid,18-09-2025
5523,5523,Net Banking,Failed,05-01-2024
5524,5524,Debit Card,Paid,08-11-2025
5525,5525,Credit Card,Failed,14-12-2025
5526,5526,Credit Card,Refunded,03-08-2025
5527,5527,Credit Card,Paid,15-11-2024
5528,5528,COD,Failed,05-04-2025
5529,5529,Credit Card,Refunded,04-07-2025
5530,5530,Credit Card,Paid,04-02-2025
5531,5531,UPI,Paid,15-09-2025
5532,5532,UPI,Refunded,05-12-2025
5533,5533,Net Banking,Paid,01-10-2025
5534,5534,UPI,Refunded,18-09-2024
5535,5535,Debit Card,Failed,24-05-2024
5536,5536,Debit Card,Failed,13-01-2025
5537,5537,UPI,Failed,16-09-2025
5538,5538,Net Banking,Paid,19-02-2025
5539,5539,Credit Card,Refunded,26-08-2025
5540,5540,Debit Card,Failed,12-07-2025
5541,5541,UPI,Refunded,21-11-2025
5542,5542,Credit Card,Failed,25-06-2025
5543,5543,Net Banking,Failed,20-10-2025
5544,5544,Net Banking,Failed,31-10-2024
5545,5545,Net Banking,Refunded,27-05-2025
5546,5546,Debit Card,Refunded,20-11-2025
5547,5547,Credit Card,Failed,17-11-2025
5548,5548,COD,Refunded,22-07-2024
5549,5549,COD,Refunded,19-02-2024
5550,5550,Credit Card,Paid,19-07-2024
5551,5551,Credit Card,Refunded,05-01-2024
5552,5552,Net Banking,Failed,18-04-2025
5553,5553,Credit Card,Failed,01-11-2025
5554,5554,COD,Refunded,09-01-2025
5555,5555,COD,Refunded,27-09-2025
5556,5556,Net Banking,Refunded,23-05-2024
5557,5557,COD,Refunded,14-04-2025
5558,5558,COD,Paid,09-11-2025
5559,5559,COD,Paid,01-09-2024
5560,5560,UPI,Paid,27-11-2025
5561,5561,UPI,Failed,13-02-2025
5562,5562,Credit Card,Refunded,01-02-2025
5563,5563,Net Banking,Failed,16-02-2024
5564,5564,UPI,Refunded,20-07-2024
5565,5565,COD,Refunded,21-03-2025
5566,5566,Credit Card,Paid,19-07-2025
5567,5567,Credit Card,Paid,28-12-2025
5568,5568,Net Banking,Refunded,06-08-2025
5569,5569,Debit Card,Refunded,19-12-2025
5570,5570,COD,Refunded,06-07-2025
5571,5571,UPI,Paid,08-06-2024
5572,5572,COD,Paid,28-02-2025
5573,5573,Credit Card,Failed,28-04-2024
5574,5574,Net Banking,Refunded,08-10-2025
5575,5575,Credit Card,Paid,03-02-2025
5576,5576,Net Banking,Refunded,25-06-2024
5577,5577,UPI,Refunded,20-12-2025
5578,5578,Credit Card,Failed,26-02-2025
5579,5579,COD,Paid,08-04-2024
5580,5580,Credit Card,Failed,29-12-2025
5581,5581,UPI,Failed,09-06-2024
5582,5582,COD,Paid,22-10-2024
5583,5583,COD,Refunded,06-11-2025
5584,5584,Credit Card,Paid,23-12-2024
5585,5585,Net Banking,Refunded,26-12-2025
5586,5586,UPI,Failed,10-09-2025
5587,5587,COD,Failed,23-12-2024
5588,5588,Net Banking,Failed,16-07-2024
5589,5589,COD,Refunded,06-01-2025
5590,5590,Credit Card,Refunded,29-11-2024
5591,5591,COD,Paid,08-04-2024
5592,5592,Debit Card,Failed,07-02-2025
5593,5593,Net Banking,Paid,29-01-2024
5594,5594,Credit Card,Refunded,11-03-2025
5595,5595,Debit Card,Paid,22-02-2024
5596,5596,UPI,Refunded,11-11-2025
5597,5597,Credit Card,Paid,14-07-2025
5598,5598,Net Banking,Paid,08-02-2024
5599,5599,Debit Card,Paid,22-01-2024
5600,5600,Net Banking,Refunded,04-06-2024
5601,5601,UPI,Failed,31-08-2024
5602,5602,Net Banking,Paid,23-01-2024
5603,5603,Net Banking,Failed,17-04-2025
5604,5604,Credit Card,Failed,29-05-2024
5605,5605,Credit Card,Failed,20-04-2025
5606,5606,Credit Card,Paid,09-07-2024
5607,5607,Credit Card,Paid,08-06-2025
5608,5608,UPI,Failed,09-03-2024
5609,5609,Net Banking,Failed,16-03-2024
5610,5610,COD,Failed,30-05-2025
5611,5611,Debit Card,Paid,12-10-2024
5612,5612,UPI,Failed,20-02-2024
5613,5613,UPI,Failed,22-09-2024
5614,5614,Net Banking,Refunded,27-02-2025
5615,5615,Credit Card,Refunded,28-04-2024
5616,5616,COD,Paid,21-12-2024
5617,5617,Credit Card,Failed,12-10-2025
5618,5618,COD,Refunded,08-05-2025
5619,5619,Net Banking,Paid,12-10-2025
5620,5620,Credit Card,Failed,20-04-2025
5621,5621,COD,Paid,24-06-2025
5622,5622,Debit Card,Paid,20-01-2024
5623,5623,Net Banking,Failed,28-09-2024
5624,5624,Debit Card,Paid,02-03-2024
5625,5625,UPI,Refunded,28-11-2024
5626,5626,UPI,Paid,17-06-2025
5627,5627,Debit Card,Refunded,27-02-2024
5628,5628,Credit Card,Paid,07-05-2025
5629,5629,Credit Card,Refunded,28-11-2025
5630,5630,Debit Card,Refunded,02-01-2025
5631,5631,Net Banking,Paid,16-12-2025
5632,5632,Credit Card,Refunded,03-06-2024
5633,5633,UPI,Refunded,05-02-2025
5634,5634,Credit Card,Refunded,18-01-2025
5635,5635,UPI,Refunded,26-07-2025
5636,5636,Net Banking,Paid,14-05-2024
5637,5637,UPI,Refunded,25-09-2024
5638,5638,UPI,Failed,22-06-2025
5639,5639,COD,Refunded,15-02-2025
5640,5640,Debit Card,Failed,03-08-2025
5641,5641,UPI,Paid,05-03-2024
5642,5642,Net Banking,Paid,21-03-2024
5643,5643,UPI,Paid,13-04-2025
5644,5644,Credit Card,Refunded,08-08-2025
5645,5645,Debit Card,Failed,27-02-2025
5646,5646,UPI,Paid,06-04-2025
5647,5647,Debit Card,Failed,27-03-2024
5648,5648,COD,Failed,10-08-2024
5649,5649,Credit Card,Refunded,10-06-2025
5650,5650,Credit Card,Failed,10-10-2024
5651,5651,Debit Card,Refunded,14-05-2024
5652,5652,Debit Card,Refunded,29-07-2025
5653,5653,UPI,Failed,07-11-2024
5654,5654,Debit Card,Failed,11-05-2025
5655,5655,COD,Refunded,15-12-2024
5656,5656,COD,Refunded,29-08-2024
5657,5657,Net Banking,Paid,14-05-2025
5658,5658,Debit Card,Refunded,26-04-2024
5659,5659,UPI,Refunded,27-06-2025
5660,5660,Net Banking,Refunded,19-11-2024
5661,5661,UPI,Paid,14-12-2024
5662,5662,Credit Card,Refunded,09-04-2025
5663,5663,Debit Card,Paid,29-01-2025
5664,5664,Net Banking,Refunded,22-01-2025
5665,5665,Credit Card,Failed,04-02-2024
5666,5666,Credit Card,Failed,09-03-2025
5667,5667,Net Banking,Paid,25-06-2024
5668,5668,Net Banking,Failed,16-08-2025
5669,5669,Debit Card,Failed,22-11-2025
5670,5670,Net Banking,Failed,16-07-2024
5671,5671,COD,Refunded,17-01-2024
5672,5672,Net Banking,Failed,07-04-2025
5673,5673,COD,Failed,04-09-2024
5674,5674,COD,Refunded,13-05-2024
5675,5675,Debit Card,Paid,01-10-2024
5676,5676,Debit Card,Paid,30-03-2025
5677,5677,Net Banking,Failed,26-02-2024
5678,5678,Debit Card,Failed,08-01-2024
5679,5679,COD,Paid,20-05-2024
5680,5680,UPI,Paid,09-01-2024
5681,5681,UPI,Paid,27-03-2024
5682,5682,Credit Card,Failed,21-10-2024
5683,5683,Net Banking,Failed,11-02-2025
5684,5684,Debit Card,Refunded,01-09-2024
5685,5685,UPI,Paid,07-07-2024
5686,5686,Net Banking,Failed,01-06-2025
5687,5687,COD,Refunded,14-01-2024
5688,5688,Net Banking,Failed,01-07-2025
5689,5689,Credit Card,Failed,20-06-2024
5690,5690,Credit Card,Refunded,09-08-2025
5691,5691,Net Banking,Paid,23-12-2025
5692,5692,COD,Refunded,19-01-2024
5693,5693,COD,Paid,08-05-2025
5694,5694,Debit Card,Paid,27-06-2025
5695,5695,COD,Paid,27-08-2025
5696,5696,Credit Card,Failed,22-10-2024
5697,5697,COD,Paid,30-09-2024
5698,5698,Credit Card,Paid,26-03-2024
5699,5699,Credit Card,Refunded,28-08-2024
5700,5700,Debit Card,Paid,08-10-2024
5701,5701,Credit Card,Failed,07-11-2025
5702,5702,Net Banking,Refunded,17-09-2024
5703,5703,Credit Card,Refunded,20-01-2024
5704,5704,COD,Paid,21-10-2025
5705,5705,COD,Refunded,30-10-2025
5706,5706,Debit Card,Failed,11-04-2025
5707,5707,Credit Card,Failed,31-01-2025
5708,5708,UPI,Refunded,11-06-2024
5709,5709,COD,Failed,25-10-2025
5710,5710,UPI,Failed,31-08-2025
5711,5711,Net Banking,Refunded,06-10-2024
5712,5712,Net Banking,Failed,03-08-2024
5713,5713,UPI,Refunded,16-10-2025
5714,5714,COD,Paid,05-04-2024
5715,5715,COD,Failed,16-04-2024
5716,5716,Debit Card,Paid,17-10-2025
5717,5717,UPI,Paid,09-11-2024
5718,5718,Net Banking,Paid,29-09-2024
5719,5719,Debit Card,Paid,03-07-2024
5720,5720,Net Banking,Paid,09-04-2025
5721,5721,Credit Card,Failed,04-03-2025
5722,5722,Net Banking,Paid,30-01-2025
5723,5723,Debit Card,Refunded,10-04-2025
5724,5724,Debit Card,Refunded,23-04-2025
5725,5725,COD,Refunded,17-04-2024
5726,5726,COD,Failed,12-01-2024
5727,5727,Net Banking,Failed,17-10-2025
5728,5728,COD,Paid,18-09-2025
5729,5729,UPI,Failed,13-08-2024
5730,5730,Debit Card,Paid,29-09-2025
5731,5731,COD,Failed,17-07-2024
5732,5732,Credit Card,Failed,29-05-2024
5733,5733,Debit Card,Refunded,10-11-2024
5734,5734,Debit Card,Failed,10-11-2024
5735,5735,Credit Card,Failed,13-06-2024
5736,5736,Debit Card,Refunded,06-08-2025
5737,5737,Debit Card,Failed,16-03-2025
5738,5738,Debit Card,Refunded,27-05-2025
5739,5739,Credit Card,Failed,20-08-2024
5740,5740,Net Banking,Paid,17-09-2025
5741,5741,Debit Card,Paid,03-05-2025
5742,5742,Net Banking,Refunded,10-10-2025
5743,5743,UPI,Failed,25-05-2025
5744,5744,UPI,Failed,04-12-2024
5745,5745,COD,Paid,26-05-2025
5746,5746,COD,Failed,29-05-2025
5747,5747,UPI,Refunded,13-10-2025
5748,5748,UPI,Failed,01-07-2025
5749,5749,Net Banking,Paid,21-03-2024
5750,5750,COD,Failed,26-04-2024
5751,5751,Debit Card,Paid,28-10-2025
5752,5752,Credit Card,Failed,21-09-2025
5753,5753,Credit Card,Paid,17-11-2024
5754,5754,UPI,Failed,12-01-2025
5755,5755,COD,Failed,05-02-2024
5756,5756,UPI,Failed,07-06-2025
5757,5757,Debit Card,Paid,03-01-2025
5758,5758,COD,Paid,19-09-2025
5759,5759,Debit Card,Failed,09-07-2025
5760,5760,Net Banking,Paid,27-09-2025
5761,5761,COD,Refunded,05-05-2024
5762,5762,Debit Card,Paid,16-05-2025
5763,5763,Net Banking,Paid,11-07-2024
5764,5764,UPI,Refunded,21-04-2024
5765,5765,Debit Card,Paid,16-04-2025
5766,5766,Debit Card,Paid,29-05-2024
5767,5767,UPI,Paid,03-02-2024
5768,5768,Credit Card,Refunded,29-07-2024
5769,5769,UPI,Failed,25-12-2025
5770,5770,UPI,Paid,29-07-2024
5771,5771,UPI,Failed,04-02-2025
5772,5772,Debit Card,Paid,08-04-2025
5773,5773,UPI,Failed,02-01-2024
5774,5774,Net Banking,Failed,17-05-2025
5775,5775,UPI,Failed,21-11-2024
5776,5776,Debit Card,Paid,03-08-2024
5777,5777,Net Banking,Failed,20-05-2024
5778,5778,Credit Card,Paid,26-10-2025
5779,5779,Debit Card,Paid,09-04-2024
5780,5780,Credit Card,Paid,29-05-2024
5781,5781,Credit Card,Failed,18-12-2025
5782,5782,UPI,Failed,11-05-2024
5783,5783,UPI,Refunded,02-12-2024
5784,5784,Credit Card,Refunded,15-11-2024
5785,5785,Debit Card,Paid,03-07-2025
5786,5786,UPI,Refunded,28-10-2025
5787,5787,UPI,Refunded,23-10-2025
5788,5788,Net Banking,Failed,01-08-2025
5789,5789,COD,Failed,09-07-2024
5790,5790,Credit Card,Paid,14-11-2024
5791,5791,COD,Refunded,09-03-2025
5792,5792,UPI,Failed,19-01-2025
5793,5793,Net Banking,Paid,07-10-2024
5794,5794,Net Banking,Paid,04-02-2025
5795,5795,UPI,Failed,13-07-2024
5796,5796,Debit Card,Refunded,07-07-2024
5797,5797,Credit Card,Refunded,23-09-2024
5798,5798,UPI,Failed,21-03-2024
5799,5799,COD,Refunded,04-11-2024
5800,5800,COD,Paid,25-05-2025
5801,5801,COD,Paid,20-07-2024
5802,5802,COD,Failed,15-04-2025
5803,5803,Credit Card,Failed,26-03-2025
5804,5804,COD,Paid,23-05-2024
5805,5805,UPI,Paid,01-04-2024
5806,5806,Net Banking,Refunded,04-01-2024
5807,5807,Credit Card,Refunded,21-05-2024
5808,5808,Debit Card,Refunded,27-04-2024
5809,5809,UPI,Failed,23-05-2024
5810,5810,COD,Failed,10-06-2025
5811,5811,COD,Failed,29-01-2025
5812,5812,Net Banking,Paid,06-04-2024
5813,5813,Credit Card,Refunded,08-04-2025
5814,5814,Debit Card,Failed,12-01-2024
5815,5815,Credit Card,Refunded,25-07-2025
5816,5816,Net Banking,Paid,20-06-2024
5817,5817,Credit Card,Failed,12-06-2025
5818,5818,COD,Refunded,09-03-2024
5819,5819,Net Banking,Failed,01-04-2025
5820,5820,Debit Card,Refunded,12-12-2024
5821,5821,UPI,Paid,01-01-2024
5822,5822,Debit Card,Refunded,11-12-2024
5823,5823,Credit Card,Paid,30-10-2025
5824,5824,Credit Card,Refunded,08-09-2025
5825,5825,Credit Card,Paid,07-07-2024
5826,5826,Debit Card,Failed,09-03-2024
5827,5827,Credit Card,Paid,21-06-2024
5828,5828,Net Banking,Failed,04-06-2024
5829,5829,UPI,Failed,02-06-2025
5830,5830,Credit Card,Failed,30-12-2025
5831,5831,Debit Card,Paid,28-02-2024
5832,5832,COD,Refunded,18-06-2025
5833,5833,Credit Card,Refunded,10-08-2025
5834,5834,UPI,Failed,13-01-2024
5835,5835,Net Banking,Paid,01-07-2025
5836,5836,COD,Paid,08-11-2025
5837,5837,UPI,Paid,11-12-2025
5838,5838,Net Banking,Paid,02-03-2025
5839,5839,UPI,Paid,02-01-2024
5840,5840,UPI,Paid,22-10-2024
5841,5841,Net Banking,Failed,21-03-2024
5842,5842,Net Banking,Failed,25-04-2025
5843,5843,Debit Card,Failed,05-07-2024
5844,5844,Net Banking,Paid,27-01-2025
5845,5845,UPI,Refunded,09-09-2024
5846,5846,Debit Card,Refunded,13-11-2024
5847,5847,COD,Failed,23-10-2024
5848,5848,Debit Card,Failed,05-12-2025
5849,5849,Net Banking,Refunded,01-05-2025
5850,5850,Credit Card,Paid,29-10-2024
5851,5851,COD,Refunded,15-09-2025
5852,5852,Net Banking,Refunded,01-11-2024
5853,5853,Debit Card,Refunded,16-04-2024
5854,5854,Net Banking,Paid,22-11-2024
5855,5855,Net Banking,Refunded,16-02-2025
5856,5856,Net Banking,Failed,23-05-2025
5857,5857,COD,Refunded,18-05-2024
5858,5858,Debit Card,Paid,25-10-2024
5859,5859,UPI,Paid,08-03-2024
5860,5860,Net Banking,Failed,07-07-2025
5861,5861,Credit Card,Failed,18-03-2024
5862,5862,Debit Card,Paid,21-07-2024
5863,5863,Credit Card,Refunded,05-06-2025
5864,5864,Debit Card,Failed,05-12-2024
5865,5865,COD,Refunded,07-11-2025
5866,5866,UPI,Paid,17-07-2024
5867,5867,Credit Card,Failed,30-04-2025
5868,5868,UPI,Paid,05-08-2025
5869,5869,UPI,Failed,14-04-2024
5870,5870,UPI,Refunded,04-12-2024
5871,5871,Debit Card,Refunded,15-05-2025
5872,5872,Debit Card,Refunded,28-11-2024
5873,5873,Credit Card,Paid,16-11-2025
5874,5874,UPI,Paid,03-11-2025
5875,5875,COD,Paid,10-08-2024
5876,5876,UPI,Failed,27-03-2025
5877,5877,COD,Refunded,03-01-2025
5878,5878,Credit Card,Refunded,23-09-2025
5879,5879,Credit Card,Paid,10-11-2024
5880,5880,UPI,Paid,24-01-2025
5881,5881,Debit Card,Failed,30-05-2024
5882,5882,UPI,Failed,22-03-2024
5883,5883,UPI,Refunded,01-10-2024
5884,5884,Debit Card,Refunded,03-07-2024
5885,5885,Credit Card,Failed,16-10-2025
5886,5886,Credit Card,Failed,02-01-2025
5887,5887,Debit Card,Failed,19-12-2025
5888,5888,Net Banking,Paid,13-11-2024
5889,5889,COD,Refunded,27-10-2024
5890,5890,COD,Refunded,27-05-2024
5891,5891,UPI,Paid,23-04-2025
5892,5892,Net Banking,Failed,04-10-2025
5893,5893,Debit Card,Failed,06-08-2025
5894,5894,Credit Card,Failed,10-01-2024
5895,5895,Credit Card,Refunded,08-03-2024
5896,5896,COD,Refunded,27-08-2024
5897,5897,COD,Refunded,02-07-2024
5898,5898,Net Banking,Refunded,19-09-2025
5899,5899,UPI,Paid,02-09-2025
5900,5900,Net Banking,Failed,13-10-2024
5901,5901,Debit Card,Failed,31-07-2025
5902,5902,COD,Paid,08-03-2025
5903,5903,Credit Card,Refunded,29-10-2024
5904,5904,COD,Paid,07-12-2024
5905,5905,Net Banking,Paid,29-07-2025
5906,5906,Debit Card,Paid,24-04-2024
5907,5907,Net Banking,Failed,25-11-2024
5908,5908,Net Banking,Paid,22-02-2024
5909,5909,Net Banking,Paid,25-01-2025
5910,5910,Net Banking,Refunded,18-05-2024
5911,5911,COD,Failed,18-01-2025
5912,5912,Net Banking,Failed,12-02-2025
5913,5913,UPI,Paid,11-09-2024
5914,5914,Debit Card,Paid,18-05-2025
5915,5915,Net Banking,Refunded,19-08-2024
5916,5916,Credit Card,Failed,08-08-2024
5917,5917,Net Banking,Failed,25-06-2024
5918,5918,Net Banking,Paid,25-03-2025
5919,5919,UPI,Paid,13-11-2025
5920,5920,COD,Failed,26-02-2025
5921,5921,Net Banking,Paid,28-06-2025
5922,5922,UPI,Refunded,10-11-2025
5923,5923,Credit Card,Failed,02-08-2024
5924,5924,Debit Card,Paid,29-11-2025
5925,5925,COD,Refunded,27-05-2025
5926,5926,Credit Card,Refunded,15-08-2025
5927,5927,COD,Paid,31-08-2025
5928,5928,Debit Card,Failed,11-01-2024
5929,5929,Debit Card,Refunded,18-04-2024
5930,5930,Credit Card,Refunded,01-12-2025
5931,5931,UPI,Failed,19-01-2025
5932,5932,COD,Refunded,18-05-2025
5933,5933,Net Banking,Failed,19-11-2025
5934,5934,COD,Refunded,20-06-2024
5935,5935,COD,Paid,01-04-2024
5936,5936,UPI,Paid,09-03-2024
5937,5937,Net Banking,Failed,13-06-2024
5938,5938,Net Banking,Failed,11-06-2024
5939,5939,Net Banking,Failed,16-05-2025
5940,5940,UPI,Failed,29-07-2025
5941,5941,Debit Card,Failed,04-05-2025
5942,5942,COD,Refunded,09-03-2024
5943,5943,Net Banking,Failed,10-10-2024
5944,5944,Net Banking,Refunded,18-03-2024
5945,5945,UPI,Paid,14-01-2025
5946,5946,Net Banking,Failed,16-05-2025
5947,5947,Credit Card,Paid,29-02-2024
5948,5948,Credit Card,Refunded,08-06-2025
5949,5949,Debit Card,Failed,03-07-2025
5950,5950,Credit Card,Failed,28-03-2025
5951,5951,Credit Card,Paid,05-12-2024
5952,5952,Net Banking,Failed,13-10-2024
5953,5953,UPI,Paid,14-07-2024
5954,5954,Credit Card,Paid,06-08-2025
5955,5955,UPI,Refunded,18-12-2025
5956,5956,COD,Refunded,19-12-2024
5957,5957,Debit Card,Failed,25-02-2024
5958,5958,UPI,Refunded,22-05-2024
5959,5959,Debit Card,Paid,03-02-2024
5960,5960,Debit Card,Paid,12-10-2025
5961,5961,COD,Refunded,27-02-2025
5962,5962,COD,Failed,29-04-2024
5963,5963,Debit Card,Refunded,24-03-2025
5964,5964,Credit Card,Failed,12-01-2025
5965,5965,Net Banking,Refunded,07-06-2025
5966,5966,Debit Card,Paid,11-03-2025
5967,5967,COD,Paid,12-10-2025
5968,5968,UPI,Failed,17-01-2025
5969,5969,Net Banking,Refunded,18-05-2024
5970,5970,UPI,Paid,21-01-2025
5971,5971,Debit Card,Refunded,28-05-2024
5972,5972,Debit Card,Refunded,29-11-2025
5973,5973,Net Banking,Failed,11-11-2025
5974,5974,Credit Card,Paid,16-08-2024
5975,5975,Net Banking,Refunded,17-04-2024
5976,5976,Net Banking,Failed,25-07-2024
5977,5977,COD,Failed,05-12-2025
5978,5978,Credit Card,Paid,05-03-2025
5979,5979,COD,Paid,12-01-2025
5980,5980,COD,Paid,07-03-2025
5981,5981,Debit Card,Paid,29-11-2024
5982,5982,Credit Card,Paid,10-09-2024
5983,5983,Net Banking,Failed,17-06-2024
5984,5984,Debit Card,Refunded,19-08-2025
5985,5985,Net Banking,Paid,22-11-2024
5986,5986,Debit Card,Refunded,04-07-2024
5987,5987,Credit Card,Paid,29-07-2024
5988,5988,COD,Paid,12-04-2024
5989,5989,UPI,Failed,14-04-2024
5990,5990,UPI,Paid,27-01-2024
5991,5991,Debit Card,Failed,07-05-2024
5992,5992,Net Banking,Refunded,27-10-2024
5993,5993,UPI,Refunded,06-05-2025
5994,5994,Credit Card,Refunded,11-08-2025
5995,5995,Credit Card,Failed,29-01-2025
5996,5996,COD,Refunded,11-02-2024
5997,5997,Credit Card,Failed,23-08-2024
5998,5998,Net Banking,Failed,09-09-2025
5999,5999,UPI,Paid,13-03-2025
6000,6000,UPI,Paid,01-08-2025
6001,6001,Net Banking,Paid,11-03-2025
6002,6002,COD,Failed,20-07-2025
6003,6003,Debit Card,Failed,21-08-2025
6004,6004,Debit Card,Paid,14-06-2025
6005,6005,Credit Card,Failed,09-01-2025
6006,6006,Debit Card,Failed,08-08-2024
6007,6007,Net Banking,Refunded,05-10-2025
6008,6008,Debit Card,Paid,01-06-2024
6009,6009,UPI,Refunded,25-11-2025
6010,6010,Credit Card,Paid,05-02-2025
6011,6011,COD,Failed,14-11-2025
6012,6012,Debit Card,Paid,29-03-2024
6013,6013,COD,Refunded,10-07-2025
6014,6014,Debit Card,Refunded,04-12-2025
6015,6015,UPI,Refunded,19-04-2024
6016,6016,COD,Refunded,19-05-2025
6017,6017,Net Banking,Paid,09-09-2024
6018,6018,Net Banking,Failed,28-09-2024
6019,6019,Net Banking,Refunded,21-04-2024
6020,6020,Debit Card,Refunded,08-07-2025
6021,6021,COD,Refunded,25-05-2024
6022,6022,Credit Card,Refunded,10-03-2024
6023,6023,Net Banking,Failed,24-09-2025
6024,6024,COD,Paid,23-07-2025
6025,6025,UPI,Refunded,21-12-2025
6026,6026,COD,Refunded,22-03-2024
6027,6027,COD,Refunded,14-12-2025
6028,6028,Debit Card,Refunded,20-03-2025
6029,6029,COD,Refunded,12-02-2025
6030,6030,Credit Card,Paid,14-05-2025
6031,6031,Net Banking,Failed,07-12-2024
6032,6032,COD,Failed,20-10-2025
6033,6033,Debit Card,Refunded,23-08-2025
6034,6034,COD,Refunded,19-07-2025
6035,6035,Net Banking,Refunded,23-12-2025
6036,6036,Debit Card,Failed,18-02-2024
6037,6037,Net Banking,Failed,21-03-2025
6038,6038,Net Banking,Refunded,18-11-2024
6039,6039,Credit Card,Paid,29-01-2025
6040,6040,UPI,Paid,08-04-2025
6041,6041,COD,Paid,27-04-2025
6042,6042,Debit Card,Refunded,13-05-2025
6043,6043,Net Banking,Paid,28-02-2025
6044,6044,Credit Card,Paid,20-11-2024
6045,6045,Net Banking,Refunded,18-03-2025
6046,6046,Net Banking,Paid,10-03-2025
6047,6047,Net Banking,Failed,15-08-2024
6048,6048,COD,Refunded,05-02-2024
6049,6049,Debit Card,Paid,11-03-2025
6050,6050,Credit Card,Refunded,02-04-2025
6051,6051,Net Banking,Refunded,05-10-2025
6052,6052,COD,Refunded,23-12-2025
6053,6053,COD,Failed,10-07-2025
6054,6054,COD,Paid,11-05-2024
6055,6055,Debit Card,Failed,20-02-2024
6056,6056,Debit Card,Paid,27-10-2025
6057,6057,Net Banking,Failed,06-01-2024
6058,6058,COD,Refunded,05-12-2025
6059,6059,UPI,Refunded,27-11-2024
6060,6060,COD,Failed,08-03-2025
6061,6061,Debit Card,Failed,03-01-2025
6062,6062,COD,Refunded,23-06-2024
6063,6063,Debit Card,Refunded,01-06-2025
6064,6064,UPI,Refunded,01-11-2025
6065,6065,Credit Card,Paid,24-04-2024
6066,6066,COD,Failed,01-09-2025
6067,6067,COD,Paid,14-08-2024
6068,6068,COD,Paid,22-02-2024
6069,6069,Net Banking,Refunded,20-02-2025
6070,6070,COD,Paid,14-12-2025
6071,6071,Debit Card,Paid,09-06-2024
6072,6072,Debit Card,Refunded,15-01-2025
6073,6073,COD,Refunded,07-05-2025
6074,6074,COD,Paid,12-04-2025
6075,6075,Debit Card,Paid,21-03-2025
6076,6076,Credit Card,Refunded,04-12-2024
6077,6077,Debit Card,Refunded,09-06-2025
6078,6078,Credit Card,Paid,29-06-2025
6079,6079,UPI,Refunded,24-02-2025
6080,6080,Net Banking,Failed,09-06-2025
6081,6081,COD,Failed,18-03-2024
6082,6082,UPI,Refunded,30-06-2025
6083,6083,UPI,Refunded,26-12-2024
6084,6084,Net Banking,Failed,15-04-2025
6085,6085,Debit Card,Failed,24-02-2025
6086,6086,UPI,Refunded,25-05-2025
6087,6087,Net Banking,Refunded,04-02-2025
6088,6088,Net Banking,Paid,08-05-2024
6089,6089,Credit Card,Refunded,25-11-2024
6090,6090,Credit Card,Paid,16-04-2024
6091,6091,Debit Card,Failed,14-10-2024
6092,6092,Credit Card,Refunded,08-11-2025
6093,6093,Credit Card,Paid,04-10-2024
6094,6094,Debit Card,Paid,01-07-2025
6095,6095,UPI,Refunded,03-02-2024
6096,6096,COD,Failed,18-05-2025
6097,6097,COD,Paid,15-03-2024
6098,6098,Net Banking,Failed,25-04-2024
6099,6099,COD,Refunded,20-06-2025
6100,6100,Debit Card,Refunded,07-07-2025
6101,6101,Credit Card,Paid,14-09-2025
6102,6102,Net Banking,Failed,17-01-2024
6103,6103,COD,Paid,20-04-2024
6104,6104,COD,Refunded,12-08-2025
6105,6105,UPI,Refunded,21-05-2025
6106,6106,Debit Card,Refunded,25-06-2024
6107,6107,COD,Paid,28-09-2024
6108,6108,UPI,Failed,05-01-2025
6109,6109,Net Banking,Failed,28-12-2025
6110,6110,Debit Card,Refunded,24-10-2025
6111,6111,Debit Card,Paid,09-12-2025
6112,6112,COD,Failed,26-04-2025
6113,6113,COD,Failed,14-11-2024
6114,6114,Net Banking,Refunded,21-11-2024
6115,6115,Credit Card,Refunded,12-06-2025
6116,6116,Credit Card,Refunded,02-10-2024
6117,6117,Credit Card,Failed,09-04-2025
6118,6118,UPI,Refunded,02-03-2025
6119,6119,COD,Paid,23-10-2025
6120,6120,UPI,Refunded,29-01-2024
6121,6121,Debit Card,Refunded,25-04-2024
6122,6122,UPI,Failed,28-03-2024
6123,6123,UPI,Failed,27-10-2025
6124,6124,COD,Refunded,17-12-2024
6125,6125,Credit Card,Paid,20-03-2024
6126,6126,Debit Card,Paid,21-05-2025
6127,6127,Debit Card,Refunded,29-05-2025
6128,6128,Credit Card,Paid,27-09-2025
6129,6129,Credit Card,Failed,05-01-2025
6130,6130,Debit Card,Paid,02-08-2025
6131,6131,Debit Card,Paid,18-02-2025
6132,6132,COD,Paid,16-12-2025
6133,6133,Credit Card,Paid,30-10-2024
6134,6134,Credit Card,Refunded,01-12-2024
6135,6135,Credit Card,Paid,18-04-2024
6136,6136,UPI,Failed,31-08-2025
6137,6137,COD,Refunded,11-05-2025
6138,6138,COD,Refunded,06-08-2024
6139,6139,Debit Card,Paid,29-06-2025
6140,6140,Credit Card,Refunded,06-09-2024
6141,6141,Net Banking,Refunded,09-11-2025
6142,6142,Debit Card,Refunded,29-05-2025
6143,6143,UPI,Failed,12-08-2024
6144,6144,UPI,Refunded,04-08-2025
6145,6145,UPI,Paid,20-02-2024
6146,6146,Credit Card,Failed,27-03-2024
6147,6147,Credit Card,Refunded,05-07-2024
6148,6148,Debit Card,Failed,08-06-2025
6149,6149,Credit Card,Paid,19-09-2024
6150,6150,UPI,Failed,26-08-2024
6151,6151,Net Banking,Refunded,10-12-2025
6152,6152,Net Banking,Paid,06-01-2025
6153,6153,COD,Refunded,06-03-2025
6154,6154,Credit Card,Paid,15-07-2024
6155,6155,Debit Card,Failed,28-12-2024
6156,6156,Net Banking,Paid,28-01-2024
6157,6157,UPI,Refunded,01-07-2024
6158,6158,COD,Refunded,08-03-2025
6159,6159,UPI,Refunded,13-06-2025
6160,6160,UPI,Refunded,01-06-2025
6161,6161,Net Banking,Paid,13-02-2024
6162,6162,UPI,Failed,03-05-2025
6163,6163,UPI,Refunded,01-02-2024
6164,6164,Net Banking,Refunded,14-02-2025
6165,6165,COD,Failed,10-08-2025
6166,6166,Debit Card,Refunded,15-05-2024
6167,6167,COD,Paid,18-09-2025
6168,6168,Debit Card,Paid,25-11-2024
6169,6169,Credit Card,Paid,16-11-2024
6170,6170,UPI,Refunded,09-05-2025
6171,6171,COD,Refunded,18-01-2025
6172,6172,UPI,Refunded,23-01-2024
6173,6173,UPI,Paid,30-04-2024
6174,6174,Credit Card,Paid,06-03-2024
6175,6175,Credit Card,Refunded,18-07-2025
6176,6176,Debit Card,Failed,16-10-2024
6177,6177,Debit Card,Paid,10-05-2025
6178,6178,Debit Card,Refunded,18-08-2025
6179,6179,UPI,Failed,24-01-2025
6180,6180,COD,Refunded,18-06-2024
6181,6181,Credit Card,Refunded,23-11-2025
6182,6182,Credit Card,Refunded,17-07-2025
6183,6183,Net Banking,Failed,20-12-2025
6184,6184,COD,Refunded,26-12-2024
6185,6185,UPI,Failed,28-03-2024
6186,6186,COD,Refunded,17-11-2024
6187,6187,Debit Card,Refunded,11-09-2025
6188,6188,Credit Card,Refunded,26-07-2024
6189,6189,Debit Card,Failed,01-12-2024
6190,6190,Debit Card,Failed,15-01-2025
6191,6191,Debit Card,Failed,19-04-2024
6192,6192,Credit Card,Failed,16-05-2024
6193,6193,UPI,Refunded,05-01-2025
6194,6194,COD,Failed,21-02-2024
6195,6195,COD,Refunded,10-12-2024
6196,6196,UPI,Refunded,19-07-2024
6197,6197,Debit Card,Failed,24-07-2025
6198,6198,Net Banking,Failed,06-03-2025
6199,6199,Credit Card,Refunded,30-12-2025
6200,6200,UPI,Failed,11-02-2024
6201,6201,Debit Card,Refunded,14-07-2024
6202,6202,COD,Paid,01-03-2024
6203,6203,Debit Card,Paid,31-03-2024
6204,6204,UPI,Failed,18-04-2024
6205,6205,Credit Card,Paid,10-06-2024
6206,6206,UPI,Refunded,09-12-2025
6207,6207,Net Banking,Failed,28-05-2025
6208,6208,Debit Card,Paid,20-06-2024
6209,6209,COD,Refunded,14-11-2025
6210,6210,Net Banking,Failed,08-06-2025
6211,6211,Net Banking,Failed,04-05-2024
6212,6212,Debit Card,Paid,14-05-2025
6213,6213,Credit Card,Refunded,30-08-2025
6214,6214,Credit Card,Paid,22-09-2025
6215,6215,UPI,Refunded,27-06-2024
6216,6216,COD,Refunded,08-09-2025
6217,6217,Debit Card,Paid,23-06-2025
6218,6218,COD,Paid,01-12-2025
6219,6219,Net Banking,Refunded,13-03-2024
6220,6220,Credit Card,Refunded,17-01-2024
6221,6221,UPI,Failed,01-05-2025
6222,6222,UPI,Paid,26-09-2024
6223,6223,Debit Card,Paid,08-02-2025
6224,6224,Credit Card,Failed,21-12-2025
6225,6225,Credit Card,Paid,29-12-2024
6226,6226,Credit Card,Refunded,24-01-2024
6227,6227,Credit Card,Paid,13-09-2025
6228,6228,COD,Failed,15-05-2025
6229,6229,Debit Card,Paid,25-02-2025
6230,6230,COD,Refunded,31-03-2024
6231,6231,UPI,Paid,26-08-2025
6232,6232,Credit Card,Failed,28-11-2025
6233,6233,Net Banking,Failed,14-09-2025
6234,6234,COD,Failed,09-10-2024
6235,6235,Debit Card,Refunded,03-02-2025
6236,6236,Net Banking,Refunded,29-02-2024
6237,6237,Net Banking,Paid,07-09-2025
6238,6238,UPI,Paid,03-04-2025
6239,6239,Credit Card,Refunded,28-02-2024
6240,6240,COD,Paid,18-06-2024
6241,6241,Net Banking,Refunded,24-03-2025
6242,6242,COD,Paid,24-02-2024
6243,6243,Credit Card,Failed,05-07-2025
6244,6244,Credit Card,Failed,19-07-2024
6245,6245,UPI,Failed,30-05-2024
6246,6246,Debit Card,Failed,20-08-2025
6247,6247,Net Banking,Paid,10-09-2024
6248,6248,Debit Card,Paid,14-01-2024
6249,6249,UPI,Failed,28-07-2024
6250,6250,Net Banking,Paid,07-09-2025
6251,6251,Credit Card,Failed,27-09-2024
6252,6252,Credit Card,Paid,26-06-2025
6253,6253,COD,Failed,05-07-2024
6254,6254,Net Banking,Refunded,30-04-2024
6255,6255,Debit Card,Failed,22-11-2024
6256,6256,COD,Failed,09-07-2025
6257,6257,COD,Paid,17-09-2025
6258,6258,Net Banking,Failed,01-08-2025
6259,6259,Credit Card,Refunded,17-01-2024
6260,6260,Net Banking,Paid,25-01-2025
6261,6261,Net Banking,Paid,27-05-2025
6262,6262,COD,Paid,16-10-2025
6263,6263,Debit Card,Failed,10-04-2025
6264,6264,UPI,Paid,03-08-2024
6265,6265,UPI,Paid,16-06-2024
6266,6266,Debit Card,Failed,07-12-2024
6267,6267,UPI,Failed,23-11-2025
6268,6268,COD,Failed,10-02-2025
6269,6269,Net Banking,Paid,28-01-2024
6270,6270,COD,Refunded,16-05-2024
6271,6271,COD,Failed,01-07-2025
6272,6272,COD,Failed,25-08-2025
6273,6273,Debit Card,Failed,07-01-2024
6274,6274,UPI,Paid,04-05-2025
6275,6275,Net Banking,Paid,27-04-2024
6276,6276,Net Banking,Paid,07-03-2024
6277,6277,Debit Card,Paid,04-12-2024
6278,6278,COD,Failed,07-11-2025
6279,6279,Credit Card,Paid,10-03-2024
6280,6280,Credit Card,Failed,10-02-2024
6281,6281,UPI,Refunded,04-12-2024
6282,6282,Net Banking,Refunded,16-07-2025
6283,6283,Debit Card,Refunded,27-01-2024
6284,6284,Net Banking,Refunded,08-07-2024
6285,6285,COD,Refunded,09-01-2024
6286,6286,Net Banking,Paid,06-03-2024
6287,6287,Debit Card,Failed,06-11-2024
6288,6288,Net Banking,Paid,10-11-2025
6289,6289,Credit Card,Refunded,31-07-2025
6290,6290,COD,Paid,31-10-2024
6291,6291,COD,Refunded,16-06-2025
6292,6292,Net Banking,Paid,06-12-2024
6293,6293,Credit Card,Paid,06-10-2025
6294,6294,Debit Card,Paid,25-11-2024
6295,6295,Net Banking,Refunded,09-12-2024
6296,6296,Debit Card,Paid,17-08-2025
6297,6297,Credit Card,Refunded,03-02-2025
6298,6298,UPI,Refunded,22-05-2025
6299,6299,Debit Card,Refunded,21-10-2024
6300,6300,COD,Refunded,23-06-2025
6301,6301,Net Banking,Failed,24-11-2025
6302,6302,Credit Card,Refunded,23-07-2025
6303,6303,Credit Card,Paid,07-05-2024
6304,6304,COD,Failed,02-11-2024
6305,6305,UPI,Paid,08-07-2024
6306,6306,Credit Card,Failed,11-02-2024
6307,6307,Credit Card,Refunded,22-02-2025
6308,6308,COD,Paid,29-03-2024
6309,6309,Credit Card,Refunded,12-04-2024
6310,6310,COD,Refunded,04-11-2024
6311,6311,Net Banking,Failed,06-02-2024
6312,6312,Net Banking,Failed,08-07-2024
6313,6313,UPI,Failed,29-01-2024
6314,6314,Debit Card,Refunded,24-09-2024
6315,6315,Net Banking,Failed,26-08-2024
6316,6316,Credit Card,Refunded,18-10-2024
6317,6317,Debit Card,Refunded,01-01-2025
6318,6318,COD,Paid,26-02-2025
6319,6319,Debit Card,Paid,23-04-2024
6320,6320,Credit Card,Failed,21-06-2025
6321,6321,UPI,Paid,28-05-2024
6322,6322,Debit Card,Failed,21-02-2024
6323,6323,Net Banking,Refunded,01-10-2025
6324,6324,Debit Card,Refunded,31-08-2024
6325,6325,UPI,Refunded,12-06-2025
6326,6326,Net Banking,Failed,07-05-2025
6327,6327,Debit Card,Refunded,13-01-2024
6328,6328,COD,Paid,19-04-2024
6329,6329,UPI,Paid,28-11-2025
6330,6330,Credit Card,Failed,09-10-2025
6331,6331,UPI,Failed,27-03-2024
6332,6332,COD,Failed,01-07-2024
6333,6333,COD,Paid,20-03-2025
6334,6334,Credit Card,Failed,24-02-2024
6335,6335,COD,Paid,02-11-2024
6336,6336,UPI,Failed,20-04-2024
6337,6337,UPI,Failed,19-04-2025
6338,6338,Debit Card,Refunded,05-06-2024
6339,6339,Net Banking,Refunded,20-11-2025
6340,6340,Net Banking,Paid,20-09-2024
6341,6341,COD,Failed,07-05-2024
6342,6342,Credit Card,Paid,29-02-2024
6343,6343,Net Banking,Paid,20-05-2025
6344,6344,Net Banking,Failed,26-12-2025
6345,6345,UPI,Failed,23-08-2024
6346,6346,Net Banking,Failed,16-10-2024
6347,6347,COD,Paid,26-11-2024
6348,6348,UPI,Refunded,26-09-2025
6349,6349,UPI,Paid,30-11-2024
6350,6350,COD,Failed,03-03-2025
6351,6351,Debit Card,Paid,02-11-2024
6352,6352,UPI,Failed,17-06-2025
6353,6353,UPI,Refunded,14-08-2024
6354,6354,Credit Card,Failed,13-12-2025
6355,6355,Credit Card,Paid,04-08-2025
6356,6356,Debit Card,Paid,13-10-2025
6357,6357,UPI,Failed,25-03-2025
6358,6358,Net Banking,Paid,11-11-2025
6359,6359,Net Banking,Failed,13-05-2024
6360,6360,Credit Card,Paid,03-03-2025
6361,6361,Net Banking,Paid,23-10-2024
6362,6362,COD,Failed,26-08-2024
6363,6363,Net Banking,Failed,13-09-2025
6364,6364,Debit Card,Paid,11-05-2025
6365,6365,Debit Card,Failed,03-06-2025
6366,6366,Net Banking,Paid,10-02-2024
6367,6367,Net Banking,Failed,27-12-2025
6368,6368,Debit Card,Refunded,06-02-2024
6369,6369,Credit Card,Refunded,24-12-2025
6370,6370,Credit Card,Failed,19-09-2025
6371,6371,UPI,Paid,07-09-2025
6372,6372,Debit Card,Failed,27-11-2024
6373,6373,UPI,Failed,16-03-2025
6374,6374,UPI,Paid,02-05-2025
6375,6375,Credit Card,Failed,08-02-2024
6376,6376,COD,Refunded,06-10-2025
6377,6377,Credit Card,Failed,19-06-2025
6378,6378,UPI,Paid,26-10-2024
6379,6379,COD,Paid,07-12-2024
6380,6380,UPI,Failed,18-04-2025
6381,6381,UPI,Paid,21-03-2025
6382,6382,Credit Card,Failed,01-08-2024
6383,6383,Debit Card,Failed,31-10-2025
6384,6384,Credit Card,Refunded,20-10-2024
6385,6385,COD,Failed,05-04-2025
6386,6386,Debit Card,Failed,04-07-2025
6387,6387,Credit Card,Paid,18-11-2024
6388,6388,COD,Failed,18-02-2025
6389,6389,Credit Card,Refunded,17-03-2025
6390,6390,Debit Card,Failed,27-12-2024
6391,6391,COD,Failed,04-03-2024
6392,6392,UPI,Paid,26-06-2025
6393,6393,Debit Card,Refunded,03-03-2025
6394,6394,Net Banking,Refunded,03-10-2024
6395,6395,Net Banking,Refunded,30-07-2024
6396,6396,Credit Card,Failed,18-10-2024
6397,6397,COD,Failed,19-02-2024
6398,6398,Net Banking,Refunded,22-05-2024
6399,6399,Net Banking,Refunded,02-11-2024
6400,6400,Net Banking,Failed,25-04-2025
6401,6401,Credit Card,Refunded,21-07-2024
6402,6402,UPI,Paid,14-01-2025
6403,6403,Credit Card,Refunded,08-06-2024
6404,6404,UPI,Refunded,03-01-2025
6405,6405,Debit Card,Failed,12-10-2025
6406,6406,COD,Refunded,13-07-2025
6407,6407,COD,Failed,23-12-2024
6408,6408,Credit Card,Failed,05-11-2025
6409,6409,UPI,Refunded,20-12-2024
6410,6410,COD,Failed,18-11-2024
6411,6411,Credit Card,Paid,25-12-2025
6412,6412,COD,Refunded,15-09-2024
6413,6413,Debit Card,Refunded,17-07-2025
6414,6414,Credit Card,Failed,07-03-2025
6415,6415,UPI,Refunded,21-03-2024
6416,6416,Debit Card,Paid,29-07-2025
6417,6417,Debit Card,Refunded,28-12-2024
6418,6418,Debit Card,Paid,19-01-2025
6419,6419,Credit Card,Refunded,09-07-2025
6420,6420,Net Banking,Failed,29-08-2024
6421,6421,Net Banking,Paid,26-11-2024
6422,6422,COD,Refunded,16-04-2025
6423,6423,Debit Card,Paid,25-09-2025
6424,6424,COD,Failed,28-07-2024
6425,6425,UPI,Refunded,07-01-2024
6426,6426,UPI,Paid,22-09-2024
6427,6427,Net Banking,Refunded,25-01-2025
6428,6428,Debit Card,Failed,14-05-2024
6429,6429,Net Banking,Refunded,23-12-2025
6430,6430,Net Banking,Paid,30-06-2025
6431,6431,UPI,Failed,07-06-2024
6432,6432,Debit Card,Refunded,05-02-2024
6433,6433,Credit Card,Paid,13-10-2024
6434,6434,UPI,Paid,24-01-2025
6435,6435,Credit Card,Failed,25-09-2025
6436,6436,COD,Failed,09-08-2025
6437,6437,Debit Card,Failed,22-11-2024
6438,6438,COD,Paid,24-11-2024
6439,6439,Net Banking,Failed,11-03-2025
6440,6440,UPI,Paid,27-03-2025
6441,6441,Net Banking,Failed,26-07-2025
6442,6442,Debit Card,Paid,22-08-2025
6443,6443,Debit Card,Refunded,02-12-2024
6444,6444,COD,Refunded,22-06-2024
6445,6445,Credit Card,Refunded,24-12-2024
6446,6446,Net Banking,Paid,10-11-2025
6447,6447,Net Banking,Paid,23-09-2025
6448,6448,Net Banking,Failed,12-02-2024
6449,6449,Net Banking,Failed,09-11-2024
6450,6450,Credit Card,Paid,02-05-2025
6451,6451,COD,Failed,27-11-2024
6452,6452,Net Banking,Paid,27-07-2025
6453,6453,Debit Card,Failed,21-04-2024
6454,6454,COD,Failed,25-06-2025
6455,6455,Debit Card,Paid,24-02-2025
6456,6456,Credit Card,Paid,27-10-2025
6457,6457,UPI,Failed,26-11-2024
6458,6458,Net Banking,Paid,01-07-2024
6459,6459,Debit Card,Paid,22-12-2024
6460,6460,UPI,Paid,06-12-2025
6461,6461,UPI,Failed,29-12-2024
6462,6462,Credit Card,Failed,11-11-2025
6463,6463,UPI,Paid,17-08-2025
6464,6464,Net Banking,Refunded,26-01-2025
6465,6465,Debit Card,Paid,17-08-2024
6466,6466,Net Banking,Failed,05-12-2024
6467,6467,UPI,Paid,29-09-2024
6468,6468,UPI,Paid,14-08-2024
6469,6469,Net Banking,Paid,10-09-2024
6470,6470,Net Banking,Failed,27-12-2025
6471,6471,UPI,Paid,27-04-2024
6472,6472,UPI,Refunded,20-01-2025
6473,6473,COD,Refunded,05-05-2024
6474,6474,Net Banking,Failed,05-03-2024
6475,6475,Net Banking,Paid,03-11-2024
6476,6476,Net Banking,Failed,18-11-2025
6477,6477,UPI,Failed,11-08-2025
6478,6478,Debit Card,Refunded,09-11-2024
6479,6479,COD,Refunded,19-12-2025
6480,6480,Net Banking,Failed,13-12-2024
6481,6481,Debit Card,Failed,09-09-2025
6482,6482,UPI,Failed,18-12-2024
6483,6483,Debit Card,Refunded,27-10-2024
6484,6484,UPI,Paid,04-08-2025
6485,6485,COD,Refunded,15-06-2024
6486,6486,Net Banking,Failed,28-06-2024
6487,6487,UPI,Paid,27-09-2025
6488,6488,Net Banking,Paid,18-08-2024
6489,6489,UPI,Paid,11-12-2025
6490,6490,Net Banking,Refunded,08-05-2025
6491,6491,Credit Card,Refunded,25-04-2025
6492,6492,COD,Refunded,15-04-2024
6493,6493,Net Banking,Refunded,05-09-2025
6494,6494,Debit Card,Failed,18-08-2025
6495,6495,UPI,Failed,31-08-2024
6496,6496,COD,Refunded,04-02-2025
6497,6497,COD,Refunded,05-10-2025
6498,6498,Debit Card,Paid,16-06-2024
6499,6499,UPI,Paid,08-09-2024
6500,6500,Credit Card,Refunded,10-12-2024
6501,6501,Net Banking,Paid,30-06-2024
6502,6502,Credit Card,Failed,14-06-2024
6503,6503,UPI,Failed,21-10-2024
6504,6504,UPI,Paid,01-11-2025
6505,6505,Net Banking,Paid,11-09-2025
6506,6506,UPI,Refunded,08-05-2024
6507,6507,COD,Paid,22-05-2025
6508,6508,Debit Card,Refunded,29-05-2025
6509,6509,Credit Card,Failed,13-01-2024
6510,6510,COD,Refunded,13-03-2025
6511,6511,Credit Card,Paid,27-06-2025
6512,6512,UPI,Paid,10-09-2024
6513,6513,Debit Card,Paid,04-10-2024
6514,6514,Credit Card,Refunded,02-04-2024
6515,6515,Credit Card,Failed,28-05-2024
6516,6516,Debit Card,Paid,19-01-2025
6517,6517,COD,Paid,28-04-2024
6518,6518,COD,Failed,21-05-2025
6519,6519,Net Banking,Failed,16-10-2025
6520,6520,Net Banking,Refunded,16-04-2024
6521,6521,UPI,Paid,25-10-2025
6522,6522,Credit Card,Paid,21-11-2025
6523,6523,UPI,Paid,22-03-2024
6524,6524,Credit Card,Paid,29-06-2025
6525,6525,Debit Card,Failed,25-10-2025
6526,6526,Credit Card,Paid,26-01-2024
6527,6527,UPI,Paid,12-02-2024
6528,6528,Debit Card,Paid,09-09-2024
6529,6529,Net Banking,Failed,10-01-2025
6530,6530,Debit Card,Failed,01-05-2024
6531,6531,Net Banking,Failed,21-10-2025
6532,6532,UPI,Paid,11-07-2024
6533,6533,Net Banking,Failed,18-01-2024
6534,6534,COD,Failed,25-07-2024
6535,6535,Net Banking,Failed,01-03-2024
6536,6536,COD,Paid,25-07-2025
6537,6537,Credit Card,Failed,03-08-2025
6538,6538,Credit Card,Paid,12-06-2025
6539,6539,COD,Failed,19-09-2024
6540,6540,Debit Card,Failed,17-07-2024
6541,6541,Credit Card,Paid,28-06-2025
6542,6542,COD,Paid,09-06-2024
6543,6543,UPI,Refunded,11-05-2025
6544,6544,Credit Card,Paid,24-11-2024
6545,6545,Credit Card,Failed,19-08-2024
6546,6546,Credit Card,Refunded,02-12-2024
6547,6547,Credit Card,Refunded,01-01-2024
6548,6548,Debit Card,Refunded,01-02-2024
6549,6549,Net Banking,Refunded,13-09-2024
6550,6550,COD,Failed,30-01-2025
6551,6551,Debit Card,Refunded,15-03-2025
6552,6552,COD,Failed,13-12-2024
6553,6553,Credit Card,Paid,09-07-2025
6554,6554,Net Banking,Paid,18-01-2024
6555,6555,COD,Refunded,24-01-2025
6556,6556,Net Banking,Refunded,05-06-2024
6557,6557,Credit Card,Refunded,15-07-2024
6558,6558,Credit Card,Refunded,07-03-2025
6559,6559,Credit Card,Failed,09-07-2024
6560,6560,Net Banking,Paid,01-03-2024
6561,6561,UPI,Refunded,27-09-2024
6562,6562,UPI,Failed,10-01-2025
6563,6563,Net Banking,Refunded,22-02-2024
6564,6564,UPI,Failed,25-08-2024
6565,6565,COD,Failed,23-08-2025
6566,6566,Debit Card,Refunded,05-12-2025
6567,6567,Credit Card,Refunded,07-05-2024
6568,6568,UPI,Paid,01-12-2025
6569,6569,Net Banking,Paid,23-03-2024
6570,6570,UPI,Paid,10-03-2025
6571,6571,UPI,Paid,02-01-2024
6572,6572,COD,Paid,24-02-2024
6573,6573,Net Banking,Refunded,28-04-2025
6574,6574,UPI,Failed,19-07-2025
6575,6575,UPI,Failed,25-03-2025
6576,6576,Net Banking,Refunded,15-11-2024
6577,6577,UPI,Failed,10-08-2024
6578,6578,UPI,Refunded,13-01-2025
6579,6579,UPI,Paid,08-08-2025
6580,6580,Credit Card,Paid,29-06-2024
6581,6581,Credit Card,Paid,11-09-2025
6582,6582,UPI,Failed,27-03-2025
6583,6583,Debit Card,Paid,23-09-2025
6584,6584,Credit Card,Paid,30-11-2024
6585,6585,COD,Failed,06-01-2025
6586,6586,Net Banking,Paid,09-01-2025
6587,6587,COD,Refunded,19-02-2024
6588,6588,Debit Card,Failed,28-05-2024
6589,6589,Net Banking,Refunded,02-01-2025
6590,6590,UPI,Paid,02-01-2025
6591,6591,Net Banking,Paid,04-02-2024
6592,6592,COD,Paid,02-12-2025
6593,6593,Net Banking,Paid,19-07-2025
6594,6594,Net Banking,Failed,19-07-2024
6595,6595,Credit Card,Failed,15-12-2024
6596,6596,UPI,Paid,28-02-2025
6597,6597,Credit Card,Failed,09-12-2024
6598,6598,Credit Card,Paid,24-10-2024
6599,6599,Credit Card,Failed,07-05-2024
6600,6600,COD,Refunded,16-08-2025
6601,6601,UPI,Paid,13-01-2025
6602,6602,Credit Card,Paid,19-10-2024
6603,6603,UPI,Failed,27-09-2024
6604,6604,UPI,Paid,21-12-2024
6605,6605,COD,Paid,04-02-2024
6606,6606,COD,Refunded,18-02-2025
6607,6607,Debit Card,Paid,22-06-2024
6608,6608,COD,Paid,24-12-2024
6609,6609,UPI,Refunded,23-06-2025
6610,6610,COD,Failed,30-07-2024
6611,6611,Debit Card,Refunded,12-04-2025
6612,6612,COD,Paid,09-06-2025
6613,6613,UPI,Paid,31-01-2024
6614,6614,UPI,Refunded,28-10-2025
6615,6615,Net Banking,Paid,06-03-2024
6616,6616,Net Banking,Failed,19-02-2025
6617,6617,UPI,Failed,15-03-2025
6618,6618,UPI,Failed,27-04-2024
6619,6619,Credit Card,Refunded,24-08-2024
6620,6620,Debit Card,Paid,19-11-2024
6621,6621,UPI,Paid,18-09-2024
6622,6622,COD,Paid,17-12-2025
6623,6623,COD,Refunded,30-12-2024
6624,6624,Net Banking,Refunded,10-01-2024
6625,6625,UPI,Failed,24-12-2025
6626,6626,UPI,Failed,25-04-2025
6627,6627,UPI,Paid,15-03-2024
6628,6628,COD,Failed,22-12-2024
6629,6629,Net Banking,Failed,29-01-2024
6630,6630,Credit Card,Paid,04-04-2025
6631,6631,Credit Card,Failed,05-02-2025
6632,6632,COD,Refunded,09-08-2024
6633,6633,UPI,Refunded,22-08-2024
6634,6634,Net Banking,Failed,21-02-2025
6635,6635,COD,Paid,26-02-2024
6636,6636,Credit Card,Refunded,18-01-2025
6637,6637,Net Banking,Refunded,16-03-2024
6638,6638,Credit Card,Refunded,28-03-2024
6639,6639,Net Banking,Paid,17-02-2024
6640,6640,Credit Card,Failed,22-01-2025
6641,6641,Credit Card,Paid,28-01-2025
6642,6642,Credit Card,Paid,04-01-2024
6643,6643,Net Banking,Paid,25-07-2024
6644,6644,Credit Card,Paid,14-11-2025
6645,6645,Credit Card,Refunded,12-07-2025
6646,6646,UPI,Refunded,11-04-2024
6647,6647,COD,Refunded,21-05-2024
6648,6648,COD,Failed,07-12-2025
6649,6649,Net Banking,Failed,24-06-2025
6650,6650,COD,Refunded,03-02-2025
6651,6651,Debit Card,Failed,27-06-2024
6652,6652,Debit Card,Failed,29-07-2025
6653,6653,COD,Failed,04-08-2024
6654,6654,Net Banking,Refunded,13-07-2024
6655,6655,COD,Refunded,18-01-2024
6656,6656,Net Banking,Paid,14-02-2024
6657,6657,Net Banking,Paid,30-06-2024
6658,6658,Debit Card,Failed,20-04-2024
6659,6659,UPI,Paid,18-12-2025
6660,6660,Net Banking,Refunded,25-10-2025
6661,6661,Debit Card,Failed,27-12-2025
6662,6662,Net Banking,Refunded,04-11-2025
6663,6663,Credit Card,Paid,04-05-2025
6664,6664,Debit Card,Failed,07-10-2025
6665,6665,Debit Card,Refunded,19-04-2025
6666,6666,UPI,Refunded,11-09-2025
6667,6667,UPI,Refunded,09-06-2024
6668,6668,Credit Card,Paid,07-06-2025
6669,6669,Debit Card,Failed,22-01-2025
6670,6670,COD,Paid,08-09-2024
6671,6671,Credit Card,Failed,04-09-2024
6672,6672,Net Banking,Failed,23-07-2024
6673,6673,COD,Refunded,31-07-2024
6674,6674,Net Banking,Refunded,08-01-2024
6675,6675,UPI,Refunded,18-02-2025
6676,6676,UPI,Refunded,10-02-2025
6677,6677,Net Banking,Paid,24-06-2025
6678,6678,Debit Card,Failed,19-10-2024
6679,6679,Credit Card,Failed,18-10-2024
6680,6680,COD,Paid,03-03-2025
6681,6681,COD,Refunded,10-06-2025
6682,6682,Debit Card,Failed,19-07-2024
6683,6683,Net Banking,Paid,17-11-2025
6684,6684,Credit Card,Failed,31-07-2024
6685,6685,Net Banking,Refunded,12-04-2024
6686,6686,COD,Paid,19-05-2025
6687,6687,UPI,Paid,09-04-2025
6688,6688,COD,Failed,24-09-2025
6689,6689,Credit Card,Refunded,20-12-2024
6690,6690,Net Banking,Failed,10-06-2025
6691,6691,Credit Card,Paid,14-10-2024
6692,6692,UPI,Failed,03-11-2024
6693,6693,COD,Refunded,04-05-2024
6694,6694,Debit Card,Refunded,31-08-2025
6695,6695,UPI,Failed,06-12-2024
6696,6696,COD,Paid,25-12-2025
6697,6697,UPI,Paid,16-01-2024
6698,6698,UPI,Failed,21-04-2024
6699,6699,COD,Failed,24-06-2025
6700,6700,Net Banking,Refunded,03-08-2025
6701,6701,Net Banking,Refunded,12-11-2024
6702,6702,COD,Paid,24-12-2024
6703,6703,Credit Card,Refunded,12-09-2024
6704,6704,Debit Card,Failed,12-12-2025
6705,6705,Debit Card,Failed,21-10-2025
6706,6706,Debit Card,Failed,05-09-2025
6707,6707,Net Banking,Paid,25-06-2024
6708,6708,COD,Refunded,17-11-2024
6709,6709,UPI,Paid,03-05-2025
6710,6710,COD,Refunded,10-12-2025
6711,6711,Debit Card,Failed,23-12-2024
6712,6712,Credit Card,Failed,03-02-2024
6713,6713,Credit Card,Refunded,21-08-2024
6714,6714,Net Banking,Refunded,11-03-2025
6715,6715,Net Banking,Paid,12-08-2024
6716,6716,Debit Card,Paid,12-10-2025
6717,6717,UPI,Failed,17-11-2025
6718,6718,UPI,Paid,19-03-2024
6719,6719,Net Banking,Paid,20-02-2025
6720,6720,COD,Failed,24-08-2024
6721,6721,Debit Card,Failed,09-12-2025
6722,6722,COD,Paid,25-11-2024
6723,6723,Net Banking,Refunded,18-08-2025
6724,6724,COD,Paid,30-08-2025
6725,6725,COD,Failed,17-05-2025
6726,6726,UPI,Failed,04-07-2025
6727,6727,COD,Refunded,26-04-2024
6728,6728,Debit Card,Paid,19-10-2025
6729,6729,Debit Card,Refunded,15-11-2025
6730,6730,Debit Card,Refunded,20-06-2025
6731,6731,UPI,Refunded,16-07-2025
6732,6732,COD,Refunded,28-05-2025
6733,6733,COD,Refunded,04-05-2025
6734,6734,Debit Card,Failed,17-02-2024
6735,6735,Credit Card,Failed,01-04-2025
6736,6736,Debit Card,Failed,19-04-2024
6737,6737,UPI,Refunded,07-01-2024
6738,6738,Net Banking,Refunded,06-10-2024
6739,6739,Debit Card,Failed,28-06-2024
6740,6740,UPI,Paid,28-10-2024
6741,6741,Debit Card,Refunded,06-12-2025
6742,6742,Credit Card,Paid,28-01-2025
6743,6743,Net Banking,Refunded,02-09-2024
6744,6744,UPI,Paid,13-09-2024
6745,6745,Debit Card,Refunded,14-12-2025
6746,6746,Debit Card,Paid,11-02-2025
6747,6747,COD,Refunded,07-11-2025
6748,6748,Debit Card,Paid,24-06-2024
6749,6749,UPI,Refunded,12-01-2024
6750,6750,Credit Card,Refunded,27-08-2024
6751,6751,COD,Paid,16-07-2024
6752,6752,UPI,Failed,30-11-2024
6753,6753,COD,Refunded,30-10-2025
6754,6754,Credit Card,Failed,18-06-2025
6755,6755,Credit Card,Failed,10-03-2025
6756,6756,Net Banking,Refunded,04-08-2024
6757,6757,UPI,Failed,29-06-2025
6758,6758,COD,Paid,05-07-2024
6759,6759,COD,Refunded,08-01-2025
6760,6760,Net Banking,Failed,27-04-2024
6761,6761,Debit Card,Refunded,25-11-2025
6762,6762,Net Banking,Refunded,13-05-2024
6763,6763,COD,Paid,16-06-2025
6764,6764,UPI,Paid,29-05-2024
6765,6765,Net Banking,Failed,22-04-2025
6766,6766,Debit Card,Failed,25-02-2024
6767,6767,UPI,Refunded,20-04-2025
6768,6768,COD,Failed,21-10-2025
6769,6769,Net Banking,Failed,28-04-2024
6770,6770,Debit Card,Paid,31-07-2024
6771,6771,Debit Card,Failed,11-02-2024
6772,6772,UPI,Refunded,12-05-2024
6773,6773,Credit Card,Failed,28-08-2024
6774,6774,UPI,Refunded,03-11-2024
6775,6775,Debit Card,Paid,11-03-2024
6776,6776,COD,Paid,08-12-2025
6777,6777,Net Banking,Refunded,28-11-2024
6778,6778,COD,Paid,19-03-2025
6779,6779,Net Banking,Failed,07-07-2025
6780,6780,Credit Card,Failed,05-09-2024
6781,6781,Credit Card,Failed,08-12-2025
6782,6782,UPI,Paid,31-03-2025
6783,6783,Credit Card,Failed,21-04-2024
6784,6784,Credit Card,Paid,23-04-2025
6785,6785,Net Banking,Failed,09-04-2024
6786,6786,UPI,Paid,05-06-2025
6787,6787,UPI,Refunded,03-01-2024
6788,6788,Credit Card,Paid,28-03-2025
6789,6789,Credit Card,Failed,11-01-2025
6790,6790,COD,Paid,04-08-2024
6791,6791,Debit Card,Paid,02-04-2024
6792,6792,UPI,Failed,25-09-2024
6793,6793,Net Banking,Refunded,05-12-2024
6794,6794,UPI,Paid,18-04-2024
6795,6795,Credit Card,Paid,12-10-2025
6796,6796,Credit Card,Refunded,04-01-2025
6797,6797,Credit Card,Refunded,07-07-2024
6798,6798,COD,Paid,15-10-2024
6799,6799,UPI,Failed,07-01-2024
6800,6800,UPI,Refunded,25-07-2024
6801,6801,Net Banking,Refunded,19-03-2025
6802,6802,Debit Card,Failed,16-04-2025
6803,6803,Debit Card,Failed,13-10-2024
6804,6804,COD,Refunded,05-06-2025
6805,6805,Debit Card,Paid,25-07-2024
6806,6806,UPI,Refunded,24-11-2024
6807,6807,UPI,Paid,22-08-2025
6808,6808,Net Banking,Failed,12-09-2024
6809,6809,COD,Refunded,18-08-2025
6810,6810,UPI,Paid,22-01-2025
6811,6811,Net Banking,Paid,17-10-2024
6812,6812,Credit Card,Paid,29-05-2024
6813,6813,Credit Card,Paid,27-01-2025
6814,6814,Credit Card,Refunded,07-08-2025
6815,6815,Net Banking,Failed,13-07-2025
6816,6816,UPI,Refunded,29-10-2024
6817,6817,UPI,Paid,19-05-2025
6818,6818,Credit Card,Paid,06-12-2025
6819,6819,Credit Card,Failed,17-01-2024
6820,6820,Credit Card,Refunded,22-09-2024
6821,6821,UPI,Refunded,15-03-2025
6822,6822,UPI,Refunded,10-11-2025
6823,6823,COD,Refunded,28-01-2025
6824,6824,COD,Failed,14-08-2025
6825,6825,Credit Card,Refunded,15-12-2025
6826,6826,Debit Card,Refunded,24-05-2025
6827,6827,UPI,Failed,21-05-2024
6828,6828,Credit Card,Paid,30-12-2025
6829,6829,UPI,Refunded,18-01-2025
6830,6830,COD,Paid,17-03-2025
6831,6831,UPI,Refunded,09-11-2025
6832,6832,COD,Failed,13-06-2024
6833,6833,Credit Card,Failed,06-02-2024
6834,6834,Net Banking,Paid,20-06-2024
6835,6835,Debit Card,Failed,26-01-2024
6836,6836,Net Banking,Failed,24-07-2024
6837,6837,COD,Paid,20-12-2024
6838,6838,UPI,Failed,27-09-2024
6839,6839,Debit Card,Failed,19-09-2025
6840,6840,Credit Card,Failed,05-06-2024
6841,6841,Credit Card,Paid,27-03-2024
6842,6842,COD,Failed,19-05-2024
6843,6843,UPI,Paid,07-12-2025
6844,6844,Net Banking,Failed,31-10-2025
6845,6845,COD,Failed,29-06-2025
6846,6846,UPI,Paid,12-09-2024
6847,6847,COD,Refunded,02-12-2024
6848,6848,Net Banking,Failed,10-05-2025
6849,6849,UPI,Refunded,27-07-2025
6850,6850,COD,Refunded,25-11-2024
6851,6851,Credit Card,Failed,11-07-2025
6852,6852,Credit Card,Failed,08-03-2024
6853,6853,Credit Card,Failed,04-08-2025
6854,6854,UPI,Paid,05-10-2024
6855,6855,Credit Card,Refunded,27-01-2025
6856,6856,UPI,Failed,20-01-2024
6857,6857,Net Banking,Paid,21-10-2025
6858,6858,COD,Failed,10-10-2025
6859,6859,COD,Paid,24-04-2024
6860,6860,Credit Card,Failed,30-04-2025
6861,6861,Net Banking,Refunded,27-08-2024
6862,6862,COD,Refunded,24-10-2024
6863,6863,UPI,Refunded,02-12-2024
6864,6864,Debit Card,Failed,23-09-2024
6865,6865,Net Banking,Paid,03-04-2024
6866,6866,UPI,Failed,15-01-2025
6867,6867,Debit Card,Failed,19-02-2025
6868,6868,COD,Refunded,18-12-2025
6869,6869,Debit Card,Paid,03-05-2025
6870,6870,Debit Card,Paid,08-08-2024
6871,6871,Credit Card,Failed,18-04-2025
6872,6872,Debit Card,Paid,18-12-2025
6873,6873,Debit Card,Failed,14-12-2025
6874,6874,COD,Refunded,06-07-2024
6875,6875,Credit Card,Failed,13-01-2024
6876,6876,UPI,Paid,12-02-2024
6877,6877,Credit Card,Failed,15-12-2025
6878,6878,Credit Card,Refunded,24-10-2024
6879,6879,COD,Refunded,11-09-2025
6880,6880,Net Banking,Refunded,24-03-2025
6881,6881,UPI,Failed,28-02-2025
6882,6882,Net Banking,Refunded,29-09-2024
6883,6883,Net Banking,Refunded,19-08-2024
6884,6884,COD,Failed,25-07-2025
6885,6885,UPI,Paid,16-07-2024
6886,6886,Debit Card,Refunded,19-06-2024
6887,6887,Credit Card,Failed,14-08-2025
6888,6888,UPI,Paid,02-01-2025
6889,6889,Debit Card,Paid,04-02-2024
6890,6890,Debit Card,Refunded,19-04-2025
6891,6891,UPI,Failed,30-10-2025
6892,6892,Credit Card,Refunded,20-05-2024
6893,6893,UPI,Failed,30-03-2025
6894,6894,Debit Card,Failed,08-07-2025
6895,6895,Credit Card,Paid,10-07-2025
6896,6896,UPI,Refunded,23-09-2025
6897,6897,COD,Refunded,25-07-2025
6898,6898,COD,Paid,29-10-2025
6899,6899,Debit Card,Paid,12-04-2025
6900,6900,Credit Card,Paid,13-04-2024
6901,6901,COD,Refunded,14-10-2025
6902,6902,Net Banking,Refunded,21-06-2024
6903,6903,COD,Refunded,02-02-2024
6904,6904,Net Banking,Paid,05-02-2025
6905,6905,Net Banking,Paid,13-01-2024
6906,6906,Debit Card,Failed,02-01-2024
6907,6907,COD,Refunded,06-06-2025
6908,6908,UPI,Paid,23-07-2025
6909,6909,Credit Card,Paid,20-07-2024
6910,6910,UPI,Failed,25-08-2025
6911,6911,COD,Paid,05-05-2025
6912,6912,UPI,Paid,22-06-2025
6913,6913,UPI,Failed,05-11-2025
6914,6914,Credit Card,Refunded,13-02-2025
6915,6915,Net Banking,Failed,26-10-2025
6916,6916,UPI,Paid,30-07-2024
6917,6917,UPI,Paid,25-09-2024
6918,6918,UPI,Refunded,03-10-2025
6919,6919,Credit Card,Paid,07-03-2024
6920,6920,COD,Refunded,14-08-2024
6921,6921,Debit Card,Refunded,31-12-2024
6922,6922,Debit Card,Refunded,25-10-2025
6923,6923,UPI,Paid,20-04-2024
6924,6924,COD,Failed,13-12-2024
6925,6925,Credit Card,Failed,11-08-2025
6926,6926,Net Banking,Refunded,23-05-2025
6927,6927,COD,Failed,19-02-2024
6928,6928,COD,Failed,03-05-2024
6929,6929,Net Banking,Paid,11-06-2024
6930,6930,Credit Card,Refunded,24-05-2024
6931,6931,Credit Card,Refunded,21-01-2025
6932,6932,UPI,Refunded,16-06-2024
6933,6933,Debit Card,Failed,27-12-2024
6934,6934,Net Banking,Failed,17-01-2024
6935,6935,Debit Card,Refunded,27-02-2025
6936,6936,COD,Refunded,15-08-2024
6937,6937,Net Banking,Paid,10-01-2024
6938,6938,Debit Card,Paid,24-06-2024
6939,6939,Debit Card,Paid,13-10-2024
6940,6940,COD,Refunded,11-09-2024
6941,6941,Debit Card,Failed,01-10-2024
6942,6942,COD,Refunded,06-01-2025
6943,6943,COD,Paid,24-01-2024
6944,6944,Debit Card,Paid,15-08-2025
6945,6945,Net Banking,Failed,31-01-2024
6946,6946,UPI,Paid,29-08-2024
6947,6947,Net Banking,Failed,07-05-2025
6948,6948,Debit Card,Paid,31-10-2025
6949,6949,Net Banking,Refunded,28-12-2024
6950,6950,COD,Refunded,12-05-2024
6951,6951,Net Banking,Failed,17-08-2025
6952,6952,UPI,Paid,09-03-2025
6953,6953,Debit Card,Paid,17-11-2024
6954,6954,Net Banking,Refunded,03-12-2024
6955,6955,Debit Card,Paid,07-10-2024
6956,6956,Net Banking,Paid,09-05-2024
6957,6957,Net Banking,Refunded,03-10-2024
6958,6958,Debit Card,Paid,17-01-2024
6959,6959,COD,Refunded,14-05-2024
6960,6960,UPI,Failed,03-08-2024
6961,6961,COD,Paid,24-03-2025
6962,6962,Credit Card,Paid,01-11-2025
6963,6963,Net Banking,Paid,15-05-2024
6964,6964,COD,Paid,12-08-2025
6965,6965,UPI,Paid,11-08-2025
6966,6966,COD,Refunded,29-07-2025
6967,6967,COD,Refunded,26-05-2025
6968,6968,Credit Card,Failed,13-09-2025
6969,6969,Net Banking,Failed,28-10-2024
6970,6970,Net Banking,Refunded,20-12-2025
6971,6971,COD,Paid,23-11-2025
6972,6972,UPI,Refunded,22-06-2025
6973,6973,Debit Card,Paid,20-01-2025
6974,6974,UPI,Failed,16-10-2025
6975,6975,Debit Card,Failed,09-12-2025
6976,6976,COD,Failed,12-12-2024
6977,6977,Net Banking,Paid,04-09-2024
6978,6978,Net Banking,Refunded,10-12-2025
6979,6979,Credit Card,Failed,04-01-2025
6980,6980,Debit Card,Failed,05-06-2024
6981,6981,Debit Card,Paid,15-08-2025
6982,6982,COD,Paid,16-06-2025
6983,6983,Credit Card,Failed,19-10-2024
6984,6984,Net Banking,Failed,20-04-2024
6985,6985,COD,Refunded,24-02-2025
6986,6986,UPI,Failed,01-08-2025
6987,6987,Debit Card,Failed,12-09-2024
6988,6988,Credit Card,Paid,01-12-2024
6989,6989,Debit Card,Paid,11-12-2024
6990,6990,Debit Card,Failed,22-08-2025
6991,6991,Net Banking,Paid,19-10-2024
6992,6992,UPI,Failed,21-11-2024
6993,6993,Net Banking,Failed,05-08-2025
6994,6994,UPI,Failed,12-08-2025
6995,6995,COD,Paid,24-12-2025
6996,6996,COD,Paid,22-04-2025
6997,6997,UPI,Refunded,04-06-2024
6998,6998,UPI,Refunded,03-05-2024
6999,6999,Debit Card,Refunded,15-01-2024
7000,7000,Net Banking,Paid,06-11-2024
7001,7001,Credit Card,Refunded,22-08-2024
7002,7002,COD,Refunded,11-02-2025
7003,7003,Net Banking,Failed,27-10-2025
7004,7004,Credit Card,Paid,22-05-2025
7005,7005,Net Banking,Failed,03-04-2024
7006,7006,COD,Paid,18-06-2025
7007,7007,COD,Refunded,12-12-2025
7008,7008,COD,Paid,08-03-2025
7009,7009,UPI,Paid,29-03-2025
7010,7010,Debit Card,Refunded,02-02-2025
7011,7011,Net Banking,Failed,15-10-2024
7012,7012,COD,Refunded,30-09-2024
7013,7013,COD,Paid,07-01-2025
7014,7014,Debit Card,Failed,22-12-2024
7015,7015,Credit Card,Paid,13-12-2025
7016,7016,COD,Refunded,06-06-2025
7017,7017,UPI,Refunded,25-07-2025
7018,7018,Debit Card,Paid,23-06-2025
7019,7019,Debit Card,Refunded,04-01-2024
7020,7020,UPI,Paid,22-01-2024
7021,7021,Debit Card,Failed,07-12-2025
7022,7022,UPI,Failed,30-06-2025
7023,7023,UPI,Paid,30-10-2024
7024,7024,COD,Failed,20-02-2025
7025,7025,Debit Card,Refunded,11-07-2025
7026,7026,Debit Card,Failed,25-06-2025
7027,7027,Credit Card,Failed,23-06-2024
7028,7028,UPI,Failed,05-12-2025
7029,7029,COD,Paid,25-11-2024
7030,7030,Debit Card,Paid,15-10-2025
7031,7031,COD,Refunded,26-04-2025
7032,7032,Credit Card,Paid,16-12-2025
7033,7033,Credit Card,Refunded,07-10-2024
7034,7034,Debit Card,Paid,24-08-2024
7035,7035,COD,Paid,20-01-2025
7036,7036,Net Banking,Failed,21-01-2025
7037,7037,UPI,Refunded,08-08-2024
7038,7038,Debit Card,Paid,07-07-2024
7039,7039,Net Banking,Paid,24-02-2024
7040,7040,Credit Card,Failed,20-05-2025
7041,7041,Debit Card,Paid,04-11-2024
7042,7042,Credit Card,Failed,27-04-2024
7043,7043,UPI,Refunded,24-10-2025
7044,7044,Debit Card,Failed,20-07-2024
7045,7045,Net Banking,Failed,04-09-2025
7046,7046,COD,Failed,02-08-2025
7047,7047,Credit Card,Paid,10-09-2024
7048,7048,UPI,Refunded,18-10-2024
7049,7049,UPI,Paid,04-05-2025
7050,7050,COD,Refunded,08-03-2024
7051,7051,COD,Paid,07-04-2025
7052,7052,COD,Paid,24-01-2025
7053,7053,UPI,Paid,13-12-2024
7054,7054,COD,Failed,30-04-2025
7055,7055,UPI,Failed,05-09-2024
7056,7056,Debit Card,Failed,08-12-2025
7057,7057,Credit Card,Paid,25-11-2024
7058,7058,Credit Card,Paid,28-07-2025
7059,7059,Net Banking,Failed,27-03-2025
7060,7060,COD,Failed,29-05-2025
7061,7061,Debit Card,Refunded,11-12-2025
7062,7062,UPI,Failed,09-01-2024
7063,7063,COD,Refunded,11-01-2024
7064,7064,COD,Paid,06-01-2025
7065,7065,Debit Card,Refunded,12-05-2024
7066,7066,COD,Paid,11-06-2025
7067,7067,Debit Card,Failed,14-06-2025
7068,7068,Credit Card,Refunded,15-10-2024
7069,7069,UPI,Refunded,03-01-2024
7070,7070,UPI,Refunded,08-08-2025
7071,7071,COD,Refunded,01-03-2025
7072,7072,Net Banking,Refunded,31-07-2025
7073,7073,Credit Card,Failed,05-06-2025
7074,7074,Debit Card,Refunded,06-12-2025
7075,7075,UPI,Refunded,23-09-2024
7076,7076,Credit Card,Refunded,12-09-2025
7077,7077,UPI,Paid,16-05-2024
7078,7078,Debit Card,Refunded,10-09-2024
7079,7079,COD,Refunded,01-10-2025
7080,7080,COD,Refunded,13-04-2025
7081,7081,Debit Card,Paid,03-05-2024
7082,7082,Net Banking,Failed,06-05-2024
7083,7083,Net Banking,Failed,30-10-2024
7084,7084,Debit Card,Failed,28-10-2024
7085,7085,Debit Card,Refunded,25-07-2025
7086,7086,Net Banking,Failed,17-05-2024
7087,7087,Net Banking,Refunded,07-09-2025
7088,7088,UPI,Refunded,17-10-2024
7089,7089,Debit Card,Refunded,02-07-2024
7090,7090,COD,Refunded,17-06-2024
7091,7091,COD,Paid,04-03-2025
7092,7092,Credit Card,Refunded,28-07-2025
7093,7093,Credit Card,Refunded,15-02-2024
7094,7094,UPI,Refunded,01-07-2024
7095,7095,COD,Failed,21-04-2024
7096,7096,COD,Refunded,02-04-2024
7097,7097,UPI,Paid,29-08-2024
7098,7098,Credit Card,Refunded,22-07-2025
7099,7099,Net Banking,Failed,28-02-2024
7100,7100,Credit Card,Failed,13-03-2025
7101,7101,Debit Card,Paid,23-03-2024
7102,7102,UPI,Refunded,18-08-2024
7103,7103,UPI,Paid,07-04-2024
7104,7104,UPI,Refunded,09-07-2024
7105,7105,UPI,Paid,10-07-2024
7106,7106,COD,Paid,09-07-2025
7107,7107,Net Banking,Refunded,21-07-2024
7108,7108,UPI,Refunded,19-04-2024
7109,7109,Debit Card,Paid,08-06-2025
7110,7110,COD,Failed,18-12-2025
7111,7111,COD,Paid,02-10-2024
7112,7112,Credit Card,Refunded,31-12-2024
7113,7113,Debit Card,Failed,17-11-2025
7114,7114,Debit Card,Failed,31-03-2025
7115,7115,COD,Failed,28-12-2024
7116,7116,Debit Card,Failed,05-10-2025
7117,7117,Debit Card,Refunded,29-06-2025
7118,7118,Net Banking,Paid,11-10-2025
7119,7119,Debit Card,Failed,28-03-2025
7120,7120,Credit Card,Paid,31-08-2025
7121,7121,UPI,Refunded,09-09-2024
7122,7122,UPI,Paid,22-10-2025
7123,7123,COD,Failed,03-10-2024
7124,7124,Net Banking,Refunded,18-08-2025
7125,7125,Debit Card,Refunded,20-02-2025
7126,7126,UPI,Paid,26-04-2025
7127,7127,Net Banking,Paid,20-09-2025
7128,7128,Debit Card,Failed,05-05-2024
7129,7129,Net Banking,Refunded,12-02-2024
7130,7130,UPI,Paid,02-08-2024
7131,7131,Debit Card,Refunded,01-08-2025
7132,7132,Net Banking,Paid,02-07-2024
7133,7133,UPI,Failed,04-07-2025
7134,7134,Net Banking,Paid,24-03-2025
7135,7135,Debit Card,Failed,23-11-2024
7136,7136,Credit Card,Paid,27-02-2025
7137,7137,COD,Failed,19-12-2025
7138,7138,Debit Card,Failed,05-06-2025
7139,7139,Credit Card,Paid,01-11-2024
7140,7140,Credit Card,Failed,20-03-2024
7141,7141,Credit Card,Failed,03-07-2024
7142,7142,COD,Failed,26-04-2024
7143,7143,COD,Refunded,07-07-2025
7144,7144,COD,Paid,01-09-2025
7145,7145,Credit Card,Refunded,12-12-2024
7146,7146,COD,Failed,27-09-2025
7147,7147,UPI,Refunded,27-10-2025
7148,7148,UPI,Refunded,24-12-2025
7149,7149,Credit Card,Refunded,08-12-2025
7150,7150,Credit Card,Paid,01-10-2024
7151,7151,Debit Card,Paid,23-12-2024
7152,7152,Credit Card,Refunded,23-09-2024
7153,7153,Net Banking,Failed,07-08-2025
7154,7154,COD,Refunded,11-05-2024
7155,7155,COD,Paid,24-04-2024
7156,7156,Credit Card,Paid,06-05-2024
7157,7157,Debit Card,Failed,12-05-2024
7158,7158,Net Banking,Failed,17-08-2025
7159,7159,Debit Card,Paid,28-01-2024
7160,7160,COD,Failed,22-06-2024
7161,7161,Debit Card,Refunded,13-04-2025
7162,7162,Net Banking,Refunded,01-06-2024
7163,7163,Debit Card,Refunded,11-05-2024
7164,7164,Credit Card,Paid,20-10-2025
7165,7165,UPI,Paid,21-12-2024
7166,7166,Net Banking,Failed,07-09-2024
7167,7167,Credit Card,Failed,02-04-2024
7168,7168,Net Banking,Paid,29-07-2024
7169,7169,UPI,Paid,07-06-2024
7170,7170,Net Banking,Refunded,19-09-2024
7171,7171,Debit Card,Refunded,25-12-2024
7172,7172,UPI,Refunded,06-11-2025
7173,7173,COD,Paid,17-10-2025
7174,7174,Net Banking,Failed,29-01-2024
7175,7175,Net Banking,Paid,11-05-2025
7176,7176,COD,Refunded,14-05-2025
7177,7177,UPI,Refunded,12-06-2024
7178,7178,Debit Card,Paid,25-09-2024
7179,7179,Debit Card,Refunded,01-08-2025
7180,7180,COD,Paid,01-11-2024
7181,7181,Net Banking,Paid,20-03-2025
7182,7182,Credit Card,Paid,25-05-2025
7183,7183,Net Banking,Paid,19-10-2025
7184,7184,COD,Refunded,26-03-2025
7185,7185,Credit Card,Paid,25-10-2024
7186,7186,Debit Card,Failed,13-10-2025
7187,7187,Net Banking,Failed,15-12-2024
7188,7188,Credit Card,Failed,29-06-2024
7189,7189,Debit Card,Paid,23-04-2024
7190,7190,COD,Paid,02-12-2024
7191,7191,COD,Failed,01-06-2024
7192,7192,COD,Paid,20-11-2024
7193,7193,Net Banking,Failed,25-06-2024
7194,7194,Debit Card,Paid,10-05-2025
7195,7195,Credit Card,Refunded,19-02-2024
7196,7196,Debit Card,Refunded,23-04-2025
7197,7197,Net Banking,Paid,27-12-2024
7198,7198,Credit Card,Refunded,28-12-2024
7199,7199,Net Banking,Refunded,13-09-2024
7200,7200,Debit Card,Failed,15-11-2024
7201,7201,Credit Card,Refunded,28-06-2025
7202,7202,UPI,Paid,09-04-2025
7203,7203,Credit Card,Paid,18-03-2025
7204,7204,UPI,Paid,21-10-2025
7205,7205,Debit Card,Failed,03-01-2025
7206,7206,Credit Card,Refunded,13-07-2025
7207,7207,Net Banking,Paid,17-07-2024
7208,7208,UPI,Paid,02-02-2025
7209,7209,Credit Card,Paid,31-01-2024
7210,7210,Credit Card,Paid,24-01-2025
7211,7211,UPI,Failed,30-06-2025
7212,7212,Net Banking,Paid,30-07-2024
7213,7213,Credit Card,Failed,23-08-2024
7214,7214,Credit Card,Paid,08-10-2024
7215,7215,COD,Failed,30-09-2024
7216,7216,Net Banking,Failed,21-03-2024
7217,7217,Net Banking,Refunded,20-06-2025
7218,7218,Credit Card,Paid,12-12-2025
7219,7219,Credit Card,Failed,20-07-2025
7220,7220,UPI,Paid,03-08-2024
7221,7221,COD,Failed,16-05-2024
7222,7222,Debit Card,Failed,18-02-2024
7223,7223,Net Banking,Failed,16-03-2024
7224,7224,Debit Card,Failed,02-06-2025
7225,7225,Credit Card,Paid,28-03-2024
7226,7226,COD,Failed,12-01-2024
7227,7227,Credit Card,Paid,27-11-2024
7228,7228,Debit Card,Refunded,07-02-2024
7229,7229,COD,Paid,24-04-2025
7230,7230,Credit Card,Failed,11-09-2025
7231,7231,UPI,Failed,30-03-2025
7232,7232,Credit Card,Refunded,13-07-2024
7233,7233,Credit Card,Refunded,22-06-2025
7234,7234,Credit Card,Paid,12-02-2024
7235,7235,UPI,Failed,22-01-2024
7236,7236,Net Banking,Paid,22-12-2025
7237,7237,Debit Card,Failed,25-01-2025
7238,7238,COD,Failed,22-08-2025
7239,7239,COD,Paid,09-07-2024
7240,7240,Net Banking,Refunded,25-08-2024
7241,7241,UPI,Paid,12-08-2024
7242,7242,Net Banking,Failed,22-04-2024
7243,7243,COD,Refunded,16-03-2024
7244,7244,UPI,Refunded,04-06-2024
7245,7245,UPI,Paid,06-04-2025
7246,7246,Debit Card,Refunded,19-12-2024
7247,7247,UPI,Refunded,19-01-2024
7248,7248,UPI,Refunded,26-11-2024
7249,7249,COD,Failed,07-05-2024
7250,7250,Net Banking,Failed,25-10-2025
7251,7251,Credit Card,Failed,19-04-2024
7252,7252,Debit Card,Failed,19-05-2024
7253,7253,Net Banking,Paid,16-05-2025
7254,7254,Debit Card,Paid,15-02-2024
7255,7255,Net Banking,Refunded,28-11-2024
7256,7256,UPI,Refunded,30-07-2024
7257,7257,Debit Card,Refunded,09-06-2024
7258,7258,Net Banking,Paid,28-07-2024
7259,7259,Credit Card,Paid,17-02-2024
7260,7260,COD,Refunded,16-02-2025
7261,7261,Credit Card,Refunded,10-12-2024
7262,7262,Net Banking,Paid,24-03-2024
7263,7263,Credit Card,Failed,10-10-2024
7264,7264,Debit Card,Paid,24-07-2025
7265,7265,Net Banking,Refunded,08-06-2025
7266,7266,UPI,Failed,14-09-2025
7267,7267,COD,Paid,02-02-2025
7268,7268,UPI,Paid,28-10-2024
7269,7269,Net Banking,Refunded,12-06-2025
7270,7270,Net Banking,Paid,22-12-2024
7271,7271,Net Banking,Paid,04-06-2024
7272,7272,Credit Card,Refunded,24-08-2024
7273,7273,COD,Failed,12-06-2025
7274,7274,Credit Card,Failed,01-10-2025
7275,7275,Credit Card,Failed,26-07-2024
7276,7276,Net Banking,Refunded,09-02-2025
7277,7277,COD,Failed,27-01-2024
7278,7278,Net Banking,Failed,08-12-2024
7279,7279,UPI,Failed,26-10-2024
7280,7280,Credit Card,Paid,20-02-2024
7281,7281,Net Banking,Failed,22-03-2025
7282,7282,COD,Paid,23-09-2024
7283,7283,Net Banking,Failed,26-08-2024
7284,7284,Debit Card,Refunded,27-08-2025
7285,7285,COD,Failed,22-12-2024
7286,7286,Debit Card,Refunded,13-10-2024
7287,7287,Debit Card,Failed,18-12-2024
7288,7288,Debit Card,Refunded,31-12-2024
7289,7289,UPI,Paid,02-12-2024
7290,7290,Debit Card,Paid,10-05-2024
7291,7291,Debit Card,Failed,29-05-2025
7292,7292,UPI,Paid,27-10-2025
7293,7293,UPI,Failed,12-04-2025
7294,7294,Credit Card,Paid,27-04-2025
7295,7295,Debit Card,Failed,15-01-2025
7296,7296,Credit Card,Paid,26-03-2024
7297,7297,Net Banking,Refunded,07-10-2024
7298,7298,UPI,Paid,02-11-2025
7299,7299,UPI,Paid,18-03-2025
7300,7300,Debit Card,Failed,31-12-2025
7301,7301,Credit Card,Paid,04-04-2024
7302,7302,COD,Refunded,21-08-2024
7303,7303,Net Banking,Failed,24-04-2025
7304,7304,Debit Card,Paid,19-03-2025
7305,7305,UPI,Paid,09-02-2024
7306,7306,UPI,Paid,03-03-2025
7307,7307,UPI,Failed,06-03-2025
7308,7308,COD,Paid,13-03-2025
7309,7309,Net Banking,Failed,29-06-2024
7310,7310,UPI,Failed,04-09-2024
7311,7311,Debit Card,Refunded,03-11-2025
7312,7312,Net Banking,Refunded,22-03-2025
7313,7313,UPI,Refunded,11-11-2025
7314,7314,COD,Failed,27-02-2024
7315,7315,Debit Card,Refunded,16-07-2024
7316,7316,Credit Card,Failed,03-12-2024
7317,7317,Credit Card,Failed,12-12-2024
7318,7318,UPI,Refunded,10-11-2024
7319,7319,COD,Paid,16-02-2024
7320,7320,Net Banking,Refunded,27-01-2024
7321,7321,Debit Card,Paid,21-12-2024
7322,7322,Credit Card,Failed,14-10-2025
7323,7323,Net Banking,Paid,16-11-2025
7324,7324,Credit Card,Paid,15-09-2025
7325,7325,Credit Card,Refunded,30-09-2025
7326,7326,Debit Card,Refunded,06-10-2025
7327,7327,COD,Failed,21-04-2025
7328,7328,Debit Card,Failed,26-09-2025
7329,7329,COD,Failed,24-05-2024
7330,7330,COD,Refunded,17-10-2024
7331,7331,Credit Card,Refunded,19-09-2025
7332,7332,UPI,Failed,02-11-2025
7333,7333,Debit Card,Refunded,11-04-2025
7334,7334,Debit Card,Failed,16-12-2025
7335,7335,Debit Card,Failed,07-04-2024
7336,7336,COD,Failed,29-05-2025
7337,7337,UPI,Failed,19-04-2025
7338,7338,Credit Card,Refunded,10-10-2025
7339,7339,Debit Card,Refunded,24-01-2024
7340,7340,Net Banking,Paid,04-11-2024
7341,7341,COD,Failed,02-11-2024
7342,7342,Debit Card,Refunded,04-12-2024
7343,7343,UPI,Refunded,15-06-2025
7344,7344,COD,Paid,18-09-2025
7345,7345,Credit Card,Refunded,20-10-2025
7346,7346,Credit Card,Failed,25-07-2024
7347,7347,Debit Card,Failed,19-04-2024
7348,7348,Debit Card,Paid,29-10-2025
7349,7349,Net Banking,Refunded,08-10-2025
7350,7350,COD,Refunded,03-10-2024
7351,7351,UPI,Failed,17-07-2024
7352,7352,Credit Card,Paid,15-06-2025
7353,7353,Debit Card,Failed,06-03-2024
7354,7354,Net Banking,Refunded,08-01-2025
7355,7355,Debit Card,Refunded,05-05-2025
7356,7356,Net Banking,Refunded,27-05-2024
7357,7357,Credit Card,Refunded,14-06-2025
7358,7358,UPI,Paid,11-09-2024
7359,7359,COD,Paid,17-12-2024
7360,7360,COD,Refunded,14-08-2025
7361,7361,Debit Card,Paid,04-09-2024
7362,7362,Debit Card,Paid,15-10-2025
7363,7363,Credit Card,Paid,11-09-2025
7364,7364,Net Banking,Failed,08-05-2024
7365,7365,UPI,Refunded,29-06-2025
7366,7366,Debit Card,Paid,31-01-2024
7367,7367,Net Banking,Refunded,09-04-2025
7368,7368,Net Banking,Refunded,18-07-2025
7369,7369,UPI,Failed,09-12-2025
7370,7370,Credit Card,Paid,26-07-2025
7371,7371,UPI,Paid,29-01-2025
7372,7372,UPI,Refunded,16-10-2024
7373,7373,UPI,Refunded,29-02-2024
7374,7374,Credit Card,Failed,10-03-2024
7375,7375,Credit Card,Refunded,14-11-2024
7376,7376,Debit Card,Paid,27-10-2024
7377,7377,Debit Card,Refunded,26-06-2025
7378,7378,Credit Card,Refunded,17-06-2025
7379,7379,Credit Card,Refunded,25-07-2024
7380,7380,Debit Card,Refunded,23-07-2024
7381,7381,COD,Paid,15-11-2025
7382,7382,Debit Card,Paid,27-08-2024
7383,7383,Net Banking,Paid,24-09-2025
7384,7384,COD,Failed,21-03-2025
7385,7385,UPI,Failed,03-07-2024
7386,7386,UPI,Failed,19-01-2025
7387,7387,Net Banking,Refunded,14-11-2025
7388,7388,UPI,Failed,13-08-2025
7389,7389,Credit Card,Failed,22-03-2025
7390,7390,Credit Card,Paid,09-05-2025
7391,7391,UPI,Paid,05-03-2025
7392,7392,Credit Card,Failed,09-06-2025
7393,7393,Credit Card,Failed,26-06-2024
7394,7394,COD,Refunded,05-11-2025
7395,7395,Credit Card,Failed,06-02-2025
7396,7396,COD,Failed,23-04-2024
7397,7397,Credit Card,Refunded,26-11-2024
7398,7398,Debit Card,Paid,26-05-2024
7399,7399,Credit Card,Refunded,22-08-2024
7400,7400,UPI,Paid,26-05-2025
7401,7401,UPI,Paid,04-08-2024
7402,7402,Net Banking,Refunded,30-12-2025
7403,7403,COD,Paid,04-10-2024
7404,7404,Credit Card,Refunded,14-07-2024
7405,7405,UPI,Paid,03-12-2025
7406,7406,Credit Card,Paid,05-08-2024
7407,7407,Debit Card,Refunded,21-04-2024
7408,7408,COD,Refunded,29-03-2025
7409,7409,Credit Card,Refunded,09-12-2025
7410,7410,Credit Card,Paid,19-02-2024
7411,7411,Credit Card,Paid,05-11-2025
7412,7412,Net Banking,Paid,08-05-2025
7413,7413,Net Banking,Refunded,03-01-2025
7414,7414,COD,Failed,03-12-2025
7415,7415,UPI,Failed,08-12-2025
7416,7416,Credit Card,Failed,12-01-2024
7417,7417,Net Banking,Refunded,11-04-2024
7418,7418,UPI,Refunded,06-05-2024
7419,7419,COD,Failed,16-02-2025
7420,7420,Credit Card,Refunded,28-08-2025
7421,7421,UPI,Refunded,26-01-2025
7422,7422,COD,Refunded,11-06-2025
7423,7423,Net Banking,Paid,09-01-2025
7424,7424,Debit Card,Failed,05-10-2025
7425,7425,Credit Card,Paid,01-12-2024
7426,7426,COD,Paid,28-09-2025
7427,7427,COD,Failed,17-11-2024
7428,7428,Net Banking,Paid,21-12-2024
7429,7429,UPI,Paid,19-05-2025
7430,7430,Debit Card,Refunded,17-05-2025
7431,7431,UPI,Failed,04-11-2024
7432,7432,Net Banking,Refunded,13-06-2024
7433,7433,UPI,Failed,24-04-2024
7434,7434,COD,Refunded,16-06-2025
7435,7435,UPI,Failed,15-02-2024
7436,7436,Debit Card,Refunded,16-11-2025
7437,7437,Credit Card,Refunded,12-01-2024
7438,7438,Net Banking,Refunded,19-10-2024
7439,7439,Credit Card,Refunded,01-04-2024
7440,7440,Debit Card,Failed,05-02-2025
7441,7441,COD,Paid,24-09-2025
7442,7442,Debit Card,Failed,26-03-2024
7443,7443,Debit Card,Failed,17-07-2025
7444,7444,Debit Card,Paid,30-11-2024
7445,7445,Credit Card,Paid,04-07-2025
7446,7446,Credit Card,Failed,29-02-2024
7447,7447,UPI,Paid,03-01-2025
7448,7448,Debit Card,Paid,11-02-2025
7449,7449,Debit Card,Paid,05-04-2024
7450,7450,COD,Failed,13-05-2025
7451,7451,Credit Card,Paid,14-06-2025
7452,7452,Credit Card,Paid,09-09-2025
7453,7453,Credit Card,Refunded,25-08-2025
7454,7454,Net Banking,Refunded,29-06-2024
7455,7455,Net Banking,Paid,18-06-2025
7456,7456,Credit Card,Refunded,10-03-2024
7457,7457,UPI,Paid,25-08-2025
7458,7458,Net Banking,Refunded,26-04-2025
7459,7459,COD,Paid,16-09-2025
7460,7460,Credit Card,Refunded,09-08-2025
7461,7461,UPI,Failed,31-07-2025
7462,7462,UPI,Refunded,13-08-2025
7463,7463,Net Banking,Paid,15-01-2025
7464,7464,Net Banking,Failed,14-02-2024
7465,7465,Net Banking,Refunded,21-10-2024
7466,7466,Credit Card,Refunded,02-11-2024
7467,7467,UPI,Failed,17-01-2025
7468,7468,Debit Card,Failed,18-01-2025
7469,7469,Credit Card,Failed,19-03-2024
7470,7470,Net Banking,Paid,20-08-2025
7471,7471,COD,Failed,30-03-2025
7472,7472,Net Banking,Failed,20-09-2024
7473,7473,Credit Card,Paid,14-09-2025
7474,7474,Net Banking,Refunded,24-05-2025
7475,7475,UPI,Paid,01-04-2024
7476,7476,Debit Card,Failed,25-07-2024
7477,7477,Net Banking,Refunded,19-12-2025
7478,7478,COD,Failed,26-12-2024
7479,7479,Credit Card,Refunded,25-06-2025
7480,7480,UPI,Failed,17-09-2025
7481,7481,Credit Card,Refunded,12-03-2024
7482,7482,UPI,Refunded,02-01-2025
7483,7483,UPI,Refunded,06-12-2025
7484,7484,UPI,Failed,30-10-2025
7485,7485,COD,Refunded,01-11-2024
7486,7486,Debit Card,Refunded,13-05-2024
7487,7487,Credit Card,Paid,26-10-2024
7488,7488,COD,Failed,13-11-2024
7489,7489,Debit Card,Refunded,14-06-2025
7490,7490,UPI,Refunded,01-08-2024
7491,7491,COD,Failed,18-08-2025
7492,7492,UPI,Refunded,03-07-2024
7493,7493,UPI,Refunded,09-09-2024
7494,7494,Debit Card,Failed,14-11-2024
7495,7495,UPI,Refunded,29-06-2024
7496,7496,COD,Failed,21-02-2025
7497,7497,UPI,Paid,10-04-2024
7498,7498,UPI,Refunded,24-02-2024
7499,7499,Debit Card,Refunded,01-09-2024
7500,7500,COD,Paid,21-07-2025
7501,7501,Net Banking,Paid,20-06-2025
7502,7502,Debit Card,Refunded,26-05-2024
7503,7503,Net Banking,Paid,02-03-2025
7504,7504,Net Banking,Refunded,28-09-2025
7505,7505,Credit Card,Failed,03-02-2024
7506,7506,Net Banking,Failed,27-11-2024
7507,7507,Net Banking,Paid,05-02-2024
7508,7508,Credit Card,Failed,01-02-2024
7509,7509,Credit Card,Refunded,13-06-2024
7510,7510,Credit Card,Failed,25-07-2025
7511,7511,Net Banking,Paid,27-04-2025
7512,7512,COD,Refunded,17-08-2024
7513,7513,Net Banking,Paid,12-04-2024
7514,7514,Credit Card,Refunded,31-03-2025
7515,7515,UPI,Refunded,02-03-2024
7516,7516,UPI,Failed,25-02-2024
7517,7517,Credit Card,Failed,09-02-2025
7518,7518,Net Banking,Paid,11-10-2024
7519,7519,UPI,Paid,28-02-2025
7520,7520,COD,Refunded,31-12-2024
7521,7521,Debit Card,Refunded,29-09-2024
7522,7522,Credit Card,Paid,04-11-2024
7523,7523,UPI,Refunded,12-08-2025
7524,7524,Credit Card,Paid,17-11-2024
7525,7525,Net Banking,Failed,15-06-2024
7526,7526,Debit Card,Refunded,02-07-2024
7527,7527,Debit Card,Refunded,31-07-2025
7528,7528,UPI,Failed,28-10-2024
7529,7529,Net Banking,Paid,27-10-2025
7530,7530,COD,Paid,03-09-2024
7531,7531,Credit Card,Failed,14-03-2025
7532,7532,Debit Card,Paid,22-08-2025
7533,7533,UPI,Refunded,01-02-2024
7534,7534,Debit Card,Failed,11-08-2024
7535,7535,COD,Refunded,16-06-2024
7536,7536,Debit Card,Paid,21-02-2024
7537,7537,Net Banking,Refunded,29-09-2025
7538,7538,UPI,Paid,19-08-2025
7539,7539,UPI,Refunded,07-02-2025
7540,7540,UPI,Paid,12-09-2024
7541,7541,Credit Card,Failed,05-12-2025
7542,7542,Net Banking,Failed,02-08-2025
7543,7543,Net Banking,Paid,25-08-2025
7544,7544,Debit Card,Refunded,21-03-2024
7545,7545,UPI,Refunded,15-06-2025
7546,7546,Credit Card,Paid,25-08-2024
7547,7547,Credit Card,Refunded,27-03-2025
7548,7548,Debit Card,Refunded,19-06-2025
7549,7549,UPI,Paid,29-06-2025
7550,7550,Net Banking,Refunded,08-05-2025
7551,7551,Credit Card,Failed,13-12-2025
7552,7552,Credit Card,Paid,15-08-2025
7553,7553,UPI,Failed,06-02-2024
7554,7554,Credit Card,Failed,03-09-2024
7555,7555,Debit Card,Failed,14-04-2025
7556,7556,Credit Card,Paid,09-05-2024
7557,7557,UPI,Failed,30-07-2024
7558,7558,Debit Card,Paid,08-03-2024
7559,7559,COD,Paid,21-04-2025
7560,7560,Debit Card,Refunded,04-05-2024
7561,7561,Net Banking,Refunded,26-04-2024
7562,7562,Credit Card,Failed,09-09-2025
7563,7563,COD,Failed,13-07-2024
7564,7564,Net Banking,Failed,14-08-2024
7565,7565,Debit Card,Refunded,12-02-2024
7566,7566,Credit Card,Failed,01-03-2025
7567,7567,Net Banking,Failed,17-07-2025
7568,7568,Net Banking,Failed,05-07-2024
7569,7569,Debit Card,Paid,26-02-2025
7570,7570,Credit Card,Failed,13-06-2024
7571,7571,Credit Card,Failed,26-08-2024
7572,7572,Net Banking,Failed,18-12-2024
7573,7573,UPI,Failed,30-06-2024
7574,7574,Net Banking,Failed,08-05-2024
7575,7575,Debit Card,Paid,24-03-2024
7576,7576,Net Banking,Failed,14-08-2025
7577,7577,Debit Card,Failed,30-04-2024
7578,7578,UPI,Paid,12-02-2024
7579,7579,Debit Card,Failed,19-01-2025
7580,7580,COD,Failed,13-10-2025
7581,7581,UPI,Paid,04-07-2024
7582,7582,Debit Card,Refunded,10-09-2025
7583,7583,Credit Card,Paid,06-05-2024
7584,7584,Credit Card,Failed,13-09-2025
7585,7585,COD,Refunded,06-10-2024
7586,7586,Net Banking,Paid,21-02-2024
7587,7587,Net Banking,Refunded,01-02-2024
7588,7588,UPI,Refunded,12-01-2025
7589,7589,UPI,Refunded,25-02-2024
7590,7590,Net Banking,Paid,01-12-2024
7591,7591,Debit Card,Refunded,08-06-2025
7592,7592,Credit Card,Paid,23-01-2025
7593,7593,Debit Card,Refunded,29-10-2025
7594,7594,Debit Card,Refunded,28-04-2024
7595,7595,UPI,Failed,28-10-2025
7596,7596,COD,Paid,27-05-2025
7597,7597,Debit Card,Failed,04-06-2024
7598,7598,COD,Paid,22-12-2024
7599,7599,COD,Refunded,17-02-2024
7600,7600,UPI,Paid,06-04-2025
7601,7601,Credit Card,Failed,21-11-2024
7602,7602,UPI,Paid,22-07-2024
7603,7603,Net Banking,Paid,29-12-2025
7604,7604,Credit Card,Refunded,26-03-2025
7605,7605,COD,Paid,22-08-2024
7606,7606,COD,Refunded,13-09-2024
7607,7607,Debit Card,Failed,30-03-2025
7608,7608,COD,Paid,24-05-2025
7609,7609,Debit Card,Failed,20-04-2024
7610,7610,Debit Card,Refunded,05-06-2025
7611,7611,Credit Card,Failed,12-12-2025
7612,7612,COD,Paid,20-12-2024
7613,7613,Net Banking,Failed,11-08-2024
7614,7614,Debit Card,Paid,10-04-2024
7615,7615,UPI,Failed,26-08-2025
7616,7616,Credit Card,Paid,29-09-2025
7617,7617,COD,Failed,02-02-2024
7618,7618,Credit Card,Paid,15-05-2025
7619,7619,Credit Card,Refunded,17-05-2025
7620,7620,Debit Card,Failed,29-09-2024
7621,7621,COD,Failed,30-01-2025
7622,7622,Credit Card,Refunded,27-09-2024
7623,7623,Net Banking,Refunded,25-06-2025
7624,7624,UPI,Failed,17-05-2025
7625,7625,Net Banking,Paid,14-11-2025
7626,7626,COD,Failed,15-11-2025
7627,7627,COD,Refunded,24-11-2025
7628,7628,Debit Card,Paid,28-03-2025
7629,7629,UPI,Refunded,13-07-2025
7630,7630,Debit Card,Failed,04-08-2024
7631,7631,COD,Failed,07-11-2025
7632,7632,Credit Card,Refunded,31-08-2025
7633,7633,Debit Card,Paid,30-12-2025
7634,7634,Credit Card,Refunded,24-11-2025
7635,7635,COD,Paid,28-03-2025
7636,7636,COD,Paid,30-03-2025
7637,7637,Debit Card,Failed,11-10-2025
7638,7638,Net Banking,Refunded,31-07-2024
7639,7639,Net Banking,Refunded,28-05-2025
7640,7640,Debit Card,Paid,06-02-2024
7641,7641,UPI,Failed,29-01-2024
7642,7642,UPI,Refunded,03-05-2024
7643,7643,Net Banking,Failed,03-11-2024
7644,7644,Debit Card,Paid,25-08-2025
7645,7645,Debit Card,Refunded,06-07-2025
7646,7646,Credit Card,Paid,02-02-2025
7647,7647,Debit Card,Paid,25-03-2024
7648,7648,Debit Card,Failed,13-02-2024
7649,7649,UPI,Refunded,11-04-2025
7650,7650,Credit Card,Failed,26-01-2025
7651,7651,UPI,Failed,31-10-2025
7652,7652,Net Banking,Paid,24-05-2025
7653,7653,Net Banking,Paid,08-02-2025
7654,7654,Credit Card,Paid,25-02-2024
7655,7655,COD,Refunded,28-09-2025
7656,7656,Credit Card,Paid,21-03-2024
7657,7657,COD,Paid,12-11-2024
7658,7658,Credit Card,Failed,14-12-2024
7659,7659,UPI,Failed,16-04-2024
7660,7660,Net Banking,Failed,31-05-2025
7661,7661,Net Banking,Refunded,10-11-2024
7662,7662,Credit Card,Failed,09-09-2025
7663,7663,Debit Card,Failed,26-06-2024
7664,7664,Net Banking,Failed,05-01-2025
7665,7665,UPI,Paid,25-06-2025
7666,7666,UPI,Refunded,19-12-2024
7667,7667,Credit Card,Paid,25-07-2025
7668,7668,COD,Paid,21-07-2024
7669,7669,Net Banking,Refunded,07-02-2025
7670,7670,COD,Failed,15-06-2024
7671,7671,COD,Paid,17-09-2024
7672,7672,Net Banking,Refunded,01-07-2024
7673,7673,UPI,Failed,06-09-2024
7674,7674,Credit Card,Failed,10-02-2024
7675,7675,Credit Card,Refunded,17-03-2025
7676,7676,Debit Card,Failed,08-09-2024
7677,7677,UPI,Refunded,08-03-2024
7678,7678,Debit Card,Paid,26-02-2025
7679,7679,Credit Card,Refunded,08-08-2024
7680,7680,Debit Card,Paid,05-07-2024
7681,7681,COD,Refunded,15-08-2025
7682,7682,Net Banking,Failed,16-11-2024
7683,7683,Debit Card,Failed,03-02-2025
7684,7684,COD,Failed,02-12-2025
7685,7685,Net Banking,Paid,25-10-2024
7686,7686,Net Banking,Failed,09-01-2024
7687,7687,Debit Card,Failed,21-12-2024
7688,7688,Debit Card,Failed,10-10-2024
7689,7689,Debit Card,Refunded,20-01-2024
7690,7690,COD,Paid,30-10-2025
7691,7691,Net Banking,Paid,27-02-2024
7692,7692,COD,Failed,25-09-2024
7693,7693,COD,Refunded,07-07-2024
7694,7694,COD,Paid,23-04-2024
7695,7695,Credit Card,Failed,19-09-2024
7696,7696,Credit Card,Failed,26-09-2025
7697,7697,COD,Refunded,28-04-2025
7698,7698,COD,Failed,27-06-2024
7699,7699,Credit Card,Refunded,23-04-2025
7700,7700,Debit Card,Failed,13-10-2024
7701,7701,Credit Card,Failed,04-06-2025
7702,7702,UPI,Failed,04-06-2025
7703,7703,UPI,Paid,04-11-2025
7704,7704,Debit Card,Failed,08-07-2024
7705,7705,Net Banking,Paid,25-09-2025
7706,7706,Net Banking,Paid,24-09-2025
7707,7707,Net Banking,Refunded,28-11-2025
7708,7708,COD,Paid,14-03-2025
7709,7709,Credit Card,Paid,06-07-2024
7710,7710,COD,Paid,07-05-2025
7711,7711,Debit Card,Failed,13-07-2025
7712,7712,Credit Card,Refunded,25-01-2025
7713,7713,UPI,Failed,20-02-2025
7714,7714,UPI,Failed,17-04-2024
7715,7715,Debit Card,Refunded,05-10-2025
7716,7716,UPI,Failed,30-05-2024
7717,7717,Net Banking,Failed,09-11-2025
7718,7718,UPI,Refunded,09-03-2024
7719,7719,Debit Card,Paid,18-06-2025
7720,7720,COD,Failed,28-09-2025
7721,7721,Net Banking,Failed,15-03-2024
7722,7722,Credit Card,Failed,03-04-2025
7723,7723,Credit Card,Refunded,20-01-2024
7724,7724,Net Banking,Refunded,19-07-2024
7725,7725,Debit Card,Failed,04-11-2025
7726,7726,Debit Card,Paid,08-09-2025
7727,7727,Debit Card,Paid,25-10-2025
7728,7728,Debit Card,Paid,26-04-2024
7729,7729,UPI,Failed,02-07-2024
7730,7730,Credit Card,Refunded,15-01-2025
7731,7731,UPI,Refunded,22-04-2025
7732,7732,COD,Refunded,30-01-2025
7733,7733,Debit Card,Paid,18-10-2025
7734,7734,COD,Failed,10-04-2024
7735,7735,Debit Card,Refunded,06-12-2024
7736,7736,UPI,Failed,25-11-2025
7737,7737,Credit Card,Paid,21-08-2025
7738,7738,Debit Card,Paid,25-03-2024
7739,7739,Net Banking,Refunded,24-06-2024
7740,7740,Debit Card,Failed,28-07-2025
7741,7741,Debit Card,Paid,15-02-2024
7742,7742,Debit Card,Paid,25-05-2024
7743,7743,Net Banking,Refunded,22-07-2024
7744,7744,Credit Card,Refunded,10-10-2025
7745,7745,COD,Failed,07-08-2024
7746,7746,UPI,Paid,19-11-2024
7747,7747,Credit Card,Refunded,19-03-2025
7748,7748,UPI,Refunded,29-06-2024
7749,7749,Debit Card,Failed,02-07-2025
7750,7750,Net Banking,Paid,30-11-2025
7751,7751,Net Banking,Failed,27-10-2024
7752,7752,Debit Card,Refunded,28-02-2024
7753,7753,Net Banking,Paid,13-03-2025
7754,7754,Debit Card,Refunded,10-10-2025
7755,7755,UPI,Refunded,22-03-2024
7756,7756,COD,Failed,24-05-2025
7757,7757,Credit Card,Paid,05-12-2025
7758,7758,Credit Card,Failed,01-11-2024
7759,7759,Credit Card,Paid,20-04-2024
7760,7760,Debit Card,Failed,02-04-2024
7761,7761,Net Banking,Refunded,09-09-2024
7762,7762,Credit Card,Failed,04-12-2024
7763,7763,Net Banking,Paid,12-09-2024
7764,7764,Credit Card,Failed,07-01-2024
7765,7765,COD,Refunded,04-08-2024
7766,7766,UPI,Refunded,13-05-2024
7767,7767,UPI,Failed,04-12-2025
7768,7768,Debit Card,Failed,07-03-2024
7769,7769,UPI,Paid,14-09-2025
7770,7770,COD,Refunded,10-08-2025
7771,7771,Credit Card,Paid,16-09-2024
7772,7772,COD,Refunded,27-12-2025
7773,7773,Net Banking,Refunded,13-02-2024
7774,7774,COD,Refunded,24-11-2025
7775,7775,Net Banking,Paid,17-09-2025
7776,7776,Credit Card,Failed,17-08-2025
7777,7777,Debit Card,Refunded,15-02-2024
7778,7778,Net Banking,Paid,14-03-2025
7779,7779,Debit Card,Failed,21-09-2024
7780,7780,Credit Card,Failed,31-07-2024
7781,7781,UPI,Refunded,08-06-2024
7782,7782,Credit Card,Paid,18-05-2025
7783,7783,COD,Failed,28-07-2024
7784,7784,Credit Card,Paid,17-04-2025
7785,7785,COD,Paid,16-04-2024
7786,7786,Debit Card,Refunded,16-09-2025
7787,7787,UPI,Paid,10-10-2024
7788,7788,Debit Card,Refunded,28-02-2025
7789,7789,Debit Card,Paid,27-07-2024
7790,7790,UPI,Paid,28-10-2024
7791,7791,Net Banking,Failed,19-11-2024
7792,7792,Credit Card,Refunded,14-01-2025
7793,7793,Credit Card,Failed,24-08-2025
7794,7794,Credit Card,Failed,01-07-2025
7795,7795,COD,Paid,26-08-2024
7796,7796,Credit Card,Failed,10-03-2024
7797,7797,COD,Failed,20-06-2025
7798,7798,Credit Card,Paid,20-05-2025
7799,7799,Credit Card,Paid,25-05-2025
7800,7800,UPI,Refunded,21-08-2025
7801,7801,Credit Card,Failed,19-02-2024
7802,7802,Net Banking,Paid,26-11-2024
7803,7803,Credit Card,Refunded,11-12-2024
7804,7804,Net Banking,Paid,21-01-2024
7805,7805,Net Banking,Refunded,23-12-2024
7806,7806,Debit Card,Refunded,19-05-2024
7807,7807,COD,Refunded,10-10-2025
7808,7808,Net Banking,Failed,16-05-2024
7809,7809,COD,Refunded,20-10-2025
7810,7810,COD,Refunded,22-11-2025
7811,7811,Credit Card,Paid,13-08-2024
7812,7812,Credit Card,Paid,15-01-2025
7813,7813,Net Banking,Paid,14-11-2024
7814,7814,UPI,Paid,20-07-2024
7815,7815,Net Banking,Failed,21-07-2024
7816,7816,Net Banking,Paid,10-12-2024
7817,7817,COD,Paid,28-09-2024
7818,7818,COD,Failed,16-07-2024
7819,7819,COD,Refunded,14-01-2024
7820,7820,Debit Card,Failed,27-04-2024
7821,7821,UPI,Refunded,20-05-2025
7822,7822,Debit Card,Paid,24-10-2024
7823,7823,Credit Card,Refunded,13-08-2024
7824,7824,Credit Card,Refunded,04-01-2025
7825,7825,UPI,Refunded,20-01-2024
7826,7826,Debit Card,Paid,08-12-2025
7827,7827,Credit Card,Refunded,20-11-2025
7828,7828,COD,Refunded,23-09-2024
7829,7829,COD,Refunded,28-01-2024
7830,7830,COD,Paid,10-04-2025
7831,7831,Debit Card,Failed,18-08-2024
7832,7832,Debit Card,Refunded,08-05-2025
7833,7833,Credit Card,Refunded,15-04-2025
7834,7834,COD,Paid,01-07-2024
7835,7835,Credit Card,Refunded,03-06-2024
7836,7836,Credit Card,Refunded,05-04-2025
7837,7837,Debit Card,Paid,15-12-2024
7838,7838,Debit Card,Refunded,02-01-2025
7839,7839,Debit Card,Refunded,16-07-2024
7840,7840,Credit Card,Refunded,09-03-2025
7841,7841,Net Banking,Paid,28-11-2025
7842,7842,Credit Card,Failed,12-12-2025
7843,7843,Net Banking,Failed,01-10-2024
7844,7844,UPI,Failed,22-04-2025
7845,7845,UPI,Failed,09-03-2024
7846,7846,Net Banking,Paid,29-03-2024
7847,7847,COD,Paid,08-04-2025
7848,7848,Net Banking,Refunded,10-01-2024
7849,7849,COD,Failed,14-02-2025
7850,7850,Net Banking,Paid,09-11-2025
7851,7851,Debit Card,Refunded,27-02-2024
7852,7852,Credit Card,Refunded,10-01-2024
7853,7853,Credit Card,Refunded,08-03-2024
7854,7854,UPI,Failed,11-03-2025
7855,7855,Credit Card,Failed,21-09-2024
7856,7856,UPI,Refunded,05-01-2025
7857,7857,UPI,Refunded,18-08-2024
7858,7858,Debit Card,Failed,03-08-2024
7859,7859,COD,Failed,08-01-2025
7860,7860,UPI,Paid,25-04-2024
7861,7861,UPI,Refunded,05-07-2024
7862,7862,Debit Card,Refunded,20-12-2024
7863,7863,Debit Card,Paid,27-06-2024
7864,7864,COD,Paid,13-06-2025
7865,7865,Credit Card,Paid,10-03-2024
7866,7866,UPI,Paid,24-11-2024
7867,7867,Net Banking,Refunded,04-04-2024
7868,7868,Credit Card,Paid,06-10-2024
7869,7869,UPI,Refunded,16-06-2024
7870,7870,Debit Card,Paid,06-10-2024
7871,7871,Debit Card,Refunded,23-03-2025
7872,7872,Net Banking,Failed,11-12-2025
7873,7873,COD,Paid,01-08-2025
7874,7874,COD,Refunded,18-11-2025
7875,7875,Credit Card,Failed,30-09-2024
7876,7876,Debit Card,Paid,21-08-2024
7877,7877,Net Banking,Failed,29-06-2024
7878,7878,Debit Card,Failed,02-02-2025
7879,7879,Credit Card,Refunded,13-02-2025
7880,7880,Credit Card,Paid,11-11-2025
7881,7881,Net Banking,Failed,05-09-2025
7882,7882,Debit Card,Paid,28-09-2025
7883,7883,Credit Card,Paid,28-06-2024
7884,7884,UPI,Refunded,16-03-2024
7885,7885,COD,Failed,02-04-2024
7886,7886,Net Banking,Paid,06-09-2024
7887,7887,Credit Card,Paid,28-03-2025
7888,7888,COD,Failed,07-02-2025
7889,7889,UPI,Paid,06-11-2024
7890,7890,UPI,Paid,18-09-2024
7891,7891,UPI,Failed,20-03-2024
7892,7892,UPI,Paid,23-10-2024
7893,7893,Credit Card,Refunded,17-05-2025
7894,7894,COD,Paid,09-06-2024
7895,7895,Net Banking,Paid,08-05-2024
7896,7896,Debit Card,Refunded,15-08-2024
7897,7897,Net Banking,Failed,14-06-2024
7898,7898,COD,Paid,23-11-2025
7899,7899,COD,Refunded,07-04-2025
7900,7900,UPI,Refunded,26-08-2024
7901,7901,Net Banking,Paid,04-12-2025
7902,7902,COD,Failed,27-01-2024
7903,7903,COD,Paid,10-01-2024
7904,7904,Debit Card,Refunded,09-02-2024
7905,7905,UPI,Failed,26-12-2025
7906,7906,Net Banking,Paid,02-11-2024
7907,7907,UPI,Refunded,02-08-2025
7908,7908,UPI,Paid,02-10-2025
7909,7909,UPI,Paid,04-03-2025
7910,7910,UPI,Paid,01-03-2024
7911,7911,Net Banking,Refunded,27-11-2024
7912,7912,COD,Failed,04-10-2025
7913,7913,Debit Card,Failed,10-12-2024
7914,7914,COD,Paid,17-01-2024
7915,7915,UPI,Refunded,17-03-2024
7916,7916,UPI,Failed,17-09-2025
7917,7917,UPI,Paid,18-07-2024
7918,7918,UPI,Paid,21-11-2025
7919,7919,UPI,Failed,11-02-2024
7920,7920,Debit Card,Refunded,28-11-2024
7921,7921,Debit Card,Paid,01-01-2024
7922,7922,Debit Card,Refunded,29-12-2025
7923,7923,UPI,Paid,29-06-2024
7924,7924,UPI,Failed,10-07-2025
7925,7925,UPI,Refunded,30-11-2025
7926,7926,Debit Card,Paid,23-05-2024
7927,7927,COD,Failed,15-09-2025
7928,7928,Net Banking,Paid,10-08-2024
7929,7929,Credit Card,Refunded,30-07-2024
7930,7930,COD,Failed,29-05-2024
7931,7931,UPI,Refunded,19-12-2025
7932,7932,Net Banking,Failed,01-09-2024
7933,7933,COD,Paid,07-02-2025
7934,7934,COD,Paid,25-06-2025
7935,7935,Debit Card,Refunded,30-09-2024
7936,7936,COD,Refunded,24-12-2024
7937,7937,Net Banking,Refunded,21-03-2025
7938,7938,Credit Card,Refunded,03-04-2024
7939,7939,Net Banking,Refunded,21-08-2024
7940,7940,Credit Card,Refunded,20-12-2024
7941,7941,Credit Card,Paid,08-05-2025
7942,7942,Credit Card,Refunded,04-05-2025
7943,7943,Credit Card,Failed,24-12-2025
7944,7944,Net Banking,Refunded,17-09-2025
7945,7945,Credit Card,Failed,30-09-2025
7946,7946,UPI,Failed,20-05-2025
7947,7947,Net Banking,Failed,01-09-2025
7948,7948,UPI,Paid,11-01-2025
7949,7949,Credit Card,Failed,11-08-2024
7950,7950,UPI,Failed,05-08-2024
7951,7951,Credit Card,Refunded,09-07-2024
7952,7952,Credit Card,Refunded,15-12-2025
7953,7953,Net Banking,Failed,29-02-2024
7954,7954,UPI,Paid,04-10-2025
7955,7955,Debit Card,Paid,02-11-2024
7956,7956,Net Banking,Failed,31-08-2024
7957,7957,UPI,Failed,28-06-2025
7958,7958,Debit Card,Failed,11-06-2025
7959,7959,Debit Card,Paid,15-03-2024
7960,7960,Debit Card,Failed,21-02-2025
7961,7961,COD,Paid,04-10-2025
7962,7962,UPI,Failed,29-01-2024
7963,7963,Credit Card,Refunded,27-08-2025
7964,7964,Credit Card,Failed,20-04-2024
7965,7965,Credit Card,Refunded,28-03-2025
7966,7966,UPI,Refunded,31-10-2024
7967,7967,Debit Card,Paid,14-08-2024
7968,7968,Net Banking,Paid,13-03-2025
7969,7969,Net Banking,Paid,18-04-2024
7970,7970,Debit Card,Refunded,06-10-2025
7971,7971,COD,Refunded,28-12-2025
7972,7972,COD,Failed,01-07-2024
7973,7973,Credit Card,Failed,11-09-2025
7974,7974,Debit Card,Paid,05-08-2024
7975,7975,Net Banking,Refunded,16-10-2025
7976,7976,Net Banking,Failed,06-06-2024
7977,7977,Debit Card,Refunded,15-08-2025
7978,7978,Net Banking,Refunded,03-01-2024
7979,7979,UPI,Paid,29-11-2024
7980,7980,UPI,Refunded,21-10-2024
7981,7981,UPI,Refunded,01-07-2024
7982,7982,Debit Card,Paid,26-05-2024
7983,7983,Credit Card,Paid,20-06-2024
7984,7984,UPI,Refunded,26-03-2025
7985,7985,UPI,Refunded,19-02-2024
7986,7986,Credit Card,Refunded,16-08-2025
7987,7987,COD,Failed,31-08-2024
7988,7988,Debit Card,Refunded,05-07-2025
7989,7989,UPI,Failed,19-11-2025
7990,7990,Credit Card,Paid,29-06-2024
7991,7991,Net Banking,Paid,29-01-2025
7992,7992,Debit Card,Refunded,03-07-2025
7993,7993,Debit Card,Paid,21-06-2024
7994,7994,Net Banking,Paid,27-06-2024
7995,7995,Debit Card,Failed,25-11-2025
7996,7996,Net Banking,Paid,23-01-2024
7997,7997,COD,Refunded,08-02-2024
7998,7998,Net Banking,Failed,16-08-2025
7999,7999,UPI,Paid,27-03-2025
8000,8000,Credit Card,Failed,28-01-2025
