s.no,shipping_id,order_id,shipping_date,delivery_date,shipping_cost,courier_name
,1,1,2025-10-21,2025-10-25,153.05,Delhivery
,2,2,2024-08-26,2024-06-28,433.59,Blue Dart
,3,3,2024-05-31,2025-10-26,200.88,Ekart
,4,4,2024-05-18,2024-08-09,500.88,DTDC
,5,5,2024-07-20,2024-06-24,341.06,DTDC
,6,6,2025-10-24,2024-10-03,112.96,Ekart
,7,7,2024-10-14,2024-08-31,568.71,Blue Dart
,8,8,2025-07-27,2024-02-05,536.52,Delhivery
,9,9,2024-03-12,2025-01-24,277.15,Blue Dart
,10,10,2025-01-06,2024-03-23,378.44,Delhivery
,11,11,2025-06-30,2024-02-17,345.24,Blue Dart
,12,12,2025-08-31,2025-04-10,302.37,Ekart
,13,13,2025-01-05,2025-10-02,420.29,DTDC
,14,14,2024-09-27,2025-06-23,474.31,Delhivery
,15,15,2025-05-24,2025-07-15,173.12,DTDC
,16,16,2025-03-03,2025-11-22,332.42,Ekart
,17,17,2024-11-12,2025-03-25,288.31,Blue Dart
,18,18,2024-08-16,2024-06-30,507.87,Blue Dart
,19,19,2024-05-29,2024-08-17,215.19,Delhivery
,20,20,2025-01-23,2025-06-28,184.37,DTDC
,21,21,2025-03-30,2025-03-13,131.02,Ekart
,22,22,2024-06-02,2024-12-03,77.46,Blue Dart
,23,23,2024-02-27,2025-09-04,274.2,Delhivery
,24,24,2025-05-21,2024-07-20,361.74,Blue Dart
,25,25,2024-09-25,2025-09-25,571.06,DTDC
,26,26,2025-05-27,2025-10-20,487.15,Ekart
,27,27,2025-11-24,2025-05-06,112.77,DTDC
,28,28,2025-01-04,2025-05-09,206.21,DTDC
,29,29,2025-04-03,2024-05-15,310.05,Delhivery
,30,30,2025-10-28,2025-10-14,531.21,Blue Dart
,31,31,2024-12-29,2025-04-17,279.88,Blue Dart
,32,32,2024-01-28,2024-05-28,362.24,Ekart
,33,33,2025-01-23,2024-01-20,84.57,Ekart
,34,34,2024-08-04,2024-07-04,416.58,DTDC
,35,35,2025-10-06,2025-04-04,94.88,Blue Dart
,36,36,2025-10-04,2025-04-11,174.67,Ekart
,37,37,2025-06-12,2024-01-09,495.44,Delhivery
,38,38,2024-10-25,2024-01-31,483.66,Delhivery
,39,39,2024-04-27,2025-03-08,383.33,Delhivery
,40,40,2025-09-24,2024-04-25,344.88,Delhivery
,41,41,2024-06-19,2024-07-18,410.45,Delhivery
,42,42,2025-06-23,2025-09-27,517.68,Blue Dart
,43,43,2025-01-06,2025-04-22,56.8,Ekart
,44,44,2024-09-11,2024-09-19,502.36,Delhivery
,45,45,2024-10-10,2025-09-06,481,DTDC
,46,46,2025-03-30,2025-04-25,399.89,Blue Dart
,47,47,2024-10-06,2024-01-21,270.19,DTDC
,48,48,2024-11-01,2024-05-17,448.65,Delhivery
,49,49,2024-06-20,2024-06-13,590.75,Ekart
,50,50,2025-09-29,2024-02-23,174.48,Delhivery
,51,51,2024-09-11,2025-04-14,275.77,Delhivery
,52,52,2025-05-12,2025-11-19,134.31,Delhivery
,53,53,2025-01-13,2024-04-27,321.92,Blue Dart
,54,54,2025-12-26,2024-04-11,256.55,DTDC
,55,55,2024-11-02,2025-05-02,381.34,Ekart
,56,56,2025-08-11,2024-10-05,332.07,DTDC
,57,57,2024-11-05,2024-04-03,504.56,Blue Dart
,58,58,2025-11-18,2025-08-05,303.46,Ekart
,59,59,2025-09-29,2025-12-29,84.04,Ekart
,60,60,2024-04-24,2025-03-01,549.17,Ekart
,61,61,2025-09-24,2025-04-06,232.19,DTDC
,62,62,2025-12-16,2024-11-15,254.48,Ekart
,63,63,2024-12-29,2024-07-04,314.15,Blue Dart
,64,64,2024-08-11,2025-01-28,183.15,DTDC
,65,65,2025-11-20,2024-03-19,446.42,DTDC
,66,66,2025-11-15,2024-01-21,182.71,DTDC
,67,67,2024-06-02,2024-01-18,253.21,Ekart
,68,68,2025-06-19,2024-09-29,360.3,Ekart
,69,69,2024-06-15,2025-02-22,211.11,Delhivery
,70,70,2024-06-18,2024-04-04,304.7,Delhivery
,71,71,2024-10-01,2025-03-14,327.29,Delhivery
,72,72,2025-06-17,2024-02-10,40.77,Blue Dart
,73,73,2024-09-04,2024-04-02,80.05,Delhivery
,74,74,2025-07-09,2024-09-30,290.16,Delhivery
,75,75,2025-05-13,2024-08-18,378.11,Blue Dart
,76,76,2025-01-13,2025-09-13,585.24,DTDC
,77,77,2025-05-20,2025-12-12,395.3,Ekart
,78,78,2024-11-01,2024-04-24,128.87,Delhivery
,79,79,2025-07-31,2025-08-14,128.39,Delhivery
,80,80,2025-07-30,2025-07-23,495.25,Delhivery
,81,81,2024-10-17,2025-03-10,316.74,Ekart
,82,82,2025-12-29,2024-09-16,137.41,Delhivery
,83,83,2024-12-28,2025-11-28,510.68,DTDC
,84,84,2024-07-23,2025-09-19,414.2,Ekart
,85,85,2024-03-11,2025-04-05,582.66,Ekart
,86,86,2024-07-30,2024-07-13,347.98,DTDC
,87,87,2025-12-09,2024-11-06,208.45,Blue Dart
,88,88,2025-08-16,2024-08-15,346.26,Blue Dart
,89,89,2025-08-02,2025-05-07,174.91,DTDC
,90,90,2025-04-23,2025-04-17,398.51,Delhivery
,91,91,2024-09-04,2025-11-12,290.94,Delhivery
,92,92,2025-04-11,2024-03-09,137.09,Delhivery
,93,93,2025-12-07,2024-10-10,532.38,Delhivery
,94,94,2024-05-24,2025-06-23,405.59,DTDC
,95,95,2024-11-12,2025-03-08,498.57,Ekart
,96,96,2024-03-24,2025-03-26,119.54,Blue Dart
,97,97,2024-12-12,2024-01-24,529.59,Blue Dart
,98,98,2024-02-08,2025-01-14,42.75,Delhivery
,99,99,2025-02-26,2024-11-04,295.11,Ekart
,100,100,2025-03-28,2024-01-24,522.85,Ekart
,101,101,2025-08-15,2025-05-12,346.61,Delhivery
,102,102,2025-07-07,2024-02-14,307.74,DTDC
,103,103,2024-05-30,2024-02-03,564.45,Blue Dart
,104,104,2024-08-22,2024-08-01,235.26,DTDC
,105,105,2024-10-17,2024-09-11,314.83,DTDC
,106,106,2025-04-01,2024-04-08,295.59,DTDC
,107,107,2024-06-02,2024-02-23,228.75,Ekart
,108,108,2025-11-16,2024-01-06,545.65,Delhivery
,109,109,2025-02-20,2024-10-15,80.12,Delhivery
,110,110,2025-03-02,2024-12-31,113.16,Blue Dart
,111,111,2025-03-09,2024-12-22,378.87,Delhivery
,112,112,2024-01-05,2025-03-07,464.67,Ekart
,113,113,2025-09-15,2024-01-27,439.96,Ekart
,114,114,2025-11-04,2025-08-24,318.31,DTDC
,115,115,2024-10-03,2025-10-13,430.78,Ekart
,116,116,2025-01-07,2024-06-07,284.86,Blue Dart
,117,117,2024-10-14,2024-05-20,341.27,Delhivery
,118,118,2024-11-06,2024-07-17,548.46,Ekart
,119,119,2025-04-19,2024-06-27,275.24,Ekart
,120,120,2025-07-21,2024-06-27,419.27,DTDC
,121,121,2025-02-26,2024-11-17,550.26,Delhivery
,122,122,2025-08-23,2025-07-16,144.07,Delhivery
,123,123,2024-03-12,2025-12-31,397.6,Blue Dart
,124,124,2024-12-20,2024-05-02,79.87,Ekart
,125,125,2024-01-27,2024-10-10,134.34,Blue Dart
,126,126,2025-10-19,2025-04-30,347.41,Blue Dart
,127,127,2024-08-16,2025-05-30,406.9,DTDC
,128,128,2025-12-21,2024-01-09,116.27,Ekart
,129,129,2024-06-09,2024-12-22,167.9,Blue Dart
,130,130,2024-03-19,2025-09-25,300.52,DTDC
,131,131,2025-02-26,2024-07-25,225.22,Delhivery
,132,132,2024-03-04,2024-12-23,492.68,DTDC
,133,133,2024-12-11,2024-06-10,309.28,Ekart
,134,134,2025-01-24,2024-04-30,486.51,Ekart
,135,135,2024-05-15,2025-12-08,566.2,Ekart
,136,136,2025-09-29,2024-05-28,172.93,Ekart
,137,137,2025-01-18,2024-01-11,60.64,Blue Dart
,138,138,2025-03-09,2025-09-14,279.77,DTDC
,139,139,2024-09-15,2025-09-25,497.79,DTDC
,140,140,2024-08-01,2024-05-04,596.56,DTDC
,141,141,2024-06-20,2025-04-24,337.17,DTDC
,142,142,2024-08-04,2025-06-06,566.21,DTDC
,143,143,2025-05-31,2025-03-09,305.83,DTDC
,144,144,2024-08-18,2025-07-30,275.71,Blue Dart
,145,145,2024-01-08,2025-03-31,559.97,Blue Dart
,146,146,2025-10-02,2025-07-09,533.32,Ekart
,147,147,2024-04-05,2024-07-29,589.66,Ekart
,148,148,2025-02-01,2025-07-01,571.54,DTDC
,149,149,2025-02-16,2025-10-29,87.5,DTDC
,150,150,2024-07-25,2024-04-23,146,Delhivery
,151,151,2025-02-12,2025-03-21,327.32,Ekart
,152,152,2025-05-26,2024-10-18,598.49,Ekart
,153,153,2024-02-07,2024-12-15,578.42,Delhivery
,154,154,2024-11-05,2024-04-06,64.64,Delhivery
,155,155,2025-07-02,2024-05-07,499,DTDC
,156,156,2025-07-20,2024-05-12,266.72,DTDC
,157,157,2025-07-20,2024-12-18,504.44,Blue Dart
,158,158,2024-06-25,2025-04-04,577.21,Ekart
,159,159,2024-03-17,2024-01-26,292.47,Delhivery
,160,160,2024-01-22,2024-08-20,558.5,Delhivery
,161,161,2024-01-05,2025-12-07,399.19,Delhivery
,162,162,2024-07-04,2025-11-21,317.85,DTDC
,163,163,2025-07-21,2025-08-27,556.05,Delhivery
,164,164,2025-06-19,2025-07-01,592.51,Ekart
,165,165,2024-09-02,2024-03-13,182.15,Blue Dart
,166,166,2025-10-14,2025-04-09,572.18,DTDC
,167,167,2024-06-03,2024-05-05,337.58,Ekart
,168,168,2024-05-15,2025-12-18,270.18,DTDC
,169,169,2025-11-03,2024-05-12,511.77,DTDC
,170,170,2025-07-15,2025-01-07,79.72,Ekart
,171,171,2024-11-27,2025-01-08,216.78,Blue Dart
,172,172,2025-02-01,2025-12-24,235.09,Delhivery
,173,173,2025-11-25,2025-11-04,259.97,Ekart
,174,174,2024-08-02,2025-01-29,478.28,DTDC
,175,175,2024-08-17,2024-07-14,479.11,Blue Dart
,176,176,2024-04-25,2024-07-09,326.48,DTDC
,177,177,2024-01-20,2024-01-05,65.86,DTDC
,178,178,2024-01-30,2025-03-19,413.59,Ekart
,179,179,2024-06-27,2024-08-02,263,Blue Dart
,180,180,2024-03-29,2024-08-30,287.6,Blue Dart
,181,181,2024-09-18,2024-05-17,354.18,Ekart
,182,182,2024-11-23,2024-06-19,286.57,DTDC
,183,183,2024-08-18,2025-12-10,236,Blue Dart
,184,184,2025-06-30,2025-06-19,177.88,DTDC
,185,185,2024-01-10,2024-09-05,255.89,Delhivery
,186,186,2024-12-09,2024-06-13,123.89,Blue Dart
,187,187,2024-11-09,2025-10-08,523.26,Ekart
,188,188,2025-12-02,2025-08-20,196.95,Delhivery
,189,189,2024-10-14,2025-11-09,597.47,Ekart
,190,190,2025-03-27,2025-03-15,234.84,Ekart
,191,191,2025-11-05,2024-09-07,240.66,Blue Dart
,192,192,2024-07-10,2024-03-08,403.36,Delhivery
,193,193,2025-01-15,2025-01-20,452.43,Blue Dart
,194,194,2024-09-28,2024-07-26,395.26,DTDC
,195,195,2025-11-02,2025-01-14,335.65,Delhivery
,196,196,2025-09-03,2025-07-15,181.64,DTDC
,197,197,2025-01-31,2024-08-16,501.07,Delhivery
,198,198,2024-08-09,2025-09-30,309.15,DTDC
,199,199,2025-01-18,2025-05-24,407.03,Blue Dart
,200,200,2024-12-19,2025-05-02,365.55,Ekart
,201,201,2024-08-25,2024-02-11,573.04,Ekart
,202,202,2025-07-06,2024-05-31,105.84,DTDC
,203,203,2024-09-27,2024-10-14,390.79,DTDC
,204,204,2025-01-25,2025-06-02,94.1,Blue Dart
,205,205,2025-10-20,2025-01-27,279.97,Blue Dart
,206,206,2024-05-20,2025-02-08,206.03,Ekart
,207,207,2025-10-04,2025-04-28,67.15,Blue Dart
,208,208,2024-05-27,2024-06-02,264.22,DTDC
,209,209,2025-04-03,2024-09-02,296.2,Delhivery
,210,210,2024-07-23,2024-08-15,551.89,Ekart
,211,211,2025-07-20,2025-02-15,463.44,DTDC
,212,212,2025-01-26,2025-08-08,340.02,DTDC
,213,213,2025-11-17,2024-01-08,369.29,Blue Dart
,214,214,2024-01-01,2024-07-10,267.51,Ekart
,215,215,2024-10-13,2025-10-23,564.35,DTDC
,216,216,2025-07-12,2024-11-30,517.32,Blue Dart
,217,217,2025-03-04,2024-10-01,443.88,DTDC
,218,218,2024-10-16,2024-12-27,518.37,Ekart
,219,219,2024-06-05,2025-11-11,595.56,Ekart
,220,220,2024-08-10,2024-02-26,225.93,Delhivery
,221,221,2025-08-23,2024-04-21,105.91,DTDC
,222,222,2024-03-28,2024-09-04,408.74,Ekart
,223,223,2024-06-01,2025-07-08,252.88,DTDC
,224,224,2025-08-13,2024-02-12,112.17,DTDC
,225,225,2024-01-18,2024-05-25,549.28,DTDC
,226,226,2025-10-08,2025-11-11,241.27,Blue Dart
,227,227,2024-06-21,2024-03-17,67.1,Blue Dart
,228,228,2025-05-03,2025-04-28,331.59,Delhivery
,229,229,2025-11-29,2025-04-17,267.88,DTDC
,230,230,2025-02-02,2024-08-01,67.46,Delhivery
,231,231,2024-10-01,2024-11-17,408.65,Blue Dart
,232,232,2025-10-06,2024-12-14,382.8,Blue Dart
,233,233,2025-02-05,2024-06-13,177.92,Delhivery
,234,234,2025-07-15,2024-11-07,542.77,Ekart
,235,235,2025-11-15,2024-07-18,367.67,Blue Dart
,236,236,2024-03-13,2024-03-30,374.26,DTDC
,237,237,2025-05-30,2024-05-02,476.33,Blue Dart
,238,238,2024-12-25,2025-03-02,341.11,Blue Dart
,239,239,2025-02-21,2025-08-27,112,Blue Dart
,240,240,2025-08-11,2025-07-14,496.96,Blue Dart
,241,241,2025-12-06,2025-09-12,538.55,Delhivery
,242,242,2024-03-14,2024-06-23,53.29,Blue Dart
,243,243,2025-01-11,2025-11-07,234.32,DTDC
,244,244,2024-01-21,2024-07-21,407.32,DTDC
,245,245,2025-04-06,2025-06-19,166.64,DTDC
,246,246,2025-06-19,2024-12-24,102.95,Ekart
,247,247,2025-08-01,2024-08-12,88.04,DTDC
,248,248,2025-11-02,2025-06-18,157.79,DTDC
,249,249,2025-05-24,2025-06-19,512.45,Delhivery
,250,250,2024-07-24,2025-11-07,501.4,DTDC
,251,251,2025-10-29,2025-01-18,85.54,Ekart
,252,252,2025-05-01,2025-02-19,413.02,DTDC
,253,253,2024-06-11,2025-06-27,42.18,DTDC
,254,254,2024-08-10,2025-08-29,211.61,Blue Dart
,255,255,2024-09-23,2024-01-09,222.69,Blue Dart
,256,256,2024-02-22,2024-01-23,255.83,Blue Dart
,257,257,2024-03-11,2024-05-17,354.33,Blue Dart
,258,258,2024-02-16,2025-02-19,281.81,Ekart
,259,259,2024-08-23,2024-09-11,312.42,Delhivery
,260,260,2024-02-29,2025-07-05,506.47,DTDC
,261,261,2025-04-03,2024-05-14,248.89,DTDC
,262,262,2025-09-18,2024-08-03,581.8,Blue Dart
,263,263,2025-04-29,2024-08-10,177.64,DTDC
,264,264,2025-03-10,2025-10-30,581.83,Ekart
,265,265,2025-02-02,2024-05-28,574.96,Ekart
,266,266,2025-08-09,2024-02-18,470.04,DTDC
,267,267,2025-05-16,2025-05-29,384.46,Delhivery
,268,268,2024-07-18,2025-10-20,209.69,Delhivery
,269,269,2025-01-17,2025-02-19,508.58,Blue Dart
,270,270,2024-12-19,2024-06-02,159.47,DTDC
,271,271,2024-07-31,2024-01-11,375.36,Ekart
,272,272,2024-11-05,2024-05-08,340.93,Ekart
,273,273,2025-09-13,2024-05-16,40.51,Ekart
,274,274,2025-02-24,2025-03-04,317.84,Delhivery
,275,275,2025-01-19,2024-08-05,302.34,Ekart
,276,276,2024-07-01,2025-06-24,574.63,Ekart
,277,277,2024-01-05,2025-11-18,403.19,DTDC
,278,278,2024-12-14,2024-08-19,284.12,Ekart
,279,279,2025-05-10,2025-06-14,501.83,Blue Dart
,280,280,2024-11-15,2025-02-19,224.05,DTDC
,281,281,2025-09-22,2024-11-19,281.09,DTDC
,282,282,2025-11-27,2025-09-18,60.55,Blue Dart
,283,283,2025-11-15,2025-02-24,290.86,Delhivery
,284,284,2025-05-13,2025-01-20,182.46,Blue Dart
,285,285,2024-05-12,2024-03-09,192.42,Ekart
,286,286,2024-04-24,2024-05-19,203.26,Ekart
,287,287,2025-10-03,2024-09-17,102.99,Ekart
,288,288,2025-09-14,2024-01-13,597.88,Blue Dart
,289,289,2025-07-28,2024-09-06,88.46,Delhivery
,290,290,2024-02-27,2024-11-12,225.84,Ekart
,291,291,2024-10-15,2025-10-09,448.67,Delhivery
,292,292,2024-10-23,2024-04-30,455.97,Delhivery
,293,293,2025-09-07,2025-12-27,491.65,DTDC
,294,294,2024-08-25,2024-10-16,151.25,Delhivery
,295,295,2025-07-06,2024-06-18,423.18,Blue Dart
,296,296,2024-04-04,2025-05-05,210.69,Ekart
,297,297,2025-12-20,2025-06-30,532.77,Blue Dart
,298,298,2024-01-25,2024-09-05,113.93,Delhivery
,299,299,2025-12-03,2025-07-23,558.71,Delhivery
,300,300,2024-11-21,2025-07-27,87.12,Delhivery
,301,301,2025-11-29,2025-04-17,414.69,Blue Dart
,302,302,2025-08-02,2024-11-22,208.57,DTDC
,303,303,2024-09-20,2025-06-07,262.67,Delhivery
,304,304,2025-01-23,2025-01-29,151.56,Delhivery
,305,305,2024-10-08,2025-10-10,345.79,Delhivery
,306,306,2025-11-15,2024-10-31,350.48,DTDC
,307,307,2024-10-23,2024-09-29,330.16,Blue Dart
,308,308,2025-03-06,2025-08-12,300.94,Ekart
,309,309,2025-12-25,2025-09-25,475.02,Delhivery
,310,310,2024-06-30,2024-03-11,96.47,Delhivery
,311,311,2025-05-01,2024-09-08,58.76,Delhivery
,312,312,2024-11-16,2024-09-15,396.72,Delhivery
,313,313,2025-06-14,2024-05-10,527.16,Blue Dart
,314,314,2025-03-04,2025-10-26,508.38,Blue Dart
,315,315,2024-06-18,2025-07-07,151.16,Ekart
,316,316,2025-10-10,2024-12-07,81.05,Blue Dart
,317,317,2024-11-25,2024-02-05,499.13,Blue Dart
,318,318,2024-10-24,2024-04-16,373.37,DTDC
,319,319,2024-02-26,2025-08-21,76.95,Blue Dart
,320,320,2025-02-02,2025-07-30,310.89,DTDC
,321,321,2025-07-07,2024-05-16,324.68,Ekart
,322,322,2024-12-28,2025-12-25,526.25,Delhivery
,323,323,2024-08-14,2024-12-01,350.14,Ekart
,324,324,2024-01-24,2024-04-27,481.44,Delhivery
,325,325,2025-02-11,2025-12-29,420.04,Delhivery
,326,326,2025-12-03,2024-02-14,85.35,Delhivery
,327,327,2024-03-28,2025-06-21,349.66,Blue Dart
,328,328,2024-07-03,2024-08-14,473.65,Blue Dart
,329,329,2024-12-21,2025-08-06,164.93,Ekart
,330,330,2025-02-11,2024-11-29,40.75,Delhivery
,331,331,2024-03-25,2025-04-02,499.71,Ekart
,332,332,2024-11-11,2024-12-31,410.85,Blue Dart
,333,333,2025-02-18,2025-05-01,66.58,Ekart
,334,334,2025-02-25,2024-04-25,471.97,DTDC
,335,335,2024-11-20,2025-10-16,345.79,Blue Dart
,336,336,2025-07-18,2025-07-03,502.27,DTDC
,337,337,2024-07-26,2025-05-21,566.99,DTDC
,338,338,2025-12-15,2024-12-02,523.04,Blue Dart
,339,339,2025-05-15,2024-03-07,497.39,DTDC
,340,340,2025-03-24,2025-01-02,527.63,Delhivery
,341,341,2025-11-03,2025-02-02,191.06,Ekart
,342,342,2024-06-14,2024-02-27,162.02,Blue Dart
,343,343,2024-11-01,2025-07-05,114.5,DTDC
,344,344,2024-03-26,2025-03-11,572.15,Ekart
,345,345,2025-07-22,2024-07-29,448.16,Delhivery
,346,346,2024-04-16,2025-11-15,46.1,Blue Dart
,347,347,2024-10-05,2024-08-31,234.21,DTDC
,348,348,2024-05-27,2024-11-19,71.09,Ekart
,349,349,2024-09-10,2025-03-18,43.29,Blue Dart
,350,350,2024-02-17,2024-11-18,174.98,DTDC
,351,351,2024-07-08,2024-02-25,413.5,DTDC
,352,352,2024-05-20,2024-05-23,519.67,DTDC
,353,353,2024-12-25,2024-04-20,344.79,Blue Dart
,354,354,2025-08-30,2024-12-31,400.2,Ekart
,355,355,2025-07-02,2025-10-17,438.08,Delhivery
,356,356,2024-05-04,2024-04-30,282.68,Delhivery
,357,357,2025-07-14,2024-05-18,122.94,DTDC
,358,358,2025-05-04,2024-02-02,441.37,Blue Dart
,359,359,2024-07-06,2024-11-28,421.84,Delhivery
,360,360,2024-06-07,2024-04-27,151.65,Blue Dart
,361,361,2024-06-28,2024-09-24,337.02,Blue Dart
,362,362,2025-04-21,2024-09-09,521.5,Ekart
,363,363,2025-01-05,2024-01-16,440.67,DTDC
,364,364,2025-04-15,2025-08-16,280.56,Ekart
,365,365,2024-08-30,2025-05-12,362.51,Delhivery
,366,366,2024-11-09,2025-08-12,532.83,DTDC
,367,367,2025-12-01,2024-01-18,486.71,Delhivery
,368,368,2024-05-27,2024-03-07,574.88,Ekart
,369,369,2024-10-05,2026-01-01,317.42,Ekart
,370,370,2025-05-14,2024-03-11,418.55,Blue Dart
,371,371,2025-11-30,2024-05-11,541.56,Ekart
,372,372,2024-11-29,2025-10-30,348.01,Delhivery
,373,373,2025-01-24,2025-01-23,445.42,Ekart
,374,374,2025-06-16,2025-05-16,513.89,Delhivery
,375,375,2025-09-01,2025-07-25,225.12,Ekart
,376,376,2025-06-14,2025-02-09,208.25,Delhivery
,377,377,2024-06-24,2025-05-21,482.11,DTDC
,378,378,2025-11-30,2024-12-16,250.44,Blue Dart
,379,379,2025-06-27,2025-06-29,274.49,Delhivery
,380,380,2024-11-02,2025-05-01,515.87,DTDC
,381,381,2024-04-10,2025-09-06,262.63,DTDC
,382,382,2024-05-16,2024-11-25,372.81,DTDC
,383,383,2025-03-26,2025-06-29,370.39,Blue Dart
,384,384,2024-03-12,2024-08-08,444.56,Delhivery
,385,385,2024-04-12,2025-09-03,560.79,Delhivery
,386,386,2025-11-19,2024-10-17,489.21,Blue Dart
,387,387,2025-03-09,2024-11-27,359.12,Blue Dart
,388,388,2025-01-26,2025-02-03,76.27,Ekart
,389,389,2024-05-18,2024-02-03,437.01,DTDC
,390,390,2024-12-02,2025-09-02,534.09,Ekart
,391,391,2024-05-04,2024-09-29,105.23,DTDC
,392,392,2024-04-05,2025-12-06,325.66,Ekart
,393,393,2025-08-24,2024-05-14,337.87,Blue Dart
,394,394,2025-02-20,2025-06-17,407.16,Ekart
,395,395,2025-11-13,2025-09-03,372.22,DTDC
,396,396,2025-09-24,2024-09-23,463.89,Blue Dart
,397,397,2024-08-29,2025-05-16,98.87,Blue Dart
,398,398,2024-03-04,2024-04-28,55.04,Ekart
,399,399,2025-11-26,2025-09-02,103.55,Blue Dart
,400,400,2024-12-29,2025-09-21,416.12,Blue Dart
,401,401,2024-03-14,2025-09-18,283.84,Delhivery
,402,402,2024-03-17,2024-02-21,420.72,Delhivery
,403,403,2024-09-04,2025-01-19,100.58,DTDC
,404,404,2024-02-15,2025-07-12,258.43,Blue Dart
,405,405,2025-12-08,2025-05-23,492.01,Delhivery
,406,406,2025-12-17,2025-09-26,112.61,DTDC
,407,407,2024-09-19,2024-07-16,596.78,Blue Dart
,408,408,2025-07-19,2024-08-10,155.55,Ekart
,409,409,2025-04-10,2024-08-17,265.29,Ekart
,410,410,2024-07-17,2024-09-30,468.71,DTDC
,411,411,2024-04-19,2025-08-19,69.21,Blue Dart
,412,412,2025-04-10,2024-02-14,56.88,Ekart
,413,413,2024-01-10,2025-08-02,264.43,DTDC
,414,414,2025-04-02,2025-11-09,538.74,Ekart
,415,415,2025-07-18,2025-07-27,311.7,Ekart
,416,416,2025-10-25,2025-05-25,515.65,Delhivery
,417,417,2024-12-25,2025-09-07,81.33,Delhivery
,418,418,2025-09-13,2025-06-21,538.96,DTDC
,419,419,2024-05-06,2024-04-19,241.47,Blue Dart
,420,420,2024-07-17,2024-07-02,506.52,Blue Dart
,421,421,2025-09-20,2024-05-08,57.05,Ekart
,422,422,2024-04-30,2024-03-20,266.03,Blue Dart
,423,423,2024-12-29,2024-05-09,290.57,Delhivery
,424,424,2024-03-24,2025-04-10,201.3,Delhivery
,425,425,2025-11-03,2024-05-20,200.69,Blue Dart
,426,426,2025-10-29,2024-06-03,515.74,DTDC
,427,427,2024-05-30,2025-08-29,204.91,DTDC
,428,428,2025-12-11,2025-04-27,97.87,Blue Dart
,429,429,2024-06-11,2024-03-24,433.25,DTDC
,430,430,2024-12-18,2025-05-04,539.21,Blue Dart
,431,431,2025-04-18,2025-10-12,595.64,Blue Dart
,432,432,2024-07-19,2024-08-11,127.81,Ekart
,433,433,2025-09-01,2025-04-07,594.2,Ekart
,434,434,2024-03-03,2024-01-29,65.96,DTDC
,435,435,2025-04-03,2025-10-16,246.77,Ekart
,436,436,2025-06-18,2024-02-26,519.62,DTDC
,437,437,2024-11-09,2025-08-11,320.06,Ekart
,438,438,2025-10-25,2025-01-15,364.26,Delhivery
,439,439,2024-10-28,2025-08-09,469.38,Delhivery
,440,440,2024-05-19,2025-01-29,428.36,Delhivery
,441,441,2024-11-20,2025-11-10,288.85,Ekart
,442,442,2025-04-25,2025-01-10,466.25,Blue Dart
,443,443,2024-09-21,2024-01-30,438.91,Ekart
,444,444,2024-05-28,2025-01-25,301.33,DTDC
,445,445,2025-08-19,2025-10-28,110.88,Ekart
,446,446,2024-07-15,2025-06-06,251.87,DTDC
,447,447,2025-09-11,2024-09-29,87.64,Blue Dart
,448,448,2024-10-23,2024-02-21,594.77,DTDC
,449,449,2025-06-08,2025-10-14,389.08,Ekart
,450,450,2024-08-09,2025-06-18,257.24,Ekart
,451,451,2025-09-01,2024-10-08,198.77,Blue Dart
,452,452,2024-08-05,2025-05-15,67.74,Delhivery
,453,453,2024-05-02,2025-08-04,372.9,Delhivery
,454,454,2024-03-20,2025-11-06,113.26,Delhivery
,455,455,2024-04-04,2024-03-24,70.88,Delhivery
,456,456,2025-03-07,2025-10-23,567.75,Blue Dart
,457,457,2025-08-16,2024-03-14,385.79,Ekart
,458,458,2025-02-16,2024-06-05,361.91,Delhivery
,459,459,2025-03-12,2024-03-23,494.89,Delhivery
,460,460,2024-03-24,2025-05-20,291.57,Delhivery
,461,461,2024-11-26,2025-11-27,389.98,Ekart
,462,462,2024-10-29,2024-04-25,522.62,Ekart
,463,463,2024-06-27,2024-10-23,546.89,Blue Dart
,464,464,2025-06-07,2025-12-28,441.26,Blue Dart
,465,465,2025-11-25,2024-02-27,80.28,DTDC
,466,466,2024-08-20,2024-09-06,302.57,Blue Dart
,467,467,2025-04-30,2025-11-06,227.81,Delhivery
,468,468,2025-07-04,2025-12-22,217.4,DTDC
,469,469,2025-08-30,2025-12-24,380.74,Blue Dart
,470,470,2024-05-17,2025-12-15,115.55,Ekart
,471,471,2024-05-19,2025-09-12,527.18,Ekart
,472,472,2025-08-21,2024-06-29,366.85,DTDC
,473,473,2024-12-18,2025-02-20,107.79,Blue Dart
,474,474,2025-01-16,2025-10-23,98.98,DTDC
,475,475,2025-12-21,2025-12-26,219.59,Delhivery
,476,476,2024-08-13,2025-09-11,57.19,Delhivery
,477,477,2024-10-05,2024-10-20,100.75,Delhivery
,478,478,2025-05-24,2025-04-02,89.3,Blue Dart
,479,479,2025-01-11,2024-07-07,334.59,Ekart
,480,480,2025-12-28,2025-08-25,266.67,Delhivery
,481,481,2025-05-25,2025-05-23,190.48,Ekart
,482,482,2024-07-02,2024-03-11,384.28,Ekart
,483,483,2024-03-18,2024-12-22,487.7,Blue Dart
,484,484,2024-05-29,2025-12-02,115.46,Ekart
,485,485,2024-03-04,2024-07-19,315.85,DTDC
,486,486,2025-01-08,2025-12-01,420.8,Delhivery
,487,487,2025-08-06,2025-12-12,113.34,Blue Dart
,488,488,2024-10-28,2025-02-04,127.33,DTDC
,489,489,2025-04-20,2024-09-22,120.41,Ekart
,490,490,2024-04-16,2024-12-28,315.24,Blue Dart
,491,491,2024-08-27,2025-01-11,128.13,Ekart
,492,492,2024-12-18,2024-10-08,391.4,Blue Dart
,493,493,2024-07-16,2024-02-09,523.58,Ekart
,494,494,2024-07-29,2025-04-05,251.05,Delhivery
,495,495,2024-03-21,2025-03-05,390.3,Ekart
,496,496,2025-08-13,2025-04-09,528.79,Ekart
,497,497,2025-03-31,2025-12-25,406.54,Delhivery
,498,498,2025-02-05,2025-05-23,233.71,Blue Dart
,499,499,2024-01-30,2025-01-11,53.31,DTDC
,500,500,2024-08-24,2025-12-02,196.62,Blue Dart
,501,501,2024-12-07,2025-02-25,284.31,Delhivery
,502,502,2024-05-21,2025-12-17,170.04,Ekart
,503,503,2024-04-28,2025-08-09,83.2,Blue Dart
,504,504,2025-11-25,2024-01-18,50.35,Delhivery
,505,505,2024-02-06,2025-08-04,177.63,Delhivery
,506,506,2024-05-26,2025-04-27,231.1,Delhivery
,507,507,2024-10-07,2024-04-10,471.12,DTDC
,508,508,2025-03-05,2024-08-12,90.61,Blue Dart
,509,509,2025-01-02,2025-09-15,228.72,Delhivery
,510,510,2024-10-07,2024-06-13,250.41,Blue Dart
,511,511,2024-06-15,2024-05-16,385.87,Blue Dart
,512,512,2025-03-29,2024-11-29,482.91,Ekart
,513,513,2025-09-02,2025-10-07,508.6,Delhivery
,514,514,2025-12-26,2025-10-12,258.26,Delhivery
,515,515,2025-09-03,2025-02-12,296.58,DTDC
,516,516,2024-03-05,2024-05-10,64.57,DTDC
,517,517,2025-03-07,2025-05-13,282.79,Delhivery
,518,518,2025-03-18,2025-11-03,212.57,Delhivery
,519,519,2024-11-01,2024-06-01,409.1,DTDC
,520,520,2025-02-04,2024-02-22,327.75,DTDC
,521,521,2025-08-23,2025-07-18,400,Delhivery
,522,522,2025-07-16,2024-01-10,517.06,Delhivery
,523,523,2024-05-16,2024-07-14,160.82,Delhivery
,524,524,2024-03-10,2024-07-24,174.23,DTDC
,525,525,2024-12-11,2025-04-22,490.95,Ekart
,526,526,2024-03-04,2024-12-17,119.27,Blue Dart
,527,527,2024-04-09,2024-05-10,375.93,Blue Dart
,528,528,2025-01-10,2025-05-04,109.81,Delhivery
,529,529,2025-04-10,2024-07-21,187.75,Blue Dart
,530,530,2024-09-09,2025-03-03,304.57,Ekart
,531,531,2025-04-06,2025-12-18,544.53,Blue Dart
,532,532,2024-07-18,2025-12-14,283.01,DTDC
,533,533,2025-12-16,2024-01-10,163.48,DTDC
,534,534,2024-02-03,2024-11-26,486.13,Ekart
,535,535,2024-09-19,2024-11-10,252.57,DTDC
,536,536,2025-05-22,2025-06-06,395.3,Blue Dart
,537,537,2024-04-10,2024-06-19,71.16,Delhivery
,538,538,2025-12-19,2024-09-01,222.47,DTDC
,539,539,2024-01-18,2024-12-26,427.48,Blue Dart
,540,540,2024-05-15,2025-03-03,107.15,Blue Dart
,541,541,2025-09-13,2024-10-12,168.37,Blue Dart
,542,542,2024-10-07,2025-11-22,152.29,Delhivery
,543,543,2025-03-20,2025-02-05,581.89,Ekart
,544,544,2025-02-07,2024-11-21,160.41,Ekart
,545,545,2024-07-28,2025-02-02,181.69,Delhivery
,546,546,2024-06-04,2025-12-04,453.19,Blue Dart
,547,547,2025-02-17,2024-06-06,221.2,DTDC
,548,548,2024-06-01,2024-06-11,75.14,Blue Dart
,549,549,2025-01-04,2024-11-07,103.21,DTDC
,550,550,2025-03-09,2024-04-11,393.67,DTDC
,551,551,2024-12-19,2025-03-02,409.7,Ekart
,552,552,2024-05-07,2025-10-08,232.57,DTDC
,553,553,2025-08-12,2024-04-28,193.78,DTDC
,554,554,2024-05-25,2025-05-16,547.63,DTDC
,555,555,2024-04-26,2025-05-10,534.42,Delhivery
,556,556,2025-04-04,2025-04-30,515.89,Delhivery
,557,557,2024-12-21,2024-04-25,194.42,DTDC
,558,558,2024-09-20,2025-08-03,388.46,Blue Dart
,559,559,2025-08-17,2024-08-05,356.56,Ekart
,560,560,2025-02-01,2024-07-12,209.84,Ekart
,561,561,2024-10-01,2024-04-10,159.17,Delhivery
,562,562,2024-06-04,2024-04-11,455.76,Delhivery
,563,563,2025-10-21,2024-11-05,194.46,DTDC
,564,564,2025-11-28,2025-04-09,104.21,Blue Dart
,565,565,2024-01-03,2025-06-11,581.94,Blue Dart
,566,566,2024-07-11,2025-06-13,190.12,DTDC
,567,567,2025-12-15,2024-03-24,422.03,Ekart
,568,568,2024-01-26,2025-10-12,278.48,Ekart
,569,569,2024-04-21,2025-08-21,524.56,Delhivery
,570,570,2024-01-18,2024-07-08,367.27,DTDC
,571,571,2024-08-03,2024-02-04,186.54,DTDC
,572,572,2024-03-18,2025-09-14,95.52,Blue Dart
,573,573,2024-07-11,2024-06-27,254.96,Delhivery
,574,574,2025-12-12,2024-02-05,164.51,DTDC
,575,575,2025-06-01,2025-12-24,101.61,Delhivery
,576,576,2024-01-07,2024-03-14,423.54,DTDC
,577,577,2025-06-07,2024-11-11,107.32,DTDC
,578,578,2024-05-07,2025-07-10,498.73,DTDC
,579,579,2024-01-30,2025-08-19,168.82,DTDC
,580,580,2024-08-30,2025-12-06,369.16,Ekart
,581,581,2025-04-26,2024-09-02,230.96,Blue Dart
,582,582,2024-12-15,2024-04-07,188.65,Delhivery
,583,583,2024-12-20,2025-05-31,453.4,Blue Dart
,584,584,2025-09-26,2025-03-23,396.98,Blue Dart
,585,585,2025-02-16,2025-06-27,405.12,Ekart
,586,586,2024-03-13,2025-03-10,317.21,Blue Dart
,587,587,2024-11-19,2025-08-01,188.86,Ekart
,588,588,2024-12-04,2025-02-18,329.56,Blue Dart
,589,589,2025-11-21,2024-06-26,380.36,Blue Dart
,590,590,2024-02-11,2024-02-02,262.73,Ekart
,591,591,2024-07-21,2024-04-25,70.74,Ekart
,592,592,2025-07-05,2025-05-15,298.82,DTDC
,593,593,2025-03-30,2025-10-29,332.45,Ekart
,594,594,2024-12-24,2025-07-15,92.35,DTDC
,595,595,2024-10-24,2025-10-10,201.85,Blue Dart
,596,596,2024-07-28,2025-02-12,106.75,Ekart
,597,597,2025-01-18,2024-12-26,106.44,DTDC
,598,598,2024-09-19,2025-10-17,426.03,Ekart
,599,599,2025-12-07,2024-11-26,125.78,Delhivery
,600,600,2024-09-16,2024-02-08,251.8,Ekart
,601,601,2024-01-01,2025-10-05,324.51,Blue Dart
,602,602,2025-08-07,2024-02-08,92.25,Delhivery
,603,603,2024-11-26,2024-01-05,570.74,Delhivery
,604,604,2025-01-15,2024-09-15,103.32,Ekart
,605,605,2025-06-09,2024-06-12,399.1,Ekart
,606,606,2024-07-01,2025-06-29,343.28,DTDC
,607,607,2024-01-04,2025-02-08,303.94,Ekart
,608,608,2025-10-04,2025-06-03,104.02,DTDC
,609,609,2025-03-13,2024-07-31,534.6,DTDC
,610,610,2025-05-19,2026-01-02,241.56,Blue Dart
,611,611,2024-05-03,2025-09-16,399.15,Delhivery
,612,612,2024-02-06,2025-05-18,440.4,Ekart
,613,613,2024-10-18,2025-01-26,485.24,Ekart
,614,614,2025-05-13,2025-08-23,323.59,DTDC
,615,615,2025-03-14,2025-05-07,460.49,Blue Dart
,616,616,2025-09-06,2025-11-23,98.83,Ekart
,617,617,2024-06-06,2024-03-14,415.63,Ekart
,618,618,2024-06-28,2024-04-09,452.21,DTDC
,619,619,2024-12-25,2025-02-13,208.22,Blue Dart
,620,620,2024-05-05,2024-07-09,308.92,Delhivery
,621,621,2025-04-28,2025-06-19,472.73,Delhivery
,622,622,2024-12-19,2025-12-01,172.39,Ekart
,623,623,2025-05-04,2025-08-23,292.63,Delhivery
,624,624,2025-12-07,2024-05-27,492.47,Blue Dart
,625,625,2024-01-12,2024-10-01,521.82,Blue Dart
,626,626,2025-05-06,2024-12-25,286.06,Ekart
,627,627,2025-05-05,2025-03-20,261.51,Blue Dart
,628,628,2025-10-28,2025-07-20,313.42,Blue Dart
,629,629,2025-01-16,2024-09-19,188.57,Delhivery
,630,630,2024-12-16,2024-11-20,206.6,Delhivery
,631,631,2025-08-08,2024-07-05,125.04,Delhivery
,632,632,2025-08-16,2024-02-10,222.21,DTDC
,633,633,2025-09-14,2025-03-18,307.71,Ekart
,634,634,2025-12-18,2025-02-16,443.15,DTDC
,635,635,2025-03-20,2025-06-13,257.68,DTDC
,636,636,2025-08-05,2025-06-21,573.49,Ekart
,637,637,2025-09-06,2025-12-25,150.68,DTDC
,638,638,2025-01-19,2025-12-25,276.37,Blue Dart
,639,639,2024-04-28,2024-10-19,442.62,Ekart
,640,640,2025-05-19,2025-02-18,90.9,DTDC
,641,641,2024-02-05,2024-02-06,493.1,Ekart
,642,642,2025-07-13,2025-02-01,67.28,Delhivery
,643,643,2024-12-17,2024-03-31,350.28,DTDC
,644,644,2025-06-19,2024-12-11,374.82,Ekart
,645,645,2025-06-16,2025-11-18,366.36,DTDC
,646,646,2025-08-31,2025-10-10,547.4,DTDC
,647,647,2024-05-03,2025-03-30,210.03,Ekart
,648,648,2024-01-09,2024-06-23,512.52,Blue Dart
,649,649,2025-07-17,2025-05-11,335.51,Blue Dart
,650,650,2025-01-19,2024-09-15,326.21,Delhivery
,651,651,2025-08-29,2024-01-06,86.22,Blue Dart
,652,652,2025-03-23,2025-03-13,467.33,Blue Dart
,653,653,2025-01-03,2025-12-17,272.01,DTDC
,654,654,2025-06-19,2024-12-04,330.51,Delhivery
,655,655,2024-10-06,2025-03-18,417.83,Ekart
,656,656,2025-02-20,2024-09-10,205.43,Delhivery
,657,657,2025-03-28,2024-09-07,210.88,Blue Dart
,658,658,2024-12-14,2024-11-23,422.88,Ekart
,659,659,2024-07-10,2024-12-18,131.48,Ekart
,660,660,2024-03-13,2024-12-10,222.14,Ekart
,661,661,2024-08-05,2025-01-15,533.12,Ekart
,662,662,2024-08-29,2025-02-04,108.49,Delhivery
,663,663,2024-12-21,2025-12-21,471.16,Delhivery
,664,664,2024-05-03,2025-07-27,207.15,Blue Dart
,665,665,2025-03-07,2025-02-05,172.72,Delhivery
,666,666,2025-12-25,2025-07-29,593.9,Blue Dart
,667,667,2025-04-05,2024-02-17,81.88,DTDC
,668,668,2024-11-07,2025-04-27,399.35,Blue Dart
,669,669,2024-07-22,2025-06-18,343.22,Blue Dart
,670,670,2025-05-19,2024-06-17,314.68,Blue Dart
,671,671,2024-06-15,2024-03-30,261.88,Ekart
,672,672,2024-05-27,2025-12-30,301.63,DTDC
,673,673,2024-11-05,2024-01-16,133.15,Ekart
,674,674,2024-09-05,2025-06-07,435.07,Ekart
,675,675,2024-12-01,2024-08-08,81.53,Delhivery
,676,676,2024-10-04,2025-11-13,418.62,DTDC
,677,677,2025-06-02,2024-04-18,385.69,Delhivery
,678,678,2024-06-13,2024-06-25,572.71,Ekart
,679,679,2024-02-15,2024-02-22,267.59,Ekart
,680,680,2025-04-07,2025-06-24,465.45,Ekart
,681,681,2024-11-28,2025-01-31,154.85,DTDC
,682,682,2024-03-13,2025-05-18,263.7,DTDC
,683,683,2025-06-03,2025-10-03,534.06,DTDC
,684,684,2024-05-10,2025-03-31,171.18,Delhivery
,685,685,2025-02-12,2024-05-16,70.17,Blue Dart
,686,686,2024-08-29,2024-09-26,290.63,DTDC
,687,687,2024-07-18,2024-01-23,230.45,DTDC
,688,688,2025-04-12,2024-02-21,523.01,Ekart
,689,689,2025-02-23,2024-02-28,113.71,Blue Dart
,690,690,2024-08-19,2025-05-22,354.44,Delhivery
,691,691,2024-09-24,2024-04-23,116.31,Blue Dart
,692,692,2024-10-17,2025-05-14,144.44,Blue Dart
,693,693,2024-09-04,2024-08-23,355.63,Ekart
,694,694,2024-04-18,2025-02-06,201.06,Ekart
,695,695,2025-09-25,2024-01-09,455.11,Blue Dart
,696,696,2025-05-02,2024-12-11,521.05,Ekart
,697,697,2025-04-12,2024-09-17,528.98,Delhivery
,698,698,2025-12-07,2025-03-22,223.86,Blue Dart
,699,699,2024-04-19,2025-08-01,372.53,Ekart
,700,700,2024-02-16,2025-11-02,597.02,DTDC
,701,701,2025-08-01,2025-12-04,567.09,Blue Dart
,702,702,2024-04-22,2024-05-10,369.89,Delhivery
,703,703,2025-09-13,2025-09-13,436.08,Delhivery
,704,704,2025-10-23,2024-01-09,56.42,Blue Dart
,705,705,2024-07-02,2025-10-05,230.21,Blue Dart
,706,706,2024-11-10,2025-06-17,180.4,Delhivery
,707,707,2024-11-16,2024-11-23,580.98,DTDC
,708,708,2024-02-23,2024-04-13,379.39,Blue Dart
,709,709,2025-03-21,2024-01-21,159.71,Blue Dart
,710,710,2025-08-01,2025-06-09,501.97,DTDC
,711,711,2025-09-23,2025-05-19,180.27,DTDC
,712,712,2024-01-23,2025-05-14,100.24,DTDC
,713,713,2024-10-02,2024-09-07,532.13,DTDC
,714,714,2024-07-25,2024-09-23,317.83,Blue Dart
,715,715,2025-03-26,2025-06-13,254.07,Delhivery
,716,716,2025-03-30,2024-04-12,558.72,Ekart
,717,717,2024-03-19,2024-03-26,459.26,Delhivery
,718,718,2025-12-29,2025-11-03,350.44,Ekart
,719,719,2024-12-26,2025-06-30,141.25,Ekart
,720,720,2024-06-27,2025-09-20,186.63,Ekart
,721,721,2024-07-05,2025-09-08,161.33,Ekart
,722,722,2025-10-06,2025-04-21,70.68,Ekart
,723,723,2025-07-15,2024-04-28,114.47,Delhivery
,724,724,2025-09-11,2025-10-17,114.26,Delhivery
,725,725,2025-11-12,2024-07-23,49.38,Delhivery
,726,726,2025-06-27,2024-08-06,391.47,Delhivery
,727,727,2025-11-22,2024-08-27,70.4,Delhivery
,728,728,2025-09-18,2024-06-23,411.54,Delhivery
,729,729,2024-09-09,2024-01-15,405.48,Blue Dart
,730,730,2024-01-12,2024-09-22,485.19,DTDC
,731,731,2024-09-13,2025-04-10,457.97,Blue Dart
,732,732,2025-10-10,2024-02-03,236.13,DTDC
,733,733,2025-06-18,2024-06-19,143.88,Ekart
,734,734,2024-05-08,2025-05-03,152.59,Ekart
,735,735,2025-06-18,2025-06-04,101.71,DTDC
,736,736,2024-06-24,2024-01-19,442.55,Blue Dart
,737,737,2024-09-09,2024-10-27,150.08,Ekart
,738,738,2025-04-15,2024-08-07,519.89,Ekart
,739,739,2025-08-19,2025-07-20,302.52,Blue Dart
,740,740,2024-02-18,2024-03-19,564.76,Ekart
,741,741,2024-05-07,2025-03-23,298.6,Delhivery
,742,742,2025-02-15,2025-06-29,115.62,Blue Dart
,743,743,2024-12-27,2024-08-14,586.43,DTDC
,744,744,2025-02-23,2024-11-21,360.99,Blue Dart
,745,745,2025-04-09,2025-05-16,462.29,Delhivery
,746,746,2025-12-10,2024-12-21,523.22,Blue Dart
,747,747,2025-12-20,2025-12-06,119.67,Blue Dart
,748,748,2024-03-12,2025-08-06,113.63,Ekart
,749,749,2025-10-21,2025-05-25,225.95,Delhivery
,750,750,2025-06-04,2024-04-21,517.58,DTDC
,751,751,2025-02-23,2025-05-23,339.43,Blue Dart
,752,752,2025-12-29,2025-02-19,187.17,Delhivery
,753,753,2024-10-05,2024-03-14,137.57,Ekart
,754,754,2025-06-25,2024-04-15,233.58,Blue Dart
,755,755,2025-07-03,2025-01-05,504.77,Delhivery
,756,756,2024-01-20,2025-09-29,459.51,DTDC
,757,757,2025-09-21,2024-03-07,64.77,Blue Dart
,758,758,2025-09-10,2024-08-23,519.97,Delhivery
,759,759,2024-11-02,2025-04-30,410.3,Delhivery
,760,760,2025-12-08,2025-01-13,403.74,DTDC
,761,761,2024-04-09,2025-08-16,545.52,Delhivery
,762,762,2025-12-30,2024-08-02,382.23,Blue Dart
,763,763,2025-05-11,2024-05-06,337.22,Delhivery
,764,764,2025-05-08,2024-08-22,112.48,Delhivery
,765,765,2025-04-26,2025-06-16,449.45,Blue Dart
,766,766,2025-11-10,2025-08-03,532.72,DTDC
,767,767,2024-08-29,2024-06-27,318.69,Blue Dart
,768,768,2025-06-28,2025-09-16,345.91,DTDC
,769,769,2024-01-09,2024-06-26,72.15,Delhivery
,770,770,2024-04-23,2024-12-20,474,DTDC
,771,771,2025-04-21,2024-07-19,202.51,DTDC
,772,772,2024-01-11,2025-01-26,410.23,Delhivery
,773,773,2024-11-16,2024-03-02,82.94,Delhivery
,774,774,2024-11-20,2024-02-01,114.27,Ekart
,775,775,2024-09-23,2025-12-22,238.75,Ekart
,776,776,2024-12-21,2024-02-18,567.26,Blue Dart
,777,777,2024-07-19,2025-02-02,483.2,Ekart
,778,778,2025-05-17,2025-02-04,330.63,Delhivery
,779,779,2025-06-22,2025-09-15,568.02,Blue Dart
,780,780,2025-01-27,2024-04-25,145.84,DTDC
,781,781,2025-01-30,2024-06-14,472.92,DTDC
,782,782,2024-06-02,2024-05-04,206.65,Blue Dart
,783,783,2025-10-16,2025-04-12,117.77,Delhivery
,784,784,2024-09-19,2025-01-31,468.54,Ekart
,785,785,2025-09-06,2024-11-18,325.33,Ekart
,786,786,2024-12-25,2025-02-26,518.96,DTDC
,787,787,2025-03-04,2024-03-11,536.93,Ekart
,788,788,2024-04-09,2025-10-17,238.08,Blue Dart
,789,789,2024-06-08,2024-11-27,112.76,Blue Dart
,790,790,2024-03-24,2025-05-10,547.88,DTDC
,791,791,2024-09-17,2025-12-25,595.11,Blue Dart
,792,792,2024-07-22,2024-12-07,259.8,Ekart
,793,793,2025-02-01,2025-01-23,316.89,Blue Dart
,794,794,2024-07-13,2024-08-28,477.21,Ekart
,795,795,2025-03-17,2024-11-08,324.88,Delhivery
,796,796,2025-04-02,2024-08-15,316.15,DTDC
,797,797,2025-06-08,2024-12-29,307.75,Delhivery
,798,798,2025-04-05,2024-02-10,313.75,DTDC
,799,799,2025-07-03,2024-03-12,146.61,Blue Dart
,800,800,2024-12-17,2025-06-10,558.65,Blue Dart
,801,801,2024-12-28,2024-01-18,48.61,Delhivery
,802,802,2025-10-08,2025-03-13,365.12,Blue Dart
,803,803,2025-02-25,2025-02-23,239.17,Delhivery
,804,804,2025-06-03,2024-06-10,103.2,Delhivery
,805,805,2024-09-26,2024-06-10,552.15,Delhivery
,806,806,2024-12-19,2024-01-08,538.68,Ekart
,807,807,2025-04-14,2025-05-17,253.6,Blue Dart
,808,808,2024-10-14,2025-11-14,327.93,Delhivery
,809,809,2024-02-06,2025-03-26,559.75,Ekart
,810,810,2024-08-08,2024-04-25,384.96,Delhivery
,811,811,2024-05-02,2024-12-12,120.28,DTDC
,812,812,2024-05-25,2025-11-13,438.54,DTDC
,813,813,2025-11-25,2025-04-02,283.27,Blue Dart
,814,814,2024-01-17,2024-02-24,203.16,Delhivery
,815,815,2025-01-19,2024-07-16,483.72,Delhivery
,816,816,2024-12-18,2024-08-23,220.19,Blue Dart
,817,817,2025-01-22,2025-08-31,340.41,Delhivery
,818,818,2025-03-19,2025-12-24,403.1,Delhivery
,819,819,2024-12-02,2025-08-12,207.19,Delhivery
,820,820,2025-07-14,2024-03-22,424.03,DTDC
,821,821,2024-11-19,2025-11-11,83.46,Delhivery
,822,822,2024-06-25,2025-01-05,71.22,Ekart
,823,823,2024-11-07,2024-06-27,569.55,Ekart
,824,824,2024-07-13,2025-04-04,411.66,DTDC
,825,825,2025-11-17,2025-10-10,418.28,DTDC
,826,826,2024-11-01,2024-10-28,491.71,DTDC
,827,827,2025-06-14,2025-08-20,503.14,DTDC
,828,828,2025-08-16,2024-05-10,138.48,DTDC
,829,829,2025-11-03,2025-12-06,335.36,Blue Dart
,830,830,2025-08-22,2024-06-26,93.11,Ekart
,831,831,2025-05-22,2024-10-25,229.11,Ekart
,832,832,2025-05-10,2025-02-03,403.04,Blue Dart
,833,833,2024-04-25,2025-09-08,66.14,Ekart
,834,834,2025-02-02,2025-07-01,170.74,Ekart
,835,835,2024-08-01,2024-05-26,438.81,DTDC
,836,836,2025-06-14,2025-08-21,155.56,Ekart
,837,837,2024-12-28,2024-12-01,233.46,DTDC
,838,838,2024-11-20,2024-01-25,552.24,DTDC
,839,839,2025-07-29,2025-08-27,295.5,DTDC
,840,840,2024-05-27,2025-01-21,79.69,DTDC
,841,841,2025-12-27,2025-01-13,91.18,Ekart
,842,842,2025-12-23,2025-06-15,551.79,Delhivery
,843,843,2025-07-18,2024-07-20,573.46,DTDC
,844,844,2025-06-07,2025-04-22,528.33,DTDC
,845,845,2024-01-22,2024-08-24,255.74,Blue Dart
,846,846,2024-09-16,2025-01-03,546.46,Blue Dart
,847,847,2024-11-23,2024-12-06,438.26,DTDC
,848,848,2025-11-26,2024-06-15,208.09,Ekart
,849,849,2025-01-27,2024-09-29,528.41,DTDC
,850,850,2024-05-21,2025-09-30,547.18,DTDC
,851,851,2024-12-04,2025-10-15,578.43,DTDC
,852,852,2025-10-01,2025-08-04,374.35,DTDC
,853,853,2024-08-26,2024-10-15,569.26,DTDC
,854,854,2025-07-16,2024-06-28,559.33,Ekart
,855,855,2025-05-16,2024-02-19,565.39,Ekart
,856,856,2025-03-28,2024-08-31,311.86,DTDC
,857,857,2025-03-23,2025-06-16,488.08,Ekart
,858,858,2025-07-16,2024-08-24,472.71,Ekart
,859,859,2024-11-21,2025-11-04,137.24,Blue Dart
,860,860,2025-07-30,2025-01-26,390.47,DTDC
,861,861,2025-06-07,2025-04-12,72.34,DTDC
,862,862,2024-04-17,2025-10-24,249.75,Blue Dart
,863,863,2025-06-16,2025-08-15,539.97,Blue Dart
,864,864,2024-08-09,2025-11-05,374.02,DTDC
,865,865,2025-10-20,2024-03-18,254.36,Ekart
,866,866,2024-03-24,2025-04-02,277.18,Delhivery
,867,867,2025-06-14,2024-07-12,470.56,Blue Dart
,868,868,2024-07-14,2025-07-09,409.1,Blue Dart
,869,869,2024-02-02,2025-08-30,87.15,Delhivery
,870,870,2024-11-02,2025-02-24,357.02,Ekart
,871,871,2025-05-10,2025-01-21,243.87,Delhivery
,872,872,2024-03-03,2024-07-30,264.76,Blue Dart
,873,873,2024-10-31,2025-05-15,77.34,DTDC
,874,874,2024-08-10,2024-10-26,318.07,DTDC
,875,875,2024-08-14,2024-07-11,318.86,Delhivery
,876,876,2024-05-22,2025-10-28,246.2,Delhivery
,877,877,2025-12-18,2025-04-13,555.24,Ekart
,878,878,2025-04-22,2025-12-30,497.53,Blue Dart
,879,879,2025-03-17,2025-02-21,488.6,Delhivery
,880,880,2025-11-20,2025-01-27,284.25,Ekart
,881,881,2024-09-10,2025-07-04,135.22,Blue Dart
,882,882,2025-02-02,2024-03-20,382.41,DTDC
,883,883,2025-07-05,2025-07-14,86.62,Ekart
,884,884,2025-05-27,2024-05-31,184.48,Delhivery
,885,885,2024-05-11,2025-04-12,88.8,Delhivery
,886,886,2024-05-27,2024-06-25,503.63,Ekart
,887,887,2024-07-13,2025-06-16,396.77,Ekart
,888,888,2025-01-16,2024-02-19,225.27,Delhivery
,889,889,2025-06-21,2024-03-03,140.21,Ekart
,890,890,2024-12-16,2024-02-23,498.78,Ekart
,891,891,2025-06-02,2025-12-22,142.89,Ekart
,892,892,2025-09-04,2025-04-17,498.73,Delhivery
,893,893,2025-05-04,2025-06-05,497.4,DTDC
,894,894,2024-09-30,2025-12-06,94.3,Blue Dart
,895,895,2025-06-29,2024-12-06,406.49,Blue Dart
,896,896,2025-08-01,2025-10-11,146.15,Blue Dart
,897,897,2024-02-16,2024-08-25,548.6,Blue Dart
,898,898,2025-12-31,2024-04-30,224.83,Ekart
,899,899,2025-08-05,2024-11-05,591.74,Ekart
,900,900,2025-08-11,2024-03-01,247.89,Ekart
,901,901,2024-01-26,2024-05-07,181.49,Blue Dart
,902,902,2025-12-31,2025-05-18,273.06,DTDC
,903,903,2024-12-30,2025-09-10,192.31,Delhivery
,904,904,2025-09-17,2025-02-12,129.11,DTDC
,905,905,2025-05-30,2025-06-29,474.62,Delhivery
,906,906,2025-05-18,2024-01-23,558.6,Ekart
,907,907,2025-04-24,2025-10-25,149.08,Blue Dart
,908,908,2024-07-26,2024-01-24,117.42,Ekart
,909,909,2024-01-21,2025-06-24,332.13,Delhivery
,910,910,2025-09-12,2024-04-16,226.92,Ekart
,911,911,2024-11-06,2026-01-02,228.06,Blue Dart
,912,912,2024-10-30,2025-12-28,276.55,Delhivery
,913,913,2024-09-04,2024-10-05,265.04,DTDC
,914,914,2025-10-18,2024-08-06,407.9,DTDC
,915,915,2025-07-08,2024-09-07,165.21,Ekart
,916,916,2024-02-15,2024-08-30,233.42,Delhivery
,917,917,2025-08-10,2025-03-19,253.47,Ekart
,918,918,2024-09-19,2024-08-15,522.99,Blue Dart
,919,919,2025-08-28,2025-11-03,538.24,DTDC
,920,920,2024-12-09,2024-10-23,413.62,Delhivery
,921,921,2025-04-07,2025-10-29,129.68,DTDC
,922,922,2024-01-10,2025-06-22,537.19,Delhivery
,923,923,2025-05-05,2024-08-09,334.66,Delhivery
,924,924,2025-06-17,2025-08-13,528.56,Delhivery
,925,925,2024-11-10,2024-02-08,194.27,Blue Dart
,926,926,2024-11-12,2024-08-09,348.04,Ekart
,927,927,2024-11-16,2025-01-09,409.07,DTDC
,928,928,2025-08-14,2024-05-20,480.08,Blue Dart
,929,929,2025-06-06,2024-03-06,327.45,Blue Dart
,930,930,2024-12-24,2025-09-16,467.53,DTDC
,931,931,2025-06-08,2025-11-10,367.22,Ekart
,932,932,2024-10-04,2024-03-15,392.17,Ekart
,933,933,2025-11-15,2025-04-09,435.22,DTDC
,934,934,2025-12-22,2024-01-24,487.58,Delhivery
,935,935,2025-06-27,2024-08-06,474.59,Blue Dart
,936,936,2025-02-22,2024-01-31,513.39,Delhivery
,937,937,2025-08-25,2025-08-06,176.3,Blue Dart
,938,938,2025-04-14,2025-08-01,259.43,DTDC
,939,939,2025-01-06,2024-06-27,423.18,DTDC
,940,940,2024-06-08,2024-05-23,423.94,Ekart
,941,941,2024-08-16,2025-12-25,325.98,Blue Dart
,942,942,2024-08-18,2025-06-10,109.79,Delhivery
,943,943,2024-12-29,2024-07-22,145.31,Ekart
,944,944,2025-01-17,2025-11-09,108.95,Blue Dart
,945,945,2024-03-08,2025-02-21,542.8,DTDC
,946,946,2024-12-05,2025-06-17,359.25,Ekart
,947,947,2024-07-30,2025-09-15,244.17,DTDC
,948,948,2024-11-01,2024-02-22,419.21,Ekart
,949,949,2025-09-14,2024-12-04,513.62,Delhivery
,950,950,2025-12-20,2025-11-05,479.6,Blue Dart
,951,951,2025-11-22,2024-01-14,374.76,Blue Dart
,952,952,2025-02-19,2024-10-11,230.58,Ekart
,953,953,2024-08-09,2025-06-16,125.42,Ekart
,954,954,2025-11-15,2024-06-10,66.54,Delhivery
,955,955,2025-11-12,2025-07-10,411.7,Ekart
,956,956,2024-10-31,2025-06-20,223.15,Delhivery
,957,957,2025-05-19,2024-09-19,222.29,Delhivery
,958,958,2025-02-21,2025-06-19,547.24,Ekart
,959,959,2024-01-30,2025-09-25,490.64,Blue Dart
,960,960,2025-06-08,2024-02-11,295.82,Delhivery
,961,961,2025-08-11,2025-04-02,43.97,Delhivery
,962,962,2025-08-14,2024-05-03,85.14,Delhivery
,963,963,2024-05-03,2024-12-28,102.65,DTDC
,964,964,2025-12-30,2025-01-19,461.9,Blue Dart
,965,965,2024-06-21,2024-12-19,313.3,DTDC
,966,966,2024-11-17,2025-10-02,549.68,Delhivery
,967,967,2024-10-16,2025-08-26,319.06,Ekart
,968,968,2024-09-22,2024-02-14,597.81,DTDC
,969,969,2024-02-17,2025-03-28,263.61,Delhivery
,970,970,2024-11-14,2025-08-19,364.78,Ekart
,971,971,2025-08-23,2024-04-21,436.64,Ekart
,972,972,2024-05-14,2026-01-03,577.31,DTDC
,973,973,2025-06-24,2024-12-17,414.81,Delhivery
,974,974,2025-05-14,2024-04-12,137.42,DTDC
,975,975,2024-04-12,2025-01-16,508.25,Blue Dart
,976,976,2025-03-11,2024-01-28,327.79,Ekart
,977,977,2025-07-19,2024-05-31,196.58,Blue Dart
,978,978,2024-03-13,2024-11-12,133.72,Ekart
,979,979,2024-02-02,2024-08-04,229.21,DTDC
,980,980,2025-02-25,2025-10-21,114.82,Ekart
,981,981,2024-04-26,2025-03-09,228.92,DTDC
,982,982,2025-12-20,2025-12-08,536.95,Delhivery
,983,983,2025-03-08,2025-08-04,300.7,Ekart
,984,984,2024-08-31,2024-09-15,571.97,DTDC
,985,985,2024-12-01,2024-04-24,317.86,Blue Dart
,986,986,2025-09-13,2024-01-20,178.84,Blue Dart
,987,987,2025-05-26,2025-05-22,169.43,Delhivery
,988,988,2025-03-08,2025-07-06,498.19,Blue Dart
,989,989,2024-02-10,2025-10-24,433.94,Ekart
,990,990,2024-05-24,2025-04-28,483.03,Delhivery
,991,991,2025-07-17,2025-11-23,586.37,DTDC
,992,992,2024-10-27,2024-09-05,570.49,DTDC
,993,993,2025-07-26,2025-02-16,474.51,Ekart
,994,994,2025-04-16,2025-01-25,395.58,Ekart
,995,995,2025-03-03,2024-11-02,158.45,DTDC
,996,996,2025-01-03,2025-02-13,290.15,Delhivery
,997,997,2025-04-16,2025-11-08,308.94,Delhivery
,998,998,2025-08-26,2024-03-05,242.68,Blue Dart
,999,999,2024-09-13,2024-05-04,279.72,Blue Dart
,1000,1000,2025-07-16,2024-01-07,486.16,DTDC
,1001,1001,2025-03-27,2025-06-04,531.38,DTDC
,1002,1002,2024-02-01,2024-05-27,81.47,DTDC
,1003,1003,2024-02-20,2024-09-15,388.06,Blue Dart
,1004,1004,2025-02-16,2024-10-15,387.55,Ekart
,1005,1005,2025-08-05,2024-08-23,394.09,Blue Dart
,1006,1006,2025-09-02,2024-12-14,445.99,Ekart
,1007,1007,2024-02-08,2024-05-15,477.44,DTDC
,1008,1008,2024-03-30,2024-03-14,330.31,Ekart
,1009,1009,2025-07-03,2025-07-27,482.49,Ekart
,1010,1010,2025-08-15,2024-05-24,380.66,Ekart
,1011,1011,2025-12-16,2025-09-30,344.31,Ekart
,1012,1012,2024-05-30,2024-01-05,174.1,DTDC
,1013,1013,2024-12-03,2025-06-15,544.46,Delhivery
,1014,1014,2025-11-20,2024-12-15,48.5,Ekart
,1015,1015,2025-04-05,2025-12-03,588.86,DTDC
,1016,1016,2025-11-27,2024-02-05,167.9,Delhivery
,1017,1017,2024-04-23,2025-01-15,232.74,Blue Dart
,1018,1018,2024-06-13,2024-01-20,79.06,Ekart
,1019,1019,2024-05-20,2025-07-01,590.78,Blue Dart
,1020,1020,2024-04-19,2025-01-05,453.41,DTDC
,1021,1021,2024-09-01,2025-06-01,147.92,Ekart
,1022,1022,2024-03-20,2025-07-12,525.39,DTDC
,1023,1023,2024-12-18,2024-05-03,41.59,Delhivery
,1024,1024,2025-12-31,2024-01-25,96.3,Blue Dart
,1025,1025,2025-12-03,2025-10-29,173.89,Ekart
,1026,1026,2024-06-01,2024-02-05,526.23,Ekart
,1027,1027,2025-05-09,2025-05-25,122.18,Delhivery
,1028,1028,2025-03-20,2025-01-10,485.08,DTDC
,1029,1029,2025-08-21,2024-09-21,564.51,DTDC
,1030,1030,2024-11-02,2025-04-16,459.65,Delhivery
,1031,1031,2025-08-12,2024-03-27,485.1,Delhivery
,1032,1032,2024-12-18,2025-01-28,272.48,Blue Dart
,1033,1033,2025-02-05,2025-01-14,85.6,Blue Dart
,1034,1034,2024-08-18,2024-03-26,110.65,Ekart
,1035,1035,2024-12-20,2024-08-09,334.16,Blue Dart
,1036,1036,2024-05-18,2025-12-26,579.74,Blue Dart
,1037,1037,2025-10-15,2025-07-28,468.15,Delhivery
,1038,1038,2025-01-14,2026-01-03,166.52,Delhivery
,1039,1039,2025-08-30,2024-06-15,92.58,DTDC
,1040,1040,2025-01-08,2024-06-20,221.68,DTDC
,1041,1041,2024-05-27,2025-02-28,298.06,DTDC
,1042,1042,2025-12-07,2025-03-05,584.01,DTDC
,1043,1043,2024-12-02,2024-10-21,209.86,DTDC
,1044,1044,2025-08-10,2024-04-06,41.4,Blue Dart
,1045,1045,2024-04-29,2025-01-03,594.45,Blue Dart
,1046,1046,2024-05-21,2024-09-22,464.2,DTDC
,1047,1047,2024-07-15,2025-06-06,292.82,DTDC
,1048,1048,2024-04-26,2025-11-19,266.03,DTDC
,1049,1049,2024-02-21,2025-01-25,367.8,Ekart
,1050,1050,2025-02-26,2025-07-23,583.44,DTDC
,1051,1051,2025-08-19,2025-09-08,490.36,Delhivery
,1052,1052,2024-07-03,2025-01-21,296.85,Ekart
,1053,1053,2025-02-18,2025-09-03,283.92,Blue Dart
,1054,1054,2024-01-26,2025-12-14,44.77,Blue Dart
,1055,1055,2024-12-14,2025-08-05,162.94,Delhivery
,1056,1056,2024-09-01,2025-06-07,145.78,Ekart
,1057,1057,2025-02-21,2025-10-26,58.46,DTDC
,1058,1058,2024-08-03,2025-06-16,122.22,Ekart
,1059,1059,2024-09-09,2024-07-01,580.55,Blue Dart
,1060,1060,2025-10-21,2025-12-05,450.07,Delhivery
,1061,1061,2024-08-06,2024-11-07,336.03,Blue Dart
,1062,1062,2024-02-09,2025-10-22,67.68,Delhivery
,1063,1063,2024-03-31,2025-03-15,568.65,Delhivery
,1064,1064,2024-06-20,2024-05-29,86.67,Ekart
,1065,1065,2025-10-02,2025-09-02,553.87,Blue Dart
,1066,1066,2024-03-09,2024-04-21,594.66,Blue Dart
,1067,1067,2025-04-07,2025-06-04,570.16,Delhivery
,1068,1068,2025-01-21,2024-06-10,148.18,Delhivery
,1069,1069,2025-09-07,2024-02-12,269.49,Ekart
,1070,1070,2025-03-29,2024-12-19,58.98,Delhivery
,1071,1071,2025-05-18,2024-06-27,288.82,Delhivery
,1072,1072,2024-03-08,2025-01-24,362.28,Blue Dart
,1073,1073,2025-12-08,2024-12-03,375.06,Ekart
,1074,1074,2024-06-15,2025-11-08,94.68,Delhivery
,1075,1075,2025-11-07,2025-05-07,254.67,DTDC
,1076,1076,2024-10-18,2024-01-26,319.79,Delhivery
,1077,1077,2025-09-25,2024-12-19,279.2,Blue Dart
,1078,1078,2024-07-30,2025-03-22,512.75,Ekart
,1079,1079,2025-04-24,2025-04-25,106.27,Delhivery
,1080,1080,2024-10-16,2024-08-10,360.39,Ekart
,1081,1081,2025-10-28,2025-09-10,278.48,DTDC
,1082,1082,2024-01-14,2024-10-07,464.43,Blue Dart
,1083,1083,2024-09-03,2025-09-29,335.61,Delhivery
,1084,1084,2024-10-17,2024-11-20,591.79,Blue Dart
,1085,1085,2025-09-20,2024-07-21,539.03,Delhivery
,1086,1086,2024-02-02,2024-03-02,539.48,DTDC
,1087,1087,2025-04-16,2024-07-30,417.31,Ekart
,1088,1088,2024-09-08,2025-10-19,498.49,Blue Dart
,1089,1089,2024-08-17,2025-07-20,193.44,DTDC
,1090,1090,2024-06-26,2025-03-29,384.19,Blue Dart
,1091,1091,2025-08-21,2025-09-12,487.86,Delhivery
,1092,1092,2025-11-16,2024-03-19,566.88,Delhivery
,1093,1093,2024-06-22,2025-11-08,532.83,Blue Dart
,1094,1094,2024-12-12,2024-02-27,217.37,Delhivery
,1095,1095,2024-04-30,2024-09-11,468.23,Ekart
,1096,1096,2025-10-21,2025-11-24,101.43,Ekart
,1097,1097,2024-12-19,2024-02-26,40.82,Blue Dart
,1098,1098,2025-12-13,2025-04-06,234.58,Blue Dart
,1099,1099,2025-03-30,2025-03-21,348.57,Blue Dart
,1100,1100,2024-05-07,2024-07-08,259.71,Blue Dart
,1101,1101,2024-05-01,2024-03-21,254.24,DTDC
,1102,1102,2024-05-11,2024-04-27,345.3,Blue Dart
,1103,1103,2025-02-26,2025-09-26,91.23,Blue Dart
,1104,1104,2025-01-01,2025-04-26,77.91,Delhivery
,1105,1105,2024-08-28,2025-08-09,561.05,DTDC
,1106,1106,2025-03-30,2025-05-03,179.07,Delhivery
,1107,1107,2024-03-24,2025-10-03,581.75,Ekart
,1108,1108,2024-03-19,2024-05-20,45,Delhivery
,1109,1109,2025-06-16,2025-09-12,530.83,Blue Dart
,1110,1110,2024-08-30,2025-03-03,249.5,Ekart
,1111,1111,2024-10-26,2024-03-05,389.24,Delhivery
,1112,1112,2024-07-10,2025-07-21,47.33,Blue Dart
,1113,1113,2025-03-18,2024-04-07,530.13,Ekart
,1114,1114,2025-01-31,2025-03-25,107.13,Blue Dart
,1115,1115,2024-05-06,2025-10-31,326.03,Blue Dart
,1116,1116,2025-07-17,2025-01-09,90.48,DTDC
,1117,1117,2024-09-29,2025-06-15,188.28,Blue Dart
,1118,1118,2025-01-18,2024-07-26,583.77,Ekart
,1119,1119,2024-12-15,2024-05-20,501.18,DTDC
,1120,1120,2025-05-18,2024-11-11,451.16,DTDC
,1121,1121,2024-06-14,2024-07-13,591.19,Blue Dart
,1122,1122,2024-11-17,2024-08-29,437.91,Ekart
,1123,1123,2024-05-09,2025-05-28,185.02,DTDC
,1124,1124,2025-09-29,2025-04-08,63.95,Blue Dart
,1125,1125,2025-09-21,2025-04-18,294.7,DTDC
,1126,1126,2024-11-07,2024-04-05,522.77,DTDC
,1127,1127,2025-06-11,2024-03-02,83.1,Blue Dart
,1128,1128,2025-07-11,2024-06-27,567.4,Ekart
,1129,1129,2024-04-04,2025-06-02,493.39,DTDC
,1130,1130,2025-10-31,2025-09-04,282.72,Delhivery
,1131,1131,2025-03-21,2025-02-24,376.78,Blue Dart
,1132,1132,2025-03-04,2024-10-06,389.36,DTDC
,1133,1133,2025-07-05,2024-03-15,427.95,Delhivery
,1134,1134,2024-01-12,2024-11-20,590.82,Ekart
,1135,1135,2024-06-15,2024-04-19,369.53,Delhivery
,1136,1136,2025-03-28,2024-09-27,469.43,Delhivery
,1137,1137,2024-07-25,2024-07-30,239.32,Blue Dart
,1138,1138,2025-07-15,2025-08-09,210.53,Blue Dart
,1139,1139,2024-10-04,2024-07-20,207.65,DTDC
,1140,1140,2025-12-11,2024-11-01,40.13,Ekart
,1141,1141,2025-02-26,2025-11-17,599.48,DTDC
,1142,1142,2025-06-21,2025-10-27,70.97,DTDC
,1143,1143,2025-03-15,2025-08-27,305.24,Delhivery
,1144,1144,2024-05-22,2024-05-31,591.95,Blue Dart
,1145,1145,2025-03-13,2024-08-17,486.57,Blue Dart
,1146,1146,2025-07-16,2024-06-22,229.99,Delhivery
,1147,1147,2025-05-14,2025-10-24,112.51,DTDC
,1148,1148,2024-02-14,2025-02-25,130.94,Ekart
,1149,1149,2025-07-09,2025-01-02,88.62,Blue Dart
,1150,1150,2024-11-23,2024-07-08,296.2,Ekart
,1151,1151,2025-09-24,2025-05-14,111.73,Blue Dart
,1152,1152,2024-12-26,2024-10-29,210.61,Blue Dart
,1153,1153,2024-09-10,2024-08-29,591.09,DTDC
,1154,1154,2025-12-16,2024-05-02,338.32,Ekart
,1155,1155,2025-04-16,2025-01-19,466.69,Ekart
,1156,1156,2024-04-25,2024-06-12,66.08,Blue Dart
,1157,1157,2024-05-19,2024-08-19,285.46,Delhivery
,1158,1158,2024-06-16,2024-07-17,211.38,Blue Dart
,1159,1159,2025-07-09,2025-02-10,247.47,Ekart
,1160,1160,2024-11-06,2025-06-13,380.38,DTDC
,1161,1161,2024-11-17,2025-07-02,145.66,DTDC
,1162,1162,2024-08-14,2024-09-17,542.19,Blue Dart
,1163,1163,2025-09-26,2025-11-14,548.35,Delhivery
,1164,1164,2024-10-26,2024-11-07,209.97,DTDC
,1165,1165,2025-06-29,2024-12-26,467.55,DTDC
,1166,1166,2025-10-19,2024-06-29,179.71,Blue Dart
,1167,1167,2025-02-12,2024-08-05,400.53,Delhivery
,1168,1168,2024-09-03,2025-04-07,300.75,DTDC
,1169,1169,2025-05-08,2025-07-08,327.12,DTDC
,1170,1170,2025-03-15,2024-08-02,60.17,DTDC
,1171,1171,2024-03-25,2025-01-13,424.5,Blue Dart
,1172,1172,2025-10-07,2024-08-25,532.97,Ekart
,1173,1173,2025-08-07,2024-04-02,535.84,DTDC
,1174,1174,2024-05-11,2024-02-04,151.47,Ekart
,1175,1175,2024-12-25,2024-10-05,251.74,Delhivery
,1176,1176,2024-10-22,2025-02-15,335.45,Blue Dart
,1177,1177,2025-03-27,2025-11-12,573.91,DTDC
,1178,1178,2024-03-18,2025-06-12,506.23,Delhivery
,1179,1179,2024-03-18,2024-09-20,240.71,Ekart
,1180,1180,2025-11-26,2025-05-24,477.69,DTDC
,1181,1181,2025-04-15,2025-03-29,450.5,Delhivery
,1182,1182,2024-11-19,2024-04-05,230.29,Ekart
,1183,1183,2025-07-22,2024-11-11,142.09,Ekart
,1184,1184,2024-09-11,2025-10-25,588.95,Delhivery
,1185,1185,2025-10-04,2025-10-04,56.89,Delhivery
,1186,1186,2024-08-30,2025-07-17,347.96,Delhivery
,1187,1187,2025-12-02,2024-01-22,294.78,Ekart
,1188,1188,2024-11-16,2025-11-06,191.5,Blue Dart
,1189,1189,2025-02-26,2025-01-20,300.09,Ekart
,1190,1190,2025-12-11,2025-05-14,184.11,Ekart
,1191,1191,2025-08-09,2025-12-30,283.08,DTDC
,1192,1192,2025-05-29,2025-06-19,474.51,Blue Dart
,1193,1193,2024-08-24,2024-03-09,307.09,Blue Dart
,1194,1194,2025-04-29,2025-05-29,240.11,DTDC
,1195,1195,2025-03-05,2025-10-19,155.4,DTDC
,1196,1196,2025-01-08,2025-07-31,281.32,DTDC
,1197,1197,2025-06-28,2024-02-27,379.57,Delhivery
,1198,1198,2024-07-04,2024-12-03,289.89,Delhivery
,1199,1199,2025-09-05,2025-12-16,91.9,DTDC
,1200,1200,2025-10-22,2024-12-07,373.49,Blue Dart
,1201,1201,2025-03-23,2024-12-09,77.12,Blue Dart
,1202,1202,2024-07-25,2025-07-05,205.54,Delhivery
,1203,1203,2024-03-29,2025-07-07,97.84,Blue Dart
,1204,1204,2024-05-22,2025-03-13,224.83,DTDC
,1205,1205,2024-11-20,2024-09-14,416.23,Delhivery
,1206,1206,2024-02-22,2025-09-19,111.5,Blue Dart
,1207,1207,2025-05-10,2025-05-25,559.76,Delhivery
,1208,1208,2024-12-09,2024-02-03,443.52,Blue Dart
,1209,1209,2024-07-16,2024-09-29,126,Blue Dart
,1210,1210,2025-06-06,2025-04-13,96.52,Blue Dart
,1211,1211,2024-02-16,2025-11-04,550.66,Blue Dart
,1212,1212,2024-11-23,2024-10-07,474.47,DTDC
,1213,1213,2025-10-22,2024-07-08,422.61,DTDC
,1214,1214,2025-05-09,2025-01-15,358.52,Blue Dart
,1215,1215,2024-06-07,2024-02-27,161.43,Blue Dart
,1216,1216,2025-05-14,2024-06-08,402.52,Ekart
,1217,1217,2024-10-15,2025-05-30,103.74,Delhivery
,1218,1218,2025-02-25,2025-06-03,89.44,Blue Dart
,1219,1219,2024-11-21,2025-12-30,514.02,DTDC
,1220,1220,2024-01-04,2024-07-15,540.25,Ekart
,1221,1221,2024-08-03,2024-06-19,43.25,Delhivery
,1222,1222,2024-08-27,2024-12-10,186.54,DTDC
,1223,1223,2024-08-14,2024-01-10,102.83,Ekart
,1224,1224,2024-12-24,2024-12-24,549,DTDC
,1225,1225,2024-10-24,2025-09-12,537.29,Blue Dart
,1226,1226,2024-11-05,2024-10-31,480.26,Blue Dart
,1227,1227,2025-06-25,2025-04-28,343.51,Blue Dart
,1228,1228,2025-08-12,2025-11-23,295.86,Delhivery
,1229,1229,2025-05-27,2025-01-17,104.57,DTDC
,1230,1230,2024-04-20,2025-04-14,275.48,Delhivery
,1231,1231,2025-12-12,2025-01-12,231.11,Blue Dart
,1232,1232,2025-10-31,2025-12-07,62.65,Blue Dart
,1233,1233,2024-12-24,2024-02-19,345.34,Blue Dart
,1234,1234,2025-11-23,2025-02-27,147.3,Delhivery
,1235,1235,2024-06-26,2024-09-21,498.95,Blue Dart
,1236,1236,2024-05-27,2025-10-26,63.92,Ekart
,1237,1237,2025-02-01,2024-07-11,135.43,DTDC
,1238,1238,2025-10-29,2024-09-08,211.44,Delhivery
,1239,1239,2025-11-05,2024-12-07,574.77,Blue Dart
,1240,1240,2025-08-21,2024-10-31,434.34,Delhivery
,1241,1241,2025-04-23,2025-09-10,244.84,Delhivery
,1242,1242,2025-02-24,2025-04-25,297.56,Delhivery
,1243,1243,2025-10-01,2025-06-01,387.39,Delhivery
,1244,1244,2024-10-22,2025-07-26,260.45,Delhivery
,1245,1245,2024-04-25,2024-09-20,94.55,Delhivery
,1246,1246,2025-05-11,2025-06-17,579.3,Delhivery
,1247,1247,2025-11-25,2024-12-03,286.71,DTDC
,1248,1248,2025-05-20,2024-02-12,155.66,Blue Dart
,1249,1249,2024-01-02,2025-04-08,423.34,Delhivery
,1250,1250,2025-09-19,2025-07-02,123.98,DTDC
,1251,1251,2024-09-27,2024-04-26,300.48,DTDC
,1252,1252,2025-05-15,2025-04-16,534.15,Blue Dart
,1253,1253,2024-01-23,2024-04-16,497.37,Blue Dart
,1254,1254,2025-08-17,2025-08-16,192.95,Ekart
,1255,1255,2025-04-18,2024-08-21,576.31,Delhivery
,1256,1256,2024-05-09,2025-05-24,480.73,Blue Dart
,1257,1257,2025-03-26,2025-06-25,591.93,DTDC
,1258,1258,2025-01-13,2025-01-16,534.37,Delhivery
,1259,1259,2025-12-23,2025-04-07,559.68,Ekart
,1260,1260,2024-12-02,2025-07-09,453.98,Delhivery
,1261,1261,2025-01-24,2024-12-25,343.88,Blue Dart
,1262,1262,2025-09-29,2024-12-02,270.4,Delhivery
,1263,1263,2024-06-28,2024-06-04,45.34,Blue Dart
,1264,1264,2025-07-23,2025-02-18,78.44,Blue Dart
,1265,1265,2025-01-22,2025-03-14,574.3,DTDC
,1266,1266,2025-06-30,2025-03-13,224.02,Ekart
,1267,1267,2025-09-01,2025-11-19,541.55,Ekart
,1268,1268,2024-10-18,2025-03-24,480.3,Ekart
,1269,1269,2024-04-04,2025-11-23,499.26,Ekart
,1270,1270,2025-07-03,2025-07-27,125.47,Blue Dart
,1271,1271,2024-12-16,2025-10-02,565.65,DTDC
,1272,1272,2024-10-07,2025-06-19,282.48,DTDC
,1273,1273,2024-10-23,2024-01-23,115.59,Delhivery
,1274,1274,2024-01-03,2025-05-19,247.61,Blue Dart
,1275,1275,2025-12-24,2024-02-02,72.4,Ekart
,1276,1276,2025-11-13,2025-06-19,72.95,Ekart
,1277,1277,2025-10-07,2024-04-08,576.13,Ekart
,1278,1278,2025-01-09,2025-12-09,377.35,Delhivery
,1279,1279,2025-04-25,2024-03-04,78.91,DTDC
,1280,1280,2025-09-23,2025-03-30,519.69,Ekart
,1281,1281,2025-05-27,2024-04-26,218.99,Blue Dart
,1282,1282,2024-02-04,2025-05-23,336.34,Blue Dart
,1283,1283,2025-05-25,2024-02-06,225.31,Ekart
,1284,1284,2025-02-24,2024-05-06,440.44,DTDC
,1285,1285,2024-12-19,2024-03-01,353.22,Blue Dart
,1286,1286,2024-09-03,2025-04-25,351.25,Delhivery
,1287,1287,2025-06-05,2024-04-09,280.02,Delhivery
,1288,1288,2025-11-07,2025-06-09,135.41,Blue Dart
,1289,1289,2024-02-13,2024-10-11,89,Delhivery
,1290,1290,2025-07-18,2024-07-24,496.92,Ekart
,1291,1291,2025-10-28,2024-10-24,224.42,Ekart
,1292,1292,2024-12-06,2024-12-22,261.47,Ekart
,1293,1293,2024-02-15,2025-03-04,532.02,DTDC
,1294,1294,2024-04-28,2025-09-18,93.54,Blue Dart
,1295,1295,2024-02-06,2024-11-06,75.09,DTDC
,1296,1296,2025-09-23,2025-03-08,576.86,Blue Dart
,1297,1297,2024-04-15,2025-06-20,146.76,Delhivery
,1298,1298,2024-02-28,2025-02-27,507.53,Blue Dart
,1299,1299,2025-11-04,2025-11-11,581.75,DTDC
,1300,1300,2025-12-23,2025-12-31,126.29,Blue Dart
,1301,1301,2025-01-13,2025-04-26,69.61,Delhivery
,1302,1302,2025-09-03,2024-05-19,458.93,Delhivery
,1303,1303,2025-11-16,2025-09-23,507.44,Delhivery
,1304,1304,2024-11-16,2024-09-02,276.55,Blue Dart
,1305,1305,2024-03-04,2025-08-04,226.45,DTDC
,1306,1306,2025-08-24,2025-10-28,437.89,DTDC
,1307,1307,2025-12-26,2025-03-12,223.34,Blue Dart
,1308,1308,2024-09-01,2024-01-17,235.33,DTDC
,1309,1309,2025-11-27,2025-02-18,468.9,Ekart
,1310,1310,2024-01-30,2024-04-11,547.03,DTDC
,1311,1311,2025-11-27,2024-12-27,492.47,Blue Dart
,1312,1312,2024-07-12,2024-10-14,541.67,Delhivery
,1313,1313,2024-06-14,2024-09-18,463.97,Ekart
,1314,1314,2025-07-02,2025-08-12,90.75,DTDC
,1315,1315,2024-11-30,2025-01-27,114.19,Blue Dart
,1316,1316,2025-02-05,2025-10-16,227.44,Delhivery
,1317,1317,2024-06-10,2025-06-03,347.6,Ekart
,1318,1318,2025-01-05,2025-08-01,588.62,DTDC
,1319,1319,2025-02-27,2025-08-17,561.72,DTDC
,1320,1320,2025-10-07,2025-04-03,136.23,DTDC
,1321,1321,2025-01-06,2024-04-29,508.61,Blue Dart
,1322,1322,2025-10-20,2025-02-26,380.89,Blue Dart
,1323,1323,2025-02-12,2024-04-06,325.38,Delhivery
,1324,1324,2025-12-28,2025-01-06,259.79,DTDC
,1325,1325,2025-12-30,2024-01-17,174.49,Ekart
,1326,1326,2024-04-17,2025-01-08,102.22,Ekart
,1327,1327,2025-05-21,2024-06-22,334.18,Delhivery
,1328,1328,2024-09-06,2024-01-12,199.85,DTDC
,1329,1329,2025-08-21,2024-07-19,209.79,Blue Dart
,1330,1330,2025-11-09,2024-09-11,504.48,Delhivery
,1331,1331,2024-02-04,2024-07-15,186.54,Ekart
,1332,1332,2025-03-07,2024-11-10,426.24,Ekart
,1333,1333,2024-05-01,2025-08-02,490.04,DTDC
,1334,1334,2024-11-17,2024-08-04,283.57,Delhivery
,1335,1335,2025-09-24,2025-08-30,101.19,Delhivery
,1336,1336,2025-12-26,2024-11-12,76.03,Blue Dart
,1337,1337,2025-06-26,2024-02-02,521.71,Ekart
,1338,1338,2024-08-17,2024-08-21,486.45,DTDC
,1339,1339,2025-08-16,2024-04-09,313.66,Delhivery
,1340,1340,2024-05-08,2024-04-13,109.54,Blue Dart
,1341,1341,2025-08-31,2025-02-02,300.16,Blue Dart
,1342,1342,2024-06-02,2024-12-18,360.43,DTDC
,1343,1343,2024-04-19,2024-06-24,323.24,DTDC
,1344,1344,2024-10-18,2024-04-15,253.74,DTDC
,1345,1345,2025-10-30,2025-01-13,584.61,Blue Dart
,1346,1346,2024-08-25,2025-09-11,405.97,Delhivery
,1347,1347,2024-09-18,2025-10-24,582.43,Blue Dart
,1348,1348,2024-07-28,2025-04-12,277.6,DTDC
,1349,1349,2024-02-16,2025-08-25,570.46,Delhivery
,1350,1350,2024-04-07,2024-09-07,396.59,Blue Dart
,1351,1351,2025-05-04,2024-05-16,405.28,Ekart
,1352,1352,2025-02-13,2024-03-29,183.43,Delhivery
,1353,1353,2024-01-30,2024-03-14,490.61,Blue Dart
,1354,1354,2025-11-14,2024-11-23,176.37,DTDC
,1355,1355,2025-05-11,2025-06-24,280.2,Delhivery
,1356,1356,2024-01-03,2024-02-11,271.58,DTDC
,1357,1357,2024-12-24,2025-11-28,137.16,Blue Dart
,1358,1358,2025-07-05,2025-12-04,83.51,Ekart
,1359,1359,2025-07-14,2025-12-13,442.8,Blue Dart
,1360,1360,2024-04-12,2024-09-05,437.87,Ekart
,1361,1361,2024-05-08,2024-06-10,495.16,Blue Dart
,1362,1362,2024-07-19,2024-08-17,205.79,Ekart
,1363,1363,2025-04-09,2024-05-17,162.84,DTDC
,1364,1364,2025-08-22,2024-05-29,461.9,Blue Dart
,1365,1365,2024-12-18,2025-02-02,216.56,Ekart
,1366,1366,2024-12-27,2025-02-03,405.59,Delhivery
,1367,1367,2024-09-03,2024-01-18,370.17,DTDC
,1368,1368,2025-12-27,2024-01-13,372.82,Ekart
,1369,1369,2025-11-01,2025-07-29,419.34,DTDC
,1370,1370,2024-07-04,2024-09-21,485.39,DTDC
,1371,1371,2025-03-08,2025-01-18,356.87,Ekart
,1372,1372,2024-05-11,2024-09-14,443.4,Delhivery
,1373,1373,2024-11-10,2025-08-18,453.28,Delhivery
,1374,1374,2025-05-13,2025-03-03,571.86,DTDC
,1375,1375,2025-11-22,2024-08-06,420.22,DTDC
,1376,1376,2025-06-13,2025-09-07,545.36,Blue Dart
,1377,1377,2024-04-07,2024-05-18,58.07,Blue Dart
,1378,1378,2025-07-19,2024-08-02,579.56,Blue Dart
,1379,1379,2024-05-10,2025-01-14,117.36,Blue Dart
,1380,1380,2024-07-05,2024-06-10,367.28,Delhivery
,1381,1381,2025-12-14,2025-11-22,175.7,Delhivery
,1382,1382,2025-04-15,2024-09-12,513.18,Delhivery
,1383,1383,2024-12-10,2025-04-15,223.76,Blue Dart
,1384,1384,2025-12-24,2025-12-24,175.77,Blue Dart
,1385,1385,2025-11-13,2024-06-15,125.95,Blue Dart
,1386,1386,2024-11-05,2025-01-14,564.15,Blue Dart
,1387,1387,2024-02-21,2024-05-05,379.66,Delhivery
,1388,1388,2025-06-05,2025-01-17,508.1,Blue Dart
,1389,1389,2024-04-03,2024-04-05,306.3,Blue Dart
,1390,1390,2025-10-03,2024-12-11,437.15,Ekart
,1391,1391,2024-01-26,2025-11-24,382.81,Ekart
,1392,1392,2025-01-08,2024-05-22,97.74,Blue Dart
,1393,1393,2024-05-17,2025-08-23,398.78,Ekart
,1394,1394,2025-11-28,2025-01-24,194.82,Delhivery
,1395,1395,2025-01-14,2024-07-31,124.77,Delhivery
,1396,1396,2025-08-31,2024-06-08,542.15,Delhivery
,1397,1397,2024-04-13,2026-01-03,203,DTDC
,1398,1398,2024-08-25,2025-04-28,41.52,DTDC
,1399,1399,2024-06-09,2025-07-01,310.61,Blue Dart
,1400,1400,2025-06-04,2025-05-13,431.09,Blue Dart
,1401,1401,2024-07-13,2024-11-02,235.36,DTDC
,1402,1402,2025-11-25,2025-08-09,508.62,DTDC
,1403,1403,2024-04-07,2024-03-17,459.14,Ekart
,1404,1404,2025-08-29,2025-01-22,521.9,Ekart
,1405,1405,2024-08-27,2025-04-23,261.59,Ekart
,1406,1406,2024-04-04,2025-12-27,284.36,Ekart
,1407,1407,2024-09-27,2024-02-28,228.52,Blue Dart
,1408,1408,2025-07-22,2024-09-03,47.63,Blue Dart
,1409,1409,2025-06-25,2025-10-21,348.78,DTDC
,1410,1410,2025-01-15,2025-11-04,237.97,Delhivery
,1411,1411,2025-09-10,2024-01-26,243.69,Blue Dart
,1412,1412,2025-07-27,2025-07-01,81.14,Ekart
,1413,1413,2024-09-21,2024-03-19,294.85,DTDC
,1414,1414,2024-02-04,2024-07-12,70.24,Ekart
,1415,1415,2024-02-09,2025-12-25,545,Blue Dart
,1416,1416,2025-08-24,2025-03-12,120.58,Ekart
,1417,1417,2024-03-08,2024-08-06,217.78,Ekart
,1418,1418,2024-03-29,2024-08-30,598.5,DTDC
,1419,1419,2025-09-13,2025-06-18,161.38,DTDC
,1420,1420,2025-09-15,2025-10-14,247.55,DTDC
,1421,1421,2025-11-10,2024-03-11,261.69,DTDC
,1422,1422,2025-02-12,2025-05-05,301.91,Ekart
,1423,1423,2025-11-22,2025-11-30,142.57,DTDC
,1424,1424,2024-09-24,2024-06-06,138.64,Delhivery
,1425,1425,2024-05-31,2025-02-17,190.55,DTDC
,1426,1426,2025-05-22,2025-06-04,309.35,DTDC
,1427,1427,2024-01-01,2025-03-02,120.73,Blue Dart
,1428,1428,2024-09-18,2024-02-08,96.83,Blue Dart
,1429,1429,2025-12-23,2026-01-03,514.11,DTDC
,1430,1430,2025-10-10,2025-09-18,58.63,DTDC
,1431,1431,2024-11-04,2024-01-14,222.11,Delhivery
,1432,1432,2024-03-20,2025-01-04,389.77,Ekart
,1433,1433,2025-08-13,2025-07-24,599.88,DTDC
,1434,1434,2024-09-28,2024-07-17,331.72,Ekart
,1435,1435,2024-07-08,2024-05-08,488.71,Delhivery
,1436,1436,2025-01-31,2025-05-02,354.12,Blue Dart
,1437,1437,2024-02-24,2025-11-07,145.09,Delhivery
,1438,1438,2024-03-25,2025-09-19,585.38,Blue Dart
,1439,1439,2024-10-10,2025-09-29,558.82,Delhivery
,1440,1440,2025-10-12,2024-05-05,151.19,Blue Dart
,1441,1441,2024-02-23,2024-11-11,278.05,DTDC
,1442,1442,2024-12-09,2025-08-30,409.55,Ekart
,1443,1443,2024-12-29,2025-04-28,400.43,Blue Dart
,1444,1444,2025-07-21,2025-09-21,220.4,Blue Dart
,1445,1445,2025-08-29,2025-08-28,564.52,Delhivery
,1446,1446,2024-04-20,2024-08-28,107.29,DTDC
,1447,1447,2024-06-01,2025-04-13,326.53,Delhivery
,1448,1448,2024-01-16,2025-04-21,237.31,DTDC
,1449,1449,2024-05-25,2024-06-23,357.09,Delhivery
,1450,1450,2025-12-04,2024-12-12,233.04,Ekart
,1451,1451,2025-03-16,2025-08-30,539.19,DTDC
,1452,1452,2025-09-29,2024-11-17,551.65,Blue Dart
,1453,1453,2024-06-15,2024-06-16,238.37,Blue Dart
,1454,1454,2025-01-23,2024-06-10,555.6,Blue Dart
,1455,1455,2024-12-04,2025-01-15,240.86,Ekart
,1456,1456,2025-12-04,2025-01-01,554.34,Delhivery
,1457,1457,2024-06-08,2024-02-02,178.54,Ekart
,1458,1458,2024-02-09,2024-09-05,109.35,Ekart
,1459,1459,2024-05-13,2025-09-23,376.44,Delhivery
,1460,1460,2025-08-05,2025-04-12,579.28,Ekart
,1461,1461,2024-01-19,2024-07-08,391.36,Blue Dart
,1462,1462,2025-07-31,2025-10-24,425.96,Ekart
,1463,1463,2024-01-12,2025-05-20,437.79,Blue Dart
,1464,1464,2025-04-28,2025-07-31,581.72,Blue Dart
,1465,1465,2025-05-08,2025-09-10,454.39,Delhivery
,1466,1466,2025-05-24,2024-06-07,223.84,Delhivery
,1467,1467,2024-07-27,2024-05-05,587.14,DTDC
,1468,1468,2025-06-12,2024-12-16,471.55,Ekart
,1469,1469,2024-08-16,2025-02-09,365.72,DTDC
,1470,1470,2025-06-25,2024-07-29,457.98,Delhivery
,1471,1471,2025-11-26,2025-04-01,61.6,Ekart
,1472,1472,2024-06-08,2024-02-25,463.58,DTDC
,1473,1473,2025-06-23,2025-09-25,245.7,Delhivery
,1474,1474,2025-07-17,2024-05-22,186.21,Delhivery
,1475,1475,2025-07-01,2024-09-26,319.24,DTDC
,1476,1476,2025-05-05,2025-10-08,538.14,DTDC
,1477,1477,2025-05-14,2024-11-13,397.59,Delhivery
,1478,1478,2024-12-15,2024-04-28,585.14,Ekart
,1479,1479,2024-05-27,2024-02-28,367.26,Blue Dart
,1480,1480,2024-11-10,2025-01-15,71.28,DTDC
,1481,1481,2024-05-06,2024-04-07,516.32,DTDC
,1482,1482,2024-04-20,2024-12-11,571.43,Ekart
,1483,1483,2025-02-18,2024-10-17,356.81,DTDC
,1484,1484,2024-02-03,2024-04-29,100.25,Blue Dart
,1485,1485,2025-06-30,2024-11-09,495.74,Ekart
,1486,1486,2025-11-18,2025-09-08,231.92,Ekart
,1487,1487,2025-09-28,2025-11-19,311.79,Delhivery
,1488,1488,2024-05-13,2024-07-02,471.8,Ekart
,1489,1489,2025-02-06,2025-02-21,228.57,Delhivery
,1490,1490,2024-04-06,2024-12-15,93.96,Blue Dart
,1491,1491,2025-11-24,2025-10-04,151.62,DTDC
,1492,1492,2025-08-19,2025-01-10,570.2,Delhivery
,1493,1493,2024-09-20,2025-10-14,473.62,Ekart
,1494,1494,2025-09-01,2025-11-08,464.76,Delhivery
,1495,1495,2025-01-28,2024-07-27,526.05,Ekart
,1496,1496,2025-07-30,2025-05-13,441.67,Ekart
,1497,1497,2024-07-24,2025-04-10,231.42,DTDC
,1498,1498,2024-12-27,2025-08-10,215.16,Ekart
,1499,1499,2024-07-18,2024-11-13,142.51,Ekart
,1500,1500,2025-04-13,2025-05-11,61.11,DTDC
,1501,1501,2025-10-14,2025-05-04,191.66,Ekart
,1502,1502,2024-02-20,2024-05-03,242.7,Delhivery
,1503,1503,2024-08-22,2025-05-11,465.13,DTDC
,1504,1504,2025-08-20,2024-01-10,151.14,Ekart
,1505,1505,2025-05-29,2025-09-27,192.43,Blue Dart
,1506,1506,2025-06-29,2024-11-09,479.38,Ekart
,1507,1507,2024-11-06,2025-10-06,247.65,Delhivery
,1508,1508,2025-03-04,2025-07-21,325.39,Blue Dart
,1509,1509,2025-11-02,2024-09-29,326.81,Blue Dart
,1510,1510,2024-03-10,2025-06-03,167.08,Ekart
,1511,1511,2025-10-04,2025-06-14,226.76,Delhivery
,1512,1512,2024-01-08,2024-06-24,399.42,Ekart
,1513,1513,2025-09-28,2024-09-03,319.81,Blue Dart
,1514,1514,2025-05-31,2024-12-15,327.55,Delhivery
,1515,1515,2024-11-03,2024-07-17,362.98,Delhivery
,1516,1516,2024-05-09,2024-05-15,201.51,Delhivery
,1517,1517,2025-04-28,2024-02-11,463.88,Blue Dart
,1518,1518,2025-10-03,2025-11-08,500.94,Ekart
,1519,1519,2024-10-06,2024-03-08,119.04,DTDC
,1520,1520,2024-12-13,2024-05-16,268.7,Ekart
,1521,1521,2024-06-28,2024-06-02,370.4,Ekart
,1522,1522,2025-03-02,2024-09-15,189.5,Blue Dart
,1523,1523,2024-12-18,2025-11-07,368.76,Blue Dart
,1524,1524,2025-11-21,2024-06-07,362.18,DTDC
,1525,1525,2025-09-28,2025-12-21,335.13,Ekart
,1526,1526,2025-04-07,2025-10-25,192.66,DTDC
,1527,1527,2025-12-08,2024-07-30,251.75,Blue Dart
,1528,1528,2025-06-27,2024-12-08,572.35,Delhivery
,1529,1529,2025-09-08,2025-04-20,312.59,Blue Dart
,1530,1530,2024-05-13,2024-05-23,328.61,Ekart
,1531,1531,2025-09-04,2025-11-13,574.37,Blue Dart
,1532,1532,2025-01-04,2024-11-25,64.71,DTDC
,1533,1533,2024-04-04,2025-11-28,594.43,Blue Dart
,1534,1534,2025-12-08,2024-11-20,312.8,Ekart
,1535,1535,2025-01-28,2025-04-12,545.87,DTDC
,1536,1536,2025-04-26,2024-11-12,511.68,DTDC
,1537,1537,2024-01-07,2024-12-11,239.72,DTDC
,1538,1538,2025-08-30,2025-05-09,185.74,Blue Dart
,1539,1539,2025-04-12,2025-12-27,549.18,Ekart
,1540,1540,2024-05-25,2025-05-04,215.84,Ekart
,1541,1541,2024-02-15,2025-05-07,46.44,Ekart
,1542,1542,2025-10-14,2024-09-25,219.05,Delhivery
,1543,1543,2025-04-28,2025-05-14,537.05,DTDC
,1544,1544,2024-09-01,2025-06-05,112.14,Delhivery
,1545,1545,2025-02-23,2024-07-20,280.56,Delhivery
,1546,1546,2024-11-20,2025-08-16,463.2,Blue Dart
,1547,1547,2024-03-16,2025-06-17,336.98,DTDC
,1548,1548,2025-06-05,2025-10-21,363.72,Delhivery
,1549,1549,2024-05-17,2025-02-03,415.84,Ekart
,1550,1550,2024-12-13,2024-10-15,575.97,Ekart
,1551,1551,2024-08-29,2025-07-08,163.89,Blue Dart
,1552,1552,2024-12-16,2025-02-14,501.14,Ekart
,1553,1553,2025-07-23,2025-05-13,51.24,DTDC
,1554,1554,2024-10-26,2024-08-18,275.55,Blue Dart
,1555,1555,2025-12-31,2024-05-07,223.9,Ekart
,1556,1556,2025-09-03,2025-02-18,325.47,Delhivery
,1557,1557,2025-12-16,2024-07-09,164.49,Blue Dart
,1558,1558,2025-05-30,2024-10-20,127.17,Ekart
,1559,1559,2024-10-03,2025-07-03,91.62,Delhivery
,1560,1560,2024-11-28,2024-11-17,350.13,Blue Dart
,1561,1561,2024-05-04,2025-03-13,402.18,DTDC
,1562,1562,2024-04-27,2025-05-29,335.83,DTDC
,1563,1563,2025-12-02,2025-10-22,313.31,Ekart
,1564,1564,2025-05-24,2024-02-21,128.51,DTDC
,1565,1565,2024-11-10,2025-06-12,214.97,Ekart
,1566,1566,2024-12-06,2024-01-20,576.12,Delhivery
,1567,1567,2025-11-22,2024-06-06,234.49,Delhivery
,1568,1568,2024-02-21,2025-01-25,442.83,Blue Dart
,1569,1569,2025-10-05,2024-02-26,559.3,Delhivery
,1570,1570,2024-12-30,2024-04-12,587.46,DTDC
,1571,1571,2025-10-12,2025-01-16,305.67,Delhivery
,1572,1572,2025-11-19,2024-04-16,426.21,DTDC
,1573,1573,2025-02-03,2024-06-07,165.13,Delhivery
,1574,1574,2024-09-25,2025-04-03,185.98,DTDC
,1575,1575,2025-01-16,2024-03-13,188.87,DTDC
,1576,1576,2025-01-14,2024-05-31,546.54,DTDC
,1577,1577,2024-03-17,2026-01-03,76.2,DTDC
,1578,1578,2025-10-14,2025-03-13,517.05,Blue Dart
,1579,1579,2024-03-21,2024-12-21,267.85,Ekart
,1580,1580,2025-04-22,2025-02-28,599.44,Ekart
,1581,1581,2024-01-03,2024-01-30,466.5,Delhivery
,1582,1582,2024-02-27,2025-04-02,324.08,Ekart
,1583,1583,2024-03-18,2024-02-23,425.53,DTDC
,1584,1584,2025-08-30,2024-07-29,64.16,Ekart
,1585,1585,2025-05-29,2025-09-26,437.15,Delhivery
,1586,1586,2024-01-31,2024-08-21,329.98,Ekart
,1587,1587,2024-07-13,2024-12-25,106.96,Blue Dart
,1588,1588,2025-09-26,2025-01-22,454.51,Delhivery
,1589,1589,2024-10-01,2024-12-18,299.31,Blue Dart
,1590,1590,2025-03-19,2025-10-21,293.22,Blue Dart
,1591,1591,2024-03-17,2024-06-16,589.04,Ekart
,1592,1592,2025-09-08,2025-11-12,222.39,Blue Dart
,1593,1593,2025-10-11,2025-12-22,449.02,DTDC
,1594,1594,2025-01-12,2024-09-16,490.2,DTDC
,1595,1595,2024-07-04,2024-04-01,110.06,Delhivery
,1596,1596,2024-03-31,2025-12-07,566.77,Blue Dart
,1597,1597,2025-06-14,2025-05-28,485.79,Ekart
,1598,1598,2024-09-14,2025-05-20,390.19,DTDC
,1599,1599,2024-12-14,2024-06-21,526.24,Delhivery
,1600,1600,2025-12-18,2025-11-17,259.26,Delhivery
,1601,1601,2024-07-03,2025-02-06,63.04,Blue Dart
,1602,1602,2025-09-17,2024-05-10,447.03,Blue Dart
,1603,1603,2024-03-16,2024-12-21,58.44,Delhivery
,1604,1604,2025-04-07,2025-10-12,159.91,Ekart
,1605,1605,2025-12-02,2024-02-24,292.64,DTDC
,1606,1606,2025-11-10,2025-05-20,575.51,Delhivery
,1607,1607,2024-07-08,2024-09-23,476.98,Blue Dart
,1608,1608,2024-06-25,2025-04-21,580.16,DTDC
,1609,1609,2025-11-14,2024-02-08,270.11,Ekart
,1610,1610,2025-11-20,2025-03-07,373.14,Ekart
,1611,1611,2024-03-12,2025-10-17,230.17,Blue Dart
,1612,1612,2024-08-22,2024-08-14,459.27,Blue Dart
,1613,1613,2025-08-21,2024-01-21,227.39,Delhivery
,1614,1614,2025-03-20,2024-07-22,587.65,DTDC
,1615,1615,2025-06-30,2025-01-01,252.86,Ekart
,1616,1616,2024-05-09,2024-06-08,534.46,Ekart
,1617,1617,2024-12-24,2025-09-18,316.46,Delhivery
,1618,1618,2024-09-04,2024-08-17,207.65,DTDC
,1619,1619,2025-03-19,2025-12-04,108.89,DTDC
,1620,1620,2025-01-27,2025-11-19,472.03,Delhivery
,1621,1621,2025-05-09,2024-06-11,218.93,Ekart
,1622,1622,2024-04-21,2025-01-13,273.82,DTDC
,1623,1623,2024-08-30,2025-12-04,567.26,DTDC
,1624,1624,2025-07-31,2025-05-19,69.45,DTDC
,1625,1625,2024-06-30,2024-05-30,339.21,DTDC
,1626,1626,2024-08-13,2024-09-11,501.03,DTDC
,1627,1627,2024-04-03,2024-10-20,413.77,Delhivery
,1628,1628,2025-09-19,2025-06-23,74.72,Ekart
,1629,1629,2024-05-12,2024-10-18,566.17,DTDC
,1630,1630,2025-05-25,2024-07-01,589.76,DTDC
,1631,1631,2025-04-24,2024-07-05,487.18,Blue Dart
,1632,1632,2025-01-02,2024-01-27,538.86,DTDC
,1633,1633,2025-04-12,2024-06-07,543.44,Blue Dart
,1634,1634,2024-04-29,2024-02-04,227.87,DTDC
,1635,1635,2025-04-10,2025-07-03,159.88,DTDC
,1636,1636,2025-06-01,2024-03-28,483.76,Delhivery
,1637,1637,2025-10-24,2024-09-22,90.41,Blue Dart
,1638,1638,2025-04-16,2024-07-06,208.21,Blue Dart
,1639,1639,2024-05-05,2025-03-08,346.28,DTDC
,1640,1640,2025-10-26,2025-02-27,304.84,Delhivery
,1641,1641,2024-05-22,2025-02-26,316.97,Delhivery
,1642,1642,2025-12-01,2025-08-18,291.57,Ekart
,1643,1643,2025-11-03,2025-03-20,318.01,Blue Dart
,1644,1644,2025-12-25,2024-02-16,202.99,Blue Dart
,1645,1645,2025-05-30,2025-04-12,133.95,Blue Dart
,1646,1646,2025-01-06,2025-10-23,134.71,Blue Dart
,1647,1647,2025-04-26,2024-09-19,496.07,Delhivery
,1648,1648,2024-10-12,2025-11-14,341.49,Ekart
,1649,1649,2024-02-05,2025-02-10,204.36,DTDC
,1650,1650,2025-07-24,2025-03-24,280.02,Ekart
,1651,1651,2025-04-30,2024-12-29,152.39,DTDC
,1652,1652,2024-06-26,2024-02-26,244.79,Delhivery
,1653,1653,2025-09-22,2024-08-22,245.86,Ekart
,1654,1654,2025-05-05,2025-11-26,120.44,DTDC
,1655,1655,2025-02-22,2025-02-16,262.18,Ekart
,1656,1656,2025-11-19,2024-10-15,156.53,Ekart
,1657,1657,2025-10-07,2024-09-12,268.24,Blue Dart
,1658,1658,2024-08-27,2025-12-21,73.15,Delhivery
,1659,1659,2025-09-30,2025-06-06,500.52,Delhivery
,1660,1660,2025-09-14,2024-02-19,586.52,Delhivery
,1661,1661,2024-07-02,2024-05-01,582.94,Ekart
,1662,1662,2024-02-29,2024-01-31,312.93,DTDC
,1663,1663,2025-02-04,2025-11-16,219.5,Delhivery
,1664,1664,2024-03-05,2024-03-31,572.8,Ekart
,1665,1665,2025-01-29,2025-02-22,512.55,Ekart
,1666,1666,2024-06-08,2025-01-21,311,DTDC
,1667,1667,2024-12-31,2024-09-06,136.35,Delhivery
,1668,1668,2024-07-26,2025-11-04,236.35,Ekart
,1669,1669,2024-08-02,2024-12-16,189.69,Delhivery
,1670,1670,2025-08-29,2025-03-22,118.46,Blue Dart
,1671,1671,2024-06-06,2025-05-08,377.38,Delhivery
,1672,1672,2024-06-29,2025-12-10,477.14,Ekart
,1673,1673,2024-04-17,2025-07-31,370.66,Ekart
,1674,1674,2025-10-25,2024-04-13,232.19,Ekart
,1675,1675,2024-06-08,2025-03-15,428.26,Ekart
,1676,1676,2025-07-30,2024-04-10,554.57,DTDC
,1677,1677,2024-05-15,2025-11-01,339.3,Ekart
,1678,1678,2024-09-09,2024-10-30,509.24,DTDC
,1679,1679,2024-04-01,2025-11-16,50.73,DTDC
,1680,1680,2025-03-06,2025-08-03,479.51,Blue Dart
,1681,1681,2024-12-18,2025-04-12,442.52,Ekart
,1682,1682,2024-12-25,2024-11-28,66.08,DTDC
,1683,1683,2024-01-06,2024-08-09,520.63,Ekart
,1684,1684,2025-03-24,2025-09-01,71.36,Ekart
,1685,1685,2024-11-28,2024-01-22,596.95,Blue Dart
,1686,1686,2024-03-14,2024-01-11,416.43,DTDC
,1687,1687,2024-06-15,2025-05-16,70.86,Blue Dart
,1688,1688,2024-06-29,2024-01-16,185.57,DTDC
,1689,1689,2025-12-30,2025-05-11,411.79,Delhivery
,1690,1690,2024-02-02,2024-11-19,110.35,DTDC
,1691,1691,2025-06-21,2024-11-05,534.37,Ekart
,1692,1692,2025-06-08,2025-01-09,593.68,Ekart
,1693,1693,2025-11-02,2025-04-18,396.95,Delhivery
,1694,1694,2025-10-13,2025-05-06,77.12,Delhivery
,1695,1695,2024-06-23,2024-01-19,510.17,Blue Dart
,1696,1696,2025-04-04,2024-03-06,367.09,Delhivery
,1697,1697,2024-05-19,2025-05-04,218.69,Ekart
,1698,1698,2024-01-04,2025-09-09,467.07,Ekart
,1699,1699,2025-05-20,2025-07-10,268.38,Blue Dart
,1700,1700,2025-07-11,2025-09-17,593.71,Delhivery
,1701,1701,2025-06-12,2024-10-01,578.35,Blue Dart
,1702,1702,2025-08-04,2024-05-28,569.37,Ekart
,1703,1703,2024-10-20,2025-05-06,116.56,Delhivery
,1704,1704,2024-01-09,2024-10-09,404.25,DTDC
,1705,1705,2025-08-08,2024-12-25,117.72,Ekart
,1706,1706,2024-05-29,2025-12-29,423.97,Ekart
,1707,1707,2025-07-09,2024-12-14,474.87,Ekart
,1708,1708,2024-12-11,2025-09-14,366.43,Delhivery
,1709,1709,2025-08-11,2024-08-01,426.74,DTDC
,1710,1710,2025-01-26,2024-02-04,75.95,Delhivery
,1711,1711,2025-05-13,2024-12-11,396.43,Blue Dart
,1712,1712,2024-06-13,2024-04-22,435.54,Ekart
,1713,1713,2025-05-13,2024-09-08,83.36,Blue Dart
,1714,1714,2024-01-19,2024-10-12,344.53,DTDC
,1715,1715,2024-03-24,2025-03-27,48.99,Delhivery
,1716,1716,2025-02-22,2024-05-29,265.42,Blue Dart
,1717,1717,2024-06-18,2024-06-11,112.41,DTDC
,1718,1718,2025-06-12,2024-08-31,285.35,Blue Dart
,1719,1719,2025-07-06,2024-11-27,301.52,DTDC
,1720,1720,2024-12-15,2026-01-04,54.15,Ekart
,1721,1721,2025-09-21,2024-04-14,532.53,Ekart
,1722,1722,2024-09-12,2024-03-29,71.16,Ekart
,1723,1723,2025-04-24,2024-03-20,48.77,Delhivery
,1724,1724,2024-05-28,2024-03-24,448.34,Delhivery
,1725,1725,2025-08-26,2025-02-27,480.91,Blue Dart
,1726,1726,2024-07-02,2025-06-13,445.43,Blue Dart
,1727,1727,2024-08-15,2025-09-08,565.73,Delhivery
,1728,1728,2025-09-07,2025-01-20,406.45,Blue Dart
,1729,1729,2025-09-05,2024-04-27,584.39,Ekart
,1730,1730,2024-05-22,2024-12-24,306.01,Ekart
,1731,1731,2024-03-10,2025-05-14,307.87,Ekart
,1732,1732,2024-11-28,2026-01-03,95.28,DTDC
,1733,1733,2025-06-21,2025-06-30,350.24,Ekart
,1734,1734,2025-10-21,2024-02-19,47.61,Blue Dart
,1735,1735,2024-11-11,2025-04-11,191.19,DTDC
,1736,1736,2025-02-23,2024-07-19,230.63,Ekart
,1737,1737,2024-05-24,2025-04-17,552.66,Ekart
,1738,1738,2025-02-21,2025-06-28,552.29,Delhivery
,1739,1739,2024-07-02,2025-07-01,543.78,Ekart
,1740,1740,2025-03-26,2024-05-30,83.96,Ekart
,1741,1741,2025-03-27,2024-07-04,73.08,DTDC
,1742,1742,2024-07-27,2025-08-10,276.76,Delhivery
,1743,1743,2025-08-13,2025-07-20,282.83,DTDC
,1744,1744,2024-03-10,2025-05-01,112.99,Ekart
,1745,1745,2024-07-28,2024-10-27,533.04,DTDC
,1746,1746,2025-01-11,2024-06-08,312.86,Ekart
,1747,1747,2025-07-05,2024-02-04,432.81,Blue Dart
,1748,1748,2025-09-18,2025-08-11,221.77,Blue Dart
,1749,1749,2025-11-03,2025-02-03,589.14,DTDC
,1750,1750,2025-01-04,2024-06-19,549.6,Ekart
,1751,1751,2024-10-19,2024-02-28,280.18,DTDC
,1752,1752,2024-08-08,2024-07-07,314.7,Ekart
,1753,1753,2024-03-22,2025-06-06,434.53,DTDC
,1754,1754,2025-01-16,2024-05-16,253.14,Blue Dart
,1755,1755,2025-09-15,2025-10-15,352.13,Delhivery
,1756,1756,2024-11-23,2025-10-31,197.88,Blue Dart
,1757,1757,2025-10-23,2025-09-10,153.96,DTDC
,1758,1758,2024-12-23,2025-07-07,261.76,DTDC
,1759,1759,2024-07-29,2025-03-19,520.28,Blue Dart
,1760,1760,2025-07-24,2024-09-18,42.28,DTDC
,1761,1761,2024-03-30,2025-07-11,479.66,DTDC
,1762,1762,2024-11-14,2024-02-03,203.22,Delhivery
,1763,1763,2025-12-07,2025-03-05,181.21,DTDC
,1764,1764,2024-01-09,2025-12-05,564.67,Ekart
,1765,1765,2024-06-09,2024-06-02,404.18,Delhivery
,1766,1766,2024-10-22,2025-08-10,550.99,Ekart
,1767,1767,2024-05-02,2025-11-01,342.72,Delhivery
,1768,1768,2025-06-15,2025-04-17,491.75,Delhivery
,1769,1769,2024-11-07,2024-02-18,544.2,DTDC
,1770,1770,2024-11-13,2025-05-20,585.11,DTDC
,1771,1771,2024-10-17,2025-04-09,453.96,Delhivery
,1772,1772,2024-02-08,2025-01-21,135.93,Delhivery
,1773,1773,2024-01-25,2024-04-19,389.17,DTDC
,1774,1774,2025-09-23,2025-09-20,404.15,Blue Dart
,1775,1775,2024-02-25,2024-04-12,310.24,DTDC
,1776,1776,2024-06-26,2025-11-30,369.98,Ekart
,1777,1777,2024-03-30,2025-11-18,398.28,Delhivery
,1778,1778,2025-02-06,2025-06-28,161.08,Ekart
,1779,1779,2025-03-10,2025-07-29,590.09,Blue Dart
,1780,1780,2024-08-11,2025-09-04,434.18,Ekart
,1781,1781,2025-12-31,2024-05-26,595.97,Ekart
,1782,1782,2025-08-02,2024-08-25,146.6,Delhivery
,1783,1783,2024-03-10,2024-09-26,595.42,Blue Dart
,1784,1784,2025-09-20,2025-12-22,72.2,Delhivery
,1785,1785,2024-03-27,2024-10-05,146.66,DTDC
,1786,1786,2025-10-27,2025-08-27,422.42,Delhivery
,1787,1787,2025-09-29,2025-11-05,116.52,Ekart
,1788,1788,2024-12-27,2025-10-08,60.9,Ekart
,1789,1789,2025-02-18,2024-06-06,457.52,DTDC
,1790,1790,2025-01-10,2025-01-18,65.76,Ekart
,1791,1791,2025-12-30,2024-09-06,87.22,Ekart
,1792,1792,2025-02-28,2024-10-06,589.29,DTDC
,1793,1793,2025-07-28,2024-10-08,337.59,Blue Dart
,1794,1794,2025-05-15,2025-03-10,434.15,Ekart
,1795,1795,2024-06-01,2024-12-15,488.98,DTDC
,1796,1796,2025-03-17,2024-07-12,592.05,Blue Dart
,1797,1797,2024-03-01,2025-01-10,347.88,Ekart
,1798,1798,2025-06-27,2024-09-17,475,Blue Dart
,1799,1799,2024-04-28,2026-01-02,371.69,Delhivery
,1800,1800,2024-10-20,2025-11-04,321.63,Blue Dart
,1801,1801,2025-06-04,2025-11-20,160.74,Ekart
,1802,1802,2025-04-03,2024-10-27,375.12,DTDC
,1803,1803,2025-01-12,2024-03-06,492.73,Blue Dart
,1804,1804,2025-05-25,2025-01-06,215.51,Blue Dart
,1805,1805,2024-05-10,2025-08-02,218.38,DTDC
,1806,1806,2025-06-20,2025-01-28,377.09,DTDC
,1807,1807,2025-08-07,2025-10-05,421.8,Delhivery
,1808,1808,2025-10-09,2024-10-07,559.11,DTDC
,1809,1809,2025-01-11,2025-04-26,338.99,DTDC
,1810,1810,2024-08-10,2024-08-19,137.24,Blue Dart
,1811,1811,2025-08-22,2025-06-20,50.09,Delhivery
,1812,1812,2024-07-24,2025-08-26,387.59,Delhivery
,1813,1813,2025-12-16,2026-01-04,532.43,Ekart
,1814,1814,2024-12-08,2025-10-20,353.49,Delhivery
,1815,1815,2024-08-30,2025-11-07,267.98,Blue Dart
,1816,1816,2024-08-27,2024-05-11,323.54,Delhivery
,1817,1817,2024-06-17,2024-12-08,546.99,Ekart
,1818,1818,2025-01-27,2024-08-07,408.13,Blue Dart
,1819,1819,2025-08-17,2024-01-22,590.77,Blue Dart
,1820,1820,2025-11-25,2024-10-30,94.29,Ekart
,1821,1821,2024-05-14,2025-03-11,132.67,Delhivery
,1822,1822,2025-01-06,2024-07-22,434.13,Blue Dart
,1823,1823,2025-07-17,2025-08-21,280.26,Blue Dart
,1824,1824,2025-04-01,2024-07-10,95.34,Ekart
,1825,1825,2025-09-29,2025-01-25,330.81,Blue Dart
,1826,1826,2024-05-28,2025-01-08,73.19,Ekart
,1827,1827,2025-09-05,2024-07-25,530.24,Ekart
,1828,1828,2025-10-13,2024-10-01,118.03,Delhivery
,1829,1829,2025-09-06,2025-01-07,284.19,Ekart
,1830,1830,2024-11-11,2025-07-07,388.27,Delhivery
,1831,1831,2024-01-13,2025-04-07,299.61,Delhivery
,1832,1832,2024-10-10,2024-02-06,497.58,DTDC
,1833,1833,2025-06-19,2025-12-10,532.29,DTDC
,1834,1834,2025-07-24,2024-05-26,109.84,DTDC
,1835,1835,2024-08-23,2024-01-12,223.22,Blue Dart
,1836,1836,2024-11-24,2025-12-11,217.94,Blue Dart
,1837,1837,2024-02-20,2024-02-05,192.53,Delhivery
,1838,1838,2025-02-18,2024-12-09,547.56,Delhivery
,1839,1839,2025-09-30,2024-02-08,441.73,Ekart
,1840,1840,2025-01-24,2025-08-17,420.28,Blue Dart
,1841,1841,2024-01-14,2024-08-07,416.5,DTDC
,1842,1842,2024-05-03,2024-11-18,502.47,Delhivery
,1843,1843,2024-01-18,2025-12-17,423.66,DTDC
,1844,1844,2025-09-16,2025-06-09,541.19,Blue Dart
,1845,1845,2024-06-04,2025-12-31,258.89,DTDC
,1846,1846,2024-01-02,2024-09-25,473.16,Ekart
,1847,1847,2024-10-25,2024-02-27,198.24,Delhivery
,1848,1848,2024-01-04,2025-08-02,197.54,Blue Dart
,1849,1849,2024-01-22,2024-05-11,89.67,Delhivery
,1850,1850,2025-09-20,2025-03-27,505.13,Blue Dart
,1851,1851,2025-09-05,2024-07-16,157.25,DTDC
,1852,1852,2024-11-04,2024-03-23,161.3,Ekart
,1853,1853,2025-03-01,2024-12-15,322.98,DTDC
,1854,1854,2024-05-16,2024-12-24,393.06,Blue Dart
,1855,1855,2024-05-06,2024-05-07,302.67,DTDC
,1856,1856,2024-10-26,2025-03-23,520.86,DTDC
,1857,1857,2024-07-11,2024-03-02,236.16,Blue Dart
,1858,1858,2024-02-08,2026-01-03,93.4,DTDC
,1859,1859,2024-12-10,2024-12-22,512.77,Blue Dart
,1860,1860,2024-07-28,2025-12-20,139.92,Delhivery
,1861,1861,2025-06-21,2025-05-30,269.91,Delhivery
,1862,1862,2025-05-02,2025-05-23,336.09,Delhivery
,1863,1863,2025-02-24,2025-12-14,332.83,Blue Dart
,1864,1864,2024-10-16,2024-09-03,331.31,Blue Dart
,1865,1865,2025-07-02,2024-05-02,253.12,DTDC
,1866,1866,2024-11-03,2024-01-28,241.02,Blue Dart
,1867,1867,2024-06-09,2025-03-13,582.56,Delhivery
,1868,1868,2025-11-25,2024-09-13,81.92,Ekart
,1869,1869,2025-05-14,2024-06-22,116.22,Ekart
,1870,1870,2024-10-06,2025-11-27,492.87,DTDC
,1871,1871,2024-08-27,2024-04-09,97.66,Ekart
,1872,1872,2024-06-28,2025-12-11,95.82,Blue Dart
,1873,1873,2024-10-04,2025-11-12,586.52,DTDC
,1874,1874,2024-01-26,2024-11-06,231.48,Blue Dart
,1875,1875,2025-03-02,2025-05-23,48.07,Ekart
,1876,1876,2025-12-25,2025-07-26,107.91,Delhivery
,1877,1877,2024-08-24,2025-04-10,404.78,Blue Dart
,1878,1878,2025-05-26,2024-09-02,107.07,Blue Dart
,1879,1879,2025-10-12,2025-12-17,485.1,Delhivery
,1880,1880,2024-04-21,2025-01-27,276.83,DTDC
,1881,1881,2024-03-30,2024-06-29,554.06,Ekart
,1882,1882,2025-05-02,2025-08-12,74.9,DTDC
,1883,1883,2025-02-22,2024-02-14,525.7,Delhivery
,1884,1884,2025-12-11,2024-08-23,368.52,Ekart
,1885,1885,2025-08-04,2024-06-27,137.52,Blue Dart
,1886,1886,2024-10-15,2024-11-21,422.24,Delhivery
,1887,1887,2025-12-04,2025-11-28,158.5,Delhivery
,1888,1888,2025-10-24,2025-01-31,181.07,DTDC
,1889,1889,2024-05-10,2025-05-19,137.93,Blue Dart
,1890,1890,2024-08-19,2025-07-26,237.97,Ekart
,1891,1891,2024-12-04,2025-03-29,449.95,Delhivery
,1892,1892,2024-10-21,2025-05-08,504.23,Ekart
,1893,1893,2025-08-17,2024-08-17,266.14,DTDC
,1894,1894,2025-06-20,2025-05-15,294.09,Delhivery
,1895,1895,2025-07-24,2024-10-17,46.68,Blue Dart
,1896,1896,2025-08-02,2025-09-18,169.72,DTDC
,1897,1897,2024-07-14,2024-04-03,432.65,Ekart
,1898,1898,2024-02-12,2025-03-14,267.25,Delhivery
,1899,1899,2024-10-07,2024-09-16,79.9,Blue Dart
,1900,1900,2024-11-30,2025-11-07,408.89,Blue Dart
,1901,1901,2025-07-31,2025-08-19,315.2,Blue Dart
,1902,1902,2024-10-31,2024-02-17,81.97,Blue Dart
,1903,1903,2024-04-20,2024-10-04,591.72,DTDC
,1904,1904,2024-05-22,2024-05-11,566.75,Blue Dart
,1905,1905,2024-03-21,2025-03-21,449.84,Blue Dart
,1906,1906,2025-06-13,2025-01-17,287.87,Delhivery
,1907,1907,2025-12-24,2025-09-10,420.86,Delhivery
,1908,1908,2024-01-17,2024-10-09,169.4,Blue Dart
,1909,1909,2024-02-19,2025-08-09,378.05,Blue Dart
,1910,1910,2025-01-05,2025-11-17,317.36,DTDC
,1911,1911,2025-07-06,2025-10-09,275.7,Blue Dart
,1912,1912,2024-07-14,2024-01-07,450.64,Blue Dart
,1913,1913,2025-01-07,2024-04-22,327.95,Delhivery
,1914,1914,2025-03-10,2024-07-01,40.34,DTDC
,1915,1915,2025-09-16,2025-10-11,208.18,Delhivery
,1916,1916,2024-04-07,2024-04-10,320.47,Ekart
,1917,1917,2025-07-14,2025-08-29,270.67,Delhivery
,1918,1918,2025-07-22,2024-05-05,518.34,Blue Dart
,1919,1919,2025-10-15,2025-05-09,158.38,Delhivery
,1920,1920,2025-02-14,2025-11-09,56.64,Ekart
,1921,1921,2025-09-12,2025-04-24,70.65,DTDC
,1922,1922,2025-08-23,2025-06-14,595.13,DTDC
,1923,1923,2024-01-09,2025-05-22,113.17,Ekart
,1924,1924,2025-10-24,2024-03-01,75.02,Ekart
,1925,1925,2024-12-22,2024-07-05,72.51,Delhivery
,1926,1926,2024-10-30,2025-09-27,487.96,DTDC
,1927,1927,2024-09-23,2025-04-18,45.35,Blue Dart
,1928,1928,2025-08-29,2024-01-24,389.75,DTDC
,1929,1929,2025-10-11,2024-06-03,406.21,DTDC
,1930,1930,2024-06-09,2024-05-13,222.62,Delhivery
,1931,1931,2024-04-13,2025-03-11,238.48,Blue Dart
,1932,1932,2025-12-14,2024-09-03,597.13,Delhivery
,1933,1933,2025-05-09,2025-04-27,348.42,Blue Dart
,1934,1934,2025-04-06,2025-10-26,416.13,Delhivery
,1935,1935,2024-04-21,2025-03-19,318.82,Ekart
,1936,1936,2024-08-26,2025-11-21,580.61,Blue Dart
,1937,1937,2025-02-17,2024-10-26,47.93,Delhivery
,1938,1938,2024-07-11,2025-10-26,551.78,Delhivery
,1939,1939,2025-12-21,2024-03-17,72.02,DTDC
,1940,1940,2024-12-29,2024-01-07,372.54,Ekart
,1941,1941,2025-12-29,2024-07-07,466.98,DTDC
,1942,1942,2025-08-05,2025-01-31,491.07,Delhivery
,1943,1943,2025-08-06,2024-11-01,50.59,DTDC
,1944,1944,2025-02-17,2024-12-07,233.93,DTDC
,1945,1945,2025-09-16,2024-04-23,269.36,Delhivery
,1946,1946,2025-09-13,2024-01-18,332.91,DTDC
,1947,1947,2025-02-01,2024-04-10,586.26,Delhivery
,1948,1948,2024-03-20,2025-01-25,316.3,Ekart
,1949,1949,2025-02-13,2024-03-19,451.49,DTDC
,1950,1950,2025-03-17,2025-09-22,468.88,Blue Dart
,1951,1951,2024-09-23,2025-06-28,443.98,Ekart
,1952,1952,2025-02-20,2025-08-14,135.78,DTDC
,1953,1953,2024-04-15,2025-10-18,340.16,Ekart
,1954,1954,2024-02-25,2024-04-17,152.52,Delhivery
,1955,1955,2024-04-22,2025-07-14,485.45,Blue Dart
,1956,1956,2024-09-18,2025-09-02,48.6,Delhivery
,1957,1957,2025-05-11,2024-02-29,154.27,Delhivery
,1958,1958,2025-08-14,2025-01-04,169.49,Ekart
,1959,1959,2025-05-02,2024-10-30,571.2,Blue Dart
,1960,1960,2024-04-21,2025-06-06,298.44,Delhivery
,1961,1961,2025-04-24,2025-09-17,220.09,Delhivery
,1962,1962,2025-06-30,2024-10-22,470.77,Delhivery
,1963,1963,2025-02-25,2025-11-01,271.27,Delhivery
,1964,1964,2025-03-16,2024-03-23,583.93,DTDC
,1965,1965,2024-07-20,2024-05-29,107.45,Blue Dart
,1966,1966,2025-12-09,2025-07-29,219.96,Delhivery
,1967,1967,2025-04-09,2024-04-09,421.98,Ekart
,1968,1968,2025-10-10,2025-11-13,41.59,DTDC
,1969,1969,2025-06-07,2025-11-01,205.73,Delhivery
,1970,1970,2025-12-11,2025-07-06,587.39,Blue Dart
,1971,1971,2024-05-13,2025-04-19,238.99,Blue Dart
,1972,1972,2024-04-18,2025-11-30,71.47,Delhivery
,1973,1973,2025-07-08,2025-02-15,463.74,DTDC
,1974,1974,2025-05-04,2025-01-06,169.84,Delhivery
,1975,1975,2025-06-21,2024-01-14,419.88,Blue Dart
,1976,1976,2024-09-11,2025-03-05,148.8,Ekart
,1977,1977,2024-07-26,2025-05-04,150.99,Blue Dart
,1978,1978,2024-06-26,2025-08-09,508.96,DTDC
,1979,1979,2024-06-16,2025-04-21,475,Delhivery
,1980,1980,2025-06-17,2024-02-05,409.67,Delhivery
,1981,1981,2025-03-13,2024-08-02,42.75,Delhivery
,1982,1982,2024-01-14,2025-02-11,237.68,Ekart
,1983,1983,2024-09-13,2025-09-08,155.79,Delhivery
,1984,1984,2025-01-07,2024-08-09,183.99,Delhivery
,1985,1985,2025-11-20,2024-11-08,506.06,Blue Dart
,1986,1986,2025-08-02,2024-07-21,554.75,Blue Dart
,1987,1987,2024-03-09,2024-10-11,473.41,Ekart
,1988,1988,2024-12-20,2025-04-27,551.23,Delhivery
,1989,1989,2024-02-14,2024-05-23,240.51,Blue Dart
,1990,1990,2024-02-09,2024-01-20,65.14,Blue Dart
,1991,1991,2025-05-12,2024-02-09,266.46,Delhivery
,1992,1992,2024-02-16,2025-11-17,453.15,Blue Dart
,1993,1993,2025-12-25,2024-11-29,208.44,Ekart
,1994,1994,2024-02-08,2024-03-16,142.04,Blue Dart
,1995,1995,2025-09-05,2024-12-25,83,Delhivery
,1996,1996,2025-10-16,2025-12-19,334.63,Blue Dart
,1997,1997,2025-02-18,2024-02-20,359.25,Delhivery
,1998,1998,2025-06-27,2024-02-19,96.45,Blue Dart
,1999,1999,2024-01-05,2025-05-18,109.52,Blue Dart
,2000,2000,2024-07-04,2025-02-11,43.62,Delhivery
,2001,2001,2025-03-16,2024-09-14,480.93,DTDC
,2002,2002,2024-03-02,2025-06-18,351.08,Blue Dart
,2003,2003,2025-03-25,2024-08-05,455.93,Ekart
,2004,2004,2024-08-17,2025-04-21,258.47,DTDC
,2005,2005,2025-05-01,2025-03-04,219.24,Blue Dart
,2006,2006,2024-09-04,2024-04-25,323.04,DTDC
,2007,2007,2024-09-25,2025-11-23,230.64,Blue Dart
,2008,2008,2025-08-22,2025-11-28,88.68,Delhivery
,2009,2009,2025-10-13,2025-06-05,62.87,Blue Dart
,2010,2010,2024-12-12,2025-04-11,354.47,Blue Dart
,2011,2011,2024-12-30,2025-09-09,221.3,Blue Dart
,2012,2012,2025-05-29,2025-05-19,317.6,Delhivery
,2013,2013,2024-07-18,2025-05-01,234.7,Blue Dart
,2014,2014,2025-08-05,2024-06-01,194.99,Delhivery
,2015,2015,2025-05-27,2025-02-08,387.88,Delhivery
,2016,2016,2025-11-29,2024-05-05,100.16,Delhivery
,2017,2017,2025-11-22,2024-08-28,511.83,Ekart
,2018,2018,2025-05-18,2025-11-18,74.42,Blue Dart
,2019,2019,2025-03-23,2024-11-01,474.37,Blue Dart
,2020,2020,2025-03-14,2024-12-27,488.57,Delhivery
,2021,2021,2024-03-01,2024-08-29,296.83,Delhivery
,2022,2022,2025-06-01,2025-07-05,441.91,DTDC
,2023,2023,2025-09-14,2024-11-30,548.64,Blue Dart
,2024,2024,2024-10-25,2024-07-06,529.64,Delhivery
,2025,2025,2024-05-13,2025-01-06,369.13,Ekart
,2026,2026,2025-06-07,2024-11-19,334.95,Blue Dart
,2027,2027,2024-01-08,2025-07-24,209.66,DTDC
,2028,2028,2024-06-06,2024-09-04,535.04,Ekart
,2029,2029,2024-10-11,2025-01-05,510.77,DTDC
,2030,2030,2024-12-29,2024-11-24,531.45,Blue Dart
,2031,2031,2025-07-30,2024-02-17,450.44,DTDC
,2032,2032,2024-06-24,2025-01-22,463.08,Blue Dart
,2033,2033,2025-11-01,2025-06-06,269.65,Delhivery
,2034,2034,2024-07-31,2025-10-22,78.78,DTDC
,2035,2035,2024-03-18,2025-07-21,68.99,Delhivery
,2036,2036,2024-09-17,2025-11-17,263.99,DTDC
,2037,2037,2024-07-26,2024-10-04,456.17,Ekart
,2038,2038,2025-05-19,2025-07-29,472.62,Ekart
,2039,2039,2024-07-07,2024-07-09,76.23,DTDC
,2040,2040,2025-04-15,2024-09-29,590.52,Ekart
,2041,2041,2025-02-24,2024-09-02,399.64,Delhivery
,2042,2042,2024-11-04,2025-06-09,345.54,DTDC
,2043,2043,2025-08-22,2024-06-19,252.63,DTDC
,2044,2044,2025-10-15,2024-05-26,342.99,Blue Dart
,2045,2045,2024-03-30,2025-12-24,416.94,Blue Dart
,2046,2046,2025-11-08,2024-04-25,124.01,Delhivery
,2047,2047,2025-07-12,2024-05-20,574.74,DTDC
,2048,2048,2024-01-06,2024-12-13,60.16,Ekart
,2049,2049,2025-06-02,2024-10-20,273.92,Ekart
,2050,2050,2025-12-22,2025-11-19,573.63,Blue Dart
,2051,2051,2025-07-09,2024-05-12,246.77,DTDC
,2052,2052,2024-05-20,2024-06-01,384.07,Blue Dart
,2053,2053,2024-03-10,2024-05-12,337.45,Blue Dart
,2054,2054,2025-06-17,2024-12-02,96.13,Ekart
,2055,2055,2024-09-25,2024-10-01,284.12,Delhivery
,2056,2056,2025-11-05,2025-12-18,499.39,Delhivery
,2057,2057,2025-07-27,2024-04-19,64.49,Ekart
,2058,2058,2024-01-01,2025-10-16,227.39,Ekart
,2059,2059,2024-04-13,2025-06-25,96.28,Ekart
,2060,2060,2024-10-31,2024-05-05,578.56,Ekart
,2061,2061,2024-07-20,2025-09-26,372.64,DTDC
,2062,2062,2025-05-07,2025-05-05,225.81,Ekart
,2063,2063,2025-02-13,2024-04-07,89,Blue Dart
,2064,2064,2025-05-27,2024-04-06,378.21,Delhivery
,2065,2065,2025-10-01,2025-09-05,146.15,DTDC
,2066,2066,2024-07-26,2026-01-02,316.01,Delhivery
,2067,2067,2025-07-27,2025-08-10,378.78,Delhivery
,2068,2068,2024-04-18,2025-05-06,197.16,Blue Dart
,2069,2069,2025-06-10,2025-10-30,294.07,DTDC
,2070,2070,2025-08-05,2025-01-25,127.79,DTDC
,2071,2071,2024-12-23,2025-07-18,215.43,Blue Dart
,2072,2072,2025-04-29,2024-08-27,114,Ekart
,2073,2073,2025-09-06,2024-03-26,228.69,Delhivery
,2074,2074,2025-11-18,2024-06-25,331.13,Blue Dart
,2075,2075,2024-03-13,2024-12-22,404.63,Ekart
,2076,2076,2025-12-28,2025-06-26,325.65,Delhivery
,2077,2077,2025-05-02,2025-12-25,167.79,Ekart
,2078,2078,2025-10-04,2024-03-17,455.71,DTDC
,2079,2079,2024-07-07,2025-03-04,316.6,Ekart
,2080,2080,2024-08-29,2024-01-15,578.5,Delhivery
,2081,2081,2025-02-15,2024-01-05,319.91,Delhivery
,2082,2082,2025-09-23,2024-12-23,316.11,Ekart
,2083,2083,2024-05-17,2026-01-02,61.14,DTDC
,2084,2084,2025-12-30,2024-07-05,184.75,Ekart
,2085,2085,2025-05-10,2024-06-02,319.05,Ekart
,2086,2086,2025-09-25,2026-01-03,368.63,DTDC
,2087,2087,2025-04-21,2024-10-22,70.23,DTDC
,2088,2088,2024-07-01,2025-10-27,544.09,Blue Dart
,2089,2089,2025-11-28,2025-02-06,151.26,Blue Dart
,2090,2090,2024-01-19,2025-12-27,40.89,Ekart
,2091,2091,2024-05-25,2024-07-06,520.91,Blue Dart
,2092,2092,2024-09-02,2024-05-08,55.42,DTDC
,2093,2093,2024-02-04,2025-07-03,287.55,Delhivery
,2094,2094,2025-08-13,2024-08-26,448.32,Ekart
,2095,2095,2024-03-05,2025-06-21,175.59,Delhivery
,2096,2096,2025-05-01,2024-08-25,287.36,Delhivery
,2097,2097,2024-08-30,2025-08-10,286.51,Ekart
,2098,2098,2024-11-20,2024-09-08,597.67,Delhivery
,2099,2099,2024-01-18,2025-11-27,367.63,Blue Dart
,2100,2100,2024-02-03,2025-06-30,386.75,Ekart
,2101,2101,2024-06-28,2025-08-18,482.42,Blue Dart
,2102,2102,2025-05-05,2024-10-22,285.14,Delhivery
,2103,2103,2024-04-07,2025-08-29,291.16,Blue Dart
,2104,2104,2025-04-03,2024-02-12,209.44,Blue Dart
,2105,2105,2024-08-11,2025-05-30,204.48,Ekart
,2106,2106,2024-09-04,2025-04-18,562.74,Delhivery
,2107,2107,2024-01-30,2025-04-01,315.36,Blue Dart
,2108,2108,2025-04-04,2025-06-11,78.78,Delhivery
,2109,2109,2025-11-17,2025-08-30,580.1,Ekart
,2110,2110,2025-11-19,2024-12-23,196.23,Blue Dart
,2111,2111,2024-06-03,2024-06-17,467.48,Blue Dart
,2112,2112,2025-08-16,2025-12-28,314.43,Ekart
,2113,2113,2025-01-25,2025-01-14,548.53,Ekart
,2114,2114,2024-12-29,2024-12-27,282.12,Blue Dart
,2115,2115,2024-04-17,2024-02-15,244.79,DTDC
,2116,2116,2025-05-28,2024-08-17,194.72,Blue Dart
,2117,2117,2024-11-17,2024-09-16,41,DTDC
,2118,2118,2025-07-29,2025-06-04,92.47,Ekart
,2119,2119,2024-09-30,2025-12-08,229.23,DTDC
,2120,2120,2025-08-25,2025-05-10,461.94,Blue Dart
,2121,2121,2025-09-05,2024-01-25,317.99,DTDC
,2122,2122,2025-06-20,2025-10-20,369.46,Blue Dart
,2123,2123,2025-07-15,2024-12-28,526.78,Blue Dart
,2124,2124,2025-12-12,2024-04-10,177.61,Ekart
,2125,2125,2025-12-18,2025-01-31,172.56,DTDC
,2126,2126,2025-02-01,2025-10-21,139.63,DTDC
,2127,2127,2024-10-09,2024-09-12,191.28,Blue Dart
,2128,2128,2024-04-20,2025-12-13,50.84,DTDC
,2129,2129,2025-06-21,2025-09-29,261.38,Delhivery
,2130,2130,2025-11-04,2024-12-29,490.56,DTDC
,2131,2131,2024-12-24,2024-10-15,209.96,Ekart
,2132,2132,2024-11-27,2025-10-18,364.97,Ekart
,2133,2133,2025-09-16,2024-11-17,499.62,Delhivery
,2134,2134,2025-09-23,2024-05-11,53.2,Ekart
,2135,2135,2025-08-23,2025-08-10,461.99,DTDC
,2136,2136,2025-12-10,2026-01-01,170.61,Ekart
,2137,2137,2025-12-31,2025-12-19,277.97,Delhivery
,2138,2138,2025-02-03,2025-07-01,517.75,Delhivery
,2139,2139,2025-08-15,2024-11-10,507.7,Ekart
,2140,2140,2025-09-23,2024-01-05,143.03,Blue Dart
,2141,2141,2025-10-11,2025-10-12,347.8,Ekart
,2142,2142,2025-04-21,2024-05-05,96.04,Delhivery
,2143,2143,2025-10-11,2024-08-01,494.11,Ekart
,2144,2144,2025-02-07,2024-03-14,504.9,DTDC
,2145,2145,2025-12-26,2025-07-28,391.52,Delhivery
,2146,2146,2025-01-28,2024-08-20,580.77,DTDC
,2147,2147,2025-01-21,2024-05-21,331.92,DTDC
,2148,2148,2025-03-25,2025-07-28,501.5,Blue Dart
,2149,2149,2024-04-20,2025-12-14,143.73,Ekart
,2150,2150,2025-06-21,2024-09-18,473.98,Delhivery
,2151,2151,2025-08-20,2025-04-02,212.62,DTDC
,2152,2152,2024-08-08,2024-01-28,289.58,Blue Dart
,2153,2153,2024-08-30,2025-02-01,64.71,DTDC
,2154,2154,2025-01-22,2024-02-02,72.45,Ekart
,2155,2155,2025-04-04,2024-06-14,481.14,Ekart
,2156,2156,2025-08-08,2024-04-21,306.68,Blue Dart
,2157,2157,2025-06-04,2024-10-30,102.61,Blue Dart
,2158,2158,2025-10-06,2024-11-18,287.91,DTDC
,2159,2159,2025-04-24,2025-04-19,157.35,Blue Dart
,2160,2160,2024-11-01,2024-07-13,591.23,DTDC
,2161,2161,2024-12-22,2025-09-10,359.11,Ekart
,2162,2162,2024-01-01,2025-10-23,359.6,Ekart
,2163,2163,2024-08-11,2025-04-25,53.77,Ekart
,2164,2164,2024-07-25,2025-01-06,584.06,Ekart
,2165,2165,2025-05-17,2025-10-24,438.19,Delhivery
,2166,2166,2025-02-11,2024-07-03,370.91,Blue Dart
,2167,2167,2024-12-28,2024-04-05,567.26,Delhivery
,2168,2168,2024-04-27,2025-02-22,419.96,Delhivery
,2169,2169,2025-08-08,2025-10-14,353.88,Ekart
,2170,2170,2025-06-21,2024-09-12,596.54,DTDC
,2171,2171,2024-11-23,2026-01-02,114.86,Blue Dart
,2172,2172,2024-01-15,2025-07-02,498.77,DTDC
,2173,2173,2024-01-20,2024-09-03,511.12,Ekart
,2174,2174,2024-03-04,2025-11-06,301.35,DTDC
,2175,2175,2024-06-07,2024-12-30,223.09,Ekart
,2176,2176,2024-06-26,2024-08-08,145.35,Blue Dart
,2177,2177,2024-09-09,2025-10-08,240.27,Delhivery
,2178,2178,2025-01-27,2024-07-14,543.32,Delhivery
,2179,2179,2025-06-23,2024-04-22,314.11,Ekart
,2180,2180,2025-08-09,2024-08-11,61.09,DTDC
,2181,2181,2024-07-05,2025-09-16,284.1,Blue Dart
,2182,2182,2025-03-23,2024-06-10,547.5,Blue Dart
,2183,2183,2024-10-07,2025-11-16,376.01,Blue Dart
,2184,2184,2024-07-12,2024-07-16,389.33,DTDC
,2185,2185,2024-05-15,2025-06-28,561.9,Blue Dart
,2186,2186,2024-12-20,2024-02-18,495.4,Blue Dart
,2187,2187,2025-08-25,2025-04-04,547.13,Ekart
,2188,2188,2024-07-03,2025-10-13,147.72,Blue Dart
,2189,2189,2025-01-06,2025-09-02,171.86,Delhivery
,2190,2190,2024-01-04,2024-01-18,419.25,Blue Dart
,2191,2191,2024-12-15,2024-11-30,485.03,DTDC
,2192,2192,2024-09-10,2024-10-03,360.66,Blue Dart
,2193,2193,2025-11-20,2025-08-28,407.4,DTDC
,2194,2194,2024-02-27,2024-04-06,170.25,Ekart
,2195,2195,2025-12-23,2025-12-08,437.59,Blue Dart
,2196,2196,2024-03-01,2024-09-01,490.62,Blue Dart
,2197,2197,2025-01-12,2025-09-06,138.7,DTDC
,2198,2198,2024-09-29,2024-04-17,575.2,Delhivery
,2199,2199,2025-03-26,2025-07-03,62.3,Ekart
,2200,2200,2024-01-14,2025-07-25,220.34,DTDC
,2201,2201,2025-03-08,2025-11-05,526.37,Delhivery
,2202,2202,2025-02-22,2025-06-18,340.69,Ekart
,2203,2203,2025-11-16,2024-03-05,254.98,Delhivery
,2204,2204,2025-09-18,2024-11-19,525.11,DTDC
,2205,2205,2025-08-13,2025-03-30,288.57,Blue Dart
,2206,2206,2024-02-19,2024-07-15,410.94,Delhivery
,2207,2207,2025-08-23,2024-06-28,78.59,Blue Dart
,2208,2208,2024-01-12,2025-05-19,453.73,Blue Dart
,2209,2209,2025-08-06,2024-03-04,103.05,Delhivery
,2210,2210,2024-01-23,2025-06-29,450.64,Blue Dart
,2211,2211,2024-12-06,2024-12-29,421.59,Delhivery
,2212,2212,2025-06-27,2024-05-22,290.64,Ekart
,2213,2213,2025-05-29,2024-11-22,110.41,Ekart
,2214,2214,2024-09-11,2024-08-23,542.8,Ekart
,2215,2215,2025-11-05,2025-09-23,273.99,DTDC
,2216,2216,2024-03-01,2024-11-17,100.06,Blue Dart
,2217,2217,2024-04-05,2024-10-20,180.3,DTDC
,2218,2218,2024-12-10,2024-08-02,585.58,Ekart
,2219,2219,2024-11-07,2024-02-13,585.29,Delhivery
,2220,2220,2024-11-27,2025-05-05,243.9,Blue Dart
,2221,2221,2024-02-20,2024-02-08,514.6,DTDC
,2222,2222,2024-11-09,2024-04-04,356.21,Delhivery
,2223,2223,2025-01-04,2024-04-12,190.34,Delhivery
,2224,2224,2024-09-21,2024-03-04,80.07,Blue Dart
,2225,2225,2024-10-24,2025-07-12,319.93,Ekart
,2226,2226,2024-08-09,2025-10-10,465.66,DTDC
,2227,2227,2024-04-02,2025-06-13,380.98,Delhivery
,2228,2228,2024-01-30,2024-03-28,58.89,Ekart
,2229,2229,2024-12-17,2024-01-11,437.24,Blue Dart
,2230,2230,2024-04-16,2024-06-17,402.2,Delhivery
,2231,2231,2025-01-04,2024-08-06,89.27,DTDC
,2232,2232,2024-01-31,2025-07-01,587.92,Delhivery
,2233,2233,2025-12-03,2024-07-20,525.54,DTDC
,2234,2234,2024-10-08,2025-11-06,355.83,Delhivery
,2235,2235,2024-09-16,2024-03-17,571.78,Blue Dart
,2236,2236,2024-10-25,2025-06-20,294.61,Delhivery
,2237,2237,2025-12-24,2025-09-03,380.41,DTDC
,2238,2238,2025-10-22,2024-02-05,303.07,DTDC
,2239,2239,2024-05-16,2025-03-16,185.22,Delhivery
,2240,2240,2025-08-10,2025-05-15,164.33,Ekart
,2241,2241,2025-10-02,2025-10-16,211.57,DTDC
,2242,2242,2024-03-14,2025-04-23,223.17,Delhivery
,2243,2243,2025-08-26,2025-03-22,114.36,DTDC
,2244,2244,2025-08-01,2025-05-06,294.54,Blue Dart
,2245,2245,2025-03-29,2025-04-25,149.87,Ekart
,2246,2246,2025-10-22,2024-10-22,145.39,Ekart
,2247,2247,2024-07-22,2025-10-05,259.24,DTDC
,2248,2248,2024-12-03,2024-10-25,140.3,Delhivery
,2249,2249,2025-04-30,2025-09-22,370.23,Ekart
,2250,2250,2024-04-19,2024-10-03,234.88,Delhivery
,2251,2251,2024-03-06,2024-12-06,211.39,DTDC
,2252,2252,2025-10-08,2025-01-30,163.75,DTDC
,2253,2253,2024-06-17,2025-05-19,210.29,DTDC
,2254,2254,2025-06-26,2025-03-15,289.26,Ekart
,2255,2255,2025-07-12,2024-02-01,554.07,Delhivery
,2256,2256,2024-02-14,2024-12-02,491.34,Ekart
,2257,2257,2025-02-24,2025-03-20,127.64,Delhivery
,2258,2258,2025-01-16,2025-02-09,217.52,Blue Dart
,2259,2259,2024-06-17,2025-06-10,168.38,DTDC
,2260,2260,2025-01-21,2024-04-21,404.32,DTDC
,2261,2261,2024-10-20,2025-08-15,49.76,Blue Dart
,2262,2262,2024-04-01,2024-02-28,315.92,DTDC
,2263,2263,2024-03-17,2025-11-27,468.44,Delhivery
,2264,2264,2025-12-01,2024-07-18,512.89,Blue Dart
,2265,2265,2024-06-27,2025-12-03,269.72,Delhivery
,2266,2266,2025-07-07,2024-09-04,546.08,Ekart
,2267,2267,2024-07-14,2024-06-28,67.62,Blue Dart
,2268,2268,2025-07-30,2024-06-21,265.84,Delhivery
,2269,2269,2024-05-10,2025-05-11,108.81,DTDC
,2270,2270,2025-04-23,2024-06-04,397.01,DTDC
,2271,2271,2025-02-18,2024-08-07,356.09,Blue Dart
,2272,2272,2025-05-13,2025-10-08,75.34,Ekart
,2273,2273,2024-09-21,2024-01-07,584.72,DTDC
,2274,2274,2024-07-16,2025-11-13,356.13,Ekart
,2275,2275,2025-04-14,2025-09-30,289.76,Blue Dart
,2276,2276,2025-07-02,2024-08-08,518.88,Ekart
,2277,2277,2025-04-20,2024-07-04,240.86,Blue Dart
,2278,2278,2024-07-22,2024-10-26,534.65,Delhivery
,2279,2279,2025-04-19,2025-05-24,325.53,DTDC
,2280,2280,2025-05-15,2025-11-19,451.79,Blue Dart
,2281,2281,2025-07-10,2024-06-19,450.52,Delhivery
,2282,2282,2025-10-08,2025-12-09,116.89,Blue Dart
,2283,2283,2024-12-23,2025-02-28,230.82,Delhivery
,2284,2284,2025-08-04,2025-09-12,496.31,Blue Dart
,2285,2285,2024-04-25,2025-04-06,560.7,DTDC
,2286,2286,2025-05-06,2024-08-04,286.37,Delhivery
,2287,2287,2025-10-08,2024-11-04,236.32,Delhivery
,2288,2288,2025-03-11,2024-09-07,249.6,Blue Dart
,2289,2289,2025-09-17,2025-05-07,278.14,Delhivery
,2290,2290,2025-11-28,2025-11-09,375.29,Blue Dart
,2291,2291,2025-11-03,2025-09-22,279.18,Blue Dart
,2292,2292,2024-11-02,2025-07-28,327.68,DTDC
,2293,2293,2024-12-11,2024-01-22,410.69,DTDC
,2294,2294,2025-07-26,2024-06-29,579.04,DTDC
,2295,2295,2025-08-20,2025-09-19,577.48,Delhivery
,2296,2296,2025-01-15,2024-12-24,370.33,Blue Dart
,2297,2297,2025-04-01,2025-02-17,566.32,Blue Dart
,2298,2298,2025-01-31,2024-03-18,571.1,DTDC
,2299,2299,2025-07-15,2024-12-29,488.87,DTDC
,2300,2300,2024-06-13,2025-08-31,357.78,Blue Dart
,2301,2301,2024-01-08,2025-11-10,278.52,Blue Dart
,2302,2302,2024-04-16,2024-12-30,422.47,Ekart
,2303,2303,2024-01-23,2024-09-11,49.25,Delhivery
,2304,2304,2025-09-16,2024-10-29,86.86,DTDC
,2305,2305,2024-07-05,2024-07-26,350.14,Ekart
,2306,2306,2024-10-25,2025-01-15,127.09,Blue Dart
,2307,2307,2025-12-25,2024-04-26,362.21,Ekart
,2308,2308,2024-11-19,2024-03-13,68.18,Ekart
,2309,2309,2024-01-06,2025-05-05,153.75,Delhivery
,2310,2310,2025-01-22,2024-07-13,306.12,DTDC
,2311,2311,2025-08-25,2025-04-21,536.06,Delhivery
,2312,2312,2024-07-22,2024-01-23,112.18,DTDC
,2313,2313,2025-01-27,2025-07-18,469.65,Blue Dart
,2314,2314,2025-08-28,2024-03-21,554.7,Blue Dart
,2315,2315,2024-03-29,2024-05-13,209.77,Ekart
,2316,2316,2025-06-21,2024-09-14,168.15,Delhivery
,2317,2317,2025-08-24,2024-03-03,225.71,Ekart
,2318,2318,2025-06-06,2025-10-10,248.5,Ekart
,2319,2319,2025-07-24,2024-07-12,211.96,Delhivery
,2320,2320,2024-10-02,2025-08-27,451.67,Blue Dart
,2321,2321,2024-06-15,2025-05-24,314.6,Ekart
,2322,2322,2024-09-19,2024-09-12,389.77,Delhivery
,2323,2323,2025-09-03,2025-02-22,236.31,DTDC
,2324,2324,2024-12-25,2025-04-11,124.79,Blue Dart
,2325,2325,2024-11-24,2025-01-17,152.99,Ekart
,2326,2326,2025-01-18,2024-07-10,61.64,Ekart
,2327,2327,2024-08-24,2025-08-25,211.97,DTDC
,2328,2328,2024-10-07,2024-05-22,234.91,Delhivery
,2329,2329,2024-08-12,2024-09-14,417.88,Ekart
,2330,2330,2024-07-03,2024-12-25,467.53,Delhivery
,2331,2331,2024-10-31,2025-01-25,486.44,Ekart
,2332,2332,2024-07-12,2025-11-19,221.5,Ekart
,2333,2333,2024-10-14,2025-12-16,401,Ekart
,2334,2334,2024-04-04,2024-02-03,285.35,DTDC
,2335,2335,2024-01-29,2025-07-18,417.49,Delhivery
,2336,2336,2024-05-09,2025-01-25,159.22,Delhivery
,2337,2337,2024-06-03,2025-05-26,265.33,Delhivery
,2338,2338,2024-10-14,2024-07-31,125.38,Blue Dart
,2339,2339,2025-01-09,2024-06-19,537.05,DTDC
,2340,2340,2025-08-22,2024-01-31,251.83,Delhivery
,2341,2341,2024-07-11,2024-04-27,369.3,Delhivery
,2342,2342,2025-11-05,2025-12-25,200.35,DTDC
,2343,2343,2025-01-27,2025-03-22,450.17,Ekart
,2344,2344,2024-11-29,2024-07-09,482.13,Ekart
,2345,2345,2024-07-20,2025-01-22,148.75,Ekart
,2346,2346,2025-07-11,2024-06-01,303.19,Delhivery
,2347,2347,2025-12-27,2024-05-10,51.4,DTDC
,2348,2348,2025-07-13,2025-03-19,493.25,Ekart
,2349,2349,2025-03-30,2024-12-14,124.28,Ekart
,2350,2350,2025-02-21,2025-12-13,410.41,Ekart
,2351,2351,2024-12-29,2024-03-14,450.88,Ekart
,2352,2352,2024-03-01,2025-11-10,131.38,Blue Dart
,2353,2353,2024-03-25,2025-05-08,289.17,Blue Dart
,2354,2354,2024-06-18,2025-03-27,436.17,Ekart
,2355,2355,2025-02-11,2024-06-15,187.55,Delhivery
,2356,2356,2024-01-02,2024-05-12,145.45,Ekart
,2357,2357,2025-09-04,2025-02-06,337.25,DTDC
,2358,2358,2025-11-10,2025-04-14,255.2,Ekart
,2359,2359,2024-08-30,2024-04-06,263.24,Blue Dart
,2360,2360,2024-04-26,2024-11-18,299.83,DTDC
,2361,2361,2025-01-15,2025-09-03,109.59,Ekart
,2362,2362,2024-10-01,2024-09-01,52.73,Delhivery
,2363,2363,2025-05-14,2024-06-10,551.32,Blue Dart
,2364,2364,2024-07-15,2025-09-10,537.62,Blue Dart
,2365,2365,2024-09-19,2025-03-18,491.04,DTDC
,2366,2366,2024-07-13,2024-12-06,561.48,Ekart
,2367,2367,2024-10-21,2025-04-02,125.19,DTDC
,2368,2368,2024-08-07,2025-10-10,328.95,Blue Dart
,2369,2369,2025-04-25,2025-01-05,501.55,Ekart
,2370,2370,2025-02-03,2024-03-15,101.61,Blue Dart
,2371,2371,2025-03-12,2024-11-09,227.34,Delhivery
,2372,2372,2024-05-06,2025-12-28,97.41,Ekart
,2373,2373,2024-07-20,2024-08-04,134.51,DTDC
,2374,2374,2024-10-22,2025-02-02,539.9,Delhivery
,2375,2375,2024-06-03,2024-02-28,175.04,Delhivery
,2376,2376,2024-06-13,2024-10-03,406.49,Blue Dart
,2377,2377,2024-10-04,2024-07-19,469.53,Ekart
,2378,2378,2025-04-24,2024-02-12,536.75,DTDC
,2379,2379,2024-08-17,2025-07-03,460.41,Blue Dart
,2380,2380,2024-07-07,2025-12-16,361.63,DTDC
,2381,2381,2024-12-28,2025-05-01,387.91,Delhivery
,2382,2382,2025-08-11,2025-05-04,370.57,Delhivery
,2383,2383,2025-10-27,2026-01-04,287.08,Ekart
,2384,2384,2025-12-11,2025-11-17,90.4,Ekart
,2385,2385,2025-02-02,2025-09-03,393.27,Delhivery
,2386,2386,2025-03-11,2024-04-23,576.81,DTDC
,2387,2387,2025-04-16,2024-03-20,107.35,DTDC
,2388,2388,2025-01-21,2025-11-17,479.26,Blue Dart
,2389,2389,2025-11-25,2024-12-24,482.36,Delhivery
,2390,2390,2024-07-02,2024-08-17,526.11,DTDC
,2391,2391,2025-04-10,2025-11-07,178.32,Blue Dart
,2392,2392,2025-06-04,2024-02-04,101.27,Blue Dart
,2393,2393,2024-10-17,2024-06-02,507.51,Ekart
,2394,2394,2024-09-07,2025-12-08,326.81,DTDC
,2395,2395,2025-06-12,2025-05-22,382.9,Blue Dart
,2396,2396,2025-07-18,2025-06-07,287.3,Blue Dart
,2397,2397,2024-10-21,2025-04-04,154.03,Blue Dart
,2398,2398,2024-11-29,2024-03-29,346.67,Blue Dart
,2399,2399,2025-11-27,2025-09-04,307.46,Ekart
,2400,2400,2025-08-08,2024-04-08,560.33,Ekart
,2401,2401,2025-11-23,2024-06-11,590.12,Blue Dart
,2402,2402,2025-03-31,2024-08-21,272.32,Blue Dart
,2403,2403,2025-01-14,2024-09-21,368.28,Delhivery
,2404,2404,2024-01-07,2024-09-18,455.22,Delhivery
,2405,2405,2025-04-06,2024-06-08,163.58,DTDC
,2406,2406,2025-11-16,2024-10-11,62.9,Blue Dart
,2407,2407,2024-09-02,2024-10-23,305.32,Blue Dart
,2408,2408,2025-04-11,2024-06-18,286.81,Delhivery
,2409,2409,2024-06-21,2025-09-18,142.71,Blue Dart
,2410,2410,2024-06-07,2025-09-28,354.23,DTDC
,2411,2411,2025-05-24,2025-05-07,517.9,Blue Dart
,2412,2412,2024-10-29,2025-04-07,152.88,Ekart
,2413,2413,2025-02-02,2025-10-23,285.09,Ekart
,2414,2414,2025-01-28,2025-10-23,271.68,Ekart
,2415,2415,2024-10-08,2024-08-08,264.55,Ekart
,2416,2416,2024-09-15,2025-06-13,400.64,Delhivery
,2417,2417,2024-12-23,2024-11-11,192.49,Blue Dart
,2418,2418,2024-07-26,2025-10-22,409.08,Delhivery
,2419,2419,2025-10-31,2025-08-28,456.4,Ekart
,2420,2420,2025-02-28,2025-10-22,566.26,Delhivery
,2421,2421,2024-08-27,2024-05-07,421.52,Delhivery
,2422,2422,2025-07-04,2025-09-21,596.35,Ekart
,2423,2423,2024-04-30,2024-07-02,141.43,Delhivery
,2424,2424,2025-06-06,2025-12-27,589.7,Delhivery
,2425,2425,2025-09-11,2024-07-21,106.36,Blue Dart
,2426,2426,2025-10-24,2024-06-28,382.49,Ekart
,2427,2427,2025-09-14,2025-04-13,204.92,DTDC
,2428,2428,2024-05-09,2024-08-28,390.04,Blue Dart
,2429,2429,2024-02-25,2025-08-04,177.98,Ekart
,2430,2430,2024-05-16,2024-12-16,142.07,Ekart
,2431,2431,2024-08-23,2025-07-13,69.95,DTDC
,2432,2432,2025-03-18,2024-01-11,300.86,DTDC
,2433,2433,2024-02-12,2025-11-30,123.32,Delhivery
,2434,2434,2024-02-02,2024-01-28,436.34,Delhivery
,2435,2435,2024-03-30,2024-11-07,285.23,Blue Dart
,2436,2436,2024-02-29,2024-06-28,327.62,DTDC
,2437,2437,2025-08-22,2025-11-06,208.92,Delhivery
,2438,2438,2024-12-23,2025-04-24,468.63,Blue Dart
,2439,2439,2025-12-07,2024-03-22,99.18,Ekart
,2440,2440,2024-02-06,2025-01-17,205.67,Ekart
,2441,2441,2024-12-07,2024-10-29,258.88,DTDC
,2442,2442,2025-04-16,2025-12-15,471.73,Delhivery
,2443,2443,2024-09-09,2025-09-27,482.63,Blue Dart
,2444,2444,2024-04-01,2025-11-10,346.33,Delhivery
,2445,2445,2025-10-17,2024-03-06,578.67,Delhivery
,2446,2446,2025-07-31,2024-04-15,508.24,DTDC
,2447,2447,2025-06-13,2024-11-11,223.53,Delhivery
,2448,2448,2024-06-15,2024-01-22,434.68,Delhivery
,2449,2449,2024-03-07,2024-09-01,335.05,DTDC
,2450,2450,2024-02-03,2024-06-12,99.26,DTDC
,2451,2451,2025-03-01,2025-01-27,262.41,Ekart
,2452,2452,2025-03-29,2025-01-05,532.62,DTDC
,2453,2453,2025-03-11,2025-05-15,483.61,DTDC
,2454,2454,2024-05-22,2025-03-21,128.03,Ekart
,2455,2455,2024-12-09,2025-05-04,461.33,Blue Dart
,2456,2456,2025-10-18,2024-02-14,444.67,DTDC
,2457,2457,2025-06-23,2025-12-21,551.06,Blue Dart
,2458,2458,2025-08-10,2024-10-23,525.05,Delhivery
,2459,2459,2024-10-25,2025-04-22,585.2,Blue Dart
,2460,2460,2024-12-08,2025-08-05,64.24,DTDC
,2461,2461,2024-08-31,2024-03-14,541.48,Ekart
,2462,2462,2024-09-16,2025-12-23,505.18,DTDC
,2463,2463,2025-01-04,2024-03-10,517.48,Blue Dart
,2464,2464,2025-08-10,2025-12-02,249.2,Ekart
,2465,2465,2025-07-09,2025-05-09,97.47,Ekart
,2466,2466,2025-03-07,2024-09-03,441.32,Delhivery
,2467,2467,2024-10-18,2024-04-07,526.03,Ekart
,2468,2468,2025-05-28,2024-02-07,128.21,DTDC
,2469,2469,2024-03-09,2024-02-25,463.24,Ekart
,2470,2470,2025-11-22,2025-02-28,51.13,Blue Dart
,2471,2471,2025-04-22,2024-02-13,408.18,DTDC
,2472,2472,2025-04-07,2025-06-03,421,DTDC
,2473,2473,2024-04-06,2025-05-14,315.8,Blue Dart
,2474,2474,2024-04-05,2024-03-11,120.98,Blue Dart
,2475,2475,2024-10-06,2025-05-23,259.57,DTDC
,2476,2476,2024-08-31,2025-08-02,312.09,DTDC
,2477,2477,2025-02-20,2024-12-03,145.71,Blue Dart
,2478,2478,2025-02-04,2025-05-23,599.2,Delhivery
,2479,2479,2025-03-09,2025-02-11,440.98,DTDC
,2480,2480,2024-08-27,2025-11-23,112.52,Delhivery
,2481,2481,2024-12-17,2024-04-29,578.57,DTDC
,2482,2482,2025-11-09,2025-12-09,144.75,DTDC
,2483,2483,2024-12-22,2025-06-02,49.8,Blue Dart
,2484,2484,2024-07-01,2024-12-13,433.11,Ekart
,2485,2485,2024-02-27,2024-10-07,100.1,Blue Dart
,2486,2486,2025-06-18,2024-10-25,319.41,Ekart
,2487,2487,2024-01-27,2024-01-27,587.03,Ekart
,2488,2488,2024-10-27,2025-10-27,562.43,Ekart
,2489,2489,2025-07-16,2024-10-11,594.09,Delhivery
,2490,2490,2024-02-11,2024-06-05,419.14,Delhivery
,2491,2491,2024-11-15,2025-01-15,268.36,DTDC
,2492,2492,2025-10-24,2025-04-04,343.49,Ekart
,2493,2493,2025-12-31,2024-02-16,64.2,Ekart
,2494,2494,2025-12-02,2024-12-17,41.88,Ekart
,2495,2495,2024-09-21,2024-05-18,297,Delhivery
,2496,2496,2024-04-28,2024-07-20,240.71,Blue Dart
,2497,2497,2024-10-14,2024-07-06,284.8,Ekart
,2498,2498,2024-11-03,2024-10-17,262.2,Delhivery
,2499,2499,2025-05-26,2025-10-28,480.4,Delhivery
,2500,2500,2024-02-13,2024-08-26,394.69,Delhivery
,2501,2501,2025-08-31,2024-07-23,296.49,Blue Dart
,2502,2502,2024-01-13,2024-05-29,343.75,Delhivery
,2503,2503,2024-12-02,2025-05-10,191.89,Ekart
,2504,2504,2025-07-17,2024-11-27,551.45,DTDC
,2505,2505,2024-02-09,2024-12-17,138.14,Ekart
,2506,2506,2024-02-24,2025-10-01,116.63,Delhivery
,2507,2507,2024-10-30,2024-09-04,387.22,Blue Dart
,2508,2508,2025-02-22,2024-06-09,179.13,Delhivery
,2509,2509,2025-02-27,2024-12-02,200.28,Blue Dart
,2510,2510,2025-08-19,2025-11-28,244.14,Ekart
,2511,2511,2024-04-11,2025-10-19,160.52,Blue Dart
,2512,2512,2024-03-03,2025-07-18,556.22,Ekart
,2513,2513,2024-08-29,2024-11-11,322.24,DTDC
,2514,2514,2025-06-18,2025-01-20,540.88,Blue Dart
,2515,2515,2025-02-18,2025-05-26,328.84,Ekart
,2516,2516,2025-02-21,2025-03-10,308.79,Blue Dart
,2517,2517,2024-10-29,2024-12-30,459.15,Ekart
,2518,2518,2024-03-25,2025-12-23,212.68,Blue Dart
,2519,2519,2024-04-01,2025-11-10,348.2,Delhivery
,2520,2520,2025-03-08,2025-05-18,534.27,Ekart
,2521,2521,2024-01-31,2025-05-27,488.82,DTDC
,2522,2522,2025-08-19,2025-02-07,159.37,Blue Dart
,2523,2523,2025-06-03,2025-08-21,477.8,Ekart
,2524,2524,2024-12-02,2024-02-24,350.85,DTDC
,2525,2525,2024-08-12,2024-11-24,406.7,Ekart
,2526,2526,2024-03-10,2025-09-17,128.65,Delhivery
,2527,2527,2025-06-29,2024-09-09,75.5,Delhivery
,2528,2528,2025-04-24,2025-07-16,554.76,DTDC
,2529,2529,2024-05-05,2024-02-07,462.72,Ekart
,2530,2530,2025-04-29,2024-02-24,119.62,Blue Dart
,2531,2531,2024-10-26,2024-11-21,53.32,Ekart
,2532,2532,2025-01-07,2024-12-18,383.01,DTDC
,2533,2533,2024-05-22,2024-08-27,445.8,Blue Dart
,2534,2534,2025-01-11,2024-12-18,474.09,Ekart
,2535,2535,2025-09-05,2025-03-22,245.59,Ekart
,2536,2536,2024-08-04,2025-08-08,249.45,Delhivery
,2537,2537,2024-11-17,2025-01-05,441.34,DTDC
,2538,2538,2025-10-27,2025-03-04,289.17,Blue Dart
,2539,2539,2025-01-30,2024-06-24,417.65,DTDC
,2540,2540,2024-11-28,2024-03-01,361.71,Delhivery
,2541,2541,2025-01-08,2025-10-02,433.35,Blue Dart
,2542,2542,2025-06-27,2024-07-27,466.8,Ekart
,2543,2543,2025-05-27,2025-07-30,61.47,Ekart
,2544,2544,2025-02-11,2024-06-18,425.11,Ekart
,2545,2545,2024-09-13,2024-02-01,355.99,Delhivery
,2546,2546,2025-04-22,2024-09-29,129.74,Delhivery
,2547,2547,2025-08-06,2025-01-05,93.59,Blue Dart
,2548,2548,2024-11-05,2024-12-16,587.25,Ekart
,2549,2549,2024-01-02,2024-08-07,575.32,Ekart
,2550,2550,2024-11-07,2025-10-31,95.51,Ekart
,2551,2551,2024-08-19,2025-07-22,292.77,Delhivery
,2552,2552,2025-04-09,2024-04-23,527.92,DTDC
,2553,2553,2025-04-20,2024-05-19,513.98,Ekart
,2554,2554,2025-09-25,2024-03-15,199.34,Delhivery
,2555,2555,2024-07-29,2025-05-08,70.14,Ekart
,2556,2556,2025-08-23,2024-02-29,521.48,Delhivery
,2557,2557,2024-12-23,2024-12-26,312.01,Delhivery
,2558,2558,2024-07-15,2025-04-10,500.1,Ekart
,2559,2559,2024-12-21,2024-10-17,67.3,DTDC
,2560,2560,2025-02-15,2024-09-24,285.83,Ekart
,2561,2561,2025-03-14,2025-04-04,70.44,Blue Dart
,2562,2562,2025-12-13,2024-09-22,192.1,DTDC
,2563,2563,2024-09-09,2025-01-30,53.69,Ekart
,2564,2564,2025-08-15,2024-05-03,168.79,Blue Dart
,2565,2565,2024-12-02,2024-09-04,284.68,Ekart
,2566,2566,2024-11-05,2024-08-30,249.53,Delhivery
,2567,2567,2025-12-04,2025-07-17,326.78,DTDC
,2568,2568,2024-06-03,2025-08-12,209.31,DTDC
,2569,2569,2024-03-10,2024-04-29,341.38,Ekart
,2570,2570,2024-09-19,2024-07-17,44.15,Delhivery
,2571,2571,2024-03-26,2025-12-13,123.86,Delhivery
,2572,2572,2024-07-03,2024-06-28,133.19,Blue Dart
,2573,2573,2025-12-21,2024-06-06,161.19,Ekart
,2574,2574,2024-03-31,2024-08-10,376.82,Delhivery
,2575,2575,2025-06-06,2025-02-11,279.01,Blue Dart
,2576,2576,2024-03-27,2025-11-16,219.47,Ekart
,2577,2577,2025-06-19,2025-07-21,556.37,Blue Dart
,2578,2578,2024-06-16,2024-08-17,573.52,Delhivery
,2579,2579,2025-05-23,2025-10-16,567.13,Delhivery
,2580,2580,2024-12-18,2025-12-27,185.42,DTDC
,2581,2581,2025-12-29,2025-11-10,294.88,Ekart
,2582,2582,2025-08-10,2024-02-07,488.96,Ekart
,2583,2583,2025-08-04,2024-12-29,83.57,Ekart
,2584,2584,2025-03-25,2025-03-13,279.99,Ekart
,2585,2585,2025-02-01,2024-11-28,432.78,Delhivery
,2586,2586,2025-08-15,2025-12-22,593.77,Ekart
,2587,2587,2025-03-20,2025-11-15,400.07,Blue Dart
,2588,2588,2024-04-15,2024-03-20,399.47,Blue Dart
,2589,2589,2025-06-18,2025-08-14,534.33,Blue Dart
,2590,2590,2025-10-08,2024-02-05,269.82,Blue Dart
,2591,2591,2025-02-26,2024-09-05,438.33,Ekart
,2592,2592,2025-09-06,2024-10-16,535.81,Blue Dart
,2593,2593,2025-09-09,2025-08-25,503.31,Ekart
,2594,2594,2024-03-09,2024-11-08,196.05,DTDC
,2595,2595,2024-07-07,2024-09-11,372.83,DTDC
,2596,2596,2025-11-02,2025-03-13,105.66,DTDC
,2597,2597,2025-07-14,2025-06-25,161.96,Delhivery
,2598,2598,2025-07-27,2024-05-05,521.63,Delhivery
,2599,2599,2024-11-28,2024-05-31,404.99,Delhivery
,2600,2600,2024-09-20,2024-05-03,369.37,DTDC
,2601,2601,2025-06-19,2025-02-15,294.31,Blue Dart
,2602,2602,2025-10-28,2024-04-10,420.59,DTDC
,2603,2603,2025-03-30,2025-05-01,96.15,DTDC
,2604,2604,2025-06-02,2025-01-13,66.3,Ekart
,2605,2605,2024-11-26,2025-12-02,473.94,DTDC
,2606,2606,2025-07-03,2024-10-01,104.98,Ekart
,2607,2607,2025-09-27,2024-10-22,448.51,DTDC
,2608,2608,2025-05-05,2024-08-21,63.64,DTDC
,2609,2609,2024-05-10,2025-09-17,261.57,DTDC
,2610,2610,2024-12-07,2024-02-23,582.38,Blue Dart
,2611,2611,2024-07-16,2026-01-04,583.32,Blue Dart
,2612,2612,2024-08-18,2024-02-03,530.76,DTDC
,2613,2613,2025-03-22,2025-06-12,319.08,Delhivery
,2614,2614,2025-07-15,2024-07-10,480.69,Ekart
,2615,2615,2025-10-13,2025-05-11,218.13,DTDC
,2616,2616,2025-07-06,2025-08-28,207.56,Ekart
,2617,2617,2025-03-06,2024-07-04,187.3,DTDC
,2618,2618,2025-06-06,2024-11-18,474.24,DTDC
,2619,2619,2024-08-23,2025-11-13,362.6,DTDC
,2620,2620,2025-10-20,2024-08-25,308.52,Ekart
,2621,2621,2024-06-16,2024-03-27,300.3,Ekart
,2622,2622,2025-01-11,2024-08-21,393.17,DTDC
,2623,2623,2025-06-26,2025-06-27,99.3,Delhivery
,2624,2624,2024-07-29,2025-08-29,239.31,Ekart
,2625,2625,2025-03-31,2024-03-19,595.3,Ekart
,2626,2626,2025-06-10,2025-06-26,154.6,Delhivery
,2627,2627,2025-09-03,2025-06-21,580.2,DTDC
,2628,2628,2025-11-16,2024-06-09,306.23,DTDC
,2629,2629,2024-09-26,2024-03-01,501.57,Ekart
,2630,2630,2025-01-23,2025-12-08,262.23,Blue Dart
,2631,2631,2025-01-01,2025-12-10,124.25,Ekart
,2632,2632,2025-02-05,2024-05-10,198.77,Delhivery
,2633,2633,2024-06-01,2025-01-29,218.03,Delhivery
,2634,2634,2024-06-11,2024-09-16,505.06,Ekart
,2635,2635,2025-05-03,2024-06-12,159.31,Ekart
,2636,2636,2025-01-03,2025-04-22,252.54,Ekart
,2637,2637,2024-07-16,2025-02-26,247.04,Blue Dart
,2638,2638,2025-10-06,2024-05-19,559.46,Blue Dart
,2639,2639,2024-06-26,2025-07-11,169.67,Delhivery
,2640,2640,2024-08-30,2024-07-28,335.36,Ekart
,2641,2641,2025-02-17,2024-06-09,118.08,DTDC
,2642,2642,2025-10-18,2024-03-20,291.04,Delhivery
,2643,2643,2025-12-20,2025-07-08,146.06,Ekart
,2644,2644,2025-01-02,2024-11-13,241.17,Ekart
,2645,2645,2024-09-08,2025-03-05,240.18,Blue Dart
,2646,2646,2025-07-07,2025-01-21,527.82,DTDC
,2647,2647,2025-05-08,2024-11-16,164.97,DTDC
,2648,2648,2024-10-12,2025-02-28,167.81,DTDC
,2649,2649,2024-08-12,2024-07-30,152.76,DTDC
,2650,2650,2024-09-28,2025-10-16,194.6,Blue Dart
,2651,2651,2024-10-20,2024-08-01,235.7,Blue Dart
,2652,2652,2024-06-18,2024-06-28,586.83,Blue Dart
,2653,2653,2025-01-19,2024-11-16,338.98,DTDC
,2654,2654,2024-06-22,2025-09-02,55.39,Blue Dart
,2655,2655,2025-11-30,2024-01-22,268.52,Blue Dart
,2656,2656,2024-01-27,2024-06-10,51.4,DTDC
,2657,2657,2025-04-26,2025-12-13,93.66,Ekart
,2658,2658,2025-03-18,2024-12-10,418.91,Ekart
,2659,2659,2024-07-20,2024-02-09,515.51,DTDC
,2660,2660,2024-04-02,2025-03-07,319.09,Blue Dart
,2661,2661,2025-06-19,2024-08-27,206.2,DTDC
,2662,2662,2025-10-06,2024-07-11,63.55,DTDC
,2663,2663,2024-03-09,2024-10-08,319.69,Ekart
,2664,2664,2024-08-24,2024-03-18,228.81,Delhivery
,2665,2665,2024-03-31,2025-04-05,462.07,DTDC
,2666,2666,2024-12-13,2024-08-09,129.56,Ekart
,2667,2667,2025-06-13,2025-09-11,576.31,Blue Dart
,2668,2668,2024-01-20,2025-02-04,428.24,Blue Dart
,2669,2669,2024-07-31,2024-06-20,482.03,Delhivery
,2670,2670,2025-02-27,2025-12-26,597.04,Ekart
,2671,2671,2024-04-14,2024-06-16,70.69,Blue Dart
,2672,2672,2025-07-02,2025-01-14,267.8,Ekart
,2673,2673,2024-01-18,2024-07-31,159.95,DTDC
,2674,2674,2024-03-01,2024-09-30,481.3,Blue Dart
,2675,2675,2025-03-27,2024-08-14,90.9,Ekart
,2676,2676,2024-09-29,2024-08-18,318.83,DTDC
,2677,2677,2024-03-31,2024-11-15,344.8,Ekart
,2678,2678,2024-05-30,2025-02-01,426.33,Blue Dart
,2679,2679,2025-09-27,2025-07-13,294.2,Delhivery
,2680,2680,2025-04-26,2024-06-08,250.99,Ekart
,2681,2681,2025-01-24,2024-10-21,478.59,Ekart
,2682,2682,2024-05-04,2025-11-03,404.95,Ekart
,2683,2683,2025-05-08,2024-11-13,590.83,Blue Dart
,2684,2684,2024-12-16,2025-04-14,73.92,Ekart
,2685,2685,2025-09-13,2025-10-17,251.23,DTDC
,2686,2686,2025-05-18,2025-01-30,70.24,Blue Dart
,2687,2687,2024-10-12,2024-05-09,542.95,Ekart
,2688,2688,2025-08-24,2024-10-21,487.86,Delhivery
,2689,2689,2024-04-15,2024-07-14,251.53,Blue Dart
,2690,2690,2025-10-05,2025-10-26,61.62,Blue Dart
,2691,2691,2025-02-11,2024-02-15,192.51,DTDC
,2692,2692,2024-07-27,2024-10-07,147.57,Delhivery
,2693,2693,2024-07-31,2024-12-27,319.95,Delhivery
,2694,2694,2025-09-17,2025-09-30,303.89,Ekart
,2695,2695,2025-06-08,2025-06-16,563.41,DTDC
,2696,2696,2024-04-27,2024-10-30,573.18,Ekart
,2697,2697,2025-07-05,2025-12-26,574.02,Delhivery
,2698,2698,2025-03-03,2025-03-23,54.07,Delhivery
,2699,2699,2025-03-10,2025-07-20,393.19,Blue Dart
,2700,2700,2024-06-25,2025-03-14,168.06,Delhivery
,2701,2701,2024-02-05,2025-02-05,425.26,Delhivery
,2702,2702,2024-01-07,2025-10-15,164.41,DTDC
,2703,2703,2024-01-03,2024-12-23,455.03,DTDC
,2704,2704,2025-02-06,2025-08-02,293.04,Delhivery
,2705,2705,2024-01-25,2025-09-11,528.35,Ekart
,2706,2706,2025-07-23,2024-03-15,57.65,Delhivery
,2707,2707,2025-03-16,2024-09-15,324.68,Blue Dart
,2708,2708,2025-05-17,2025-09-06,428.36,DTDC
,2709,2709,2025-10-24,2025-04-09,134.62,Blue Dart
,2710,2710,2024-04-28,2025-03-16,529.78,Ekart
,2711,2711,2024-06-23,2025-09-27,357.78,DTDC
,2712,2712,2025-01-29,2025-01-07,207.13,Blue Dart
,2713,2713,2024-09-10,2024-06-20,222.95,DTDC
,2714,2714,2025-04-14,2025-12-24,376.29,Ekart
,2715,2715,2024-08-31,2024-07-06,146.39,Ekart
,2716,2716,2025-04-14,2025-11-06,242.49,Ekart
,2717,2717,2024-11-02,2024-01-17,538.93,Delhivery
,2718,2718,2025-10-24,2025-07-27,80.6,Delhivery
,2719,2719,2025-11-14,2024-06-23,476.61,Delhivery
,2720,2720,2024-08-09,2024-02-08,437.06,DTDC
,2721,2721,2025-02-16,2025-03-08,55.86,Ekart
,2722,2722,2024-09-26,2025-06-18,504.73,Ekart
,2723,2723,2025-01-12,2025-03-19,276.05,Delhivery
,2724,2724,2024-07-03,2025-05-18,536.2,Delhivery
,2725,2725,2024-03-05,2024-08-09,239.25,DTDC
,2726,2726,2025-04-26,2025-12-08,426.64,Delhivery
,2727,2727,2024-11-30,2024-12-06,103.96,Delhivery
,2728,2728,2025-08-12,2024-09-04,267.99,DTDC
,2729,2729,2025-08-30,2025-08-28,171.26,DTDC
,2730,2730,2024-10-19,2025-10-22,276.83,Delhivery
,2731,2731,2024-04-17,2025-11-07,573.44,DTDC
,2732,2732,2025-01-30,2025-12-17,543.67,DTDC
,2733,2733,2025-08-06,2024-08-09,230.16,Ekart
,2734,2734,2024-12-14,2025-11-16,479.57,Delhivery
,2735,2735,2025-12-01,2025-01-26,550.9,Blue Dart
,2736,2736,2024-12-16,2024-01-07,100.6,Ekart
,2737,2737,2025-06-20,2024-11-01,164.54,Ekart
,2738,2738,2024-05-10,2024-04-05,130.28,Blue Dart
,2739,2739,2025-06-05,2024-02-12,535.31,DTDC
,2740,2740,2024-06-10,2025-12-16,547.36,Blue Dart
,2741,2741,2025-09-02,2024-03-07,298.89,Delhivery
,2742,2742,2024-03-10,2025-07-08,155.67,Blue Dart
,2743,2743,2025-11-22,2024-11-03,552.16,Blue Dart
,2744,2744,2024-03-03,2024-02-05,435.53,Blue Dart
,2745,2745,2025-11-26,2025-10-04,336.99,DTDC
,2746,2746,2025-07-05,2025-01-20,279.89,Delhivery
,2747,2747,2025-10-13,2025-09-25,568.35,Delhivery
,2748,2748,2024-12-23,2024-04-05,530.37,Blue Dart
,2749,2749,2025-07-23,2025-06-21,305.13,Ekart
,2750,2750,2024-07-01,2026-01-02,284.48,Blue Dart
,2751,2751,2024-03-22,2025-02-07,161.99,Blue Dart
,2752,2752,2024-10-30,2024-11-01,304.44,Ekart
,2753,2753,2025-07-13,2025-12-31,85.27,Blue Dart
,2754,2754,2025-10-23,2024-02-23,294.23,Delhivery
,2755,2755,2025-08-05,2024-02-27,285.95,Ekart
,2756,2756,2024-08-06,2024-12-28,395.61,Blue Dart
,2757,2757,2024-11-21,2025-04-20,75.08,Ekart
,2758,2758,2025-08-13,2024-12-04,459.29,DTDC
,2759,2759,2025-12-16,2024-11-22,45.82,Blue Dart
,2760,2760,2025-08-18,2024-12-28,546.17,Ekart
,2761,2761,2024-10-04,2024-10-01,534.65,Blue Dart
,2762,2762,2024-03-15,2024-07-28,516.76,Ekart
,2763,2763,2024-06-28,2025-03-06,374.66,Blue Dart
,2764,2764,2025-02-24,2024-10-05,564.27,Delhivery
,2765,2765,2024-09-30,2024-06-28,262.87,Ekart
,2766,2766,2024-10-16,2024-03-16,274.63,Delhivery
,2767,2767,2024-09-02,2025-11-09,266.9,Ekart
,2768,2768,2024-01-09,2025-12-04,314.41,Blue Dart
,2769,2769,2025-03-03,2024-09-06,594.19,Ekart
,2770,2770,2025-12-14,2024-09-15,554.51,Delhivery
,2771,2771,2024-07-28,2025-06-03,533.29,Blue Dart
,2772,2772,2025-10-10,2024-05-11,138.6,Delhivery
,2773,2773,2024-08-20,2025-11-30,363.13,Ekart
,2774,2774,2024-06-21,2025-11-24,521.98,Delhivery
,2775,2775,2024-08-17,2024-08-03,167.61,Ekart
,2776,2776,2024-11-04,2024-05-14,302.52,Blue Dart
,2777,2777,2025-01-13,2024-01-20,195.97,Blue Dart
,2778,2778,2025-01-24,2024-06-21,116.02,DTDC
,2779,2779,2024-03-02,2025-11-30,249.96,Delhivery
,2780,2780,2025-02-27,2025-05-06,363.92,Blue Dart
,2781,2781,2024-04-25,2024-08-05,314.01,Delhivery
,2782,2782,2024-09-14,2025-11-21,151.58,Blue Dart
,2783,2783,2024-08-27,2024-04-22,356.27,Delhivery
,2784,2784,2025-07-21,2024-12-31,328.84,Ekart
,2785,2785,2024-01-21,2025-08-05,581.37,Delhivery
,2786,2786,2025-04-22,2025-08-29,420.35,Blue Dart
,2787,2787,2025-03-21,2024-02-16,118.07,Blue Dart
,2788,2788,2024-01-25,2024-02-19,331.87,Delhivery
,2789,2789,2024-09-09,2025-06-30,255.23,Delhivery
,2790,2790,2025-09-21,2025-04-18,108.1,Delhivery
,2791,2791,2025-01-30,2025-04-04,163.71,DTDC
,2792,2792,2025-07-10,2025-11-23,44.74,DTDC
,2793,2793,2025-05-02,2025-09-17,169.32,Delhivery
,2794,2794,2025-11-23,2025-03-14,301.72,DTDC
,2795,2795,2025-08-18,2024-09-13,578.85,Delhivery
,2796,2796,2024-12-23,2025-01-16,463.46,Ekart
,2797,2797,2025-06-22,2024-10-21,404.13,Blue Dart
,2798,2798,2024-12-28,2025-04-12,497.62,Ekart
,2799,2799,2025-04-05,2025-09-21,548.12,Ekart
,2800,2800,2024-04-13,2024-10-24,145.63,DTDC
,2801,2801,2025-01-30,2024-04-17,298.39,Delhivery
,2802,2802,2024-11-05,2025-03-24,69.25,DTDC
,2803,2803,2024-02-14,2025-05-28,511.72,Blue Dart
,2804,2804,2024-07-06,2025-03-21,156.31,Ekart
,2805,2805,2024-11-07,2024-11-10,277.09,DTDC
,2806,2806,2024-05-07,2024-08-08,219.81,Blue Dart
,2807,2807,2024-08-21,2024-04-08,596.28,Ekart
,2808,2808,2025-08-04,2024-01-15,87.56,Blue Dart
,2809,2809,2025-12-22,2025-11-18,346.5,Ekart
,2810,2810,2025-03-07,2025-08-04,118.97,Ekart
,2811,2811,2025-07-17,2025-04-05,41.52,Delhivery
,2812,2812,2025-07-15,2025-12-29,225.29,Ekart
,2813,2813,2024-02-15,2024-12-23,593.31,Blue Dart
,2814,2814,2025-04-24,2024-06-14,50.59,Ekart
,2815,2815,2025-10-01,2024-03-30,275.44,Ekart
,2816,2816,2025-05-22,2025-12-05,101.13,Blue Dart
,2817,2817,2024-01-17,2024-03-25,481.05,Ekart
,2818,2818,2025-12-16,2024-08-20,64.03,Delhivery
,2819,2819,2024-07-11,2024-08-13,119.42,DTDC
,2820,2820,2024-08-22,2025-07-01,123.3,Ekart
,2821,2821,2025-08-27,2025-05-19,167.37,Ekart
,2822,2822,2024-04-28,2024-12-11,476,Ekart
,2823,2823,2025-10-18,2025-04-13,368.26,Ekart
,2824,2824,2024-11-09,2025-04-05,438.5,Blue Dart
,2825,2825,2025-05-07,2024-12-06,431.16,DTDC
,2826,2826,2025-11-28,2025-04-27,435.4,Delhivery
,2827,2827,2024-01-27,2024-08-08,469.21,Delhivery
,2828,2828,2024-05-30,2025-11-02,332.23,DTDC
,2829,2829,2025-03-30,2025-08-18,277.38,Delhivery
,2830,2830,2024-09-14,2025-04-25,188.66,Ekart
,2831,2831,2024-03-01,2025-05-15,459.72,Ekart
,2832,2832,2024-02-13,2024-03-16,160.82,Delhivery
,2833,2833,2024-07-22,2025-05-22,209.91,Blue Dart
,2834,2834,2025-06-19,2025-07-15,512.78,Blue Dart
,2835,2835,2025-05-15,2024-02-29,229.08,Delhivery
,2836,2836,2025-02-23,2024-06-12,271.42,Ekart
,2837,2837,2025-08-26,2024-02-02,539.89,Ekart
,2838,2838,2025-07-19,2024-06-30,304.83,Ekart
,2839,2839,2024-01-26,2024-01-23,319.73,Delhivery
,2840,2840,2024-04-03,2025-02-08,346.25,Blue Dart
,2841,2841,2025-10-04,2024-04-30,308.52,Delhivery
,2842,2842,2024-12-23,2025-12-27,233.42,Ekart
,2843,2843,2025-02-24,2025-05-02,337.66,Ekart
,2844,2844,2025-07-12,2025-02-25,317.86,Blue Dart
,2845,2845,2024-02-17,2024-03-14,358.09,Delhivery
,2846,2846,2025-07-26,2025-02-19,378.27,DTDC
,2847,2847,2025-03-20,2024-11-20,275.48,Ekart
,2848,2848,2025-02-22,2025-08-06,294.58,Delhivery
,2849,2849,2024-06-01,2025-05-16,358.72,Ekart
,2850,2850,2025-07-27,2024-02-09,515.12,DTDC
,2851,2851,2025-04-28,2024-11-04,577.93,Ekart
,2852,2852,2025-05-22,2024-05-30,161.1,DTDC
,2853,2853,2024-08-06,2025-07-31,480.63,Blue Dart
,2854,2854,2024-08-21,2024-06-11,481.72,Ekart
,2855,2855,2024-09-18,2025-07-19,402.2,Ekart
,2856,2856,2025-12-12,2026-01-03,86.89,Delhivery
,2857,2857,2025-11-07,2025-07-17,505.38,Blue Dart
,2858,2858,2024-11-10,2024-10-04,432.37,DTDC
,2859,2859,2024-07-06,2025-10-02,104.39,Delhivery
,2860,2860,2025-01-08,2024-01-28,449.53,DTDC
,2861,2861,2024-09-17,2024-11-29,102.59,Blue Dart
,2862,2862,2024-09-16,2025-05-31,283.78,DTDC
,2863,2863,2024-10-31,2025-09-03,219.57,Delhivery
,2864,2864,2024-09-30,2024-08-06,570.65,Ekart
,2865,2865,2024-07-18,2024-11-15,542.4,Delhivery
,2866,2866,2025-09-21,2024-12-25,401.82,Ekart
,2867,2867,2024-06-10,2025-01-15,512.22,DTDC
,2868,2868,2025-12-09,2025-05-13,303.73,DTDC
,2869,2869,2025-06-21,2024-11-19,170.29,DTDC
,2870,2870,2025-08-20,2025-12-31,535.78,Delhivery
,2871,2871,2024-02-26,2025-05-04,284.23,DTDC
,2872,2872,2025-06-13,2024-12-14,582.89,Blue Dart
,2873,2873,2025-06-23,2024-12-03,295.32,Delhivery
,2874,2874,2025-03-08,2025-11-02,368.09,Blue Dart
,2875,2875,2025-08-08,2024-09-13,206.44,DTDC
,2876,2876,2024-05-19,2025-09-11,225.77,DTDC
,2877,2877,2024-02-13,2025-10-20,179.74,Ekart
,2878,2878,2025-10-16,2025-09-05,58.62,Blue Dart
,2879,2879,2025-08-28,2025-11-20,96.76,Ekart
,2880,2880,2024-07-11,2025-08-14,269.41,Delhivery
,2881,2881,2025-05-16,2025-08-22,391.43,DTDC
,2882,2882,2024-07-02,2025-06-24,494.5,Blue Dart
,2883,2883,2025-06-07,2024-02-27,285.84,Ekart
,2884,2884,2025-08-31,2024-05-20,346.1,DTDC
,2885,2885,2025-06-27,2024-11-16,120.29,Ekart
,2886,2886,2024-05-27,2024-07-26,104.85,Blue Dart
,2887,2887,2025-01-19,2025-07-21,519.06,DTDC
,2888,2888,2025-01-01,2024-10-03,261.62,DTDC
,2889,2889,2025-07-01,2024-10-10,118.78,Delhivery
,2890,2890,2024-09-18,2024-05-15,357.01,DTDC
,2891,2891,2024-05-05,2024-12-05,64.75,Ekart
,2892,2892,2024-12-22,2024-02-04,434.23,Delhivery
,2893,2893,2025-12-11,2025-12-01,173.28,Ekart
,2894,2894,2025-10-13,2024-07-04,303.2,Delhivery
,2895,2895,2025-05-17,2025-06-03,424.53,Ekart
,2896,2896,2025-08-31,2026-01-02,50.62,DTDC
,2897,2897,2024-04-04,2024-10-02,468.96,Ekart
,2898,2898,2025-01-11,2024-09-04,87.04,Blue Dart
,2899,2899,2025-02-07,2024-07-09,593.27,DTDC
,2900,2900,2024-08-11,2025-05-28,77.68,Delhivery
,2901,2901,2025-07-29,2025-11-11,408.11,Ekart
,2902,2902,2025-10-07,2024-08-12,211.07,Blue Dart
,2903,2903,2024-02-27,2025-03-28,595.91,Delhivery
,2904,2904,2025-08-18,2025-05-03,368.92,Delhivery
,2905,2905,2025-05-20,2025-01-07,314.51,Delhivery
,2906,2906,2024-09-26,2024-03-08,308.87,DTDC
,2907,2907,2024-09-13,2025-01-04,131.9,DTDC
,2908,2908,2025-02-04,2024-04-26,510.47,Ekart
,2909,2909,2024-05-28,2024-11-04,91.42,Ekart
,2910,2910,2025-12-07,2025-02-10,380.27,Blue Dart
,2911,2911,2025-10-05,2025-08-21,254.28,Blue Dart
,2912,2912,2024-01-25,2025-05-21,295.08,Delhivery
,2913,2913,2024-02-14,2025-03-20,393.06,Blue Dart
,2914,2914,2025-10-02,2025-06-02,175.74,Delhivery
,2915,2915,2024-12-23,2025-02-20,536.63,Delhivery
,2916,2916,2024-09-18,2025-06-10,529.18,Ekart
,2917,2917,2025-02-15,2024-09-23,230.94,Delhivery
,2918,2918,2024-05-25,2024-02-16,366.52,Delhivery
,2919,2919,2025-12-03,2025-11-12,45.25,Blue Dart
,2920,2920,2025-07-23,2024-01-16,451.61,Delhivery
,2921,2921,2025-05-26,2025-03-31,522.04,Ekart
,2922,2922,2025-10-31,2024-03-06,358.77,DTDC
,2923,2923,2025-04-12,2024-09-29,353.99,Blue Dart
,2924,2924,2024-08-07,2025-08-23,51.87,Blue Dart
,2925,2925,2024-02-27,2025-07-31,575.89,Delhivery
,2926,2926,2024-03-15,2025-08-14,54.16,DTDC
,2927,2927,2025-01-06,2025-11-27,189.24,Ekart
,2928,2928,2024-02-01,2024-01-06,402.72,Blue Dart
,2929,2929,2024-12-21,2024-02-25,321.35,Blue Dart
,2930,2930,2025-01-12,2024-09-22,212.5,Blue Dart
,2931,2931,2024-11-06,2024-05-29,69.75,DTDC
,2932,2932,2025-11-05,2024-08-11,228.57,DTDC
,2933,2933,2025-01-29,2025-06-21,366.66,Ekart
,2934,2934,2025-11-14,2024-07-27,419.65,Delhivery
,2935,2935,2025-06-14,2024-04-02,253.47,Delhivery
,2936,2936,2025-03-08,2025-07-08,171.06,DTDC
,2937,2937,2024-10-23,2024-05-23,444.92,Ekart
,2938,2938,2025-08-31,2024-11-07,126.5,DTDC
,2939,2939,2024-11-15,2025-01-19,251.48,Delhivery
,2940,2940,2024-05-07,2024-10-09,520.39,Blue Dart
,2941,2941,2024-09-18,2024-10-17,418.13,Ekart
,2942,2942,2024-10-21,2025-10-16,252.27,Delhivery
,2943,2943,2024-08-29,2025-12-12,377.72,Delhivery
,2944,2944,2025-09-09,2024-07-25,498.3,Delhivery
,2945,2945,2025-12-30,2024-10-26,109.99,Blue Dart
,2946,2946,2024-01-07,2024-03-03,172.64,DTDC
,2947,2947,2024-11-02,2024-10-15,256.25,DTDC
,2948,2948,2024-12-29,2024-06-28,86.75,Ekart
,2949,2949,2024-03-09,2024-01-21,528.65,Ekart
,2950,2950,2025-07-26,2024-08-02,469.71,DTDC
,2951,2951,2025-11-18,2025-12-13,463.16,DTDC
,2952,2952,2024-08-11,2024-06-05,161.56,Blue Dart
,2953,2953,2024-11-02,2024-10-13,254.83,DTDC
,2954,2954,2025-04-28,2025-11-01,520.07,DTDC
,2955,2955,2024-08-27,2024-01-26,319.37,DTDC
,2956,2956,2024-06-16,2024-07-08,481.2,DTDC
,2957,2957,2025-05-18,2025-05-25,454.42,DTDC
,2958,2958,2025-11-09,2025-08-02,405.39,Delhivery
,2959,2959,2025-04-03,2025-03-21,185.54,Blue Dart
,2960,2960,2024-10-24,2024-02-16,556.31,Ekart
,2961,2961,2024-05-04,2025-01-04,262.19,Blue Dart
,2962,2962,2025-03-25,2025-02-13,407.35,Ekart
,2963,2963,2024-04-26,2024-08-31,455.48,DTDC
,2964,2964,2024-02-13,2025-06-03,556.11,Blue Dart
,2965,2965,2024-06-28,2025-05-31,533.46,Blue Dart
,2966,2966,2024-07-15,2025-09-28,202.2,DTDC
,2967,2967,2024-10-01,2024-03-14,118,DTDC
,2968,2968,2025-04-15,2025-06-02,466.91,Ekart
,2969,2969,2025-07-25,2024-08-26,75.5,Delhivery
,2970,2970,2025-04-02,2025-04-25,330.37,Ekart
,2971,2971,2025-08-03,2025-04-04,401.47,Delhivery
,2972,2972,2025-11-19,2025-12-09,173.46,Ekart
,2973,2973,2024-08-26,2024-01-20,68.35,DTDC
,2974,2974,2025-02-19,2024-09-15,560.75,Delhivery
,2975,2975,2024-05-10,2025-02-05,76.29,DTDC
,2976,2976,2025-04-25,2025-11-22,450.47,Ekart
,2977,2977,2024-12-23,2025-07-16,395.32,DTDC
,2978,2978,2024-05-10,2024-11-21,291.07,Ekart
,2979,2979,2025-03-25,2025-02-08,100.65,DTDC
,2980,2980,2024-09-14,2024-06-16,485.21,DTDC
,2981,2981,2025-05-24,2024-07-29,192.1,Ekart
,2982,2982,2024-08-24,2025-01-21,434.47,Delhivery
,2983,2983,2025-08-14,2024-07-15,472.65,Blue Dart
,2984,2984,2025-12-25,2024-07-18,562.44,DTDC
,2985,2985,2025-05-13,2025-12-27,403.06,Delhivery
,2986,2986,2024-09-20,2024-07-27,129.22,Delhivery
,2987,2987,2025-01-03,2024-09-22,108.41,DTDC
,2988,2988,2025-01-23,2024-03-18,335.23,Ekart
,2989,2989,2025-07-24,2024-10-15,467.64,Delhivery
,2990,2990,2024-09-21,2025-05-09,504.77,Blue Dart
,2991,2991,2025-03-10,2024-01-06,287.06,Delhivery
,2992,2992,2025-09-03,2024-07-31,63.49,Ekart
,2993,2993,2025-10-20,2026-01-04,192.48,Ekart
,2994,2994,2025-01-21,2025-05-13,592.35,DTDC
,2995,2995,2024-06-15,2025-01-09,90.95,Blue Dart
,2996,2996,2024-05-25,2024-09-11,430.36,Blue Dart
,2997,2997,2025-08-23,2024-10-05,250.69,Delhivery
,2998,2998,2024-12-19,2024-04-09,141.52,Blue Dart
,2999,2999,2025-04-20,2024-05-13,309.9,Ekart
,3000,3000,2024-10-02,2024-06-01,284.24,Delhivery
,3001,3001,2025-03-11,2024-05-16,88.36,Ekart
,3002,3002,2025-04-30,2025-09-05,475.38,Blue Dart
,3003,3003,2025-01-08,2025-08-21,252.4,Blue Dart
,3004,3004,2024-07-02,2025-09-01,297.87,Delhivery
,3005,3005,2025-10-19,2025-12-24,497.59,Delhivery
,3006,3006,2025-04-16,2024-08-28,521.81,Ekart
,3007,3007,2024-10-18,2024-05-02,579.13,Blue Dart
,3008,3008,2025-07-20,2025-07-23,386.07,DTDC
,3009,3009,2025-12-22,2024-10-20,365.11,DTDC
,3010,3010,2024-12-04,2025-06-13,364.74,Ekart
,3011,3011,2025-11-22,2025-01-15,365.98,Blue Dart
,3012,3012,2025-01-02,2024-12-23,479.26,Blue Dart
,3013,3013,2025-01-02,2024-05-24,43.68,Ekart
,3014,3014,2024-05-12,2025-03-18,330.71,Delhivery
,3015,3015,2024-11-11,2024-02-12,274.33,Delhivery
,3016,3016,2025-08-21,2025-07-24,144.43,Delhivery
,3017,3017,2024-09-20,2025-01-28,481.68,Delhivery
,3018,3018,2025-07-12,2024-09-21,362.31,Ekart
,3019,3019,2024-03-17,2025-11-10,385.4,Delhivery
,3020,3020,2025-08-29,2025-04-26,164.46,DTDC
,3021,3021,2024-02-17,2025-12-07,348.97,Blue Dart
,3022,3022,2024-09-18,2024-12-05,401.61,Delhivery
,3023,3023,2025-06-10,2025-07-19,150.23,DTDC
,3024,3024,2025-05-07,2024-01-17,399.4,Delhivery
,3025,3025,2024-10-06,2025-09-13,485.33,Ekart
,3026,3026,2025-11-14,2025-05-12,318.48,Ekart
,3027,3027,2025-12-01,2025-10-14,376.36,DTDC
,3028,3028,2024-10-16,2024-03-28,221.11,DTDC
,3029,3029,2024-09-21,2025-03-07,375.2,Ekart
,3030,3030,2024-04-18,2025-12-21,253.55,Blue Dart
,3031,3031,2024-06-20,2025-12-21,75.48,DTDC
,3032,3032,2025-03-27,2025-10-31,126.45,Ekart
,3033,3033,2025-04-19,2025-04-12,109.53,Blue Dart
,3034,3034,2024-01-13,2024-06-02,366.42,Blue Dart
,3035,3035,2024-11-24,2024-09-12,144.96,Blue Dart
,3036,3036,2024-08-05,2024-12-18,246.81,Ekart
,3037,3037,2024-08-14,2024-01-31,129.65,Delhivery
,3038,3038,2025-10-19,2025-01-17,514.88,Ekart
,3039,3039,2024-10-22,2024-09-20,180.1,Delhivery
,3040,3040,2024-08-12,2025-09-20,78.36,Blue Dart
,3041,3041,2024-10-04,2025-03-05,598.9,Delhivery
,3042,3042,2025-04-26,2025-08-21,273.39,Blue Dart
,3043,3043,2024-03-04,2024-01-13,251.04,Blue Dart
,3044,3044,2025-07-19,2024-11-25,357.64,DTDC
,3045,3045,2024-08-13,2025-09-28,217.14,Blue Dart
,3046,3046,2024-07-04,2025-08-03,217.43,Ekart
,3047,3047,2024-11-18,2025-03-08,272.57,DTDC
,3048,3048,2025-11-02,2025-07-19,437.35,Ekart
,3049,3049,2024-10-28,2025-03-15,133.02,Blue Dart
,3050,3050,2025-01-03,2024-08-24,216.79,Blue Dart
,3051,3051,2024-12-22,2025-11-27,444.69,Delhivery
,3052,3052,2024-07-01,2025-10-29,249.41,Ekart
,3053,3053,2025-04-19,2024-02-06,432,DTDC
,3054,3054,2024-12-17,2025-03-08,286.91,Delhivery
,3055,3055,2024-03-12,2024-08-07,477.65,Blue Dart
,3056,3056,2024-11-26,2025-06-21,383.58,DTDC
,3057,3057,2024-09-15,2024-12-28,43.03,DTDC
,3058,3058,2024-02-10,2025-09-20,425.47,DTDC
,3059,3059,2025-02-14,2025-08-15,99.39,Ekart
,3060,3060,2024-10-05,2024-11-21,236.63,Blue Dart
,3061,3061,2025-08-29,2025-07-31,233.35,Blue Dart
,3062,3062,2025-08-16,2024-05-20,497.75,DTDC
,3063,3063,2025-03-08,2025-05-29,302.83,Ekart
,3064,3064,2025-02-13,2025-10-08,53.92,Ekart
,3065,3065,2024-04-23,2025-12-24,256.36,Blue Dart
,3066,3066,2025-09-24,2024-03-12,489.56,Ekart
,3067,3067,2025-11-16,2024-10-19,373.32,DTDC
,3068,3068,2024-04-27,2025-12-29,271.59,DTDC
,3069,3069,2024-09-20,2024-07-04,488.48,Delhivery
,3070,3070,2025-02-14,2025-06-09,191.81,Blue Dart
,3071,3071,2024-09-29,2024-02-23,559.68,Blue Dart
,3072,3072,2025-02-07,2025-06-01,370.33,Delhivery
,3073,3073,2025-08-31,2025-12-06,360.37,DTDC
,3074,3074,2025-07-31,2024-04-13,56.52,Blue Dart
,3075,3075,2025-03-20,2024-07-06,83.69,DTDC
,3076,3076,2024-05-28,2025-04-01,288.24,DTDC
,3077,3077,2024-02-06,2024-08-15,599.2,Delhivery
,3078,3078,2025-03-27,2025-10-07,261.03,Ekart
,3079,3079,2025-02-17,2025-11-26,175.87,Ekart
,3080,3080,2025-02-17,2025-07-10,322.83,Delhivery
,3081,3081,2025-07-24,2024-11-13,109.83,Ekart
,3082,3082,2025-11-01,2025-10-20,115.58,Delhivery
,3083,3083,2024-10-05,2024-12-12,79.1,Delhivery
,3084,3084,2024-02-17,2025-10-18,259.39,Delhivery
,3085,3085,2025-03-29,2024-06-18,63.33,Blue Dart
,3086,3086,2025-12-21,2024-02-21,550.36,Delhivery
,3087,3087,2024-10-14,2024-06-03,255.78,Ekart
,3088,3088,2025-06-15,2025-04-26,265.64,Ekart
,3089,3089,2025-06-16,2024-09-27,221.53,Blue Dart
,3090,3090,2024-12-21,2025-12-19,308.3,Blue Dart
,3091,3091,2025-09-27,2024-06-20,470.41,Ekart
,3092,3092,2025-08-31,2024-09-19,550.96,Delhivery
,3093,3093,2024-10-27,2024-09-19,515.46,Ekart
,3094,3094,2025-08-05,2025-11-04,324.4,Ekart
,3095,3095,2024-01-28,2025-09-27,370.73,Blue Dart
,3096,3096,2024-07-16,2024-01-27,433.24,Blue Dart
,3097,3097,2024-08-29,2025-07-30,452.93,DTDC
,3098,3098,2024-03-30,2024-03-09,494.63,Blue Dart
,3099,3099,2024-06-18,2025-02-22,151.67,Blue Dart
,3100,3100,2024-04-10,2025-10-20,460.59,Delhivery
,3101,3101,2024-06-22,2025-11-03,242.01,Ekart
,3102,3102,2024-01-25,2025-07-10,413.8,Delhivery
,3103,3103,2024-01-17,2024-06-03,519.94,Blue Dart
,3104,3104,2025-02-24,2025-09-22,180.08,Ekart
,3105,3105,2024-03-12,2024-07-13,46.58,Delhivery
,3106,3106,2024-11-17,2024-12-29,68.95,Blue Dart
,3107,3107,2024-09-04,2025-08-04,573.44,DTDC
,3108,3108,2024-07-27,2025-07-23,106.34,DTDC
,3109,3109,2025-04-04,2025-05-29,410.68,Ekart
,3110,3110,2025-07-28,2024-01-29,411.11,Ekart
,3111,3111,2025-11-26,2024-04-05,567.81,Blue Dart
,3112,3112,2024-07-04,2024-12-01,232.36,DTDC
,3113,3113,2025-11-09,2025-12-09,118.34,Blue Dart
,3114,3114,2024-11-28,2024-08-15,169.45,DTDC
,3115,3115,2025-04-25,2025-08-29,210.7,Delhivery
,3116,3116,2025-09-09,2025-01-16,479.91,Ekart
,3117,3117,2025-12-28,2024-09-14,479.89,DTDC
,3118,3118,2025-06-02,2025-09-22,121.21,Ekart
,3119,3119,2025-09-04,2025-09-26,401.35,Blue Dart
,3120,3120,2025-07-06,2024-11-25,439.22,DTDC
,3121,3121,2025-04-24,2025-10-27,599.85,Delhivery
,3122,3122,2024-11-09,2024-07-07,70.42,Blue Dart
,3123,3123,2024-10-23,2025-11-27,231.13,Ekart
,3124,3124,2025-10-19,2024-01-29,192.68,Blue Dart
,3125,3125,2025-06-14,2025-03-04,359.18,Blue Dart
,3126,3126,2025-12-05,2025-11-07,251.25,Delhivery
,3127,3127,2025-06-05,2025-05-10,308.47,Delhivery
,3128,3128,2025-07-18,2024-08-23,319.11,Blue Dart
,3129,3129,2024-12-16,2024-05-24,436.65,DTDC
,3130,3130,2024-07-13,2025-04-23,371.1,Delhivery
,3131,3131,2024-06-25,2025-06-09,240.3,Ekart
,3132,3132,2025-04-28,2025-09-23,542.04,Blue Dart
,3133,3133,2025-02-12,2024-12-25,394.51,Delhivery
,3134,3134,2025-04-12,2024-01-15,464.94,Ekart
,3135,3135,2024-08-02,2024-06-15,370.09,DTDC
,3136,3136,2024-01-23,2024-03-20,276.21,DTDC
,3137,3137,2025-01-28,2024-06-21,154.88,DTDC
,3138,3138,2024-03-09,2024-10-29,553.31,DTDC
,3139,3139,2024-09-17,2025-01-17,398.26,Blue Dart
,3140,3140,2025-10-26,2025-12-22,411.68,DTDC
,3141,3141,2024-09-02,2024-03-22,423.14,Blue Dart
,3142,3142,2024-07-29,2025-09-11,255.6,Delhivery
,3143,3143,2024-07-10,2025-06-22,59.73,Blue Dart
,3144,3144,2024-08-08,2024-11-20,405.17,DTDC
,3145,3145,2025-11-23,2024-04-16,112.65,Blue Dart
,3146,3146,2024-05-15,2024-08-23,86.6,DTDC
,3147,3147,2024-08-11,2024-11-06,348.57,Delhivery
,3148,3148,2024-04-10,2025-04-22,543.82,DTDC
,3149,3149,2025-07-02,2024-01-09,90.92,Blue Dart
,3150,3150,2024-09-17,2024-07-01,258.99,Ekart
,3151,3151,2024-02-12,2024-02-12,296.13,Blue Dart
,3152,3152,2025-05-20,2025-08-05,243.54,Ekart
,3153,3153,2025-02-11,2025-10-13,488.04,Blue Dart
,3154,3154,2024-01-09,2025-12-17,124.16,DTDC
,3155,3155,2025-02-24,2025-07-12,542.76,Blue Dart
,3156,3156,2024-11-14,2025-08-06,146.64,Ekart
,3157,3157,2024-11-11,2025-09-03,339.69,Ekart
,3158,3158,2025-07-05,2024-11-14,326.38,Ekart
,3159,3159,2024-11-15,2025-03-21,484.99,Delhivery
,3160,3160,2025-09-02,2025-08-28,511.7,Ekart
,3161,3161,2024-07-09,2025-09-10,61.49,Delhivery
,3162,3162,2025-10-03,2024-02-27,135.34,Blue Dart
,3163,3163,2024-07-12,2025-07-11,448.04,DTDC
,3164,3164,2025-03-29,2024-09-29,41.61,Ekart
,3165,3165,2025-04-04,2024-05-22,376.6,Blue Dart
,3166,3166,2025-10-29,2025-08-01,79.16,Blue Dart
,3167,3167,2024-01-22,2025-12-07,548.64,Ekart
,3168,3168,2025-04-22,2025-05-05,298.14,Blue Dart
,3169,3169,2024-08-04,2024-08-26,574.47,Ekart
,3170,3170,2024-03-26,2025-03-19,317.27,Delhivery
,3171,3171,2025-11-13,2024-10-31,388.74,Delhivery
,3172,3172,2025-02-06,2025-05-27,599.74,DTDC
,3173,3173,2025-08-27,2024-03-16,71.55,Delhivery
,3174,3174,2025-07-19,2024-05-22,198.73,Ekart
,3175,3175,2025-02-26,2024-09-30,404.94,Blue Dart
,3176,3176,2024-11-30,2024-01-12,438.26,DTDC
,3177,3177,2024-05-25,2025-11-14,229.36,Ekart
,3178,3178,2024-12-05,2024-06-24,211.53,Ekart
,3179,3179,2025-04-08,2024-05-07,413.92,Ekart
,3180,3180,2025-08-26,2025-06-18,429.94,DTDC
,3181,3181,2024-10-03,2024-07-12,189.36,Delhivery
,3182,3182,2025-07-29,2025-10-26,563.79,Delhivery
,3183,3183,2024-03-03,2025-06-01,575.11,Ekart
,3184,3184,2025-08-01,2025-09-22,479.12,Ekart
,3185,3185,2025-12-08,2024-05-11,383.98,DTDC
,3186,3186,2025-10-05,2025-01-08,238.68,Delhivery
,3187,3187,2024-11-11,2025-12-19,558.86,DTDC
,3188,3188,2025-08-02,2025-08-25,90.43,Blue Dart
,3189,3189,2025-02-17,2025-04-04,298.71,Ekart
,3190,3190,2024-04-01,2024-04-09,186.53,DTDC
,3191,3191,2025-07-12,2024-09-18,590.24,Delhivery
,3192,3192,2025-04-01,2024-01-22,409.48,Blue Dart
,3193,3193,2024-07-13,2024-12-14,274.08,Delhivery
,3194,3194,2025-12-02,2024-02-11,220.4,Delhivery
,3195,3195,2025-07-05,2024-08-08,473.65,DTDC
,3196,3196,2024-09-13,2024-12-15,513.79,Ekart
,3197,3197,2025-06-05,2024-08-22,417.94,Delhivery
,3198,3198,2025-03-20,2024-03-05,423.86,DTDC
,3199,3199,2024-05-08,2025-05-06,140.17,Delhivery
,3200,3200,2025-03-30,2024-09-02,42.97,Delhivery
,3201,3201,2024-05-13,2024-11-12,98.75,DTDC
,3202,3202,2024-01-12,2024-08-21,408.26,Ekart
,3203,3203,2024-11-19,2025-12-12,105.36,Ekart
,3204,3204,2024-04-23,2024-08-13,183.74,Blue Dart
,3205,3205,2024-01-21,2025-04-09,545.69,Delhivery
,3206,3206,2025-06-05,2025-11-13,297.12,Ekart
,3207,3207,2024-03-30,2025-08-22,503.58,Delhivery
,3208,3208,2025-03-08,2024-03-15,236.98,Blue Dart
,3209,3209,2025-07-17,2024-02-09,350.33,Delhivery
,3210,3210,2025-05-23,2024-12-13,220.91,Ekart
,3211,3211,2025-11-07,2025-07-08,128.16,Ekart
,3212,3212,2025-01-06,2025-11-14,438.16,Blue Dart
,3213,3213,2024-11-07,2024-07-22,509.88,Ekart
,3214,3214,2025-07-27,2024-07-23,177.97,Ekart
,3215,3215,2024-11-12,2025-10-21,377.33,Ekart
,3216,3216,2024-07-31,2025-03-22,232.39,DTDC
,3217,3217,2025-01-01,2024-09-08,371.32,Delhivery
,3218,3218,2025-06-22,2024-12-20,565.21,Blue Dart
,3219,3219,2025-08-25,2025-08-07,563.83,Blue Dart
,3220,3220,2024-09-01,2024-05-18,383.42,Delhivery
,3221,3221,2024-12-02,2025-06-07,590.29,Ekart
,3222,3222,2024-06-27,2024-06-05,72.56,Ekart
,3223,3223,2024-11-02,2024-06-18,254.06,DTDC
,3224,3224,2024-12-16,2025-01-15,405.68,Delhivery
,3225,3225,2025-05-01,2025-04-17,262.35,Blue Dart
,3226,3226,2025-05-23,2025-08-13,580.76,Blue Dart
,3227,3227,2024-06-30,2024-01-31,258.17,Ekart
,3228,3228,2024-10-21,2024-04-07,373.08,DTDC
,3229,3229,2025-01-06,2025-02-13,419.68,Blue Dart
,3230,3230,2024-11-25,2025-11-25,241.45,Blue Dart
,3231,3231,2025-04-22,2025-03-21,256.04,Delhivery
,3232,3232,2025-05-31,2024-12-12,513.62,DTDC
,3233,3233,2025-11-03,2025-03-14,535.26,Ekart
,3234,3234,2025-01-18,2024-08-10,541.58,DTDC
,3235,3235,2025-09-20,2025-06-24,238.02,Ekart
,3236,3236,2024-06-01,2025-02-09,589.21,Ekart
,3237,3237,2024-05-09,2024-05-13,130.25,Delhivery
,3238,3238,2024-08-03,2025-08-28,324.74,Delhivery
,3239,3239,2024-04-03,2024-03-10,343.02,Delhivery
,3240,3240,2024-03-09,2025-05-07,576.59,Delhivery
,3241,3241,2025-03-10,2025-10-22,174.4,Blue Dart
,3242,3242,2024-12-07,2024-08-05,492.99,Ekart
,3243,3243,2025-11-30,2025-12-04,522.67,Delhivery
,3244,3244,2024-09-09,2024-07-11,516.83,DTDC
,3245,3245,2024-04-30,2025-07-02,115,Blue Dart
,3246,3246,2024-03-08,2025-09-03,44.87,DTDC
,3247,3247,2025-03-17,2025-10-20,52.47,DTDC
,3248,3248,2024-02-11,2024-12-24,364.21,Blue Dart
,3249,3249,2024-01-08,2025-02-26,407.86,DTDC
,3250,3250,2025-10-06,2024-07-20,123.63,Ekart
,3251,3251,2025-11-12,2025-07-09,187.79,Ekart
,3252,3252,2025-08-09,2024-10-22,519.59,Blue Dart
,3253,3253,2025-03-10,2025-07-26,393.28,Delhivery
,3254,3254,2025-12-02,2025-11-17,571.05,Ekart
,3255,3255,2025-01-01,2025-09-12,191.35,DTDC
,3256,3256,2025-05-25,2025-09-06,520.85,Ekart
,3257,3257,2025-04-03,2024-04-30,456.74,DTDC
,3258,3258,2024-12-18,2025-02-23,374.63,Blue Dart
,3259,3259,2025-10-21,2025-10-03,417.48,Blue Dart
,3260,3260,2025-03-24,2025-05-19,515.34,Delhivery
,3261,3261,2024-09-16,2024-10-12,504.7,Delhivery
,3262,3262,2024-01-21,2025-08-14,409.81,Blue Dart
,3263,3263,2025-09-09,2024-08-19,423.65,Blue Dart
,3264,3264,2025-08-09,2024-07-03,472.22,DTDC
,3265,3265,2024-02-22,2024-09-06,472.81,Delhivery
,3266,3266,2025-05-22,2025-01-27,201.62,Delhivery
,3267,3267,2024-01-09,2024-11-01,296.27,Delhivery
,3268,3268,2025-05-10,2025-05-20,79.95,DTDC
,3269,3269,2025-05-09,2025-06-24,156.85,Ekart
,3270,3270,2025-01-02,2025-02-20,147.5,Blue Dart
,3271,3271,2024-06-14,2024-11-20,164.86,Ekart
,3272,3272,2025-03-17,2025-07-25,115.58,Ekart
,3273,3273,2025-05-13,2025-02-14,458.47,Blue Dart
,3274,3274,2024-05-20,2025-04-25,192.31,Delhivery
,3275,3275,2025-08-27,2025-02-03,582.5,Ekart
,3276,3276,2025-05-07,2025-09-16,544.15,Blue Dart
,3277,3277,2024-01-02,2024-03-23,580.23,Blue Dart
,3278,3278,2025-07-31,2025-05-10,358.07,DTDC
,3279,3279,2024-08-15,2024-10-06,261.81,Blue Dart
,3280,3280,2024-02-10,2024-12-03,79.05,DTDC
,3281,3281,2024-11-24,2025-07-31,585.51,DTDC
,3282,3282,2024-11-27,2025-06-09,212.79,Blue Dart
,3283,3283,2024-05-01,2024-10-29,59.21,Delhivery
,3284,3284,2024-09-30,2025-06-08,552.89,Blue Dart
,3285,3285,2025-12-28,2024-10-14,589.93,Ekart
,3286,3286,2024-08-05,2024-11-22,106.16,Delhivery
,3287,3287,2025-11-05,2025-01-10,125.3,Blue Dart
,3288,3288,2025-11-22,2025-07-06,139.09,Delhivery
,3289,3289,2024-04-16,2024-05-07,592.37,DTDC
,3290,3290,2025-07-14,2025-09-02,301.96,Blue Dart
,3291,3291,2025-02-19,2025-08-05,503.55,DTDC
,3292,3292,2024-08-28,2025-05-24,292.4,Blue Dart
,3293,3293,2025-03-09,2024-07-04,588.49,DTDC
,3294,3294,2024-09-11,2025-05-16,557.32,Ekart
,3295,3295,2024-06-17,2024-04-13,177.61,Ekart
,3296,3296,2024-10-09,2025-04-27,333.69,DTDC
,3297,3297,2025-05-30,2025-07-24,480.22,Blue Dart
,3298,3298,2024-07-03,2024-12-25,93.31,Delhivery
,3299,3299,2024-03-13,2025-12-12,334.69,Ekart
,3300,3300,2025-03-01,2024-03-14,209.39,Blue Dart
,3301,3301,2024-08-25,2024-09-11,205.76,Ekart
,3302,3302,2024-01-31,2025-01-14,96.53,Delhivery
,3303,3303,2024-05-09,2025-12-18,244.46,Delhivery
,3304,3304,2024-01-16,2025-01-05,161.09,Blue Dart
,3305,3305,2025-11-21,2025-05-02,398.46,DTDC
,3306,3306,2024-01-06,2024-12-26,126.67,Delhivery
,3307,3307,2025-01-14,2024-05-07,61.25,DTDC
,3308,3308,2024-03-26,2025-04-26,423.28,Ekart
,3309,3309,2025-09-08,2024-04-23,103.33,Blue Dart
,3310,3310,2024-05-19,2024-07-03,287.14,DTDC
,3311,3311,2025-03-21,2024-10-12,57.96,Delhivery
,3312,3312,2024-02-29,2025-02-08,139.22,Blue Dart
,3313,3313,2024-08-04,2024-10-15,568.55,Ekart
,3314,3314,2024-12-06,2025-12-24,259.89,Blue Dart
,3315,3315,2024-05-31,2025-12-14,347.4,Blue Dart
,3316,3316,2024-04-03,2024-08-09,86.27,Ekart
,3317,3317,2024-11-26,2025-09-02,377.57,Ekart
,3318,3318,2024-01-16,2024-01-31,256.98,DTDC
,3319,3319,2025-12-15,2025-08-13,397.31,DTDC
,3320,3320,2024-06-26,2024-12-13,296.9,DTDC
,3321,3321,2025-04-18,2025-09-21,104.47,Delhivery
,3322,3322,2024-09-06,2025-11-15,512.74,Blue Dart
,3323,3323,2024-03-11,2024-02-06,511.66,Blue Dart
,3324,3324,2025-10-15,2025-10-14,571.9,Blue Dart
,3325,3325,2024-07-23,2024-11-28,340.53,Ekart
,3326,3326,2024-04-23,2025-02-02,124.94,Delhivery
,3327,3327,2025-11-22,2025-07-21,291.52,DTDC
,3328,3328,2025-11-12,2024-03-16,150.51,Delhivery
,3329,3329,2024-11-17,2024-09-29,41.08,Blue Dart
,3330,3330,2025-10-20,2025-02-18,97.26,Ekart
,3331,3331,2024-03-15,2025-08-12,59.82,Delhivery
,3332,3332,2025-12-04,2024-05-06,247.58,Ekart
,3333,3333,2025-05-06,2025-12-16,421.34,Ekart
,3334,3334,2025-10-16,2024-10-30,591.01,Blue Dart
,3335,3335,2025-09-18,2025-08-14,201.26,Delhivery
,3336,3336,2025-11-05,2024-05-12,189.38,Blue Dart
,3337,3337,2025-03-13,2025-10-15,106.46,Ekart
,3338,3338,2024-04-14,2025-03-11,588.65,DTDC
,3339,3339,2025-12-05,2025-06-30,473.41,Delhivery
,3340,3340,2024-04-11,2025-07-14,58.4,Blue Dart
,3341,3341,2024-08-30,2025-01-25,209.28,Ekart
,3342,3342,2025-02-06,2025-09-14,461.88,DTDC
,3343,3343,2024-01-11,2025-09-24,268.17,Ekart
,3344,3344,2024-08-23,2025-10-17,103.4,DTDC
,3345,3345,2024-10-09,2024-05-29,73.75,DTDC
,3346,3346,2024-11-23,2025-10-14,512.94,Blue Dart
,3347,3347,2025-03-23,2024-06-27,228.9,Delhivery
,3348,3348,2025-01-19,2024-01-19,505.65,Delhivery
,3349,3349,2024-02-20,2025-01-27,410.76,DTDC
,3350,3350,2024-01-09,2025-03-17,456.67,Ekart
,3351,3351,2024-05-18,2025-03-28,53.38,Ekart
,3352,3352,2024-12-15,2024-04-13,367.77,DTDC
,3353,3353,2025-11-26,2025-04-05,80.87,Ekart
,3354,3354,2025-06-24,2024-02-10,484.41,Ekart
,3355,3355,2025-01-03,2024-08-04,359.52,Delhivery
,3356,3356,2024-06-26,2025-08-30,407.39,DTDC
,3357,3357,2025-02-21,2024-06-26,527,DTDC
,3358,3358,2025-05-25,2024-04-03,346.29,Blue Dart
,3359,3359,2025-11-09,2024-09-14,284.65,Ekart
,3360,3360,2024-01-23,2024-12-18,402.87,Delhivery
,3361,3361,2025-05-09,2024-10-14,290.96,Blue Dart
,3362,3362,2024-11-17,2024-04-26,496.28,Delhivery
,3363,3363,2024-03-30,2025-09-07,196.35,Blue Dart
,3364,3364,2024-01-23,2024-06-03,380.22,DTDC
,3365,3365,2025-04-20,2024-06-27,545.4,Ekart
,3366,3366,2024-02-12,2024-10-03,129.96,Delhivery
,3367,3367,2025-05-27,2024-08-05,599.64,DTDC
,3368,3368,2024-03-05,2024-03-08,191.68,DTDC
,3369,3369,2025-11-29,2024-02-01,177.9,Delhivery
,3370,3370,2024-07-30,2024-06-02,110.1,Ekart
,3371,3371,2024-06-08,2024-06-09,213.97,DTDC
,3372,3372,2025-06-07,2025-10-05,506.07,DTDC
,3373,3373,2024-01-10,2024-10-28,516.37,DTDC
,3374,3374,2025-05-13,2024-06-21,448.98,Delhivery
,3375,3375,2024-12-06,2024-09-16,483.69,DTDC
,3376,3376,2025-03-15,2025-08-17,63.66,DTDC
,3377,3377,2025-01-25,2025-03-21,168.67,Blue Dart
,3378,3378,2024-04-16,2024-11-09,437.96,DTDC
,3379,3379,2024-11-04,2024-03-03,350.81,Delhivery
,3380,3380,2024-07-31,2024-02-01,418.14,DTDC
,3381,3381,2024-04-23,2025-07-18,92.01,Blue Dart
,3382,3382,2025-04-08,2024-05-23,388.49,Blue Dart
,3383,3383,2024-08-21,2024-07-28,297.01,Delhivery
,3384,3384,2024-08-23,2025-06-14,57.58,DTDC
,3385,3385,2025-06-17,2025-05-26,393.66,Blue Dart
,3386,3386,2025-01-15,2025-08-03,466.48,Delhivery
,3387,3387,2024-10-21,2025-04-05,74.84,DTDC
,3388,3388,2024-09-21,2024-05-11,143.49,Delhivery
,3389,3389,2025-10-17,2025-11-25,578.35,DTDC
,3390,3390,2024-01-22,2025-07-16,175.85,DTDC
,3391,3391,2024-07-15,2024-03-21,40.09,Blue Dart
,3392,3392,2025-10-14,2025-04-08,271.43,Delhivery
,3393,3393,2024-10-02,2025-05-29,427.45,Ekart
,3394,3394,2025-03-17,2025-03-26,57.92,Delhivery
,3395,3395,2025-03-06,2024-08-29,422.84,Delhivery
,3396,3396,2025-06-19,2024-03-03,308.35,Delhivery
,3397,3397,2025-10-01,2024-01-29,449.38,DTDC
,3398,3398,2024-10-05,2024-03-09,256.97,DTDC
,3399,3399,2024-08-02,2024-11-12,344.27,Blue Dart
,3400,3400,2024-02-29,2025-12-20,570.47,Ekart
,3401,3401,2025-08-17,2024-06-03,46.74,Blue Dart
,3402,3402,2025-02-09,2024-10-22,543.55,Ekart
,3403,3403,2024-08-29,2024-01-13,436.12,Blue Dart
,3404,3404,2025-02-21,2024-08-31,100.65,Blue Dart
,3405,3405,2025-01-13,2025-01-07,326.14,Blue Dart
,3406,3406,2024-12-26,2025-01-28,43.01,DTDC
,3407,3407,2024-12-23,2025-08-15,469.61,Blue Dart
,3408,3408,2024-08-11,2025-04-17,140.37,Blue Dart
,3409,3409,2024-07-11,2024-06-25,582.85,Ekart
,3410,3410,2024-02-03,2025-05-13,564.44,Delhivery
,3411,3411,2024-01-18,2025-05-11,550.42,Blue Dart
,3412,3412,2025-08-18,2025-02-19,290.89,Ekart
,3413,3413,2025-10-28,2025-04-27,277.24,DTDC
,3414,3414,2025-01-05,2024-12-20,596.52,Delhivery
,3415,3415,2024-02-20,2025-02-15,182.48,Delhivery
,3416,3416,2024-08-23,2024-02-24,76.06,Blue Dart
,3417,3417,2025-01-11,2025-04-20,541.5,Delhivery
,3418,3418,2025-12-28,2024-09-21,92.95,Delhivery
,3419,3419,2024-10-20,2024-11-21,80.13,Delhivery
,3420,3420,2024-10-22,2026-01-01,171.43,DTDC
,3421,3421,2024-11-14,2025-08-05,309.75,Delhivery
,3422,3422,2024-07-07,2024-06-12,364.06,DTDC
,3423,3423,2024-02-17,2024-01-07,228.6,Blue Dart
,3424,3424,2025-07-26,2025-09-14,460.86,Blue Dart
,3425,3425,2024-10-04,2024-07-11,136.71,Ekart
,3426,3426,2024-10-30,2025-05-22,481.61,DTDC
,3427,3427,2025-08-16,2025-02-11,266.21,Delhivery
,3428,3428,2024-01-17,2025-01-02,346.38,DTDC
,3429,3429,2025-08-25,2025-12-26,482.69,Ekart
,3430,3430,2024-04-21,2024-07-26,100.05,Delhivery
,3431,3431,2025-06-19,2025-03-26,346.53,Blue Dart
,3432,3432,2024-11-06,2024-11-23,171.23,Ekart
,3433,3433,2025-11-05,2025-05-11,188.93,Blue Dart
,3434,3434,2024-12-27,2024-03-16,343.21,DTDC
,3435,3435,2024-09-04,2025-09-17,167.98,Blue Dart
,3436,3436,2025-04-29,2025-11-11,303.64,DTDC
,3437,3437,2024-11-01,2024-01-30,442.44,DTDC
,3438,3438,2025-03-15,2025-06-01,306.81,Blue Dart
,3439,3439,2024-09-21,2024-03-09,260.98,DTDC
,3440,3440,2024-01-07,2025-05-12,576.55,Blue Dart
,3441,3441,2025-01-15,2024-05-01,68.16,Delhivery
,3442,3442,2025-01-07,2024-08-20,255.7,DTDC
,3443,3443,2025-12-02,2024-12-15,265.95,DTDC
,3444,3444,2025-12-30,2024-04-02,103.67,DTDC
,3445,3445,2024-10-22,2025-07-12,342,Delhivery
,3446,3446,2024-03-18,2025-12-10,80.85,Ekart
,3447,3447,2024-09-06,2025-02-02,573.95,Blue Dart
,3448,3448,2025-09-12,2025-05-07,516.48,Delhivery
,3449,3449,2024-12-21,2025-02-15,595.82,Blue Dart
,3450,3450,2025-06-11,2025-04-12,442.58,DTDC
,3451,3451,2025-05-25,2024-08-11,84.07,Blue Dart
,3452,3452,2025-02-25,2025-02-13,599.18,Ekart
,3453,3453,2025-03-27,2024-01-26,105.38,Delhivery
,3454,3454,2025-08-18,2024-02-07,101.4,Delhivery
,3455,3455,2025-12-09,2025-03-12,224.92,Ekart
,3456,3456,2025-08-25,2025-07-29,170.1,Delhivery
,3457,3457,2024-04-20,2025-03-29,298.97,DTDC
,3458,3458,2025-04-09,2024-04-22,502.23,Delhivery
,3459,3459,2025-09-25,2025-01-01,103.94,Delhivery
,3460,3460,2024-07-17,2025-10-06,525.21,Ekart
,3461,3461,2025-11-14,2025-09-11,491.99,Blue Dart
,3462,3462,2024-06-14,2025-03-18,393.86,DTDC
,3463,3463,2024-09-19,2024-07-21,282.78,Blue Dart
,3464,3464,2025-09-04,2025-01-22,138.85,Ekart
,3465,3465,2025-09-16,2024-12-09,283.9,DTDC
,3466,3466,2024-04-23,2024-04-13,248.21,Blue Dart
,3467,3467,2024-09-30,2024-12-10,331.18,Delhivery
,3468,3468,2025-02-01,2025-02-19,280,Delhivery
,3469,3469,2025-05-30,2024-05-27,439.57,Blue Dart
,3470,3470,2025-03-16,2024-08-29,184.12,DTDC
,3471,3471,2024-06-09,2024-11-12,88.1,DTDC
,3472,3472,2025-08-04,2025-01-28,342.87,Ekart
,3473,3473,2025-04-01,2024-12-13,581.39,DTDC
,3474,3474,2025-07-21,2024-01-07,535.51,Ekart
,3475,3475,2024-05-16,2025-08-20,598.9,DTDC
,3476,3476,2024-02-12,2025-05-31,392.14,Blue Dart
,3477,3477,2025-12-14,2024-07-05,205.72,Delhivery
,3478,3478,2024-10-29,2025-10-16,86.85,Blue Dart
,3479,3479,2025-04-27,2025-04-21,548.55,Blue Dart
,3480,3480,2024-12-14,2024-09-07,471.78,Ekart
,3481,3481,2024-05-02,2025-10-06,149.3,Delhivery
,3482,3482,2025-01-02,2025-05-07,436.28,Ekart
,3483,3483,2025-04-10,2024-04-02,111,Delhivery
,3484,3484,2024-09-30,2025-03-09,516.09,Delhivery
,3485,3485,2025-12-25,2025-09-24,461.84,Blue Dart
,3486,3486,2024-04-22,2025-12-20,504.02,Ekart
,3487,3487,2025-07-18,2025-04-18,126.15,DTDC
,3488,3488,2024-11-05,2024-06-15,320.26,DTDC
,3489,3489,2025-08-30,2024-01-09,40.38,Delhivery
,3490,3490,2024-02-20,2025-11-17,401.09,Ekart
,3491,3491,2024-07-19,2024-04-04,71.86,DTDC
,3492,3492,2025-08-28,2024-06-05,59.93,Ekart
,3493,3493,2025-07-02,2025-02-26,407.72,DTDC
,3494,3494,2024-03-05,2024-02-07,414.14,DTDC
,3495,3495,2024-02-11,2024-01-27,356.24,DTDC
,3496,3496,2025-11-12,2025-09-15,165.02,DTDC
,3497,3497,2024-10-24,2024-10-24,137.88,Delhivery
,3498,3498,2024-04-28,2024-02-02,299.84,DTDC
,3499,3499,2025-12-06,2025-03-29,285.33,Blue Dart
,3500,3500,2024-12-14,2025-10-19,209.13,DTDC
,3501,3501,2025-08-20,2025-02-16,574.13,Ekart
,3502,3502,2025-10-26,2024-01-06,550.57,Ekart
,3503,3503,2024-10-18,2024-09-26,371.22,Blue Dart
,3504,3504,2024-05-25,2024-08-09,544.26,Ekart
,3505,3505,2024-05-23,2025-05-06,369.28,DTDC
,3506,3506,2024-02-14,2025-12-11,379.36,Delhivery
,3507,3507,2024-12-01,2024-06-08,306.45,Blue Dart
,3508,3508,2025-12-06,2025-09-13,546.64,Delhivery
,3509,3509,2024-06-30,2025-09-16,50.42,Ekart
,3510,3510,2025-12-22,2024-03-02,216.8,Blue Dart
,3511,3511,2024-07-01,2025-08-17,246.03,Delhivery
,3512,3512,2024-01-26,2025-07-10,203.69,Ekart
,3513,3513,2025-05-18,2024-12-12,187.43,Delhivery
,3514,3514,2024-11-09,2024-04-27,484.73,DTDC
,3515,3515,2025-09-04,2024-07-08,53.7,DTDC
,3516,3516,2025-08-30,2024-11-18,552.86,Ekart
,3517,3517,2024-05-31,2025-10-15,322.94,DTDC
,3518,3518,2025-06-11,2025-08-24,476.82,Blue Dart
,3519,3519,2024-06-01,2024-07-17,599.68,Ekart
,3520,3520,2024-07-18,2024-10-25,534.16,Blue Dart
,3521,3521,2025-12-02,2025-02-11,400.18,Ekart
,3522,3522,2025-11-18,2024-01-09,320.07,Delhivery
,3523,3523,2025-11-09,2024-03-05,93.51,Blue Dart
,3524,3524,2024-11-13,2025-12-28,109.57,DTDC
,3525,3525,2025-02-17,2024-05-14,288.6,DTDC
,3526,3526,2024-05-27,2024-01-19,293.79,Blue Dart
,3527,3527,2024-07-09,2024-10-13,41.52,Blue Dart
,3528,3528,2024-11-14,2025-12-07,279.5,Blue Dart
,3529,3529,2025-11-08,2025-04-27,405.28,Ekart
,3530,3530,2025-10-12,2024-09-01,157,DTDC
,3531,3531,2025-02-04,2025-12-06,529.52,Blue Dart
,3532,3532,2025-07-13,2024-09-22,457.6,Blue Dart
,3533,3533,2024-10-23,2024-10-05,155.61,Blue Dart
,3534,3534,2024-04-12,2024-11-05,568.24,Ekart
,3535,3535,2024-08-16,2025-05-14,73.41,Ekart
,3536,3536,2024-05-16,2024-04-04,90.26,Blue Dart
,3537,3537,2024-04-27,2025-03-12,345.07,DTDC
,3538,3538,2025-10-13,2024-01-31,141.52,Blue Dart
,3539,3539,2025-12-16,2025-12-05,271.81,Blue Dart
,3540,3540,2024-12-27,2025-08-19,472.21,Ekart
,3541,3541,2025-02-16,2025-05-11,435.12,Blue Dart
,3542,3542,2024-12-27,2024-08-17,178.15,Blue Dart
,3543,3543,2025-10-07,2024-12-31,547.89,Ekart
,3544,3544,2024-11-08,2024-10-24,114.23,Ekart
,3545,3545,2025-03-19,2025-06-03,198.64,Delhivery
,3546,3546,2024-05-17,2025-04-07,308,DTDC
,3547,3547,2024-03-03,2024-05-28,327.58,Delhivery
,3548,3548,2024-02-28,2024-08-05,457.08,Ekart
,3549,3549,2025-08-29,2025-07-31,108.09,Blue Dart
,3550,3550,2025-10-13,2024-02-05,361.99,Ekart
,3551,3551,2025-11-05,2025-09-21,369.95,Blue Dart
,3552,3552,2025-06-13,2025-08-14,524.01,Delhivery
,3553,3553,2025-01-24,2025-06-30,50.27,DTDC
,3554,3554,2025-08-26,2024-03-19,581.3,Blue Dart
,3555,3555,2024-12-12,2024-11-14,414.03,Delhivery
,3556,3556,2024-01-17,2025-03-27,467.62,Ekart
,3557,3557,2024-01-17,2025-07-10,537.5,Delhivery
,3558,3558,2025-07-03,2024-10-31,324.38,Delhivery
,3559,3559,2025-12-30,2024-11-29,231.46,Delhivery
,3560,3560,2025-03-15,2024-03-26,251.24,Delhivery
,3561,3561,2025-03-24,2024-07-28,102.29,Blue Dart
,3562,3562,2024-07-24,2024-01-09,253.74,Ekart
,3563,3563,2024-02-13,2024-08-23,134.56,DTDC
,3564,3564,2024-05-19,2024-01-10,112.84,Blue Dart
,3565,3565,2025-06-07,2024-02-02,248.81,Ekart
,3566,3566,2025-02-21,2025-01-18,299.25,DTDC
,3567,3567,2025-07-11,2025-12-14,504.52,Delhivery
,3568,3568,2024-05-15,2024-10-01,475,DTDC
,3569,3569,2024-12-02,2025-05-26,208.11,DTDC
,3570,3570,2024-05-13,2024-04-17,339.89,DTDC
,3571,3571,2024-06-02,2025-08-06,568.38,DTDC
,3572,3572,2024-08-14,2024-01-13,122.47,Ekart
,3573,3573,2025-07-26,2024-09-01,593.43,Blue Dart
,3574,3574,2024-12-07,2025-01-28,310.27,DTDC
,3575,3575,2024-09-12,2024-03-08,346.73,Blue Dart
,3576,3576,2025-09-11,2024-07-04,127.09,Delhivery
,3577,3577,2025-05-19,2025-09-25,70.55,DTDC
,3578,3578,2025-02-19,2024-11-02,51.22,DTDC
,3579,3579,2025-01-06,2024-02-18,172.75,Blue Dart
,3580,3580,2025-02-13,2025-10-30,508.02,Ekart
,3581,3581,2024-04-18,2024-01-21,381.72,Delhivery
,3582,3582,2024-11-03,2024-03-23,96.92,Delhivery
,3583,3583,2025-12-14,2025-08-18,395.01,DTDC
,3584,3584,2025-07-26,2024-03-22,73.77,Blue Dart
,3585,3585,2025-10-27,2026-01-03,40.03,Ekart
,3586,3586,2024-03-29,2025-05-06,505.53,Blue Dart
,3587,3587,2024-03-24,2025-10-30,133.85,DTDC
,3588,3588,2024-06-09,2025-08-29,452.27,Delhivery
,3589,3589,2024-05-28,2024-09-01,538.19,Ekart
,3590,3590,2025-05-07,2024-11-20,153.77,DTDC
,3591,3591,2024-03-07,2024-07-23,221.43,Blue Dart
,3592,3592,2025-09-22,2025-03-18,364.62,Ekart
,3593,3593,2024-06-15,2024-11-05,257.64,Ekart
,3594,3594,2025-01-12,2025-09-12,354.46,Delhivery
,3595,3595,2025-03-18,2024-04-07,56.19,Blue Dart
,3596,3596,2025-04-22,2024-07-01,416.84,Blue Dart
,3597,3597,2024-10-28,2025-08-24,414.43,Blue Dart
,3598,3598,2024-01-24,2025-12-29,77.73,Delhivery
,3599,3599,2024-12-28,2025-04-05,404.42,DTDC
,3600,3600,2025-11-23,2024-05-26,155.2,Blue Dart
,3601,3601,2024-08-07,2025-06-21,436.41,Delhivery
,3602,3602,2025-09-13,2024-10-31,132.32,DTDC
,3603,3603,2024-08-01,2024-03-22,135.05,DTDC
,3604,3604,2025-12-01,2024-10-04,395.5,Delhivery
,3605,3605,2024-12-01,2024-10-21,217.95,Blue Dart
,3606,3606,2025-12-18,2024-09-27,447.88,DTDC
,3607,3607,2024-03-12,2025-07-13,315.66,Ekart
,3608,3608,2025-02-02,2024-01-22,77.91,DTDC
,3609,3609,2025-03-19,2024-10-20,566.97,Blue Dart
,3610,3610,2025-04-06,2025-09-16,567.16,DTDC
,3611,3611,2025-11-26,2024-08-28,385.66,DTDC
,3612,3612,2025-03-15,2024-06-26,263.13,DTDC
,3613,3613,2025-04-16,2025-10-20,524.87,Delhivery
,3614,3614,2024-02-25,2025-12-12,266.54,Blue Dart
,3615,3615,2024-10-07,2025-10-29,293.72,Ekart
,3616,3616,2025-10-06,2024-10-10,447.75,Ekart
,3617,3617,2024-02-06,2025-06-17,246.19,Ekart
,3618,3618,2024-01-17,2025-04-19,445.73,DTDC
,3619,3619,2025-05-01,2024-03-09,525.86,Ekart
,3620,3620,2024-03-10,2025-01-15,229.5,Delhivery
,3621,3621,2025-12-17,2025-03-17,426.28,Blue Dart
,3622,3622,2025-10-19,2025-11-08,162.29,Delhivery
,3623,3623,2024-06-29,2025-01-28,66.13,Delhivery
,3624,3624,2025-01-13,2026-01-02,171.93,Ekart
,3625,3625,2024-06-17,2025-10-11,168.19,Delhivery
,3626,3626,2024-05-31,2025-08-24,140.76,Delhivery
,3627,3627,2025-06-24,2024-09-08,112.82,Blue Dart
,3628,3628,2024-10-06,2024-07-25,538.64,DTDC
,3629,3629,2025-06-27,2024-12-28,113.51,DTDC
,3630,3630,2024-12-24,2024-06-19,354.62,Delhivery
,3631,3631,2025-05-27,2025-12-03,427.28,DTDC
,3632,3632,2024-11-05,2025-10-10,123.22,DTDC
,3633,3633,2025-09-21,2025-11-30,492,DTDC
,3634,3634,2024-06-05,2025-11-24,344.06,Ekart
,3635,3635,2025-01-22,2024-10-14,49.18,Blue Dart
,3636,3636,2025-10-10,2024-11-24,393.23,Ekart
,3637,3637,2025-03-15,2025-01-04,143.81,Delhivery
,3638,3638,2024-03-23,2025-07-22,399.27,Delhivery
,3639,3639,2024-07-27,2024-07-30,456.59,Blue Dart
,3640,3640,2025-11-18,2025-08-19,516.21,Delhivery
,3641,3641,2024-04-26,2025-10-04,96.08,Ekart
,3642,3642,2025-07-16,2024-03-23,305.65,Blue Dart
,3643,3643,2024-09-10,2024-07-16,374.04,Delhivery
,3644,3644,2024-11-29,2025-10-17,532.8,Delhivery
,3645,3645,2025-11-07,2025-12-07,66.82,Delhivery
,3646,3646,2024-08-06,2024-05-02,154.87,Ekart
,3647,3647,2024-01-13,2024-05-28,392.65,Ekart
,3648,3648,2024-10-17,2024-02-27,337.49,Ekart
,3649,3649,2024-05-25,2025-08-05,516.63,Delhivery
,3650,3650,2025-07-31,2025-03-03,201.4,Ekart
,3651,3651,2024-10-04,2025-07-01,367.1,Ekart
,3652,3652,2024-06-05,2026-01-04,64.54,DTDC
,3653,3653,2024-07-04,2025-08-28,482.96,Blue Dart
,3654,3654,2024-09-24,2025-10-04,55.39,Ekart
,3655,3655,2024-07-15,2025-12-07,325.24,Delhivery
,3656,3656,2025-03-24,2024-11-05,367.65,DTDC
,3657,3657,2024-01-31,2024-08-09,266.49,DTDC
,3658,3658,2024-02-29,2024-10-23,204.21,DTDC
,3659,3659,2025-06-02,2025-02-07,261.52,DTDC
,3660,3660,2024-12-23,2025-06-13,469.62,Blue Dart
,3661,3661,2025-01-15,2025-02-16,522.49,Ekart
,3662,3662,2024-06-27,2024-08-14,394.56,DTDC
,3663,3663,2025-12-24,2024-04-29,510.46,Ekart
,3664,3664,2025-09-06,2025-09-15,172.88,Ekart
,3665,3665,2024-01-01,2024-01-15,489.04,Delhivery
,3666,3666,2024-01-26,2024-08-05,235.36,DTDC
,3667,3667,2024-09-26,2024-09-07,338.77,Ekart
,3668,3668,2024-03-06,2025-05-17,423.06,DTDC
,3669,3669,2025-12-17,2024-10-12,451.63,Ekart
,3670,3670,2024-03-01,2024-08-10,271.65,Blue Dart
,3671,3671,2024-02-04,2024-01-28,198.44,Delhivery
,3672,3672,2024-06-27,2024-04-17,444.57,Delhivery
,3673,3673,2024-06-11,2024-06-14,241.44,Blue Dart
,3674,3674,2025-11-26,2025-04-21,401.3,Ekart
,3675,3675,2024-09-25,2025-03-01,125.91,DTDC
,3676,3676,2025-09-27,2026-01-01,163.94,DTDC
,3677,3677,2025-07-13,2024-04-03,342.15,DTDC
,3678,3678,2024-11-21,2025-07-09,80.82,Delhivery
,3679,3679,2024-08-22,2024-04-24,258.68,Blue Dart
,3680,3680,2024-03-21,2025-02-21,384,Delhivery
,3681,3681,2025-04-22,2024-11-17,277.74,Blue Dart
,3682,3682,2025-07-19,2025-12-24,565.03,Blue Dart
,3683,3683,2024-07-03,2025-04-19,381.18,DTDC
,3684,3684,2024-03-18,2024-09-01,572.43,Ekart
,3685,3685,2024-11-10,2024-05-08,242.02,Blue Dart
,3686,3686,2024-01-22,2024-08-13,359.27,Delhivery
,3687,3687,2025-04-14,2024-10-24,53.83,Delhivery
,3688,3688,2025-11-03,2025-09-09,590.03,Delhivery
,3689,3689,2024-07-21,2024-07-14,457.8,Delhivery
,3690,3690,2024-07-07,2024-09-06,264.26,Blue Dart
,3691,3691,2025-07-23,2024-06-04,417.73,Blue Dart
,3692,3692,2025-01-20,2024-01-18,261.04,Ekart
,3693,3693,2024-02-16,2024-03-01,131.38,DTDC
,3694,3694,2025-06-18,2025-01-10,169.8,Blue Dart
,3695,3695,2025-08-21,2024-05-20,567.74,DTDC
,3696,3696,2025-10-07,2025-12-04,322.82,Delhivery
,3697,3697,2025-05-19,2025-10-28,524.73,Blue Dart
,3698,3698,2025-12-11,2024-08-02,381.35,DTDC
,3699,3699,2025-09-03,2025-08-29,529.27,Blue Dart
,3700,3700,2024-11-08,2024-08-14,328.84,DTDC
,3701,3701,2024-09-15,2025-04-29,284.5,Ekart
,3702,3702,2024-07-03,2025-12-29,579.41,Ekart
,3703,3703,2025-05-20,2025-05-08,377.51,DTDC
,3704,3704,2024-09-20,2024-08-29,248.48,Blue Dart
,3705,3705,2024-02-12,2025-11-20,126.95,Ekart
,3706,3706,2024-05-14,2024-12-24,573.48,Delhivery
,3707,3707,2025-10-30,2025-10-17,505.85,DTDC
,3708,3708,2025-07-05,2024-05-03,140.14,Blue Dart
,3709,3709,2025-09-03,2025-06-01,125.28,Delhivery
,3710,3710,2024-11-01,2024-07-20,94.41,Delhivery
,3711,3711,2024-02-20,2025-11-07,218.57,Blue Dart
,3712,3712,2024-12-05,2024-04-23,143.98,DTDC
,3713,3713,2025-12-17,2025-11-25,78.62,DTDC
,3714,3714,2024-09-04,2025-06-27,423.03,Ekart
,3715,3715,2024-10-20,2024-05-19,129.83,Delhivery
,3716,3716,2025-11-07,2024-01-26,584.91,Blue Dart
,3717,3717,2025-05-26,2024-10-18,374.23,Delhivery
,3718,3718,2025-08-27,2024-09-13,91.97,DTDC
,3719,3719,2024-08-13,2024-09-24,325.96,Ekart
,3720,3720,2025-12-29,2024-08-10,571.7,Blue Dart
,3721,3721,2024-04-21,2024-05-19,581.27,Delhivery
,3722,3722,2025-08-20,2024-10-29,60.43,Ekart
,3723,3723,2025-05-24,2024-11-26,543.9,Ekart
,3724,3724,2025-09-20,2024-02-24,467.73,Ekart
,3725,3725,2024-06-19,2025-02-25,56.67,DTDC
,3726,3726,2024-12-31,2024-09-06,350.3,Ekart
,3727,3727,2024-05-18,2026-01-01,598.57,Ekart
,3728,3728,2024-11-19,2025-05-03,98.39,Ekart
,3729,3729,2025-02-21,2025-03-03,379.17,Delhivery
,3730,3730,2025-02-24,2024-07-24,177.03,Ekart
,3731,3731,2024-09-02,2024-06-29,338.28,Delhivery
,3732,3732,2024-12-06,2024-09-30,202.01,Ekart
,3733,3733,2025-02-18,2025-08-01,79.78,DTDC
,3734,3734,2025-01-15,2025-09-18,92.28,Blue Dart
,3735,3735,2025-12-13,2025-02-28,347.72,Delhivery
,3736,3736,2025-03-02,2024-04-29,457.12,Ekart
,3737,3737,2024-04-27,2025-05-22,80.5,Ekart
,3738,3738,2024-01-06,2025-03-03,521.61,DTDC
,3739,3739,2024-11-15,2024-02-18,179.89,Blue Dart
,3740,3740,2025-04-11,2025-09-09,386.94,Blue Dart
,3741,3741,2025-05-04,2025-05-05,412.12,DTDC
,3742,3742,2024-01-08,2024-12-21,276.02,Blue Dart
,3743,3743,2024-05-10,2024-07-08,103.81,Blue Dart
,3744,3744,2025-02-02,2025-07-23,331.84,DTDC
,3745,3745,2024-11-25,2025-12-20,460.8,Delhivery
,3746,3746,2024-09-14,2025-05-24,385.34,Blue Dart
,3747,3747,2024-08-29,2024-03-05,386.04,Ekart
,3748,3748,2025-03-29,2025-12-18,308.4,Ekart
,3749,3749,2025-12-17,2024-06-28,200.57,Delhivery
,3750,3750,2025-09-25,2025-01-25,445.78,DTDC
,3751,3751,2024-08-23,2024-02-04,386.58,Delhivery
,3752,3752,2025-11-14,2024-11-25,87.27,Ekart
,3753,3753,2024-03-21,2025-07-29,142.98,Delhivery
,3754,3754,2024-02-29,2024-03-29,511.33,Ekart
,3755,3755,2025-10-16,2025-04-22,438.83,DTDC
,3756,3756,2025-03-25,2025-04-29,66.15,Ekart
,3757,3757,2024-07-04,2025-04-24,305.06,Blue Dart
,3758,3758,2024-10-18,2025-03-18,597.04,Ekart
,3759,3759,2024-08-23,2025-06-02,342.88,Delhivery
,3760,3760,2024-03-29,2024-01-30,376.22,Blue Dart
,3761,3761,2025-10-04,2025-11-03,342.63,Blue Dart
,3762,3762,2024-06-10,2024-04-25,486.44,Delhivery
,3763,3763,2024-04-18,2025-10-17,597.98,Blue Dart
,3764,3764,2024-06-18,2024-10-07,557.36,DTDC
,3765,3765,2025-03-24,2024-06-23,353.27,DTDC
,3766,3766,2024-10-29,2024-07-31,523.4,DTDC
,3767,3767,2025-04-21,2024-12-09,257.94,Ekart
,3768,3768,2025-01-22,2025-02-09,219.35,Ekart
,3769,3769,2025-09-13,2025-09-18,415.26,Delhivery
,3770,3770,2024-02-13,2024-07-03,87.84,Ekart
,3771,3771,2024-06-26,2025-02-05,176.74,Ekart
,3772,3772,2024-06-03,2025-08-18,360.69,Delhivery
,3773,3773,2025-03-28,2025-04-27,511.52,Ekart
,3774,3774,2024-11-08,2025-07-15,221.09,Ekart
,3775,3775,2025-10-17,2024-05-22,546.55,Ekart
,3776,3776,2025-11-12,2024-04-19,166.84,DTDC
,3777,3777,2025-06-09,2024-07-18,497.82,Delhivery
,3778,3778,2024-12-05,2024-01-11,154.71,Ekart
,3779,3779,2025-08-11,2025-07-23,588.74,Ekart
,3780,3780,2024-06-16,2025-11-27,479.69,Blue Dart
,3781,3781,2025-10-19,2025-06-17,343.33,Ekart
,3782,3782,2025-03-13,2025-08-20,364.42,Delhivery
,3783,3783,2025-06-16,2025-07-02,117.88,Blue Dart
,3784,3784,2024-11-09,2024-03-24,540.51,Blue Dart
,3785,3785,2024-06-02,2024-05-06,325.7,Blue Dart
,3786,3786,2024-07-22,2025-11-01,109.84,Blue Dart
,3787,3787,2024-03-26,2024-05-14,532.62,DTDC
,3788,3788,2025-08-25,2025-03-25,439.86,DTDC
,3789,3789,2025-08-23,2025-05-12,343,Ekart
,3790,3790,2024-03-26,2024-08-28,323.77,Blue Dart
,3791,3791,2024-12-20,2025-06-08,108.21,Ekart
,3792,3792,2024-10-20,2025-12-05,424.47,Blue Dart
,3793,3793,2024-09-04,2024-12-18,403.02,Ekart
,3794,3794,2024-11-19,2025-09-19,311.34,Delhivery
,3795,3795,2024-08-11,2024-01-20,345.57,Blue Dart
,3796,3796,2025-09-30,2025-09-16,393.69,Delhivery
,3797,3797,2024-09-12,2024-01-30,50.77,DTDC
,3798,3798,2025-08-08,2025-10-21,425.21,DTDC
,3799,3799,2024-10-20,2024-03-31,73.01,Delhivery
,3800,3800,2024-11-25,2025-11-03,381.18,DTDC
,3801,3801,2025-03-29,2024-07-23,192.5,DTDC
,3802,3802,2025-09-18,2025-06-16,79.27,DTDC
,3803,3803,2025-10-23,2024-12-27,413.95,Ekart
,3804,3804,2024-08-01,2025-10-15,84.59,DTDC
,3805,3805,2025-04-02,2025-08-28,365.87,DTDC
,3806,3806,2024-10-09,2025-12-13,40,DTDC
,3807,3807,2025-10-15,2025-09-28,428.83,Ekart
,3808,3808,2025-07-03,2025-03-30,370.04,Ekart
,3809,3809,2025-10-06,2025-09-27,274.41,Blue Dart
,3810,3810,2025-05-07,2024-11-18,270.59,Ekart
,3811,3811,2024-01-25,2024-09-19,281.37,Ekart
,3812,3812,2025-12-28,2024-03-17,575.11,DTDC
,3813,3813,2024-08-09,2025-12-08,493.44,Ekart
,3814,3814,2025-09-12,2024-01-28,533.84,Delhivery
,3815,3815,2024-10-23,2025-04-11,255.96,Ekart
,3816,3816,2025-02-14,2024-08-14,277.53,Blue Dart
,3817,3817,2024-04-04,2024-03-06,221.4,Ekart
,3818,3818,2025-03-29,2024-01-23,125.74,DTDC
,3819,3819,2025-10-20,2025-05-23,384.41,Delhivery
,3820,3820,2025-02-06,2024-10-25,102.56,Blue Dart
,3821,3821,2024-09-25,2024-12-05,91.96,Ekart
,3822,3822,2025-02-26,2024-05-29,493.76,Ekart
,3823,3823,2025-02-03,2025-09-14,190.89,Blue Dart
,3824,3824,2024-09-13,2024-02-03,318.48,Blue Dart
,3825,3825,2024-07-13,2025-10-03,392.75,Blue Dart
,3826,3826,2024-07-13,2025-06-07,592.92,Blue Dart
,3827,3827,2024-07-01,2024-12-17,508.43,Blue Dart
,3828,3828,2024-01-07,2025-12-01,494.7,Blue Dart
,3829,3829,2025-10-28,2025-10-07,589.74,DTDC
,3830,3830,2024-07-06,2024-10-15,263.17,Ekart
,3831,3831,2025-01-31,2025-11-21,559.79,Delhivery
,3832,3832,2025-09-16,2024-06-19,559.66,Delhivery
,3833,3833,2024-03-10,2025-01-25,413.47,DTDC
,3834,3834,2024-03-20,2025-12-30,540.74,Ekart
,3835,3835,2024-04-08,2024-12-03,453.06,Ekart
,3836,3836,2025-02-10,2024-04-21,281.07,DTDC
,3837,3837,2025-08-05,2025-02-02,315.54,Blue Dart
,3838,3838,2025-03-16,2024-09-07,112.13,Delhivery
,3839,3839,2024-09-12,2025-08-12,202.36,Blue Dart
,3840,3840,2025-04-04,2025-01-29,87.19,Delhivery
,3841,3841,2024-11-14,2024-05-08,424,Blue Dart
,3842,3842,2024-02-14,2024-06-27,114.73,Blue Dart
,3843,3843,2024-12-14,2025-06-03,501.45,Blue Dart
,3844,3844,2025-03-24,2024-07-15,145.59,Ekart
,3845,3845,2024-01-31,2025-12-10,348.1,Ekart
,3846,3846,2024-01-30,2025-04-04,577.8,DTDC
,3847,3847,2024-02-28,2024-07-31,93.9,Delhivery
,3848,3848,2025-11-19,2024-01-19,464.71,Delhivery
,3849,3849,2024-01-03,2024-06-01,150.18,DTDC
,3850,3850,2025-10-19,2024-08-22,579.7,Delhivery
,3851,3851,2025-08-18,2024-05-26,504.18,DTDC
,3852,3852,2025-11-30,2025-12-18,508.06,DTDC
,3853,3853,2025-10-03,2025-01-05,563.97,Ekart
,3854,3854,2025-04-20,2024-03-31,386.46,Blue Dart
,3855,3855,2025-11-26,2025-01-06,437.2,DTDC
,3856,3856,2024-01-30,2024-12-01,203.4,Delhivery
,3857,3857,2025-12-30,2025-07-31,126.82,Blue Dart
,3858,3858,2025-12-16,2025-08-10,571.89,Ekart
,3859,3859,2025-02-02,2024-02-10,281.81,Ekart
,3860,3860,2025-12-31,2024-08-06,249.33,Delhivery
,3861,3861,2024-06-21,2024-07-28,497.56,Delhivery
,3862,3862,2024-06-29,2024-07-02,433.73,DTDC
,3863,3863,2024-04-19,2024-12-15,311.41,Ekart
,3864,3864,2025-10-02,2025-11-26,242.71,Delhivery
,3865,3865,2024-10-23,2024-10-20,511.87,Blue Dart
,3866,3866,2024-11-13,2025-07-05,310.63,DTDC
,3867,3867,2025-07-11,2025-05-29,238.46,Ekart
,3868,3868,2025-05-25,2024-01-25,187.46,Blue Dart
,3869,3869,2025-12-15,2024-01-13,366.59,DTDC
,3870,3870,2025-01-21,2025-04-13,302.93,Blue Dart
,3871,3871,2024-07-20,2025-07-02,586.27,DTDC
,3872,3872,2024-03-18,2024-01-28,568.92,Delhivery
,3873,3873,2024-08-31,2025-11-30,568.54,Delhivery
,3874,3874,2024-03-14,2024-02-03,445.33,Delhivery
,3875,3875,2024-12-26,2025-09-06,194.12,Ekart
,3876,3876,2025-09-09,2024-12-05,147.56,Ekart
,3877,3877,2024-06-01,2025-10-31,118.55,Delhivery
,3878,3878,2024-09-06,2024-04-26,119.7,Delhivery
,3879,3879,2024-02-01,2025-02-21,135.91,Ekart
,3880,3880,2025-05-04,2025-12-06,514.26,Ekart
,3881,3881,2025-08-14,2025-05-19,214.92,Blue Dart
,3882,3882,2024-12-02,2025-04-20,362.34,Ekart
,3883,3883,2024-10-28,2025-10-19,268.01,DTDC
,3884,3884,2024-02-12,2025-04-09,264.55,DTDC
,3885,3885,2024-11-18,2024-08-23,368.65,DTDC
,3886,3886,2024-05-11,2024-12-11,543.67,Ekart
,3887,3887,2024-02-24,2024-08-08,199.95,Blue Dart
,3888,3888,2025-08-04,2024-03-23,520.43,Ekart
,3889,3889,2024-12-19,2024-03-27,506.64,Ekart
,3890,3890,2025-10-05,2024-11-25,303.85,Delhivery
,3891,3891,2024-01-30,2024-03-27,112.58,Delhivery
,3892,3892,2024-04-12,2025-02-20,451.66,Blue Dart
,3893,3893,2025-07-28,2026-01-01,345.33,DTDC
,3894,3894,2025-08-17,2024-03-20,422.62,Delhivery
,3895,3895,2024-07-31,2025-05-20,262.27,Ekart
,3896,3896,2025-08-21,2025-01-15,498.58,Delhivery
,3897,3897,2024-10-06,2024-12-04,362.91,Blue Dart
,3898,3898,2024-08-05,2024-06-21,225.73,Ekart
,3899,3899,2025-01-09,2024-07-22,248.43,Ekart
,3900,3900,2025-11-09,2025-02-06,372.48,Blue Dart
,3901,3901,2024-11-09,2025-02-04,256.32,Ekart
,3902,3902,2025-03-18,2024-01-16,191.19,DTDC
,3903,3903,2025-01-28,2025-09-12,190.04,Blue Dart
,3904,3904,2024-04-01,2024-06-28,426.61,Ekart
,3905,3905,2025-04-18,2025-03-16,105.26,Ekart
,3906,3906,2024-08-26,2025-09-07,577.27,DTDC
,3907,3907,2024-08-22,2025-04-14,192.12,DTDC
,3908,3908,2025-12-15,2026-01-02,253.93,Ekart
,3909,3909,2025-05-21,2025-01-24,291.6,DTDC
,3910,3910,2025-11-11,2025-08-03,465.13,DTDC
,3911,3911,2024-03-05,2025-01-28,172.96,Ekart
,3912,3912,2025-10-08,2024-11-16,333.64,DTDC
,3913,3913,2024-11-12,2024-06-03,513.23,DTDC
,3914,3914,2024-06-15,2024-04-20,127.43,Delhivery
,3915,3915,2025-07-08,2025-10-20,209.12,Ekart
,3916,3916,2024-09-05,2024-03-01,417.66,DTDC
,3917,3917,2024-09-24,2024-05-22,238.37,Ekart
,3918,3918,2025-10-30,2024-11-07,561.11,Ekart
,3919,3919,2025-02-17,2025-06-02,157.35,DTDC
,3920,3920,2024-09-15,2025-02-10,249.49,Blue Dart
,3921,3921,2024-05-22,2025-07-12,210.26,Blue Dart
,3922,3922,2024-09-14,2024-10-18,242.84,Delhivery
,3923,3923,2024-06-23,2025-01-28,61.79,Ekart
,3924,3924,2025-06-23,2024-08-18,230.89,Ekart
,3925,3925,2024-06-12,2025-04-13,52,Blue Dart
,3926,3926,2024-02-04,2025-08-29,44.56,Ekart
,3927,3927,2024-12-28,2025-08-23,327.84,Delhivery
,3928,3928,2024-09-28,2024-02-11,534.49,Blue Dart
,3929,3929,2024-07-27,2024-10-29,331.28,DTDC
,3930,3930,2025-11-23,2025-11-15,54.67,Ekart
,3931,3931,2024-08-31,2024-03-10,132.85,DTDC
,3932,3932,2025-09-10,2025-04-03,478.87,Blue Dart
,3933,3933,2025-08-09,2024-12-28,380.45,Blue Dart
,3934,3934,2025-12-24,2025-01-22,73.93,Ekart
,3935,3935,2024-10-17,2025-05-18,75.67,DTDC
,3936,3936,2024-10-07,2025-11-06,493.34,DTDC
,3937,3937,2025-10-27,2024-02-26,319.53,Ekart
,3938,3938,2025-02-21,2024-08-25,299.24,Delhivery
,3939,3939,2024-01-07,2025-10-09,363.18,Ekart
,3940,3940,2025-04-22,2025-12-11,343.98,Blue Dart
,3941,3941,2025-12-30,2024-03-19,196.9,Blue Dart
,3942,3942,2024-05-06,2024-12-14,588.31,DTDC
,3943,3943,2025-01-17,2025-03-14,415.46,Delhivery
,3944,3944,2025-12-03,2024-03-07,198.67,Blue Dart
,3945,3945,2024-12-05,2025-12-10,434.37,Ekart
,3946,3946,2024-05-01,2024-01-20,503.99,Blue Dart
,3947,3947,2024-10-25,2025-02-14,503.33,Blue Dart
,3948,3948,2024-08-25,2025-03-16,569.55,Delhivery
,3949,3949,2024-10-26,2024-12-12,218.18,Delhivery
,3950,3950,2025-10-05,2025-11-14,493.26,Ekart
,3951,3951,2024-11-21,2024-05-29,433.73,Delhivery
,3952,3952,2025-01-20,2025-04-04,300.45,DTDC
,3953,3953,2025-01-07,2024-06-10,180.58,Delhivery
,3954,3954,2024-02-12,2024-06-17,105.84,Ekart
,3955,3955,2025-08-18,2025-10-03,75.41,Ekart
,3956,3956,2024-09-12,2024-11-16,424.12,Ekart
,3957,3957,2025-03-28,2025-04-13,546.24,Blue Dart
,3958,3958,2024-05-27,2024-12-07,510.17,Ekart
,3959,3959,2024-01-13,2024-12-09,196.63,Ekart
,3960,3960,2024-10-17,2025-09-10,259.61,Ekart
,3961,3961,2024-08-26,2024-11-19,121.67,Blue Dart
,3962,3962,2025-02-02,2024-06-26,193.9,Blue Dart
,3963,3963,2025-05-04,2025-02-21,400.66,DTDC
,3964,3964,2024-08-06,2025-04-27,187.49,Delhivery
,3965,3965,2024-09-05,2024-03-16,63.86,Delhivery
,3966,3966,2025-08-04,2024-01-27,323.55,DTDC
,3967,3967,2025-06-03,2025-08-22,163.84,Ekart
,3968,3968,2025-10-17,2024-01-10,138.92,Ekart
,3969,3969,2025-07-05,2024-09-24,210.38,DTDC
,3970,3970,2025-03-19,2024-02-26,390.43,DTDC
,3971,3971,2025-09-04,2025-04-20,242.54,DTDC
,3972,3972,2025-02-15,2025-04-30,310.87,Blue Dart
,3973,3973,2024-05-03,2024-12-27,297.23,Blue Dart
,3974,3974,2024-06-19,2025-03-18,311.48,Ekart
,3975,3975,2024-01-21,2025-07-24,434.03,Ekart
,3976,3976,2024-11-12,2024-10-10,555.99,DTDC
,3977,3977,2024-06-29,2025-03-22,70.64,Blue Dart
,3978,3978,2025-12-06,2025-03-06,569.93,Ekart
,3979,3979,2025-06-17,2025-04-25,70.58,Blue Dart
,3980,3980,2025-12-04,2025-07-03,150.03,DTDC
,3981,3981,2024-09-26,2025-11-26,198.68,Blue Dart
,3982,3982,2025-06-03,2025-01-28,416.98,DTDC
,3983,3983,2024-05-13,2024-05-27,56.9,Delhivery
,3984,3984,2025-10-17,2024-04-20,369.8,Ekart
,3985,3985,2025-05-20,2024-08-26,363.47,DTDC
,3986,3986,2025-12-26,2024-12-16,150.8,Delhivery
,3987,3987,2024-12-18,2024-12-10,162.97,Delhivery
,3988,3988,2025-01-05,2025-08-14,328.16,DTDC
,3989,3989,2024-08-09,2024-06-09,57.83,Delhivery
,3990,3990,2025-03-09,2026-01-01,544.44,Delhivery
,3991,3991,2024-04-16,2024-12-15,424.54,DTDC
,3992,3992,2025-04-06,2024-12-23,284.25,Delhivery
,3993,3993,2025-11-03,2025-05-30,409.14,Blue Dart
,3994,3994,2024-02-28,2025-04-06,431.34,Delhivery
,3995,3995,2024-03-14,2024-04-03,408.62,Blue Dart
,3996,3996,2025-08-30,2024-07-27,375.32,Ekart
,3997,3997,2024-05-25,2024-07-05,528.29,Ekart
,3998,3998,2025-10-15,2025-03-24,310.74,Ekart
,3999,3999,2025-03-04,2025-01-01,284.57,Ekart
,4000,4000,2025-02-08,2024-02-08,129.18,Delhivery
,4001,4001,2024-11-09,2024-01-06,519.68,Ekart
,4002,4002,2024-06-14,2025-08-20,591.62,Ekart
,4003,4003,2025-05-11,2024-04-09,47.08,DTDC
,4004,4004,2025-10-11,2024-11-07,242.82,Blue Dart
,4005,4005,2025-01-05,2025-11-25,47.15,Delhivery
,4006,4006,2025-02-13,2025-11-28,197.38,Delhivery
,4007,4007,2025-10-20,2025-01-30,536.26,Ekart
,4008,4008,2025-02-18,2025-07-11,467.24,Ekart
,4009,4009,2025-02-24,2025-06-25,567.8,Ekart
,4010,4010,2024-10-02,2024-10-08,516.96,Ekart
,4011,4011,2024-12-04,2024-06-30,257.29,Delhivery
,4012,4012,2025-11-22,2024-08-29,124.27,DTDC
,4013,4013,2025-06-27,2024-05-28,574.89,Delhivery
,4014,4014,2024-12-09,2024-04-20,258.39,Ekart
,4015,4015,2025-07-26,2024-02-24,514.55,Delhivery
,4016,4016,2024-09-11,2025-11-15,125.97,Ekart
,4017,4017,2025-05-26,2025-12-12,157.81,DTDC
,4018,4018,2025-11-01,2025-02-20,178.56,Delhivery
,4019,4019,2025-06-03,2024-07-17,132.13,DTDC
,4020,4020,2024-04-09,2025-09-21,388.81,DTDC
,4021,4021,2024-08-20,2024-05-11,271.04,Blue Dart
,4022,4022,2025-09-14,2024-05-08,354.14,DTDC
,4023,4023,2024-03-28,2024-09-25,183.25,DTDC
,4024,4024,2024-09-24,2024-11-23,258.61,Blue Dart
,4025,4025,2024-01-19,2025-12-09,220.2,Ekart
,4026,4026,2024-05-17,2024-08-31,598.2,DTDC
,4027,4027,2025-07-06,2025-10-18,494.94,DTDC
,4028,4028,2024-01-29,2025-09-12,83.07,Ekart
,4029,4029,2025-04-29,2024-10-27,198.9,Blue Dart
,4030,4030,2025-06-16,2025-10-19,245,DTDC
,4031,4031,2024-11-28,2025-10-04,286.79,Blue Dart
,4032,4032,2025-01-07,2024-05-07,300.95,Blue Dart
,4033,4033,2024-12-28,2024-07-21,142.11,Blue Dart
,4034,4034,2025-04-30,2024-09-21,372.28,Blue Dart
,4035,4035,2024-01-16,2025-04-23,338.39,Delhivery
,4036,4036,2025-05-02,2025-08-29,327.16,Ekart
,4037,4037,2024-12-27,2025-11-25,520.69,Delhivery
,4038,4038,2024-04-17,2024-06-26,369.56,DTDC
,4039,4039,2024-06-30,2026-01-04,554.39,Delhivery
,4040,4040,2025-02-22,2024-05-14,99.84,DTDC
,4041,4041,2024-09-02,2025-03-26,61.02,Delhivery
,4042,4042,2025-03-23,2025-10-14,421,DTDC
,4043,4043,2024-10-22,2025-02-10,346.82,DTDC
,4044,4044,2025-07-01,2024-12-29,164.53,DTDC
,4045,4045,2025-06-16,2024-04-29,477.48,Ekart
,4046,4046,2025-08-28,2025-07-28,508.95,DTDC
,4047,4047,2025-11-23,2024-04-15,370.06,Blue Dart
,4048,4048,2025-08-19,2025-04-20,576.35,DTDC
,4049,4049,2024-05-07,2024-07-05,435.34,Blue Dart
,4050,4050,2024-08-19,2025-06-01,366.55,DTDC
,4051,4051,2025-03-05,2025-01-16,467.3,DTDC
,4052,4052,2024-12-28,2024-03-29,356.95,DTDC
,4053,4053,2025-07-21,2024-06-01,496.35,Ekart
,4054,4054,2025-08-13,2024-01-08,517.05,Ekart
,4055,4055,2024-06-24,2024-01-28,598.92,Blue Dart
,4056,4056,2024-10-06,2025-09-22,245.75,Ekart
,4057,4057,2024-10-04,2024-01-09,542.85,Delhivery
,4058,4058,2025-05-10,2024-06-23,123.29,Delhivery
,4059,4059,2024-01-20,2024-05-31,129.95,Ekart
,4060,4060,2024-04-24,2025-11-05,378.61,Blue Dart
,4061,4061,2024-07-25,2025-09-04,555.71,Delhivery
,4062,4062,2025-12-16,2025-08-25,292.35,Blue Dart
,4063,4063,2025-02-08,2025-07-21,101.85,Ekart
,4064,4064,2025-06-27,2025-11-03,69.48,Ekart
,4065,4065,2024-12-31,2024-10-27,245.31,Delhivery
,4066,4066,2025-04-14,2024-06-23,76.9,DTDC
,4067,4067,2025-01-18,2025-06-14,506.74,Blue Dart
,4068,4068,2025-04-03,2025-02-23,486.28,DTDC
,4069,4069,2024-06-22,2024-02-04,207.52,Delhivery
,4070,4070,2024-05-19,2025-10-29,372.96,DTDC
,4071,4071,2024-03-16,2025-06-27,405.71,DTDC
,4072,4072,2024-06-06,2024-05-28,564.54,Blue Dart
,4073,4073,2025-06-06,2025-10-17,590.97,DTDC
,4074,4074,2025-07-03,2024-01-09,346.37,DTDC
,4075,4075,2025-11-15,2024-07-08,48.45,Ekart
,4076,4076,2025-02-10,2025-08-13,421.79,Ekart
,4077,4077,2025-02-14,2024-01-30,540.29,Blue Dart
,4078,4078,2024-09-16,2024-09-08,571.81,Ekart
,4079,4079,2024-05-17,2025-10-20,408.81,Delhivery
,4080,4080,2025-01-02,2024-12-31,550.45,Delhivery
,4081,4081,2024-12-08,2024-11-27,99.07,DTDC
,4082,4082,2025-08-17,2025-02-19,398.18,Delhivery
,4083,4083,2025-04-18,2025-03-24,388.5,Blue Dart
,4084,4084,2024-07-31,2025-03-13,466.44,Ekart
,4085,4085,2025-07-01,2025-12-19,179.19,Ekart
,4086,4086,2025-06-04,2024-01-13,577.4,Blue Dart
,4087,4087,2025-07-30,2025-11-07,174.11,DTDC
,4088,4088,2025-03-26,2025-07-23,392.39,Blue Dart
,4089,4089,2024-02-24,2025-05-20,210.4,Blue Dart
,4090,4090,2024-08-09,2025-01-26,422.15,Ekart
,4091,4091,2024-04-22,2025-02-09,256.58,Ekart
,4092,4092,2024-01-02,2024-06-29,438.13,Blue Dart
,4093,4093,2024-06-15,2025-08-26,391.1,Delhivery
,4094,4094,2024-01-03,2025-03-16,130.13,Delhivery
,4095,4095,2024-09-30,2024-05-26,540.74,DTDC
,4096,4096,2025-10-15,2024-09-26,464.37,Delhivery
,4097,4097,2024-08-07,2025-04-13,231.64,Delhivery
,4098,4098,2025-02-01,2025-06-11,289.29,Blue Dart
,4099,4099,2024-05-09,2024-11-01,435.34,DTDC
,4100,4100,2024-05-01,2025-05-24,73.41,DTDC
,4101,4101,2024-11-23,2024-03-01,415.28,Ekart
,4102,4102,2024-08-21,2025-06-03,86.22,Ekart
,4103,4103,2024-07-22,2025-02-26,90.14,Delhivery
,4104,4104,2024-05-16,2025-04-08,541.17,Delhivery
,4105,4105,2025-07-12,2025-01-03,69.86,DTDC
,4106,4106,2025-07-03,2024-06-28,512.39,Delhivery
,4107,4107,2024-05-26,2025-03-26,63.33,Ekart
,4108,4108,2025-07-15,2024-06-26,492.8,Blue Dart
,4109,4109,2024-07-25,2024-05-12,81,Blue Dart
,4110,4110,2025-06-14,2025-06-14,187.82,Blue Dart
,4111,4111,2025-04-16,2024-09-03,258.51,Blue Dart
,4112,4112,2025-07-20,2024-03-14,529.48,Blue Dart
,4113,4113,2025-04-15,2024-07-14,335.99,Ekart
,4114,4114,2025-08-04,2024-05-26,440.09,Blue Dart
,4115,4115,2025-08-13,2025-06-15,301.22,DTDC
,4116,4116,2024-09-01,2025-04-03,114.72,Blue Dart
,4117,4117,2024-05-18,2025-02-10,347.62,Ekart
,4118,4118,2024-06-12,2025-02-18,493.29,Ekart
,4119,4119,2025-01-28,2024-06-11,173.17,Delhivery
,4120,4120,2024-02-11,2025-12-13,244.04,Blue Dart
,4121,4121,2024-08-18,2025-01-29,378.13,Ekart
,4122,4122,2025-08-21,2024-01-13,555.85,DTDC
,4123,4123,2024-07-24,2024-06-08,340.44,Delhivery
,4124,4124,2024-06-11,2024-10-13,187.73,Ekart
,4125,4125,2024-08-22,2026-01-03,70.68,Delhivery
,4126,4126,2024-05-16,2024-01-06,80.43,Blue Dart
,4127,4127,2025-03-18,2025-08-14,267.02,Delhivery
,4128,4128,2024-07-18,2025-10-18,433.31,Delhivery
,4129,4129,2025-09-06,2024-04-11,393.98,Delhivery
,4130,4130,2025-08-16,2024-11-16,399.15,Delhivery
,4131,4131,2025-06-27,2025-03-06,358.89,Ekart
,4132,4132,2024-12-19,2025-11-27,92.74,Ekart
,4133,4133,2024-09-27,2025-05-15,368.59,Delhivery
,4134,4134,2024-05-05,2025-03-31,371.49,Ekart
,4135,4135,2025-09-21,2024-05-25,224.05,Blue Dart
,4136,4136,2024-04-11,2025-11-18,90.67,Delhivery
,4137,4137,2025-09-02,2025-03-21,351,Delhivery
,4138,4138,2025-03-28,2024-06-08,423.44,Delhivery
,4139,4139,2024-06-21,2024-02-08,174.44,Ekart
,4140,4140,2024-07-05,2025-11-27,485.94,DTDC
,4141,4141,2024-12-10,2024-02-19,310.52,DTDC
,4142,4142,2024-06-16,2025-10-23,144.43,Ekart
,4143,4143,2024-06-29,2025-11-15,123.47,Blue Dart
,4144,4144,2025-09-18,2024-12-10,543.41,Blue Dart
,4145,4145,2025-05-03,2024-02-26,246.6,DTDC
,4146,4146,2025-03-08,2024-03-20,111.69,Delhivery
,4147,4147,2025-12-15,2025-07-03,581.61,DTDC
,4148,4148,2025-12-30,2025-04-20,481.89,Ekart
,4149,4149,2025-09-25,2024-11-24,60.82,Ekart
,4150,4150,2025-02-22,2025-10-28,434.3,Delhivery
,4151,4151,2024-10-16,2025-10-13,156.44,DTDC
,4152,4152,2025-07-18,2025-12-13,590.34,Blue Dart
,4153,4153,2025-06-07,2025-11-07,231.45,Delhivery
,4154,4154,2024-05-19,2024-01-14,461.25,Ekart
,4155,4155,2025-04-22,2025-04-10,284.29,DTDC
,4156,4156,2025-03-26,2025-04-20,289.36,Ekart
,4157,4157,2025-08-27,2025-02-26,516.31,Ekart
,4158,4158,2025-06-09,2024-12-09,270.23,DTDC
,4159,4159,2024-02-20,2024-09-05,375.28,Blue Dart
,4160,4160,2024-12-03,2025-04-19,478.13,Ekart
,4161,4161,2024-07-25,2024-09-23,132.68,Blue Dart
,4162,4162,2025-12-19,2025-11-07,456.83,Ekart
,4163,4163,2024-02-23,2025-06-17,196.77,DTDC
,4164,4164,2025-03-09,2025-11-25,417.6,Delhivery
,4165,4165,2024-01-22,2025-06-26,364.45,Ekart
,4166,4166,2024-04-14,2024-02-23,356.72,DTDC
,4167,4167,2024-11-22,2024-06-01,239.7,Blue Dart
,4168,4168,2024-12-02,2025-06-19,414.14,Delhivery
,4169,4169,2024-05-27,2024-11-15,67.27,DTDC
,4170,4170,2025-06-24,2025-03-17,447.73,Delhivery
,4171,4171,2024-05-01,2024-11-25,331,Ekart
,4172,4172,2024-01-16,2024-04-23,314.51,Delhivery
,4173,4173,2025-08-13,2025-02-14,554.92,DTDC
,4174,4174,2025-09-01,2025-09-07,248.3,DTDC
,4175,4175,2024-08-30,2024-11-23,499.81,DTDC
,4176,4176,2024-03-23,2024-11-10,111.53,Blue Dart
,4177,4177,2025-10-12,2025-05-01,405.51,Delhivery
,4178,4178,2024-01-13,2025-08-27,370.06,Delhivery
,4179,4179,2024-07-14,2025-04-29,238.55,Ekart
,4180,4180,2025-03-22,2025-02-09,191.93,Blue Dart
,4181,4181,2025-06-28,2024-07-21,541.01,Blue Dart
,4182,4182,2025-07-12,2024-11-08,336.77,DTDC
,4183,4183,2024-02-01,2025-09-14,289.33,DTDC
,4184,4184,2024-02-16,2024-12-27,479.37,DTDC
,4185,4185,2025-06-12,2024-05-18,168.62,Delhivery
,4186,4186,2025-05-13,2024-12-28,519.76,Delhivery
,4187,4187,2025-09-18,2025-09-13,220.99,DTDC
,4188,4188,2025-08-05,2024-05-29,377.21,DTDC
,4189,4189,2025-12-21,2024-10-31,317.51,Blue Dart
,4190,4190,2024-12-18,2025-12-15,116.26,Blue Dart
,4191,4191,2024-07-03,2025-08-30,535.86,Delhivery
,4192,4192,2025-04-11,2024-12-08,467.1,Ekart
,4193,4193,2024-10-21,2024-08-22,158.85,Blue Dart
,4194,4194,2025-06-12,2025-01-19,397.08,Ekart
,4195,4195,2025-02-09,2024-03-12,258.71,Delhivery
,4196,4196,2025-12-02,2025-09-06,314.68,Ekart
,4197,4197,2025-02-09,2025-03-10,414.31,Delhivery
,4198,4198,2025-04-19,2024-02-17,443.55,Blue Dart
,4199,4199,2024-08-22,2024-03-26,472.84,Ekart
,4200,4200,2025-10-06,2024-08-29,212.11,Ekart
,4201,4201,2025-01-06,2024-10-31,450.87,Ekart
,4202,4202,2024-10-30,2024-06-16,190.82,Ekart
,4203,4203,2025-06-12,2025-03-12,411.96,DTDC
,4204,4204,2025-07-27,2025-10-15,336.63,Blue Dart
,4205,4205,2025-02-27,2025-07-21,382.53,Ekart
,4206,4206,2025-09-12,2025-03-04,384.56,Ekart
,4207,4207,2025-12-28,2024-04-27,223.05,Blue Dart
,4208,4208,2025-10-22,2025-10-21,362.06,Blue Dart
,4209,4209,2025-08-31,2024-06-16,449.59,DTDC
,4210,4210,2025-10-08,2025-11-03,580.17,Ekart
,4211,4211,2024-09-18,2025-05-18,227.01,Blue Dart
,4212,4212,2024-01-02,2024-11-22,149.21,Ekart
,4213,4213,2024-09-28,2024-04-25,198.45,Blue Dart
,4214,4214,2025-12-21,2025-12-07,103.58,Ekart
,4215,4215,2024-07-04,2025-12-31,361.55,DTDC
,4216,4216,2025-12-16,2024-03-24,475.91,Ekart
,4217,4217,2025-10-08,2024-02-20,257.26,Ekart
,4218,4218,2025-08-23,2025-10-05,93.09,Delhivery
,4219,4219,2025-09-25,2025-03-26,383.63,Delhivery
,4220,4220,2024-01-06,2024-12-16,522.84,Ekart
,4221,4221,2025-08-15,2025-03-16,521.41,Delhivery
,4222,4222,2024-07-15,2025-02-16,276.44,Ekart
,4223,4223,2024-05-15,2024-02-24,124.27,Ekart
,4224,4224,2024-12-23,2024-07-19,442.51,Delhivery
,4225,4225,2024-07-15,2025-04-19,345.05,Blue Dart
,4226,4226,2025-05-17,2025-01-01,125.4,Delhivery
,4227,4227,2024-06-15,2026-01-01,530.92,Ekart
,4228,4228,2024-05-18,2024-10-30,534.79,DTDC
,4229,4229,2024-12-20,2024-05-06,233.3,DTDC
,4230,4230,2025-08-09,2025-10-24,358.86,Delhivery
,4231,4231,2024-06-10,2024-01-06,45.83,Ekart
,4232,4232,2024-11-11,2024-06-26,496.9,Delhivery
,4233,4233,2024-05-17,2024-05-25,399.3,Ekart
,4234,4234,2025-04-22,2024-10-17,142.67,Blue Dart
,4235,4235,2025-07-19,2025-01-15,557.11,Blue Dart
,4236,4236,2024-12-02,2024-02-02,88.44,Blue Dart
,4237,4237,2025-02-19,2025-07-19,270.17,DTDC
,4238,4238,2024-11-21,2024-12-04,518.39,Blue Dart
,4239,4239,2024-06-21,2025-02-26,287.98,Delhivery
,4240,4240,2025-07-27,2025-11-30,304.61,Delhivery
,4241,4241,2025-10-23,2025-07-11,383.95,Ekart
,4242,4242,2025-06-09,2024-12-25,111.84,Blue Dart
,4243,4243,2024-12-12,2024-07-27,229.27,Ekart
,4244,4244,2025-06-15,2025-07-11,89.05,Ekart
,4245,4245,2025-12-28,2024-01-10,372.39,Delhivery
,4246,4246,2024-09-02,2024-04-16,589.03,DTDC
,4247,4247,2025-10-21,2024-06-01,355.21,Ekart
,4248,4248,2024-11-08,2025-05-19,286.36,Delhivery
,4249,4249,2025-05-13,2025-08-28,333.31,Delhivery
,4250,4250,2024-12-21,2025-04-22,195.13,Delhivery
,4251,4251,2024-01-31,2024-06-27,488.24,Blue Dart
,4252,4252,2024-05-21,2024-11-05,180.76,Blue Dart
,4253,4253,2024-06-17,2024-11-05,506.94,Ekart
,4254,4254,2025-05-27,2025-01-03,225.31,DTDC
,4255,4255,2024-10-13,2025-10-12,386.05,DTDC
,4256,4256,2024-03-25,2024-07-25,405.51,Delhivery
,4257,4257,2024-08-10,2024-07-20,214.94,Blue Dart
,4258,4258,2025-01-27,2025-03-19,497.43,Delhivery
,4259,4259,2024-01-07,2025-02-17,346.09,Ekart
,4260,4260,2024-04-22,2025-05-26,53.49,Blue Dart
,4261,4261,2024-10-07,2024-05-08,368.1,Delhivery
,4262,4262,2024-03-15,2024-01-11,442.07,Ekart
,4263,4263,2024-07-16,2025-01-13,246.68,Delhivery
,4264,4264,2024-10-12,2024-04-04,417.31,Blue Dart
,4265,4265,2024-12-30,2025-12-12,357.09,Ekart
,4266,4266,2024-09-01,2025-11-20,599.74,Blue Dart
,4267,4267,2025-03-13,2024-02-27,576.94,DTDC
,4268,4268,2024-03-01,2025-04-21,424.4,DTDC
,4269,4269,2025-03-25,2024-03-19,538.59,DTDC
,4270,4270,2024-12-04,2025-06-11,441.49,Ekart
,4271,4271,2024-01-25,2025-04-02,570.98,Delhivery
,4272,4272,2024-09-25,2024-02-04,209.56,Blue Dart
,4273,4273,2024-02-29,2024-04-03,252.85,Ekart
,4274,4274,2025-09-04,2025-05-27,454.42,Delhivery
,4275,4275,2025-12-02,2024-08-23,100.01,Delhivery
,4276,4276,2025-05-12,2025-02-27,222.37,Ekart
,4277,4277,2025-05-29,2024-07-09,503.28,Ekart
,4278,4278,2024-11-09,2024-12-27,247.88,DTDC
,4279,4279,2024-10-22,2024-09-27,490.51,Ekart
,4280,4280,2025-09-18,2025-09-25,493.31,Blue Dart
,4281,4281,2025-05-28,2024-12-24,203.67,Ekart
,4282,4282,2025-06-16,2024-05-18,410.43,DTDC
,4283,4283,2024-01-17,2024-04-05,165.32,Delhivery
,4284,4284,2025-03-08,2024-08-11,313.35,Blue Dart
,4285,4285,2024-03-04,2024-01-21,568.63,Delhivery
,4286,4286,2024-09-23,2024-12-10,116.85,Ekart
,4287,4287,2024-02-04,2024-09-03,84.85,DTDC
,4288,4288,2024-06-08,2025-03-15,362.81,Ekart
,4289,4289,2025-02-09,2025-08-09,483.91,DTDC
,4290,4290,2024-09-03,2025-05-14,499.06,Delhivery
,4291,4291,2024-01-20,2025-03-30,398.73,Delhivery
,4292,4292,2024-10-20,2024-04-15,195.85,Blue Dart
,4293,4293,2025-08-28,2025-03-20,506.21,Delhivery
,4294,4294,2025-09-02,2024-02-22,160.78,Blue Dart
,4295,4295,2025-01-19,2024-06-09,167.15,DTDC
,4296,4296,2024-01-11,2024-04-10,180.93,DTDC
,4297,4297,2024-08-10,2024-11-28,407.14,DTDC
,4298,4298,2024-06-01,2025-12-18,419.3,Delhivery
,4299,4299,2024-10-09,2024-02-09,42.2,Delhivery
,4300,4300,2025-10-25,2024-01-18,170.68,DTDC
,4301,4301,2024-02-08,2025-01-25,588.86,DTDC
,4302,4302,2025-03-12,2025-10-26,586.05,DTDC
,4303,4303,2024-10-14,2025-02-01,314.6,Delhivery
,4304,4304,2024-09-08,2024-09-07,588.21,DTDC
,4305,4305,2024-07-12,2024-08-20,352.17,Delhivery
,4306,4306,2024-05-21,2025-01-23,219.95,Blue Dart
,4307,4307,2024-07-02,2025-06-10,468.17,Blue Dart
,4308,4308,2024-07-17,2024-10-21,152.63,Delhivery
,4309,4309,2025-10-10,2024-10-23,331.64,DTDC
,4310,4310,2025-03-05,2024-05-14,391.71,DTDC
,4311,4311,2025-09-23,2024-08-02,209.67,Blue Dart
,4312,4312,2024-04-01,2025-09-21,436.61,DTDC
,4313,4313,2024-03-19,2024-01-16,478.94,Ekart
,4314,4314,2025-07-11,2025-10-07,415.36,Blue Dart
,4315,4315,2024-08-04,2024-01-29,224.9,Blue Dart
,4316,4316,2024-09-23,2024-07-31,117.73,Delhivery
,4317,4317,2025-08-14,2025-07-01,59.26,Delhivery
,4318,4318,2025-10-11,2025-11-04,580.18,Delhivery
,4319,4319,2025-07-28,2025-06-09,235.4,Ekart
,4320,4320,2024-03-10,2025-04-28,370.6,Ekart
,4321,4321,2025-03-20,2025-11-16,202.88,Ekart
,4322,4322,2025-02-05,2025-01-12,43.91,DTDC
,4323,4323,2025-03-19,2024-02-19,530.16,Ekart
,4324,4324,2025-08-11,2025-11-22,576.84,Ekart
,4325,4325,2025-09-30,2024-02-08,135.63,Blue Dart
,4326,4326,2024-08-02,2025-12-13,493.14,Delhivery
,4327,4327,2025-09-10,2025-07-16,385.15,Delhivery
,4328,4328,2024-04-30,2025-12-25,200.97,Blue Dart
,4329,4329,2025-01-18,2025-11-13,111.87,Delhivery
,4330,4330,2025-07-21,2024-06-24,321.92,Delhivery
,4331,4331,2024-11-25,2025-06-05,531.7,Delhivery
,4332,4332,2024-09-14,2024-12-29,490.04,Blue Dart
,4333,4333,2025-08-01,2024-03-19,129.47,DTDC
,4334,4334,2025-03-25,2024-08-31,414.65,Delhivery
,4335,4335,2025-06-18,2024-11-06,69.55,Ekart
,4336,4336,2024-07-30,2025-05-12,497.73,Ekart
,4337,4337,2024-01-08,2024-10-18,204.29,Blue Dart
,4338,4338,2024-12-07,2024-07-06,350.19,Blue Dart
,4339,4339,2024-09-25,2025-06-05,216.68,Delhivery
,4340,4340,2024-10-11,2025-03-20,516.02,Delhivery
,4341,4341,2024-02-27,2025-12-21,428.02,DTDC
,4342,4342,2024-06-16,2024-02-05,435.51,Ekart
,4343,4343,2024-12-09,2025-05-30,145.81,Delhivery
,4344,4344,2024-05-03,2025-02-25,466.31,Delhivery
,4345,4345,2025-12-18,2025-04-21,303.74,Delhivery
,4346,4346,2025-03-04,2024-03-11,160.1,Delhivery
,4347,4347,2024-07-15,2025-02-15,178.73,Delhivery
,4348,4348,2025-04-25,2024-02-22,507.32,Ekart
,4349,4349,2024-05-27,2024-09-01,175.33,DTDC
,4350,4350,2024-05-26,2024-03-14,185.38,Blue Dart
,4351,4351,2024-10-07,2024-08-18,407.7,Delhivery
,4352,4352,2025-10-22,2025-09-18,387.66,DTDC
,4353,4353,2024-02-08,2024-06-08,441.46,DTDC
,4354,4354,2024-09-27,2024-11-21,545.06,DTDC
,4355,4355,2024-01-30,2025-05-03,528.27,Ekart
,4356,4356,2024-11-03,2025-12-20,592.43,Delhivery
,4357,4357,2024-05-31,2024-05-10,286.78,Blue Dart
,4358,4358,2024-03-24,2024-07-23,131.76,Blue Dart
,4359,4359,2024-06-24,2025-09-23,525.72,Delhivery
,4360,4360,2024-12-12,2024-08-27,509.49,Ekart
,4361,4361,2025-01-01,2024-05-25,85.5,Delhivery
,4362,4362,2024-03-02,2025-03-28,345.16,Blue Dart
,4363,4363,2024-01-31,2025-05-04,131.56,Delhivery
,4364,4364,2025-02-09,2024-12-30,578.42,DTDC
,4365,4365,2025-08-21,2024-07-12,386.35,Blue Dart
,4366,4366,2025-08-05,2024-03-22,73.06,Ekart
,4367,4367,2025-09-03,2025-08-08,89.62,Ekart
,4368,4368,2025-01-29,2025-05-01,217.42,Delhivery
,4369,4369,2025-02-11,2025-01-01,255.55,Blue Dart
,4370,4370,2024-10-08,2025-01-07,235.49,DTDC
,4371,4371,2025-09-21,2025-04-04,375.53,DTDC
,4372,4372,2025-04-03,2025-04-12,156.62,DTDC
,4373,4373,2024-07-26,2024-10-20,411.36,Ekart
,4374,4374,2025-07-05,2025-03-02,441,Ekart
,4375,4375,2025-06-18,2025-05-06,246.26,DTDC
,4376,4376,2025-04-23,2024-03-04,518.7,DTDC
,4377,4377,2024-03-16,2025-12-31,125.66,Blue Dart
,4378,4378,2024-09-17,2024-10-15,381.45,Delhivery
,4379,4379,2025-06-22,2024-03-22,268.86,Blue Dart
,4380,4380,2025-11-02,2024-11-03,568.44,Blue Dart
,4381,4381,2024-10-02,2024-07-08,375.38,Delhivery
,4382,4382,2025-03-26,2024-03-21,260.54,DTDC
,4383,4383,2025-12-18,2025-08-07,221.19,Ekart
,4384,4384,2024-11-28,2024-02-25,419.23,Ekart
,4385,4385,2025-10-08,2024-04-04,265.99,Blue Dart
,4386,4386,2024-05-10,2024-05-23,137.8,Delhivery
,4387,4387,2024-07-26,2025-08-07,285.35,Delhivery
,4388,4388,2024-08-30,2025-12-20,249.93,Blue Dart
,4389,4389,2024-03-10,2024-12-29,410.55,Blue Dart
,4390,4390,2025-09-27,2024-08-02,432.63,Delhivery
,4391,4391,2024-12-23,2025-08-15,447.59,Delhivery
,4392,4392,2025-10-10,2024-07-28,218.92,Ekart
,4393,4393,2024-11-16,2024-09-15,258.34,Delhivery
,4394,4394,2024-09-27,2025-10-13,70.81,Blue Dart
,4395,4395,2025-12-20,2024-02-16,41.31,DTDC
,4396,4396,2024-12-09,2025-04-29,127.98,Delhivery
,4397,4397,2024-12-09,2024-08-10,294.74,Ekart
,4398,4398,2024-05-05,2024-01-27,240.2,DTDC
,4399,4399,2024-08-21,2024-02-17,334.36,Blue Dart
,4400,4400,2024-01-27,2025-01-08,545.31,Delhivery
,4401,4401,2025-04-09,2025-11-12,433.93,DTDC
,4402,4402,2024-07-27,2025-03-09,251.67,DTDC
,4403,4403,2024-05-26,2024-11-04,584.44,Blue Dart
,4404,4404,2025-05-02,2025-08-13,276,Delhivery
,4405,4405,2025-04-21,2024-07-03,491.44,Delhivery
,4406,4406,2024-08-22,2025-09-01,272.85,DTDC
,4407,4407,2025-10-27,2025-02-26,387.44,Ekart
,4408,4408,2025-08-15,2025-06-18,195.87,Ekart
,4409,4409,2024-06-24,2025-10-08,118.86,Delhivery
,4410,4410,2025-09-08,2024-08-09,132.14,Delhivery
,4411,4411,2025-08-24,2025-07-03,510.2,Ekart
,4412,4412,2024-05-24,2024-10-28,266.84,Ekart
,4413,4413,2025-12-29,2024-08-12,218.4,DTDC
,4414,4414,2024-09-17,2024-05-22,356.25,DTDC
,4415,4415,2024-09-27,2025-02-07,542.66,Delhivery
,4416,4416,2025-12-05,2024-03-12,544.74,DTDC
,4417,4417,2024-09-29,2024-01-23,531.66,Blue Dart
,4418,4418,2024-02-15,2024-03-12,46.63,Delhivery
,4419,4419,2025-01-24,2024-11-12,446.26,Delhivery
,4420,4420,2025-05-17,2024-09-05,253.69,Blue Dart
,4421,4421,2025-01-30,2025-12-16,541.22,Blue Dart
,4422,4422,2024-08-13,2025-01-15,575.88,Ekart
,4423,4423,2025-09-14,2025-07-29,310.86,Ekart
,4424,4424,2024-01-02,2025-10-30,369.84,Delhivery
,4425,4425,2025-06-21,2025-09-16,577.71,Ekart
,4426,4426,2024-03-25,2025-10-15,81.04,Delhivery
,4427,4427,2025-04-02,2024-06-11,483.64,Blue Dart
,4428,4428,2025-01-09,2025-11-19,214.35,Blue Dart
,4429,4429,2025-10-26,2025-08-12,375.6,Delhivery
,4430,4430,2025-01-20,2024-11-02,444.94,DTDC
,4431,4431,2024-12-04,2024-12-04,287.95,Delhivery
,4432,4432,2024-12-07,2025-10-26,378.28,DTDC
,4433,4433,2025-12-02,2024-03-15,488.91,DTDC
,4434,4434,2025-07-16,2024-12-10,239.62,Blue Dart
,4435,4435,2024-05-25,2025-08-07,526.35,DTDC
,4436,4436,2025-04-14,2025-07-06,307.07,DTDC
,4437,4437,2025-11-14,2025-01-18,77.7,Blue Dart
,4438,4438,2025-10-24,2025-01-13,488.87,Delhivery
,4439,4439,2024-07-08,2024-01-16,140.2,Blue Dart
,4440,4440,2025-01-18,2025-03-13,441.91,Delhivery
,4441,4441,2025-12-30,2025-12-04,314.55,Delhivery
,4442,4442,2024-08-07,2024-01-13,553.57,Ekart
,4443,4443,2025-05-21,2025-05-09,197.91,Delhivery
,4444,4444,2025-04-09,2024-03-13,159.96,Delhivery
,4445,4445,2024-08-06,2025-07-18,185.13,Blue Dart
,4446,4446,2025-12-05,2025-01-23,492.78,Delhivery
,4447,4447,2025-03-12,2025-12-10,341.97,DTDC
,4448,4448,2024-03-08,2025-07-31,546.58,Ekart
,4449,4449,2024-01-28,2024-02-13,127.14,DTDC
,4450,4450,2025-05-21,2026-01-04,582.08,Delhivery
,4451,4451,2025-01-22,2025-01-20,352.65,Blue Dart
,4452,4452,2025-12-31,2025-11-06,385.19,Delhivery
,4453,4453,2025-11-19,2024-02-12,264.68,DTDC
,4454,4454,2025-05-06,2025-12-03,71.84,Delhivery
,4455,4455,2024-11-25,2025-11-22,407.7,DTDC
,4456,4456,2025-02-09,2024-04-22,417.4,DTDC
,4457,4457,2024-07-12,2025-10-15,116.78,DTDC
,4458,4458,2025-04-27,2025-06-18,478.73,Delhivery
,4459,4459,2025-01-01,2024-08-24,552.69,Blue Dart
,4460,4460,2025-08-08,2024-02-13,499.9,Ekart
,4461,4461,2024-06-06,2025-04-26,157.63,Delhivery
,4462,4462,2024-12-29,2025-01-11,566.24,Ekart
,4463,4463,2024-11-16,2025-11-09,338,Delhivery
,4464,4464,2024-06-23,2025-02-23,124.12,Delhivery
,4465,4465,2025-10-01,2024-05-21,82.6,Delhivery
,4466,4466,2025-10-24,2025-10-22,141.77,Ekart
,4467,4467,2025-05-30,2024-04-21,369.1,Ekart
,4468,4468,2025-04-21,2024-05-25,336.43,Blue Dart
,4469,4469,2024-08-07,2025-11-30,120.43,Ekart
,4470,4470,2024-06-28,2024-03-23,183.41,DTDC
,4471,4471,2024-04-06,2024-10-18,256.86,Ekart
,4472,4472,2024-11-12,2024-09-24,143.61,Blue Dart
,4473,4473,2025-05-19,2024-08-01,276.8,DTDC
,4474,4474,2024-11-07,2025-09-02,576.39,DTDC
,4475,4475,2024-02-23,2025-04-25,129.19,Blue Dart
,4476,4476,2024-06-25,2025-10-12,370.15,DTDC
,4477,4477,2024-06-12,2024-03-20,510.11,DTDC
,4478,4478,2024-03-26,2024-02-06,310.37,Ekart
,4479,4479,2024-05-07,2024-02-11,256.75,Ekart
,4480,4480,2024-06-13,2024-12-21,348.95,Ekart
,4481,4481,2025-07-23,2024-12-27,595.34,Ekart
,4482,4482,2025-06-01,2025-12-11,130.37,DTDC
,4483,4483,2024-11-21,2025-12-18,483.32,Delhivery
,4484,4484,2024-02-12,2025-01-10,304.57,Delhivery
,4485,4485,2025-09-22,2024-05-21,426.23,Delhivery
,4486,4486,2024-10-20,2025-07-12,483.51,Blue Dart
,4487,4487,2025-07-01,2024-06-15,230.38,Blue Dart
,4488,4488,2024-12-29,2024-03-26,448.62,DTDC
,4489,4489,2024-08-06,2024-10-11,177.34,Blue Dart
,4490,4490,2025-09-07,2024-09-15,237.12,Ekart
,4491,4491,2025-06-03,2024-05-24,263.79,DTDC
,4492,4492,2024-04-25,2024-04-08,282.65,Ekart
,4493,4493,2025-10-17,2024-05-22,413.24,Blue Dart
,4494,4494,2024-05-30,2024-07-02,257.69,Blue Dart
,4495,4495,2024-11-13,2024-07-09,177.88,Blue Dart
,4496,4496,2025-10-25,2025-06-01,400.3,DTDC
,4497,4497,2025-06-15,2024-12-06,506.65,DTDC
,4498,4498,2025-03-02,2025-11-29,104.94,Delhivery
,4499,4499,2025-05-16,2024-11-25,223.04,DTDC
,4500,4500,2025-12-18,2025-06-07,105.39,Delhivery
,4501,4501,2025-09-28,2025-11-03,480.88,DTDC
,4502,4502,2025-07-29,2024-12-15,361.34,DTDC
,4503,4503,2024-10-20,2025-07-15,447.17,DTDC
,4504,4504,2025-09-21,2024-01-27,173.39,Delhivery
,4505,4505,2025-10-17,2025-01-24,506.96,Delhivery
,4506,4506,2025-04-27,2024-03-12,429.27,Blue Dart
,4507,4507,2025-06-13,2024-02-13,85.91,Ekart
,4508,4508,2025-04-05,2025-10-20,45.79,Ekart
,4509,4509,2025-05-07,2024-03-30,216.91,Delhivery
,4510,4510,2024-05-11,2025-02-03,193.87,DTDC
,4511,4511,2025-07-21,2025-04-02,234.86,Blue Dart
,4512,4512,2025-10-28,2025-03-07,547.03,Ekart
,4513,4513,2024-03-02,2024-03-18,585.02,Blue Dart
,4514,4514,2024-10-11,2024-04-04,438.62,Blue Dart
,4515,4515,2024-10-12,2024-07-06,201.78,Blue Dart
,4516,4516,2024-01-15,2024-05-10,85.33,Blue Dart
,4517,4517,2024-11-23,2025-01-21,371.72,Ekart
,4518,4518,2025-04-01,2024-12-11,221.34,Blue Dart
,4519,4519,2025-09-02,2025-04-19,269.21,Delhivery
,4520,4520,2025-04-14,2025-01-15,517.62,Blue Dart
,4521,4521,2024-04-20,2025-12-14,322.98,Ekart
,4522,4522,2025-07-22,2025-05-09,272.33,Ekart
,4523,4523,2025-10-05,2024-11-13,494.71,Delhivery
,4524,4524,2025-02-04,2024-08-20,82.96,Blue Dart
,4525,4525,2024-04-26,2024-10-27,171.08,Blue Dart
,4526,4526,2024-11-26,2025-12-18,432.47,Delhivery
,4527,4527,2025-07-18,2024-10-19,395.99,Ekart
,4528,4528,2024-08-29,2024-02-21,124.98,Delhivery
,4529,4529,2025-03-20,2024-02-15,47.57,Ekart
,4530,4530,2024-06-22,2025-06-24,381.65,Delhivery
,4531,4531,2024-12-21,2025-03-09,290.41,DTDC
,4532,4532,2025-01-12,2025-02-15,297.57,Ekart
,4533,4533,2024-03-22,2025-04-26,171.15,DTDC
,4534,4534,2025-06-28,2025-02-28,319.06,Ekart
,4535,4535,2024-12-24,2024-12-14,188.65,Delhivery
,4536,4536,2024-02-06,2025-09-29,518.06,DTDC
,4537,4537,2025-09-14,2025-06-07,402.46,Blue Dart
,4538,4538,2024-08-13,2024-06-09,258.22,Ekart
,4539,4539,2025-02-22,2025-01-29,45.34,Blue Dart
,4540,4540,2025-11-24,2024-06-13,297.73,Blue Dart
,4541,4541,2025-08-02,2024-04-12,153.41,Delhivery
,4542,4542,2025-05-05,2025-03-18,575.94,Blue Dart
,4543,4543,2024-05-31,2024-07-24,520.14,DTDC
,4544,4544,2024-01-08,2024-04-25,457.66,Blue Dart
,4545,4545,2025-06-30,2025-03-04,352.93,Blue Dart
,4546,4546,2024-07-24,2024-03-09,130.49,Ekart
,4547,4547,2024-07-10,2024-11-29,381.12,DTDC
,4548,4548,2025-06-02,2025-02-22,481.48,Blue Dart
,4549,4549,2025-07-16,2025-07-08,286.13,Blue Dart
,4550,4550,2024-09-12,2024-05-20,101.09,Ekart
,4551,4551,2025-07-31,2025-07-20,219.58,Blue Dart
,4552,4552,2024-07-25,2024-09-10,528.03,Ekart
,4553,4553,2024-12-03,2024-05-22,559.93,Blue Dart
,4554,4554,2024-07-08,2026-01-01,176.9,Delhivery
,4555,4555,2024-08-26,2025-09-14,373.19,Delhivery
,4556,4556,2024-08-07,2025-11-25,473.37,Ekart
,4557,4557,2025-05-13,2025-05-25,92.32,Blue Dart
,4558,4558,2025-06-30,2024-09-09,225.72,Blue Dart
,4559,4559,2024-10-27,2024-04-18,512.06,Ekart
,4560,4560,2024-09-16,2025-07-18,47.68,DTDC
,4561,4561,2024-04-21,2024-08-03,427.2,Ekart
,4562,4562,2025-04-25,2025-10-21,297.47,DTDC
,4563,4563,2024-02-24,2025-08-23,62.5,DTDC
,4564,4564,2025-12-08,2024-10-17,417.77,Ekart
,4565,4565,2025-01-19,2024-11-21,329.85,Delhivery
,4566,4566,2024-09-26,2025-11-14,75.5,DTDC
,4567,4567,2024-08-21,2024-10-02,135.32,Blue Dart
,4568,4568,2025-12-04,2024-12-24,185.09,DTDC
,4569,4569,2024-05-12,2024-03-29,566.74,Blue Dart
,4570,4570,2025-10-25,2025-07-19,487.19,Ekart
,4571,4571,2025-12-29,2025-03-18,300.28,Ekart
,4572,4572,2024-12-15,2024-10-28,543.18,Ekart
,4573,4573,2024-02-05,2024-05-30,233.48,Delhivery
,4574,4574,2024-04-07,2025-10-11,258.3,Ekart
,4575,4575,2025-02-10,2025-05-24,568.23,Delhivery
,4576,4576,2024-10-02,2024-06-05,508.45,Blue Dart
,4577,4577,2025-10-20,2025-12-15,411.39,DTDC
,4578,4578,2024-03-30,2025-10-17,224.89,Blue Dart
,4579,4579,2024-12-08,2025-04-26,424.87,Ekart
,4580,4580,2024-07-06,2025-01-30,462.62,DTDC
,4581,4581,2025-11-28,2025-03-07,44.47,Blue Dart
,4582,4582,2024-08-24,2024-06-29,191.32,Ekart
,4583,4583,2024-01-20,2024-01-19,419.4,Blue Dart
,4584,4584,2025-10-08,2025-06-25,123.6,Ekart
,4585,4585,2024-10-15,2024-04-09,549.31,Blue Dart
,4586,4586,2025-11-29,2025-10-15,325.82,Delhivery
,4587,4587,2024-03-06,2024-10-31,301,DTDC
,4588,4588,2024-04-01,2025-04-08,337.29,Blue Dart
,4589,4589,2024-10-13,2024-06-09,237.24,Blue Dart
,4590,4590,2024-07-26,2024-07-27,570.94,Delhivery
,4591,4591,2025-08-20,2025-08-05,57.56,Delhivery
,4592,4592,2025-04-06,2024-10-27,167.67,Delhivery
,4593,4593,2024-03-18,2024-07-16,110.2,DTDC
,4594,4594,2024-07-01,2025-12-06,564.67,Ekart
,4595,4595,2025-01-20,2025-04-08,317.26,Blue Dart
,4596,4596,2025-03-04,2024-06-16,426.62,Blue Dart
,4597,4597,2024-01-28,2024-03-16,566.09,Blue Dart
,4598,4598,2025-05-22,2024-12-20,251.92,DTDC
,4599,4599,2024-08-13,2025-05-23,414.4,DTDC
,4600,4600,2024-02-08,2025-04-05,239.68,DTDC
,4601,4601,2025-08-10,2025-11-12,122.07,Blue Dart
,4602,4602,2025-12-19,2025-09-22,280.36,DTDC
,4603,4603,2025-03-21,2024-03-25,204.44,DTDC
,4604,4604,2025-07-15,2024-11-15,198.77,DTDC
,4605,4605,2024-02-20,2024-11-20,232.59,Blue Dart
,4606,4606,2025-04-07,2024-07-02,62.08,Ekart
,4607,4607,2024-02-06,2025-01-02,423.93,Ekart
,4608,4608,2025-10-31,2025-01-12,320.08,Blue Dart
,4609,4609,2024-01-12,2024-07-05,53.45,DTDC
,4610,4610,2025-06-14,2025-05-22,227.6,DTDC
,4611,4611,2025-06-27,2024-11-28,569.76,Blue Dart
,4612,4612,2025-09-28,2024-03-25,570.48,Delhivery
,4613,4613,2025-06-02,2024-06-24,237.71,Ekart
,4614,4614,2024-09-05,2024-10-18,93.62,Ekart
,4615,4615,2025-05-07,2024-02-01,422.32,Blue Dart
,4616,4616,2024-06-20,2025-01-14,134.8,Delhivery
,4617,4617,2025-09-30,2024-08-14,447.11,Ekart
,4618,4618,2024-09-10,2025-11-02,147.08,Blue Dart
,4619,4619,2024-10-16,2025-07-21,364.63,Ekart
,4620,4620,2025-05-24,2025-05-11,348.15,Blue Dart
,4621,4621,2025-09-30,2024-11-24,258.4,Blue Dart
,4622,4622,2025-07-22,2024-10-29,541.26,Delhivery
,4623,4623,2024-03-04,2025-09-21,115.4,Ekart
,4624,4624,2024-06-13,2024-10-30,467.63,Blue Dart
,4625,4625,2024-01-24,2024-04-03,143.02,DTDC
,4626,4626,2024-02-29,2024-03-04,506.91,DTDC
,4627,4627,2024-05-13,2024-04-20,479.22,DTDC
,4628,4628,2025-05-23,2024-08-29,67.13,DTDC
,4629,4629,2024-10-20,2025-09-22,80.79,Ekart
,4630,4630,2024-07-29,2025-07-14,396.86,Delhivery
,4631,4631,2025-04-10,2025-08-18,375.61,DTDC
,4632,4632,2024-01-11,2024-08-14,141.57,Blue Dart
,4633,4633,2024-04-02,2025-07-17,221.87,Blue Dart
,4634,4634,2025-04-25,2024-09-28,93.44,Delhivery
,4635,4635,2025-07-25,2025-07-21,200.64,DTDC
,4636,4636,2024-01-26,2024-05-18,313.28,DTDC
,4637,4637,2024-12-10,2025-12-27,389.27,Ekart
,4638,4638,2024-06-05,2024-12-11,303.93,Delhivery
,4639,4639,2025-06-02,2024-02-11,561.99,Blue Dart
,4640,4640,2024-06-15,2024-10-29,351.02,DTDC
,4641,4641,2024-11-12,2025-04-13,526.17,Ekart
,4642,4642,2024-02-11,2024-05-08,151.52,Delhivery
,4643,4643,2025-05-18,2025-11-25,430.65,Blue Dart
,4644,4644,2025-08-23,2024-05-08,485.72,DTDC
,4645,4645,2025-02-26,2025-04-26,202.93,DTDC
,4646,4646,2025-07-03,2025-03-08,573.61,Ekart
,4647,4647,2024-11-21,2025-10-07,499.93,Delhivery
,4648,4648,2024-10-25,2025-12-15,249.69,Ekart
,4649,4649,2025-06-28,2025-05-16,257.66,DTDC
,4650,4650,2024-03-07,2025-05-16,405.36,Ekart
,4651,4651,2024-07-22,2025-12-05,574.34,DTDC
,4652,4652,2025-07-03,2024-10-19,42.54,Delhivery
,4653,4653,2025-04-29,2024-03-28,344.29,Ekart
,4654,4654,2025-04-09,2025-01-24,460.63,Blue Dart
,4655,4655,2024-05-27,2024-09-25,362.63,Ekart
,4656,4656,2024-08-29,2025-04-04,570.8,DTDC
,4657,4657,2024-05-08,2025-02-19,150.48,Ekart
,4658,4658,2025-01-29,2025-05-08,225.29,Delhivery
,4659,4659,2025-11-20,2025-01-26,409.71,Ekart
,4660,4660,2024-02-04,2024-12-15,105.27,DTDC
,4661,4661,2025-07-25,2025-09-08,271.16,Ekart
,4662,4662,2024-10-27,2025-12-01,354.27,DTDC
,4663,4663,2025-07-19,2024-03-25,473.23,Delhivery
,4664,4664,2024-08-26,2024-09-28,100.71,Ekart
,4665,4665,2024-10-25,2025-12-18,368.3,Ekart
,4666,4666,2024-06-05,2024-09-30,448.65,Blue Dart
,4667,4667,2024-07-21,2025-06-04,479.13,DTDC
,4668,4668,2024-04-27,2024-10-02,307.98,DTDC
,4669,4669,2025-11-01,2024-08-02,517.8,DTDC
,4670,4670,2024-03-04,2025-08-30,326.05,Blue Dart
,4671,4671,2025-01-08,2025-04-09,528.04,Delhivery
,4672,4672,2024-10-27,2025-03-22,113.3,Blue Dart
,4673,4673,2024-02-06,2024-04-06,441.21,DTDC
,4674,4674,2024-05-04,2024-09-07,523.79,DTDC
,4675,4675,2025-10-25,2024-06-08,300.57,Delhivery
,4676,4676,2024-01-28,2025-02-25,313.24,Delhivery
,4677,4677,2025-06-30,2024-02-02,222.97,DTDC
,4678,4678,2025-10-28,2025-08-24,86.32,Blue Dart
,4679,4679,2025-05-23,2024-11-11,248.4,Delhivery
,4680,4680,2024-06-08,2025-03-06,268.49,Ekart
,4681,4681,2024-07-17,2025-08-04,430.05,Delhivery
,4682,4682,2025-03-25,2025-03-05,315.45,DTDC
,4683,4683,2025-04-18,2025-04-26,539.54,Delhivery
,4684,4684,2025-08-13,2024-08-11,267.74,DTDC
,4685,4685,2025-02-22,2025-10-27,316.43,Delhivery
,4686,4686,2024-01-08,2025-02-23,280.34,Blue Dart
,4687,4687,2024-07-24,2025-08-05,95.88,Delhivery
,4688,4688,2025-02-14,2025-09-18,408.55,Delhivery
,4689,4689,2025-08-02,2024-11-28,368.81,Ekart
,4690,4690,2025-09-17,2025-01-07,447.63,Blue Dart
,4691,4691,2025-04-08,2025-11-11,104.05,Ekart
,4692,4692,2025-11-24,2024-10-02,81.72,Ekart
,4693,4693,2025-11-25,2025-03-06,48.4,Ekart
,4694,4694,2024-06-02,2024-05-10,401,DTDC
,4695,4695,2024-08-20,2024-04-26,65.19,Blue Dart
,4696,4696,2025-04-26,2024-08-15,319.23,Delhivery
,4697,4697,2025-03-23,2024-01-28,318.79,Ekart
,4698,4698,2025-05-20,2024-05-09,429.93,DTDC
,4699,4699,2025-03-18,2025-03-29,536.55,Ekart
,4700,4700,2025-02-15,2025-02-09,387.69,Blue Dart
,4701,4701,2025-06-21,2025-10-04,567.83,Ekart
,4702,4702,2024-02-29,2024-10-11,351.43,Delhivery
,4703,4703,2024-06-28,2025-07-30,507.55,DTDC
,4704,4704,2025-05-29,2025-04-06,519.49,Ekart
,4705,4705,2024-01-01,2024-01-27,451.9,Blue Dart
,4706,4706,2025-10-30,2025-10-11,131.34,Ekart
,4707,4707,2025-10-26,2024-11-23,335.98,DTDC
,4708,4708,2025-05-25,2024-02-23,55.21,Delhivery
,4709,4709,2024-05-09,2025-05-19,89.78,Blue Dart
,4710,4710,2025-08-23,2025-02-01,490.29,Delhivery
,4711,4711,2025-01-31,2025-10-10,40.43,Ekart
,4712,4712,2025-07-14,2024-11-22,351.38,Delhivery
,4713,4713,2024-02-22,2025-08-28,586.94,DTDC
,4714,4714,2024-02-07,2024-11-28,49.47,DTDC
,4715,4715,2024-05-03,2024-07-17,561.34,Ekart
,4716,4716,2025-04-19,2024-03-18,547.96,Blue Dart
,4717,4717,2025-05-10,2024-03-13,210.97,Blue Dart
,4718,4718,2024-11-04,2024-05-19,285.78,Ekart
,4719,4719,2024-10-03,2024-09-15,468.91,Blue Dart
,4720,4720,2024-06-14,2024-08-26,300.94,Delhivery
,4721,4721,2024-04-16,2025-04-12,147.42,Ekart
,4722,4722,2024-04-15,2025-08-19,386.66,DTDC
,4723,4723,2025-08-07,2025-05-22,453.73,DTDC
,4724,4724,2024-03-19,2025-12-25,241.24,DTDC
,4725,4725,2025-07-06,2025-02-08,536.81,DTDC
,4726,4726,2025-01-21,2024-12-29,514.12,DTDC
,4727,4727,2024-12-05,2025-09-30,240.05,Ekart
,4728,4728,2025-11-22,2025-02-03,198.13,DTDC
,4729,4729,2025-11-05,2025-06-14,261.89,Ekart
,4730,4730,2024-05-05,2025-10-02,63.28,Ekart
,4731,4731,2024-03-31,2025-01-12,101.98,Delhivery
,4732,4732,2024-11-15,2024-06-12,66.56,Delhivery
,4733,4733,2025-05-11,2024-03-02,362.8,Blue Dart
,4734,4734,2025-07-30,2024-05-08,409.68,Blue Dart
,4735,4735,2025-12-23,2025-04-30,536.97,Ekart
,4736,4736,2025-01-27,2024-04-18,529.8,Ekart
,4737,4737,2024-03-20,2024-02-20,502.52,Ekart
,4738,4738,2024-06-14,2025-02-08,414.71,Blue Dart
,4739,4739,2024-02-29,2025-03-20,233.41,DTDC
,4740,4740,2024-06-12,2025-08-08,179.58,Blue Dart
,4741,4741,2025-04-22,2025-01-09,157.02,Blue Dart
,4742,4742,2025-12-28,2026-01-03,218.19,Ekart
,4743,4743,2024-07-10,2025-05-21,191.7,Ekart
,4744,4744,2024-04-09,2025-12-19,559.99,DTDC
,4745,4745,2024-08-05,2024-09-10,136.91,Ekart
,4746,4746,2024-06-22,2024-11-02,304.15,DTDC
,4747,4747,2025-05-13,2024-03-09,492.19,Ekart
,4748,4748,2024-10-11,2025-11-21,580.19,Blue Dart
,4749,4749,2024-04-15,2025-12-09,526.41,DTDC
,4750,4750,2024-11-19,2025-12-28,470.04,Blue Dart
,4751,4751,2025-10-22,2024-05-25,497.4,Blue Dart
,4752,4752,2025-10-06,2025-01-27,316.94,Delhivery
,4753,4753,2025-08-18,2024-03-25,317.65,Delhivery
,4754,4754,2025-03-19,2025-05-11,510.23,DTDC
,4755,4755,2024-08-27,2025-10-16,318.22,Blue Dart
,4756,4756,2025-03-09,2024-10-18,171.27,Blue Dart
,4757,4757,2024-11-25,2025-03-23,587.21,DTDC
,4758,4758,2025-02-12,2024-04-15,467.54,Delhivery
,4759,4759,2025-11-05,2025-09-22,374.69,Delhivery
,4760,4760,2025-03-23,2025-12-11,424.91,Blue Dart
,4761,4761,2024-03-12,2024-11-06,556.65,DTDC
,4762,4762,2025-02-24,2024-10-08,231.18,DTDC
,4763,4763,2024-10-13,2025-07-04,384.85,DTDC
,4764,4764,2025-06-12,2024-09-05,542.71,Blue Dart
,4765,4765,2025-06-28,2024-02-29,216.07,DTDC
,4766,4766,2024-01-27,2024-01-19,507.06,Delhivery
,4767,4767,2025-01-11,2024-11-19,46.61,Blue Dart
,4768,4768,2025-07-03,2025-05-17,231.11,Blue Dart
,4769,4769,2024-08-12,2024-08-29,272.38,Blue Dart
,4770,4770,2025-07-31,2024-02-29,260.55,Delhivery
,4771,4771,2025-05-23,2025-04-10,477.89,Blue Dart
,4772,4772,2025-01-25,2024-10-08,128.63,Ekart
,4773,4773,2025-01-10,2024-03-09,92.84,Blue Dart
,4774,4774,2025-09-21,2024-11-03,212.91,Delhivery
,4775,4775,2024-05-25,2024-10-25,120.06,Delhivery
,4776,4776,2024-10-31,2025-10-20,218.06,Ekart
,4777,4777,2024-10-16,2024-10-25,395.69,Ekart
,4778,4778,2024-09-09,2024-04-12,505.7,Ekart
,4779,4779,2025-10-12,2024-08-18,215.54,Blue Dart
,4780,4780,2024-08-15,2025-08-15,504.45,Delhivery
,4781,4781,2025-05-08,2025-04-23,464.05,Blue Dart
,4782,4782,2025-01-27,2024-07-29,244.48,DTDC
,4783,4783,2025-01-09,2024-06-17,452.14,DTDC
,4784,4784,2024-08-19,2024-05-12,288.43,DTDC
,4785,4785,2024-06-05,2024-01-29,187.27,Delhivery
,4786,4786,2024-06-06,2024-11-08,486.47,Blue Dart
,4787,4787,2025-09-16,2025-12-21,145.27,Ekart
,4788,4788,2025-11-07,2024-07-28,248.55,Ekart
,4789,4789,2025-01-25,2024-12-27,152.65,Delhivery
,4790,4790,2025-08-01,2024-02-26,318.7,Ekart
,4791,4791,2025-05-28,2025-11-16,377.28,Ekart
,4792,4792,2025-06-01,2025-10-29,67.55,DTDC
,4793,4793,2025-05-20,2024-11-08,104.42,DTDC
,4794,4794,2025-02-14,2024-04-13,287.78,DTDC
,4795,4795,2024-11-06,2024-06-20,536.67,Delhivery
,4796,4796,2024-06-09,2025-06-26,580.29,Ekart
,4797,4797,2024-12-25,2025-10-30,80.47,DTDC
,4798,4798,2024-10-09,2025-10-25,99.19,Blue Dart
,4799,4799,2024-04-22,2025-09-16,212.82,Delhivery
,4800,4800,2024-01-03,2025-01-26,88.1,DTDC
,4801,4801,2024-07-20,2024-09-25,249.6,Blue Dart
,4802,4802,2025-11-22,2024-09-26,339.23,DTDC
,4803,4803,2024-03-05,2024-02-17,261.85,Blue Dart
,4804,4804,2024-08-26,2025-10-28,144.89,DTDC
,4805,4805,2024-10-14,2025-12-01,407.06,Blue Dart
,4806,4806,2024-04-05,2025-08-21,587.44,Blue Dart
,4807,4807,2024-08-19,2024-01-22,293.92,DTDC
,4808,4808,2024-07-26,2024-10-11,254.9,DTDC
,4809,4809,2024-05-03,2025-04-05,426.44,Blue Dart
,4810,4810,2025-11-28,2025-05-31,187.14,Ekart
,4811,4811,2024-01-04,2024-05-02,396.7,Blue Dart
,4812,4812,2024-07-22,2025-01-14,92.8,Ekart
,4813,4813,2024-08-15,2025-02-08,149.85,Ekart
,4814,4814,2024-01-16,2024-04-19,359.93,Blue Dart
,4815,4815,2025-03-19,2024-10-30,90.97,Delhivery
,4816,4816,2025-04-05,2025-04-03,331.85,Ekart
,4817,4817,2025-08-03,2024-08-21,503.76,Ekart
,4818,4818,2025-01-04,2025-09-10,532.05,Delhivery
,4819,4819,2025-08-01,2024-06-14,116.83,Blue Dart
,4820,4820,2025-04-27,2025-04-26,173.65,Blue Dart
,4821,4821,2024-09-08,2025-07-09,537.9,Ekart
,4822,4822,2025-02-19,2025-04-25,587.38,Blue Dart
,4823,4823,2024-06-08,2025-07-30,297.51,DTDC
,4824,4824,2025-06-11,2025-02-08,412.4,Blue Dart
,4825,4825,2025-01-02,2025-07-26,399.4,Ekart
,4826,4826,2024-07-01,2025-06-17,304.95,Ekart
,4827,4827,2025-01-12,2025-02-20,139.55,Ekart
,4828,4828,2024-06-05,2024-07-27,297.6,Delhivery
,4829,4829,2024-10-17,2025-02-23,94.7,Ekart
,4830,4830,2025-05-10,2024-04-20,296.96,DTDC
,4831,4831,2025-03-31,2025-03-01,484.51,Delhivery
,4832,4832,2024-02-18,2024-02-05,472.86,Delhivery
,4833,4833,2025-08-14,2026-01-04,415.99,Blue Dart
,4834,4834,2024-01-28,2025-01-10,407.55,Delhivery
,4835,4835,2025-04-30,2025-01-30,266.04,Blue Dart
,4836,4836,2024-02-10,2024-03-31,568.56,Ekart
,4837,4837,2025-03-19,2025-06-19,404.23,Ekart
,4838,4838,2025-03-22,2024-04-29,234.66,Delhivery
,4839,4839,2025-08-22,2025-06-14,116.38,DTDC
,4840,4840,2024-03-13,2024-12-16,67.82,Blue Dart
,4841,4841,2025-08-03,2025-12-19,200.79,Delhivery
,4842,4842,2024-07-07,2024-10-07,457.86,Ekart
,4843,4843,2024-10-31,2025-11-06,408.49,Delhivery
,4844,4844,2024-12-27,2025-08-23,347.5,Blue Dart
,4845,4845,2024-10-16,2024-06-04,350.49,Ekart
,4846,4846,2025-06-30,2024-03-05,545.82,Delhivery
,4847,4847,2024-05-10,2024-09-09,340.87,Blue Dart
,4848,4848,2024-10-08,2025-02-23,56.55,Blue Dart
,4849,4849,2025-08-08,2025-06-10,166.08,Delhivery
,4850,4850,2025-12-29,2025-01-09,480.19,Blue Dart
,4851,4851,2025-11-13,2024-10-30,284.33,Delhivery
,4852,4852,2024-12-07,2025-07-29,109.42,DTDC
,4853,4853,2025-11-15,2024-01-06,329.01,DTDC
,4854,4854,2024-09-20,2024-11-22,166.99,Blue Dart
,4855,4855,2025-07-14,2024-06-24,497.69,Blue Dart
,4856,4856,2025-02-19,2025-11-26,361.75,DTDC
,4857,4857,2025-07-27,2025-04-22,232.52,Blue Dart
,4858,4858,2024-06-23,2024-10-13,441.49,Delhivery
,4859,4859,2025-11-24,2025-10-29,316.76,Ekart
,4860,4860,2025-07-25,2025-01-08,378.8,DTDC
,4861,4861,2025-02-11,2024-10-28,316.21,Delhivery
,4862,4862,2025-09-08,2024-05-12,254.2,Blue Dart
,4863,4863,2025-04-27,2024-05-04,365.47,DTDC
,4864,4864,2025-05-29,2025-11-25,273.89,Ekart
,4865,4865,2024-04-15,2024-01-21,83.03,Ekart
,4866,4866,2025-11-27,2025-07-31,254.95,Delhivery
,4867,4867,2025-01-10,2024-08-14,130.55,Ekart
,4868,4868,2024-12-03,2025-10-10,463.06,Ekart
,4869,4869,2025-11-16,2025-06-18,417.77,Delhivery
,4870,4870,2025-07-31,2024-06-28,471.19,Blue Dart
,4871,4871,2025-05-03,2025-10-14,392.5,DTDC
,4872,4872,2025-09-18,2025-08-08,190.15,Ekart
,4873,4873,2024-08-20,2024-07-02,273.66,Ekart
,4874,4874,2024-02-28,2024-12-27,323.83,Delhivery
,4875,4875,2024-06-06,2025-06-28,77.55,Blue Dart
,4876,4876,2024-04-05,2025-04-30,509.61,DTDC
,4877,4877,2024-09-18,2025-12-08,109.08,Ekart
,4878,4878,2024-03-02,2024-02-12,300.04,Ekart
,4879,4879,2025-01-31,2025-10-21,411.18,Blue Dart
,4880,4880,2024-08-21,2025-03-12,427.82,Delhivery
,4881,4881,2024-09-16,2025-10-13,76.69,Ekart
,4882,4882,2025-07-13,2025-09-22,542.29,DTDC
,4883,4883,2024-09-17,2024-07-01,186.07,Delhivery
,4884,4884,2024-05-12,2024-03-09,516.77,DTDC
,4885,4885,2025-03-16,2025-10-20,114.78,Blue Dart
,4886,4886,2024-07-25,2024-06-16,583.14,DTDC
,4887,4887,2025-06-07,2025-10-15,516.62,DTDC
,4888,4888,2025-10-12,2025-07-11,226.16,Blue Dart
,4889,4889,2024-06-14,2025-08-17,124.51,Ekart
,4890,4890,2024-07-20,2024-04-08,529.54,Ekart
,4891,4891,2025-01-11,2024-10-29,489.8,DTDC
,4892,4892,2024-10-23,2024-05-04,382.55,DTDC
,4893,4893,2025-01-18,2024-04-15,255.01,Ekart
,4894,4894,2025-09-28,2024-12-13,158.33,Delhivery
,4895,4895,2025-08-24,2025-06-20,131.73,Delhivery
,4896,4896,2024-08-28,2025-08-02,182.86,Ekart
,4897,4897,2024-06-01,2024-08-11,60.31,Blue Dart
,4898,4898,2025-06-27,2024-02-12,332.93,Blue Dart
,4899,4899,2025-03-15,2025-12-19,198.01,Ekart
,4900,4900,2025-06-26,2024-09-13,599.08,Ekart
,4901,4901,2024-07-01,2024-10-25,522.08,Blue Dart
,4902,4902,2025-02-06,2025-09-11,46.56,Delhivery
,4903,4903,2025-08-18,2024-04-11,579.46,Ekart
,4904,4904,2024-06-21,2025-06-26,130.95,DTDC
,4905,4905,2025-07-22,2024-08-31,56.67,Delhivery
,4906,4906,2025-05-31,2025-12-08,427.79,Ekart
,4907,4907,2024-08-11,2024-12-05,114.84,Delhivery
,4908,4908,2025-06-29,2024-12-14,122.54,Ekart
,4909,4909,2025-06-28,2025-04-24,575.17,Delhivery
,4910,4910,2025-03-10,2025-01-15,280.74,DTDC
,4911,4911,2024-01-09,2025-09-03,292.22,DTDC
,4912,4912,2024-08-10,2024-02-02,240.57,Blue Dart
,4913,4913,2024-12-20,2025-12-21,399.36,Ekart
,4914,4914,2025-05-20,2025-09-11,282.76,DTDC
,4915,4915,2025-03-12,2025-09-28,272.35,Delhivery
,4916,4916,2025-02-10,2025-09-18,491.56,DTDC
,4917,4917,2025-12-18,2025-01-05,248.15,Ekart
,4918,4918,2024-12-22,2025-06-12,427.58,Delhivery
,4919,4919,2025-01-15,2024-09-21,535.17,DTDC
,4920,4920,2024-05-22,2024-02-17,474.53,DTDC
,4921,4921,2025-03-18,2025-02-11,96.63,Blue Dart
,4922,4922,2025-02-24,2024-07-23,317.84,Delhivery
,4923,4923,2025-04-24,2024-05-03,155.97,Delhivery
,4924,4924,2024-11-20,2025-06-20,154.25,Delhivery
,4925,4925,2024-02-06,2025-07-30,245.98,Ekart
,4926,4926,2024-08-12,2025-12-19,499.15,DTDC
,4927,4927,2024-03-28,2025-10-26,499.25,Blue Dart
,4928,4928,2024-08-30,2024-10-14,108.32,DTDC
,4929,4929,2024-11-24,2024-06-29,301.18,Blue Dart
,4930,4930,2025-12-15,2024-11-29,379.13,Delhivery
,4931,4931,2024-04-26,2024-10-26,281.83,Ekart
,4932,4932,2024-08-26,2024-11-25,167.71,Delhivery
,4933,4933,2025-11-10,2024-06-02,252.03,DTDC
,4934,4934,2025-08-23,2024-09-03,262.86,Delhivery
,4935,4935,2025-02-25,2025-11-16,426.5,Delhivery
,4936,4936,2024-06-08,2026-01-03,91.79,Blue Dart
,4937,4937,2024-04-11,2024-02-11,518,Blue Dart
,4938,4938,2024-12-23,2025-04-01,154.52,Ekart
,4939,4939,2025-04-07,2025-12-01,440.52,DTDC
,4940,4940,2024-04-24,2025-11-10,488.27,Delhivery
,4941,4941,2024-07-26,2024-01-06,320.85,DTDC
,4942,4942,2025-10-03,2024-08-10,373.29,DTDC
,4943,4943,2025-06-26,2025-06-25,344.87,Ekart
,4944,4944,2024-02-24,2024-07-13,542.25,Delhivery
,4945,4945,2025-10-05,2024-11-17,92.52,Blue Dart
,4946,4946,2024-02-18,2025-07-20,92.27,Blue Dart
,4947,4947,2024-07-11,2024-11-25,440.58,Blue Dart
,4948,4948,2025-01-05,2025-04-17,470.16,Delhivery
,4949,4949,2025-04-15,2025-04-26,291.86,Blue Dart
,4950,4950,2025-10-26,2025-11-19,87.79,Blue Dart
,4951,4951,2025-12-24,2024-03-14,382.84,Delhivery
,4952,4952,2025-12-22,2025-01-14,106.96,Ekart
,4953,4953,2025-02-28,2025-08-01,155.43,Blue Dart
,4954,4954,2025-10-14,2024-11-26,410.87,Ekart
,4955,4955,2025-11-21,2025-05-02,543.34,Ekart
,4956,4956,2025-09-24,2025-07-14,167.98,DTDC
,4957,4957,2024-10-16,2024-06-29,244.25,Blue Dart
,4958,4958,2025-05-15,2025-06-21,477.01,Ekart
,4959,4959,2025-03-08,2025-09-14,299.91,Ekart
,4960,4960,2025-01-25,2024-05-11,313.52,Blue Dart
,4961,4961,2025-06-25,2024-06-12,178.07,Blue Dart
,4962,4962,2025-09-14,2024-12-27,419.42,Ekart
,4963,4963,2025-03-13,2025-09-15,107.06,DTDC
,4964,4964,2025-10-27,2025-07-19,326.82,Delhivery
,4965,4965,2024-07-28,2025-05-22,393.36,Ekart
,4966,4966,2024-08-11,2025-01-24,357.86,Blue Dart
,4967,4967,2024-05-27,2024-03-10,150.73,Blue Dart
,4968,4968,2024-09-21,2024-10-12,596.05,Delhivery
,4969,4969,2024-09-13,2024-06-19,138.07,Delhivery
,4970,4970,2024-02-02,2024-12-07,315.03,DTDC
,4971,4971,2024-04-12,2025-01-08,431.4,DTDC
,4972,4972,2025-04-18,2024-11-02,428.84,Blue Dart
,4973,4973,2024-09-22,2025-04-01,296.96,Delhivery
,4974,4974,2024-05-05,2025-05-25,126.29,Ekart
,4975,4975,2025-12-12,2024-09-23,201.71,DTDC
,4976,4976,2025-12-22,2024-04-19,587.28,Blue Dart
,4977,4977,2024-03-18,2025-11-27,361.05,Ekart
,4978,4978,2025-02-01,2025-08-27,220.43,Ekart
,4979,4979,2024-02-10,2024-10-09,122.18,Ekart
,4980,4980,2025-09-19,2025-07-26,173.62,Blue Dart
,4981,4981,2025-02-13,2025-10-10,246.37,Blue Dart
,4982,4982,2024-10-06,2024-12-14,87,Ekart
,4983,4983,2024-06-05,2025-08-05,557.64,Blue Dart
,4984,4984,2025-12-26,2024-03-23,113.73,Delhivery
,4985,4985,2024-03-07,2024-08-09,271.45,DTDC
,4986,4986,2025-11-07,2024-03-15,447.34,Delhivery
,4987,4987,2025-12-18,2024-03-21,555.25,Delhivery
,4988,4988,2025-04-08,2024-11-07,99.66,Ekart
,4989,4989,2024-07-15,2025-02-04,533.38,Blue Dart
,4990,4990,2024-03-23,2025-12-13,462.18,Delhivery
,4991,4991,2024-10-29,2025-08-17,288.12,DTDC
,4992,4992,2024-06-09,2024-05-13,256.66,DTDC
,4993,4993,2024-01-31,2025-05-02,115.83,DTDC
,4994,4994,2024-01-13,2024-06-27,55.41,Delhivery
,4995,4995,2025-04-28,2025-01-26,47.95,DTDC
,4996,4996,2024-07-13,2025-11-02,301.9,DTDC
,4997,4997,2024-07-03,2025-04-11,281.89,Ekart
,4998,4998,2025-03-23,2024-09-27,284.29,Blue Dart
,4999,4999,2024-08-18,2024-07-18,125.85,Blue Dart
,5000,5000,2024-11-06,2024-12-13,430.59,Delhivery
,5001,5001,2024-06-13,2024-09-23,547.56,DTDC
,5002,5002,2024-06-16,2025-04-24,409.55,Delhivery
,5003,5003,2024-06-23,2025-09-29,484.09,DTDC
,5004,5004,2024-01-15,2024-10-18,459.57,DTDC
,5005,5005,2024-12-11,2025-12-28,309.67,Ekart
,5006,5006,2025-08-25,2024-10-16,392.67,Ekart
,5007,5007,2025-11-07,2025-07-16,442.3,Blue Dart
,5008,5008,2024-04-21,2025-12-07,460.35,DTDC
,5009,5009,2025-03-14,2024-07-09,191.17,Delhivery
,5010,5010,2024-03-15,2025-05-28,180.92,Blue Dart
,5011,5011,2024-12-12,2024-12-05,577.46,Delhivery
,5012,5012,2024-05-25,2024-12-23,500.51,Blue Dart
,5013,5013,2025-11-28,2025-10-25,392.06,Delhivery
,5014,5014,2025-09-26,2025-05-21,380.12,Delhivery
,5015,5015,2025-02-14,2024-05-09,550.43,Delhivery
,5016,5016,2024-08-17,2025-06-06,500.28,Ekart
,5017,5017,2025-05-14,2025-02-14,546.9,Ekart
,5018,5018,2025-09-29,2024-05-05,549.97,Blue Dart
,5019,5019,2024-04-09,2024-02-26,321.54,Delhivery
,5020,5020,2024-02-18,2024-04-14,424.58,DTDC
,5021,5021,2024-09-14,2025-08-19,451.45,DTDC
,5022,5022,2024-11-23,2025-02-23,360.21,Delhivery
,5023,5023,2024-11-28,2024-11-27,95.78,Ekart
,5024,5024,2024-05-10,2024-03-13,124.29,Blue Dart
,5025,5025,2024-05-22,2025-12-27,309.51,Blue Dart
,5026,5026,2025-09-24,2024-02-25,312.86,Blue Dart
,5027,5027,2024-04-09,2025-01-05,273.22,Delhivery
,5028,5028,2024-09-02,2025-09-08,419.14,Blue Dart
,5029,5029,2025-03-10,2025-06-03,509.83,Delhivery
,5030,5030,2024-11-23,2025-08-29,569.22,Blue Dart
,5031,5031,2024-04-11,2024-12-06,234.39,Delhivery
,5032,5032,2024-05-29,2025-05-24,83.69,Ekart
,5033,5033,2024-10-22,2024-04-06,148.38,Ekart
,5034,5034,2024-01-19,2025-08-13,506.14,DTDC
,5035,5035,2025-02-01,2025-09-06,99.57,Ekart
,5036,5036,2024-03-25,2024-08-04,568.36,Blue Dart
,5037,5037,2025-10-02,2024-09-09,138.88,Ekart
,5038,5038,2025-02-01,2025-07-29,58.73,Ekart
,5039,5039,2024-08-28,2025-02-11,490.81,Ekart
,5040,5040,2025-12-09,2025-07-06,222.74,Blue Dart
,5041,5041,2024-02-10,2024-10-28,313.13,Ekart
,5042,5042,2024-08-14,2024-08-10,539.22,Blue Dart
,5043,5043,2025-04-05,2025-09-10,535.11,Ekart
,5044,5044,2025-02-17,2024-04-05,322.07,Ekart
,5045,5045,2024-01-25,2025-09-04,383.99,DTDC
,5046,5046,2025-12-05,2025-04-10,412.33,Blue Dart
,5047,5047,2025-01-11,2025-09-01,138.98,Delhivery
,5048,5048,2025-10-28,2026-01-02,116.69,DTDC
,5049,5049,2025-12-07,2025-07-17,343.74,DTDC
,5050,5050,2024-03-30,2025-07-18,150.35,Blue Dart
,5051,5051,2024-10-08,2025-10-04,202.96,Ekart
,5052,5052,2025-03-14,2025-01-13,375.67,Delhivery
,5053,5053,2024-06-17,2024-03-18,103.78,Ekart
,5054,5054,2024-12-01,2024-12-13,100.85,DTDC
,5055,5055,2024-04-26,2025-09-12,366.84,Blue Dart
,5056,5056,2025-07-06,2024-06-04,311.64,Ekart
,5057,5057,2025-08-20,2024-04-02,425.21,Blue Dart
,5058,5058,2024-07-14,2024-05-13,530.86,Delhivery
,5059,5059,2024-01-10,2024-01-12,334.1,Delhivery
,5060,5060,2024-11-19,2025-04-20,87.77,Blue Dart
,5061,5061,2024-07-02,2025-07-15,316.55,Blue Dart
,5062,5062,2025-11-04,2024-03-05,466.34,Blue Dart
,5063,5063,2025-04-27,2025-05-06,153.38,Delhivery
,5064,5064,2024-04-11,2025-03-13,366.42,Blue Dart
,5065,5065,2024-04-27,2024-03-12,436.74,Blue Dart
,5066,5066,2024-10-20,2025-07-12,503.61,Delhivery
,5067,5067,2024-05-11,2025-11-26,248.97,Ekart
,5068,5068,2024-08-03,2025-07-03,157.49,Blue Dart
,5069,5069,2024-08-21,2024-02-21,61.71,Blue Dart
,5070,5070,2024-07-31,2025-10-23,317.2,Delhivery
,5071,5071,2025-10-11,2025-05-26,86.13,Ekart
,5072,5072,2024-08-23,2024-06-08,264.11,Blue Dart
,5073,5073,2024-06-29,2024-04-07,86.27,Ekart
,5074,5074,2024-08-26,2025-10-07,437.54,Ekart
,5075,5075,2024-03-22,2025-07-12,121.94,DTDC
,5076,5076,2024-10-29,2025-10-18,269.91,Delhivery
,5077,5077,2024-01-16,2025-11-18,264.61,Delhivery
,5078,5078,2024-12-14,2025-04-18,302.58,DTDC
,5079,5079,2024-03-22,2025-01-03,269.49,Blue Dart
,5080,5080,2025-02-13,2025-01-09,160.12,Delhivery
,5081,5081,2024-10-27,2025-02-12,269.49,Blue Dart
,5082,5082,2025-07-24,2025-09-22,204.54,Blue Dart
,5083,5083,2025-12-27,2024-07-06,269.7,Ekart
,5084,5084,2024-10-16,2024-09-09,405.43,Delhivery
,5085,5085,2024-10-09,2024-01-11,443.7,Blue Dart
,5086,5086,2024-08-17,2024-08-21,590.24,Ekart
,5087,5087,2025-10-09,2024-09-15,133.5,Delhivery
,5088,5088,2025-09-15,2024-06-19,196.07,Blue Dart
,5089,5089,2025-02-17,2025-11-28,89.72,Delhivery
,5090,5090,2024-12-03,2025-02-11,376.86,Delhivery
,5091,5091,2024-09-01,2025-06-23,225.27,Ekart
,5092,5092,2024-10-13,2024-08-04,179.26,DTDC
,5093,5093,2024-04-29,2025-07-04,186.15,DTDC
,5094,5094,2025-06-25,2024-01-15,163.87,Delhivery
,5095,5095,2025-04-28,2025-01-29,73.14,Ekart
,5096,5096,2025-01-02,2024-03-17,567.96,Blue Dart
,5097,5097,2024-03-15,2024-01-07,238.96,Delhivery
,5098,5098,2025-01-03,2025-05-23,407.21,Ekart
,5099,5099,2025-04-20,2025-12-09,80.6,Delhivery
,5100,5100,2025-04-27,2024-02-14,325.22,Delhivery
,5101,5101,2024-04-20,2025-04-06,147.35,DTDC
,5102,5102,2025-12-29,2024-08-22,207.67,DTDC
,5103,5103,2025-01-22,2025-12-20,561.35,DTDC
,5104,5104,2025-04-02,2024-12-24,224.48,Delhivery
,5105,5105,2025-03-20,2024-07-01,85.55,Blue Dart
,5106,5106,2024-04-05,2024-01-29,343.61,DTDC
,5107,5107,2025-11-26,2024-01-15,381.64,Delhivery
,5108,5108,2024-09-29,2024-07-23,362.03,Blue Dart
,5109,5109,2024-02-06,2024-10-07,590.5,Blue Dart
,5110,5110,2024-10-02,2024-06-13,59.35,Blue Dart
,5111,5111,2025-08-08,2024-05-14,596.21,DTDC
,5112,5112,2024-02-25,2025-12-11,283.65,Ekart
,5113,5113,2025-04-01,2025-07-26,479.21,DTDC
,5114,5114,2024-06-26,2024-05-18,324.75,Blue Dart
,5115,5115,2025-07-02,2024-06-03,154.05,Ekart
,5116,5116,2024-06-07,2025-09-29,388.71,Blue Dart
,5117,5117,2025-03-05,2024-04-29,475.11,Ekart
,5118,5118,2024-07-20,2025-05-05,205.45,Blue Dart
,5119,5119,2024-09-07,2024-08-07,421.78,Delhivery
,5120,5120,2024-10-06,2025-09-18,445.11,DTDC
,5121,5121,2024-01-20,2024-09-27,582.54,Delhivery
,5122,5122,2024-02-19,2024-04-05,205.17,Delhivery
,5123,5123,2024-07-10,2025-03-27,484.87,Blue Dart
,5124,5124,2024-01-10,2025-08-24,48.9,DTDC
,5125,5125,2024-08-22,2025-08-24,571.65,Blue Dart
,5126,5126,2025-03-14,2025-06-17,123.38,DTDC
,5127,5127,2025-01-02,2024-10-29,40.99,DTDC
,5128,5128,2025-04-07,2025-07-13,493.4,Delhivery
,5129,5129,2024-03-23,2024-04-29,533.64,Delhivery
,5130,5130,2024-06-29,2024-02-08,44.01,Delhivery
,5131,5131,2025-06-24,2025-05-15,81.1,DTDC
,5132,5132,2024-02-17,2025-05-11,240.56,Delhivery
,5133,5133,2025-08-13,2025-06-29,324.77,Blue Dart
,5134,5134,2025-06-20,2025-12-02,506.21,Ekart
,5135,5135,2025-06-05,2024-09-16,348.42,Ekart
,5136,5136,2024-03-12,2025-11-18,280.69,DTDC
,5137,5137,2025-03-26,2024-02-14,548.29,Ekart
,5138,5138,2024-03-13,2024-11-10,44.96,DTDC
,5139,5139,2024-01-23,2024-03-23,50.99,Delhivery
,5140,5140,2025-11-05,2024-10-29,576.6,DTDC
,5141,5141,2025-03-20,2025-10-10,71.07,Blue Dart
,5142,5142,2024-10-09,2024-10-02,515.28,Blue Dart
,5143,5143,2024-04-01,2025-02-17,412.73,Delhivery
,5144,5144,2024-08-06,2024-12-28,503.47,Delhivery
,5145,5145,2024-11-12,2025-05-18,571.53,Delhivery
,5146,5146,2025-12-31,2024-07-15,293.2,Delhivery
,5147,5147,2024-03-09,2024-07-15,528.29,Ekart
,5148,5148,2024-01-22,2025-05-11,178.55,Delhivery
,5149,5149,2024-02-23,2024-12-23,509.51,Ekart
,5150,5150,2025-06-15,2024-03-08,454.6,Ekart
,5151,5151,2025-11-23,2025-08-05,370.42,Blue Dart
,5152,5152,2025-02-17,2025-05-16,578.89,Delhivery
,5153,5153,2025-06-05,2025-03-13,508.46,Blue Dart
,5154,5154,2024-04-23,2024-08-15,569.72,Blue Dart
,5155,5155,2025-07-10,2025-01-14,397.85,Ekart
,5156,5156,2025-07-16,2025-09-06,400.12,Blue Dart
,5157,5157,2025-12-26,2024-10-12,526.86,Delhivery
,5158,5158,2025-03-17,2025-08-05,169.15,Blue Dart
,5159,5159,2025-03-20,2024-09-25,60.51,Delhivery
,5160,5160,2024-03-28,2024-08-10,461.82,Blue Dart
,5161,5161,2025-10-03,2024-05-18,137.45,DTDC
,5162,5162,2025-06-23,2025-02-12,100.91,Blue Dart
,5163,5163,2024-05-06,2024-12-18,465.14,Delhivery
,5164,5164,2025-11-24,2025-01-10,128.54,Delhivery
,5165,5165,2024-01-31,2024-06-12,525.77,DTDC
,5166,5166,2025-01-25,2024-12-10,587.71,Ekart
,5167,5167,2025-11-03,2025-06-13,596.35,Ekart
,5168,5168,2025-12-07,2024-11-07,111.68,Ekart
,5169,5169,2024-02-16,2025-02-12,579.93,Blue Dart
,5170,5170,2024-09-08,2024-01-09,359.43,Delhivery
,5171,5171,2024-02-28,2024-03-09,125.74,Ekart
,5172,5172,2025-10-27,2025-09-29,498.65,Delhivery
,5173,5173,2025-09-08,2025-05-01,404.24,DTDC
,5174,5174,2025-03-02,2025-10-04,464.09,Ekart
,5175,5175,2025-11-06,2024-03-04,214.35,Blue Dart
,5176,5176,2025-08-12,2025-03-13,315.98,DTDC
,5177,5177,2024-07-30,2024-12-20,143.33,Delhivery
,5178,5178,2024-08-03,2025-08-27,596.64,Delhivery
,5179,5179,2024-11-29,2024-01-20,284.9,Blue Dart
,5180,5180,2024-03-24,2025-11-04,535.56,DTDC
,5181,5181,2024-03-18,2024-01-08,470.85,DTDC
,5182,5182,2024-01-31,2025-06-28,351.84,DTDC
,5183,5183,2024-04-22,2024-12-22,299.69,Ekart
,5184,5184,2024-01-07,2025-01-23,54.43,Blue Dart
,5185,5185,2025-07-06,2025-08-02,409.74,Blue Dart
,5186,5186,2024-04-11,2025-10-07,489.94,Delhivery
,5187,5187,2025-01-22,2024-04-15,286.99,Blue Dart
,5188,5188,2024-05-30,2024-03-16,528.26,Blue Dart
,5189,5189,2025-11-22,2025-09-02,197.29,DTDC
,5190,5190,2025-07-21,2025-01-05,469.15,Blue Dart
,5191,5191,2025-10-25,2025-01-15,271.07,Blue Dart
,5192,5192,2025-02-21,2025-10-18,371.39,Delhivery
,5193,5193,2024-04-18,2025-06-03,296.05,DTDC
,5194,5194,2025-09-05,2025-12-22,532.27,Delhivery
,5195,5195,2025-12-28,2025-07-02,486.83,DTDC
,5196,5196,2024-11-20,2024-12-01,455.57,Blue Dart
,5197,5197,2024-01-11,2025-05-01,110.52,Ekart
,5198,5198,2024-10-08,2025-05-27,492.06,Blue Dart
,5199,5199,2025-07-06,2024-04-11,344.56,Delhivery
,5200,5200,2025-01-24,2025-08-31,110.29,Blue Dart
,5201,5201,2024-05-01,2025-11-01,418.24,Delhivery
,5202,5202,2025-07-06,2024-08-07,170.96,DTDC
,5203,5203,2024-04-04,2025-08-21,107.58,Delhivery
,5204,5204,2025-09-22,2025-12-14,559.45,Blue Dart
,5205,5205,2024-02-23,2024-03-25,526.72,Blue Dart
,5206,5206,2025-03-18,2024-11-06,589.54,DTDC
,5207,5207,2024-04-11,2024-06-08,391.86,Delhivery
,5208,5208,2025-03-09,2024-07-22,319.03,DTDC
,5209,5209,2025-09-09,2025-04-23,340.03,Delhivery
,5210,5210,2024-10-28,2024-12-13,444.91,DTDC
,5211,5211,2024-01-18,2025-05-13,109.51,Delhivery
,5212,5212,2025-02-15,2025-02-06,154.02,Ekart
,5213,5213,2024-01-29,2024-10-01,556.54,Ekart
,5214,5214,2024-03-01,2025-11-24,89.49,Ekart
,5215,5215,2025-02-28,2025-07-19,148.6,DTDC
,5216,5216,2025-07-26,2025-11-28,379.98,Delhivery
,5217,5217,2025-07-24,2024-11-07,476.42,Ekart
,5218,5218,2025-10-21,2025-11-26,123.38,Delhivery
,5219,5219,2025-10-06,2025-08-27,99.39,Delhivery
,5220,5220,2024-01-08,2024-09-18,497.89,Delhivery
,5221,5221,2025-07-29,2025-12-12,406.6,DTDC
,5222,5222,2024-01-08,2024-05-16,398.35,DTDC
,5223,5223,2025-03-12,2024-05-18,299.09,DTDC
,5224,5224,2024-07-19,2024-04-16,306.95,Delhivery
,5225,5225,2025-08-15,2025-01-14,328.52,Delhivery
,5226,5226,2025-04-18,2025-12-22,516.68,Ekart
,5227,5227,2024-03-16,2025-01-31,56.48,Delhivery
,5228,5228,2025-05-16,2024-06-26,546.08,Ekart
,5229,5229,2024-10-14,2024-05-02,423.89,Blue Dart
,5230,5230,2024-12-22,2025-08-10,298.47,Delhivery
,5231,5231,2024-09-02,2025-08-28,210.47,DTDC
,5232,5232,2025-10-08,2024-04-04,524.6,DTDC
,5233,5233,2024-06-30,2024-02-25,545.31,DTDC
,5234,5234,2024-04-15,2025-07-31,333.86,Blue Dart
,5235,5235,2024-11-20,2024-05-14,299.37,Blue Dart
,5236,5236,2024-02-18,2024-11-25,91.04,Ekart
,5237,5237,2025-12-01,2025-04-04,109.42,DTDC
,5238,5238,2025-05-30,2025-12-15,383.6,Delhivery
,5239,5239,2025-11-09,2024-02-11,70.37,Ekart
,5240,5240,2024-12-14,2025-01-03,236.21,Delhivery
,5241,5241,2024-12-21,2025-08-25,56.09,DTDC
,5242,5242,2024-07-19,2024-01-20,136.5,Ekart
,5243,5243,2025-04-17,2024-12-30,62.14,DTDC
,5244,5244,2025-05-26,2025-01-05,527.26,DTDC
,5245,5245,2024-03-08,2025-09-27,586.24,Delhivery
,5246,5246,2024-01-31,2024-06-16,332.97,Delhivery
,5247,5247,2024-04-11,2024-07-01,229.21,DTDC
,5248,5248,2024-12-23,2025-11-14,58.94,Blue Dart
,5249,5249,2025-01-13,2024-12-15,172.26,DTDC
,5250,5250,2024-05-25,2024-11-11,364.13,Blue Dart
,5251,5251,2025-12-25,2025-12-30,426.11,DTDC
,5252,5252,2025-11-08,2024-08-31,470.18,Ekart
,5253,5253,2024-07-25,2024-01-10,160.18,Blue Dart
,5254,5254,2025-10-13,2024-05-08,281.9,DTDC
,5255,5255,2025-02-25,2024-03-19,402.53,DTDC
,5256,5256,2025-01-27,2025-03-02,382.85,DTDC
,5257,5257,2024-06-16,2025-12-26,593.6,DTDC
,5258,5258,2024-03-22,2025-03-14,100.4,Blue Dart
,5259,5259,2025-05-15,2025-08-30,122.41,Delhivery
,5260,5260,2025-08-21,2025-06-14,202.63,Delhivery
,5261,5261,2024-07-30,2025-02-27,352.14,DTDC
,5262,5262,2024-09-17,2025-10-20,528.75,Delhivery
,5263,5263,2024-05-03,2024-08-21,339.86,Ekart
,5264,5264,2025-05-07,2024-01-07,71.43,Delhivery
,5265,5265,2024-03-01,2024-01-21,401.4,Delhivery
,5266,5266,2024-05-03,2024-01-08,292.91,Blue Dart
,5267,5267,2024-01-09,2025-05-08,436.33,DTDC
,5268,5268,2025-04-26,2025-12-02,163.74,Ekart
,5269,5269,2024-10-04,2024-10-11,475.91,Blue Dart
,5270,5270,2025-11-26,2025-05-30,531.03,Ekart
,5271,5271,2025-09-13,2025-12-17,579.37,DTDC
,5272,5272,2024-07-04,2024-11-23,411.23,Delhivery
,5273,5273,2024-09-08,2024-11-06,317.35,Delhivery
,5274,5274,2025-06-17,2026-01-01,301.34,DTDC
,5275,5275,2025-02-13,2025-11-02,453.64,Delhivery
,5276,5276,2025-05-23,2025-09-19,395.82,DTDC
,5277,5277,2025-03-23,2025-07-14,515.91,Delhivery
,5278,5278,2024-12-23,2024-09-07,395.48,Delhivery
,5279,5279,2024-03-08,2024-08-28,229.65,Blue Dart
,5280,5280,2024-08-10,2025-11-08,61.26,Ekart
,5281,5281,2025-10-09,2025-02-16,46.67,Blue Dart
,5282,5282,2025-09-03,2025-11-07,569.81,DTDC
,5283,5283,2025-11-11,2025-01-25,503.9,Blue Dart
,5284,5284,2024-11-15,2024-03-02,238.4,DTDC
,5285,5285,2024-01-22,2025-06-25,506.61,Blue Dart
,5286,5286,2025-04-03,2025-10-23,582.9,Delhivery
,5287,5287,2024-02-11,2025-12-01,211.19,Ekart
,5288,5288,2025-01-29,2024-10-25,497.94,Delhivery
,5289,5289,2025-01-30,2024-02-25,384.82,Ekart
,5290,5290,2025-03-29,2024-06-04,57.62,Blue Dart
,5291,5291,2024-09-11,2025-10-25,510.96,Delhivery
,5292,5292,2024-03-17,2025-01-05,390.78,Delhivery
,5293,5293,2024-10-30,2025-03-20,225.67,Blue Dart
,5294,5294,2025-05-27,2024-03-29,463.23,DTDC
,5295,5295,2025-12-04,2024-04-02,475.4,Delhivery
,5296,5296,2025-01-26,2025-04-30,460.08,Ekart
,5297,5297,2025-02-04,2025-02-18,475.72,Ekart
,5298,5298,2025-07-24,2024-03-01,62.84,DTDC
,5299,5299,2024-04-05,2024-11-30,230.88,DTDC
,5300,5300,2025-11-25,2025-05-31,423.52,Delhivery
,5301,5301,2024-10-09,2024-10-28,341.91,Blue Dart
,5302,5302,2025-07-19,2025-06-15,238.56,Blue Dart
,5303,5303,2024-09-20,2025-07-20,594.87,Ekart
,5304,5304,2024-04-15,2024-11-03,465.7,Delhivery
,5305,5305,2025-11-14,2025-06-06,379.22,DTDC
,5306,5306,2024-08-13,2024-02-19,276.19,DTDC
,5307,5307,2025-02-28,2025-07-18,245.74,Ekart
,5308,5308,2025-01-17,2025-10-27,389.1,Delhivery
,5309,5309,2025-02-16,2025-06-24,420.67,Ekart
,5310,5310,2024-09-25,2024-03-21,335.5,Ekart
,5311,5311,2024-11-08,2025-10-28,400.1,DTDC
,5312,5312,2024-03-19,2024-09-19,304.15,DTDC
,5313,5313,2025-05-26,2024-11-04,599.89,Delhivery
,5314,5314,2025-07-19,2025-10-27,454.73,DTDC
,5315,5315,2025-02-06,2025-07-19,514.76,Blue Dart
,5316,5316,2025-04-11,2025-06-10,125.52,Ekart
,5317,5317,2025-08-13,2024-08-25,559.39,Ekart
,5318,5318,2024-07-12,2024-03-21,301.33,Blue Dart
,5319,5319,2024-04-03,2024-08-20,501.08,Delhivery
,5320,5320,2024-08-18,2024-04-27,485.19,Blue Dart
,5321,5321,2024-04-29,2024-12-29,451.61,Blue Dart
,5322,5322,2025-01-03,2024-02-14,92.99,Blue Dart
,5323,5323,2025-06-17,2024-05-12,522.1,Blue Dart
,5324,5324,2025-01-01,2025-06-27,230.46,Ekart
,5325,5325,2025-04-05,2024-06-12,283.67,Delhivery
,5326,5326,2025-03-12,2024-12-06,120.44,DTDC
,5327,5327,2024-01-12,2024-02-10,264.88,Delhivery
,5328,5328,2024-02-05,2025-09-20,544.33,Blue Dart
,5329,5329,2024-09-01,2025-11-22,507.98,Delhivery
,5330,5330,2024-07-10,2025-07-21,181.47,DTDC
,5331,5331,2025-09-23,2024-08-13,267.44,Ekart
,5332,5332,2024-12-31,2024-04-17,73.92,Delhivery
,5333,5333,2025-01-20,2025-05-20,212.01,Blue Dart
,5334,5334,2025-11-22,2025-04-07,85.87,Blue Dart
,5335,5335,2025-09-30,2024-10-19,554.91,DTDC
,5336,5336,2025-10-04,2024-06-17,116.04,Delhivery
,5337,5337,2025-09-16,2025-01-04,272.87,Blue Dart
,5338,5338,2024-05-27,2024-02-07,406.7,Ekart
,5339,5339,2024-06-05,2025-04-14,152.17,Ekart
,5340,5340,2024-05-01,2024-12-30,108.74,Ekart
,5341,5341,2025-03-23,2024-08-01,488.73,Blue Dart
,5342,5342,2025-09-02,2024-04-29,246.33,Blue Dart
,5343,5343,2025-04-10,2025-04-20,149.98,Blue Dart
,5344,5344,2025-10-14,2025-02-16,366.65,Blue Dart
,5345,5345,2024-11-01,2025-10-25,333.91,Blue Dart
,5346,5346,2025-03-11,2024-09-09,468.33,Ekart
,5347,5347,2025-07-12,2025-09-22,219.12,Ekart
,5348,5348,2025-10-11,2024-10-10,533.3,Blue Dart
,5349,5349,2025-01-18,2025-04-25,426.3,Ekart
,5350,5350,2024-09-20,2024-02-09,191.5,Ekart
,5351,5351,2025-03-20,2025-02-10,354.21,Blue Dart
,5352,5352,2025-03-08,2025-03-12,419.62,DTDC
,5353,5353,2025-07-08,2025-04-15,346.87,Ekart
,5354,5354,2025-07-01,2024-07-10,195.23,Blue Dart
,5355,5355,2024-05-26,2025-05-12,200.58,Ekart
,5356,5356,2025-01-10,2024-04-18,320.64,Blue Dart
,5357,5357,2025-07-31,2024-02-20,56.79,DTDC
,5358,5358,2024-12-29,2024-07-13,69.05,Delhivery
,5359,5359,2025-11-15,2025-04-04,166.44,Ekart
,5360,5360,2024-08-16,2024-07-09,155.8,DTDC
,5361,5361,2024-03-26,2024-10-26,146.37,Delhivery
,5362,5362,2024-08-16,2025-04-25,319.98,DTDC
,5363,5363,2025-07-19,2024-02-03,434.38,Ekart
,5364,5364,2025-02-26,2025-04-07,283.91,Delhivery
,5365,5365,2024-10-03,2025-08-04,275.38,Blue Dart
,5366,5366,2025-11-28,2025-03-19,208.92,Blue Dart
,5367,5367,2024-07-19,2025-08-13,446.94,DTDC
,5368,5368,2025-01-18,2025-03-11,91.92,DTDC
,5369,5369,2025-07-01,2025-02-22,190.13,Blue Dart
,5370,5370,2025-04-15,2024-09-14,586.69,Delhivery
,5371,5371,2024-03-07,2025-05-13,87.67,Delhivery
,5372,5372,2025-07-18,2025-12-11,580.25,Ekart
,5373,5373,2024-09-21,2024-06-17,360.08,Ekart
,5374,5374,2024-08-24,2024-07-22,503.3,DTDC
,5375,5375,2025-05-05,2025-05-09,183.8,Ekart
,5376,5376,2024-07-18,2025-08-25,118.14,DTDC
,5377,5377,2025-01-26,2025-03-13,103.27,Ekart
,5378,5378,2025-11-05,2024-09-15,99.68,Delhivery
,5379,5379,2024-10-07,2024-04-12,153.85,Blue Dart
,5380,5380,2024-05-07,2025-06-19,318.74,DTDC
,5381,5381,2025-10-28,2024-10-21,486.7,Blue Dart
,5382,5382,2024-09-23,2025-09-27,481.73,DTDC
,5383,5383,2024-10-09,2025-10-03,191.57,Delhivery
,5384,5384,2024-12-18,2024-03-29,537.36,Delhivery
,5385,5385,2025-05-15,2025-02-18,128.44,Blue Dart
,5386,5386,2025-10-31,2025-11-13,503.75,Blue Dart
,5387,5387,2024-11-16,2025-03-08,244.51,Blue Dart
,5388,5388,2024-12-09,2025-03-08,48.97,DTDC
,5389,5389,2024-05-28,2025-07-05,119.86,Delhivery
,5390,5390,2024-09-08,2024-08-19,260.05,Delhivery
,5391,5391,2024-11-06,2024-08-11,131.59,Ekart
,5392,5392,2024-05-18,2025-01-23,160.27,Blue Dart
,5393,5393,2024-07-06,2024-09-10,273.4,Blue Dart
,5394,5394,2025-06-24,2025-03-02,577.37,Delhivery
,5395,5395,2024-06-05,2025-07-25,512.86,Ekart
,5396,5396,2024-05-06,2024-07-10,543.09,Delhivery
,5397,5397,2025-12-23,2025-08-04,50.46,Ekart
,5398,5398,2025-04-20,2024-05-12,149.74,Ekart
,5399,5399,2025-05-09,2026-01-04,551.51,DTDC
,5400,5400,2024-08-14,2024-03-10,305.29,DTDC
,5401,5401,2024-10-24,2024-04-26,146.54,Blue Dart
,5402,5402,2024-08-02,2024-04-30,133.23,DTDC
,5403,5403,2024-08-19,2024-06-09,88.84,Blue Dart
,5404,5404,2025-11-23,2025-10-14,439.6,Delhivery
,5405,5405,2024-07-29,2025-10-22,572.78,Ekart
,5406,5406,2024-05-30,2024-03-15,266.04,Blue Dart
,5407,5407,2025-07-04,2024-04-29,564.3,Delhivery
,5408,5408,2025-02-13,2025-10-02,103.44,Ekart
,5409,5409,2025-02-16,2025-09-12,563.15,DTDC
,5410,5410,2024-08-13,2024-08-10,436.78,Delhivery
,5411,5411,2024-10-07,2025-11-08,160.76,DTDC
,5412,5412,2025-04-24,2025-11-22,140.77,DTDC
,5413,5413,2025-05-15,2024-09-10,261.56,Ekart
,5414,5414,2025-07-11,2025-01-09,376.52,Delhivery
,5415,5415,2025-01-16,2024-06-08,500.29,Ekart
,5416,5416,2025-12-26,2025-12-18,416.99,Ekart
,5417,5417,2024-03-11,2025-12-14,200.85,DTDC
,5418,5418,2024-04-10,2025-06-27,445.75,Blue Dart
,5419,5419,2024-10-15,2025-08-24,434.12,DTDC
,5420,5420,2024-12-23,2025-06-10,320.65,Ekart
,5421,5421,2024-01-29,2025-06-21,428.93,DTDC
,5422,5422,2024-11-21,2025-09-11,269.81,Ekart
,5423,5423,2025-03-23,2024-11-20,472.69,Ekart
,5424,5424,2024-08-30,2024-05-07,192.74,Blue Dart
,5425,5425,2024-06-26,2025-08-04,241.55,Delhivery
,5426,5426,2024-06-28,2025-04-18,50.3,Blue Dart
,5427,5427,2025-08-09,2025-07-31,220.91,Blue Dart
,5428,5428,2025-11-25,2024-09-28,547.97,Ekart
,5429,5429,2024-04-13,2024-01-28,535.93,Delhivery
,5430,5430,2024-09-26,2024-07-26,202.6,DTDC
,5431,5431,2025-08-16,2024-12-03,185.42,DTDC
,5432,5432,2025-11-01,2025-06-24,560.9,Delhivery
,5433,5433,2025-08-20,2025-02-24,149.12,Delhivery
,5434,5434,2024-04-19,2025-03-29,595.81,Ekart
,5435,5435,2025-04-19,2025-12-08,505.03,Delhivery
,5436,5436,2024-07-16,2024-10-20,206.13,DTDC
,5437,5437,2024-07-24,2024-06-04,433.32,Blue Dart
,5438,5438,2025-03-02,2025-03-07,377.81,Ekart
,5439,5439,2025-05-29,2025-08-07,435.83,Ekart
,5440,5440,2024-10-25,2024-11-01,596.02,Blue Dart
,5441,5441,2024-09-29,2025-01-22,320.56,DTDC
,5442,5442,2025-04-01,2024-03-30,82.87,Blue Dart
,5443,5443,2024-05-22,2024-12-02,349.69,Blue Dart
,5444,5444,2025-07-01,2024-10-14,462.08,Delhivery
,5445,5445,2024-11-07,2024-10-08,556.69,DTDC
,5446,5446,2024-02-15,2024-11-28,308.4,Blue Dart
,5447,5447,2024-01-11,2024-10-17,328.29,DTDC
,5448,5448,2025-02-24,2025-09-27,493.05,Blue Dart
,5449,5449,2025-09-14,2024-11-02,260.5,DTDC
,5450,5450,2024-11-03,2024-08-14,373.03,Delhivery
,5451,5451,2025-09-15,2024-02-18,534.67,Delhivery
,5452,5452,2024-06-07,2025-01-31,312.84,DTDC
,5453,5453,2024-07-01,2025-03-01,238.77,Ekart
,5454,5454,2025-01-31,2025-06-13,107.47,DTDC
,5455,5455,2025-09-26,2025-10-31,485.45,Blue Dart
,5456,5456,2024-04-03,2025-04-27,253.53,Delhivery
,5457,5457,2024-12-06,2025-09-26,535.38,Ekart
,5458,5458,2024-06-27,2025-10-21,505.52,Ekart
,5459,5459,2025-04-25,2025-02-05,220.8,Delhivery
,5460,5460,2024-05-17,2024-05-15,577.14,DTDC
,5461,5461,2025-10-13,2024-10-17,544.74,Delhivery
,5462,5462,2024-04-04,2024-05-01,185.2,Delhivery
,5463,5463,2025-10-06,2025-06-02,309.65,DTDC
,5464,5464,2025-07-03,2024-04-27,133.72,Blue Dart
,5465,5465,2025-08-07,2024-02-06,294,Delhivery
,5466,5466,2024-11-19,2025-08-31,189.33,Delhivery
,5467,5467,2025-04-13,2025-06-06,195.44,Delhivery
,5468,5468,2025-09-24,2024-04-17,316.85,Blue Dart
,5469,5469,2024-04-03,2025-07-25,247.35,Delhivery
,5470,5470,2025-01-11,2024-02-27,148.31,Delhivery
,5471,5471,2024-03-06,2024-07-05,379.23,Ekart
,5472,5472,2024-05-31,2024-04-21,263.32,Delhivery
,5473,5473,2025-04-09,2024-02-24,112.24,Delhivery
,5474,5474,2024-12-28,2025-05-11,434.41,Delhivery
,5475,5475,2025-09-10,2024-05-16,567.14,Ekart
,5476,5476,2024-03-08,2024-07-07,48.51,Blue Dart
,5477,5477,2024-07-05,2024-01-13,530.22,DTDC
,5478,5478,2025-07-24,2025-09-03,283.31,DTDC
,5479,5479,2024-09-06,2024-12-07,136.2,Delhivery
,5480,5480,2024-03-21,2024-12-04,524.34,DTDC
,5481,5481,2024-04-10,2025-12-18,325.43,Blue Dart
,5482,5482,2024-11-02,2025-10-21,245.24,Ekart
,5483,5483,2025-09-19,2024-06-13,206.69,Blue Dart
,5484,5484,2024-05-09,2024-05-16,57.09,DTDC
,5485,5485,2024-03-14,2024-07-03,255.62,Blue Dart
,5486,5486,2025-02-03,2024-08-13,91.45,Ekart
,5487,5487,2025-02-16,2024-05-30,374.27,Blue Dart
,5488,5488,2025-05-21,2025-05-10,69.18,DTDC
,5489,5489,2025-12-16,2024-04-06,246.09,Blue Dart
,5490,5490,2024-12-22,2025-02-17,344.12,DTDC
,5491,5491,2024-05-20,2024-06-04,552.87,Blue Dart
,5492,5492,2025-05-10,2025-04-10,580.38,Blue Dart
,5493,5493,2024-01-18,2025-06-24,364.24,Delhivery
,5494,5494,2024-04-27,2024-12-16,267.4,Blue Dart
,5495,5495,2025-05-06,2024-04-25,184.18,Delhivery
,5496,5496,2025-10-18,2024-10-31,138.79,Blue Dart
,5497,5497,2024-08-18,2025-12-09,117.3,Blue Dart
,5498,5498,2025-06-18,2024-05-03,373.4,Ekart
,5499,5499,2024-01-22,2024-10-29,55.61,DTDC
,5500,5500,2025-01-08,2024-03-09,422.67,Blue Dart
,5501,5501,2025-02-03,2024-12-12,461.17,Blue Dart
,5502,5502,2025-01-31,2025-11-06,578.07,DTDC
,5503,5503,2024-01-10,2025-01-11,489.35,Ekart
,5504,5504,2025-03-18,2025-09-25,377.48,DTDC
,5505,5505,2024-01-10,2024-08-06,553.8,DTDC
,5506,5506,2024-07-25,2024-10-18,399.55,Ekart
,5507,5507,2024-05-01,2025-11-17,200.78,Delhivery
,5508,5508,2025-09-02,2025-06-28,487.17,Delhivery
,5509,5509,2024-02-01,2025-06-28,226.88,Blue Dart
,5510,5510,2025-07-28,2024-02-05,191.65,DTDC
,5511,5511,2024-02-07,2025-09-08,149.21,Delhivery
,5512,5512,2024-09-09,2024-03-13,321.28,Blue Dart
,5513,5513,2025-06-22,2025-05-31,216.32,Blue Dart
,5514,5514,2025-02-01,2025-08-04,590.2,DTDC
,5515,5515,2024-02-18,2025-07-17,230.83,Delhivery
,5516,5516,2024-12-29,2025-05-25,404.58,Ekart
,5517,5517,2025-07-29,2024-09-25,257.95,Delhivery
,5518,5518,2025-03-08,2025-12-04,466.49,Ekart
,5519,5519,2025-02-04,2025-07-29,212.3,Delhivery
,5520,5520,2024-12-24,2024-06-06,453.86,Delhivery
,5521,5521,2024-04-04,2024-05-12,91.36,DTDC
,5522,5522,2025-04-09,2024-09-21,551.77,Blue Dart
,5523,5523,2025-11-04,2025-06-24,48.41,Ekart
,5524,5524,2024-01-23,2024-06-19,363.58,Delhivery
,5525,5525,2024-05-25,2024-07-02,428.92,Delhivery
,5526,5526,2024-06-10,2024-03-04,331.99,Delhivery
,5527,5527,2025-02-03,2024-08-11,261.12,Ekart
,5528,5528,2025-09-22,2025-05-15,509.11,Ekart
,5529,5529,2025-07-06,2024-02-23,197.73,Ekart
,5530,5530,2024-05-01,2025-09-17,314.23,Delhivery
,5531,5531,2024-02-13,2025-07-10,577.58,DTDC
,5532,5532,2024-10-17,2024-02-25,528.45,Blue Dart
,5533,5533,2024-08-13,2025-11-07,464.9,Ekart
,5534,5534,2024-10-12,2024-12-26,414.75,DTDC
,5535,5535,2025-12-25,2025-04-05,192.7,Ekart
,5536,5536,2025-04-28,2024-05-25,151.11,Delhivery
,5537,5537,2024-07-22,2025-08-03,588.41,Ekart
,5538,5538,2024-07-24,2024-05-13,523.67,DTDC
,5539,5539,2024-10-11,2025-01-08,329.23,DTDC
,5540,5540,2024-04-07,2025-12-10,62.63,DTDC
,5541,5541,2024-08-01,2025-10-03,143.99,Blue Dart
,5542,5542,2024-05-25,2025-04-26,277.49,DTDC
,5543,5543,2025-07-29,2025-01-09,504.53,DTDC
,5544,5544,2024-03-06,2024-01-31,184.28,DTDC
,5545,5545,2024-12-31,2025-12-14,51.05,Blue Dart
,5546,5546,2025-06-12,2024-10-19,42.33,Delhivery
,5547,5547,2025-10-30,2024-08-08,172.52,Ekart
,5548,5548,2024-08-02,2024-02-07,254.1,Blue Dart
,5549,5549,2024-07-25,2025-08-18,583.75,Blue Dart
,5550,5550,2025-08-04,2024-02-18,598.17,Ekart
,5551,5551,2025-02-13,2024-03-07,319.23,Delhivery
,5552,5552,2025-08-05,2025-07-09,287.01,Ekart
,5553,5553,2024-05-15,2024-03-07,271.82,Delhivery
,5554,5554,2024-02-26,2024-12-17,93.71,Blue Dart
,5555,5555,2024-02-02,2025-12-16,101.81,DTDC
,5556,5556,2024-10-25,2024-03-15,257.62,DTDC
,5557,5557,2025-06-27,2024-02-02,245.4,Ekart
,5558,5558,2025-03-07,2024-03-07,458.58,Ekart
,5559,5559,2025-08-03,2025-09-01,141.78,Delhivery
,5560,5560,2025-03-16,2025-05-13,282.28,Ekart
,5561,5561,2025-08-16,2025-03-12,259.59,Blue Dart
,5562,5562,2025-11-30,2025-08-10,566.74,Blue Dart
,5563,5563,2024-09-20,2024-01-12,167.85,Ekart
,5564,5564,2024-08-30,2025-07-23,118.24,Ekart
,5565,5565,2024-05-11,2024-01-18,154.14,DTDC
,5566,5566,2024-01-30,2025-03-17,578.23,Ekart
,5567,5567,2025-06-23,2024-10-29,107.16,Delhivery
,5568,5568,2024-02-01,2025-09-06,540.87,Delhivery
,5569,5569,2025-11-15,2024-03-10,433.28,Blue Dart
,5570,5570,2024-01-07,2025-04-26,362.09,Blue Dart
,5571,5571,2024-08-31,2024-02-07,210.69,Ekart
,5572,5572,2024-04-17,2025-03-14,328.86,Delhivery
,5573,5573,2025-05-17,2025-12-27,549.11,Ekart
,5574,5574,2025-09-18,2024-08-10,372.34,DTDC
,5575,5575,2025-09-09,2024-06-22,314.95,Ekart
,5576,5576,2024-12-24,2025-09-29,117.24,Ekart
,5577,5577,2024-08-14,2025-11-08,532.67,DTDC
,5578,5578,2024-11-06,2024-01-07,256.58,Delhivery
,5579,5579,2025-06-11,2025-02-20,589.26,Delhivery
,5580,5580,2025-02-08,2024-08-17,285.42,DTDC
,5581,5581,2025-03-06,2025-02-02,148.48,Blue Dart
,5582,5582,2024-11-14,2024-11-29,335.66,Blue Dart
,5583,5583,2024-09-22,2024-09-09,309.7,Delhivery
,5584,5584,2025-10-19,2025-05-18,454.6,Blue Dart
,5585,5585,2024-10-01,2025-04-17,345.57,Ekart
,5586,5586,2024-04-04,2024-06-10,251.02,DTDC
,5587,5587,2024-01-02,2024-11-23,564.06,DTDC
,5588,5588,2024-01-11,2024-04-14,221,Blue Dart
,5589,5589,2024-09-24,2024-06-25,425.85,Ekart
,5590,5590,2025-02-04,2025-06-24,286.57,Ekart
,5591,5591,2024-05-11,2025-01-25,558.86,Delhivery
,5592,5592,2024-04-09,2024-07-30,222.05,DTDC
,5593,5593,2024-08-04,2024-04-10,480.09,DTDC
,5594,5594,2025-02-09,2025-09-01,157.33,DTDC
,5595,5595,2025-07-15,2024-08-23,190.15,Delhivery
,5596,5596,2025-01-24,2025-08-06,262.73,DTDC
,5597,5597,2024-04-26,2025-02-26,577.9,Blue Dart
,5598,5598,2024-01-01,2024-12-20,518.5,Blue Dart
,5599,5599,2025-08-02,2024-03-07,526.89,DTDC
,5600,5600,2024-11-01,2025-04-08,327.89,Delhivery
,5601,5601,2025-09-22,2024-02-18,157.36,Delhivery
,5602,5602,2025-04-09,2024-02-21,386.64,Blue Dart
,5603,5603,2024-11-24,2025-01-09,342.32,DTDC
,5604,5604,2025-10-07,2024-08-12,363.16,Blue Dart
,5605,5605,2025-07-10,2025-03-07,344.94,Ekart
,5606,5606,2024-06-19,2025-01-23,59.43,DTDC
,5607,5607,2025-06-13,2024-05-11,167.03,Delhivery
,5608,5608,2024-09-26,2024-06-25,381.6,Blue Dart
,5609,5609,2025-09-08,2024-08-20,411.21,Delhivery
,5610,5610,2024-02-09,2024-04-10,228.37,DTDC
,5611,5611,2024-12-20,2025-09-24,238.6,Delhivery
,5612,5612,2025-10-20,2025-11-16,188.04,DTDC
,5613,5613,2025-01-13,2024-12-17,525.37,Ekart
,5614,5614,2025-10-19,2024-08-12,316.79,Delhivery
,5615,5615,2024-10-08,2025-05-01,129.85,Blue Dart
,5616,5616,2024-12-14,2025-05-14,543.37,Delhivery
,5617,5617,2025-01-01,2024-12-11,524.6,Blue Dart
,5618,5618,2025-05-21,2024-10-30,276.98,DTDC
,5619,5619,2024-09-03,2025-07-21,370.66,Blue Dart
,5620,5620,2024-02-07,2024-10-14,171.01,DTDC
,5621,5621,2025-11-23,2024-02-07,80.34,Blue Dart
,5622,5622,2024-01-07,2024-10-10,116.56,Ekart
,5623,5623,2024-02-25,2025-12-28,131.75,Delhivery
,5624,5624,2024-08-13,2024-06-20,354.49,DTDC
,5625,5625,2025-04-07,2025-05-10,441.39,DTDC
,5626,5626,2025-05-03,2026-01-04,98.5,Delhivery
,5627,5627,2025-11-18,2025-08-06,420.89,Blue Dart
,5628,5628,2024-12-23,2024-11-29,280.82,Blue Dart
,5629,5629,2025-12-02,2025-08-21,494.74,Blue Dart
,5630,5630,2024-06-09,2025-05-15,259.31,DTDC
,5631,5631,2025-01-23,2025-05-17,140.08,Ekart
,5632,5632,2024-06-13,2024-05-05,143.23,DTDC
,5633,5633,2024-10-07,2024-04-09,347.62,Delhivery
,5634,5634,2024-01-19,2024-11-17,226.04,Ekart
,5635,5635,2024-12-26,2024-01-16,173,DTDC
,5636,5636,2024-07-18,2025-02-15,120.16,DTDC
,5637,5637,2025-05-01,2025-02-21,590.41,Ekart
,5638,5638,2025-10-23,2025-10-10,368.7,Delhivery
,5639,5639,2024-08-12,2025-01-04,340.94,DTDC
,5640,5640,2024-06-03,2025-07-20,463.54,DTDC
,5641,5641,2024-11-18,2025-04-19,573.96,Ekart
,5642,5642,2024-08-05,2025-01-09,575.45,Blue Dart
,5643,5643,2025-02-12,2025-04-28,209.86,Ekart
,5644,5644,2024-09-03,2025-11-16,406.45,Ekart
,5645,5645,2025-10-12,2024-07-08,292.41,Delhivery
,5646,5646,2025-02-24,2025-06-09,318.52,Delhivery
,5647,5647,2024-04-24,2024-12-05,405.52,DTDC
,5648,5648,2025-03-27,2025-03-12,307.19,Delhivery
,5649,5649,2024-01-12,2025-02-13,201.87,Blue Dart
,5650,5650,2024-11-10,2024-07-08,424.86,DTDC
,5651,5651,2025-10-24,2025-11-15,87.12,Blue Dart
,5652,5652,2024-09-10,2025-04-06,451.81,DTDC
,5653,5653,2024-02-10,2024-03-27,329.43,Blue Dart
,5654,5654,2024-05-19,2025-07-19,109,Ekart
,5655,5655,2025-06-26,2024-05-22,265.12,Delhivery
,5656,5656,2025-03-15,2024-07-04,470.79,DTDC
,5657,5657,2025-01-11,2024-08-12,307.09,Blue Dart
,5658,5658,2025-12-15,2024-03-11,566.83,DTDC
,5659,5659,2025-09-26,2025-12-29,523.22,Delhivery
,5660,5660,2025-11-10,2025-11-09,484.89,Blue Dart
,5661,5661,2025-04-26,2024-02-20,372.7,Blue Dart
,5662,5662,2024-08-22,2024-11-13,485.72,Delhivery
,5663,5663,2024-07-24,2025-07-27,122.96,Ekart
,5664,5664,2024-06-23,2025-11-18,494.49,Delhivery
,5665,5665,2024-03-23,2024-10-08,142.51,DTDC
,5666,5666,2025-05-07,2025-07-30,122.97,DTDC
,5667,5667,2025-05-20,2024-04-25,118.43,Delhivery
,5668,5668,2024-05-23,2025-07-15,55.61,Ekart
,5669,5669,2025-04-28,2024-12-16,210.35,Ekart
,5670,5670,2025-03-17,2024-04-16,286.31,Blue Dart
,5671,5671,2024-07-14,2024-03-17,422.5,Blue Dart
,5672,5672,2025-09-20,2024-09-17,255.6,Blue Dart
,5673,5673,2025-04-05,2024-05-20,54.76,Blue Dart
,5674,5674,2024-12-19,2025-01-19,86.88,DTDC
,5675,5675,2024-04-22,2024-01-30,570.22,Ekart
,5676,5676,2024-06-22,2024-06-18,125.87,Delhivery
,5677,5677,2025-07-06,2024-07-02,519.24,Delhivery
,5678,5678,2024-04-15,2024-02-09,121.57,DTDC
,5679,5679,2025-09-30,2025-10-18,534.85,DTDC
,5680,5680,2024-10-16,2024-08-08,225.02,Delhivery
,5681,5681,2025-06-06,2024-05-25,505.6,Ekart
,5682,5682,2025-07-06,2024-06-03,135.51,Delhivery
,5683,5683,2025-08-23,2025-10-18,497.67,Ekart
,5684,5684,2024-12-01,2025-01-08,210.31,Blue Dart
,5685,5685,2024-04-05,2024-02-15,149.45,DTDC
,5686,5686,2024-05-16,2025-12-15,385.7,DTDC
,5687,5687,2025-02-26,2024-01-27,385.07,Ekart
,5688,5688,2025-06-16,2024-12-28,391.19,Ekart
,5689,5689,2025-05-14,2025-02-01,278.61,Ekart
,5690,5690,2025-07-19,2025-05-31,349.28,Blue Dart
,5691,5691,2025-08-21,2024-08-08,455.36,Delhivery
,5692,5692,2024-03-18,2026-01-02,524.34,DTDC
,5693,5693,2025-08-07,2025-07-14,306.97,DTDC
,5694,5694,2025-10-17,2024-11-04,202.39,DTDC
,5695,5695,2024-04-15,2024-10-28,221.65,Ekart
,5696,5696,2025-10-20,2025-03-02,504,Ekart
,5697,5697,2025-11-04,2025-01-26,101.61,Delhivery
,5698,5698,2025-10-15,2024-12-20,504.74,Blue Dart
,5699,5699,2024-04-13,2024-01-23,127.08,Blue Dart
,5700,5700,2025-02-16,2024-06-28,216.29,Delhivery
,5701,5701,2025-01-01,2024-06-16,200.6,Blue Dart
,5702,5702,2024-12-25,2024-01-29,137.58,Ekart
,5703,5703,2024-02-15,2024-05-22,584.71,Delhivery
,5704,5704,2024-04-16,2024-03-17,440.9,Delhivery
,5705,5705,2024-10-03,2025-01-02,470.53,Ekart
,5706,5706,2024-10-19,2025-10-23,387.86,Delhivery
,5707,5707,2024-06-08,2025-11-30,169.81,Delhivery
,5708,5708,2025-07-21,2024-10-06,349.23,DTDC
,5709,5709,2024-03-04,2025-08-20,277.94,Blue Dart
,5710,5710,2025-10-09,2025-10-29,421.5,Blue Dart
,5711,5711,2025-10-05,2025-12-05,254.55,Delhivery
,5712,5712,2025-07-10,2024-10-12,531.82,Delhivery
,5713,5713,2024-07-15,2025-02-06,193.97,DTDC
,5714,5714,2024-10-19,2024-02-25,397.54,DTDC
,5715,5715,2024-10-15,2025-12-23,144.48,Delhivery
,5716,5716,2024-06-21,2024-05-17,358.12,Blue Dart
,5717,5717,2025-08-06,2024-09-14,266.18,Ekart
,5718,5718,2024-09-04,2024-02-22,345.67,Ekart
,5719,5719,2024-05-08,2024-02-19,344.36,DTDC
,5720,5720,2024-09-28,2025-09-19,56.65,DTDC
,5721,5721,2025-11-25,2024-08-24,415.57,Ekart
,5722,5722,2025-10-31,2025-08-17,584.05,DTDC
,5723,5723,2025-03-07,2025-12-25,502.81,DTDC
,5724,5724,2024-02-07,2024-03-10,361.68,Blue Dart
,5725,5725,2024-07-22,2024-08-27,544.64,Blue Dart
,5726,5726,2024-01-26,2025-02-05,549.72,Delhivery
,5727,5727,2025-04-12,2024-05-11,55.83,Blue Dart
,5728,5728,2024-04-14,2025-08-10,362.72,Delhivery
,5729,5729,2024-09-18,2024-10-27,260.33,Delhivery
,5730,5730,2024-09-07,2025-10-12,336.07,Ekart
,5731,5731,2025-08-18,2024-12-29,326.51,Ekart
,5732,5732,2024-12-04,2025-09-04,169.77,Delhivery
,5733,5733,2024-09-06,2025-07-10,220.67,Delhivery
,5734,5734,2024-03-07,2024-09-24,423.4,Delhivery
,5735,5735,2025-07-10,2024-11-13,194.07,Delhivery
,5736,5736,2024-05-01,2025-09-22,583.51,DTDC
,5737,5737,2025-12-09,2024-05-17,403.29,DTDC
,5738,5738,2024-08-21,2024-02-15,460.8,Blue Dart
,5739,5739,2024-01-19,2025-11-18,42.07,Delhivery
,5740,5740,2025-04-21,2024-03-18,548.87,Blue Dart
,5741,5741,2025-11-08,2025-01-12,367.74,Delhivery
,5742,5742,2024-11-18,2024-07-08,446.2,DTDC
,5743,5743,2024-01-29,2024-08-05,189.48,Ekart
,5744,5744,2025-11-06,2024-06-14,122.28,DTDC
,5745,5745,2025-09-26,2024-04-30,194.7,Delhivery
,5746,5746,2025-05-13,2025-04-07,392.19,DTDC
,5747,5747,2024-01-07,2024-07-10,545.08,Blue Dart
,5748,5748,2025-02-27,2024-07-20,101.7,DTDC
,5749,5749,2024-05-08,2024-11-20,372.46,Delhivery
,5750,5750,2025-07-16,2025-01-15,46.53,Delhivery
,5751,5751,2024-03-04,2025-10-19,126.22,Blue Dart
,5752,5752,2024-05-06,2024-02-24,322.37,Blue Dart
,5753,5753,2025-02-01,2024-08-25,112.64,DTDC
,5754,5754,2025-10-22,2024-05-29,399.49,Delhivery
,5755,5755,2025-10-08,2025-10-21,499.79,Blue Dart
,5756,5756,2024-01-27,2024-08-03,379.82,Ekart
,5757,5757,2024-11-17,2024-12-31,564.44,Ekart
,5758,5758,2024-11-23,2024-08-30,233.79,Delhivery
,5759,5759,2025-05-28,2025-10-03,431.13,Blue Dart
,5760,5760,2024-01-05,2025-07-09,414.04,DTDC
,5761,5761,2025-10-16,2026-01-01,264.05,Blue Dart
,5762,5762,2025-03-12,2025-05-08,542.58,Ekart
,5763,5763,2024-12-22,2024-05-23,150.12,DTDC
,5764,5764,2025-10-14,2024-12-23,154.13,Ekart
,5765,5765,2025-10-18,2025-03-27,362.15,Blue Dart
,5766,5766,2025-07-02,2025-07-27,241.22,DTDC
,5767,5767,2025-02-24,2025-07-12,353.51,Ekart
,5768,5768,2025-09-17,2024-12-05,113.09,Delhivery
,5769,5769,2024-10-06,2024-09-17,94.54,Delhivery
,5770,5770,2025-11-03,2025-09-25,434.25,DTDC
,5771,5771,2024-07-12,2025-10-16,241.39,DTDC
,5772,5772,2025-02-15,2024-11-29,161.78,DTDC
,5773,5773,2024-02-03,2024-02-26,521.5,Delhivery
,5774,5774,2024-08-06,2024-03-04,487.28,Ekart
,5775,5775,2025-05-28,2024-03-12,279.17,Blue Dart
,5776,5776,2024-08-14,2025-06-23,467.49,Blue Dart
,5777,5777,2024-04-10,2024-12-15,230.16,Delhivery
,5778,5778,2024-10-28,2024-01-15,49.03,DTDC
,5779,5779,2025-07-25,2024-02-02,588.65,Ekart
,5780,5780,2024-01-27,2025-08-19,372.07,DTDC
,5781,5781,2024-04-18,2025-07-12,461.11,Blue Dart
,5782,5782,2024-04-13,2024-03-30,139.35,Delhivery
,5783,5783,2025-11-20,2024-08-30,373.06,Delhivery
,5784,5784,2024-08-12,2024-07-18,338.04,Delhivery
,5785,5785,2024-06-27,2025-11-22,563.27,Blue Dart
,5786,5786,2024-10-17,2024-05-31,585.09,Blue Dart
,5787,5787,2025-06-27,2025-12-15,482.94,Ekart
,5788,5788,2024-02-09,2024-09-09,147,Delhivery
,5789,5789,2024-03-14,2024-07-31,256.48,DTDC
,5790,5790,2024-06-26,2024-03-18,67.41,Ekart
,5791,5791,2025-10-02,2025-01-10,477.63,Ekart
,5792,5792,2024-04-20,2024-12-23,284.82,Ekart
,5793,5793,2024-01-12,2024-09-26,453.71,Delhivery
,5794,5794,2025-02-18,2024-05-16,164.5,DTDC
,5795,5795,2025-08-24,2024-09-06,412.27,Delhivery
,5796,5796,2025-04-11,2025-10-06,124.66,DTDC
,5797,5797,2025-09-13,2025-04-09,280.9,DTDC
,5798,5798,2025-03-25,2025-03-08,410.59,Delhivery
,5799,5799,2025-01-12,2025-12-02,227.46,Ekart
,5800,5800,2024-10-05,2024-08-20,447.43,DTDC
,5801,5801,2024-11-21,2024-12-20,191.96,Delhivery
,5802,5802,2024-12-08,2024-03-27,42.45,Delhivery
,5803,5803,2024-08-13,2025-01-30,242.68,Ekart
,5804,5804,2025-09-02,2025-04-01,51.99,Delhivery
,5805,5805,2025-08-18,2025-01-03,592.76,Blue Dart
,5806,5806,2024-06-20,2024-10-28,359.07,Ekart
,5807,5807,2025-05-25,2025-03-04,50.66,Delhivery
,5808,5808,2024-08-06,2025-10-26,133.48,DTDC
,5809,5809,2024-02-11,2024-01-23,331.07,Blue Dart
,5810,5810,2024-08-14,2025-05-05,264.31,Blue Dart
,5811,5811,2024-09-23,2025-06-16,168.61,Delhivery
,5812,5812,2025-08-18,2025-12-20,453.07,Delhivery
,5813,5813,2025-10-01,2025-02-07,317.1,DTDC
,5814,5814,2024-07-13,2024-08-18,60.9,Delhivery
,5815,5815,2025-07-01,2024-07-29,363.65,Ekart
,5816,5816,2025-11-10,2024-12-14,195.51,Ekart
,5817,5817,2024-07-02,2024-06-18,106.13,Ekart
,5818,5818,2024-10-18,2024-03-26,85.15,Ekart
,5819,5819,2024-04-30,2024-10-13,117.49,DTDC
,5820,5820,2025-01-12,2024-09-02,330.99,Delhivery
,5821,5821,2025-12-12,2024-01-26,259.13,Delhivery
,5822,5822,2025-07-05,2025-06-19,419.8,Ekart
,5823,5823,2024-07-19,2025-07-26,525.57,Blue Dart
,5824,5824,2025-09-17,2025-09-22,41.54,Delhivery
,5825,5825,2025-11-23,2024-06-10,354.28,Blue Dart
,5826,5826,2024-04-14,2025-02-04,329.04,Blue Dart
,5827,5827,2024-01-23,2025-05-20,359.45,Delhivery
,5828,5828,2025-11-23,2025-03-25,548.76,Delhivery
,5829,5829,2024-09-26,2024-08-13,365.01,Ekart
,5830,5830,2024-12-15,2025-01-08,121.08,Delhivery
,5831,5831,2024-01-29,2025-09-01,161.78,Blue Dart
,5832,5832,2025-01-07,2025-08-04,238.06,DTDC
,5833,5833,2025-08-06,2024-09-24,90.09,Ekart
,5834,5834,2024-01-30,2024-02-25,495.92,Delhivery
,5835,5835,2025-02-03,2025-07-08,450.69,Blue Dart
,5836,5836,2024-12-25,2025-04-24,308.88,DTDC
,5837,5837,2025-02-08,2024-10-26,585.28,Blue Dart
,5838,5838,2024-02-18,2025-05-18,169.61,Blue Dart
,5839,5839,2024-05-26,2024-09-27,222.2,Blue Dart
,5840,5840,2024-10-03,2024-11-25,568.26,Blue Dart
,5841,5841,2024-10-05,2025-10-03,588.73,Blue Dart
,5842,5842,2025-06-18,2024-08-25,264.61,Ekart
,5843,5843,2025-08-15,2025-10-27,534.07,DTDC
,5844,5844,2024-03-07,2025-05-24,91.18,Ekart
,5845,5845,2024-08-29,2024-03-31,500.18,Ekart
,5846,5846,2025-11-25,2025-03-10,500.15,DTDC
,5847,5847,2025-09-15,2025-09-21,393.84,Ekart
,5848,5848,2024-12-31,2025-10-19,325.37,Blue Dart
,5849,5849,2024-05-23,2024-12-15,328.77,Ekart
,5850,5850,2024-11-17,2025-06-14,244.43,Blue Dart
,5851,5851,2025-12-09,2024-02-20,265.32,DTDC
,5852,5852,2025-07-07,2024-02-18,113.87,Ekart
,5853,5853,2025-12-16,2025-06-18,310.23,Delhivery
,5854,5854,2025-04-04,2024-10-31,202.57,DTDC
,5855,5855,2025-06-30,2024-02-26,63.99,Ekart
,5856,5856,2024-10-27,2025-05-30,507.69,DTDC
,5857,5857,2024-06-22,2024-06-03,457.52,Delhivery
,5858,5858,2024-07-19,2024-06-19,410.63,Delhivery
,5859,5859,2025-11-10,2024-01-22,147.58,Blue Dart
,5860,5860,2024-02-19,2024-12-22,403.87,Delhivery
,5861,5861,2024-01-06,2024-12-31,568.57,Ekart
,5862,5862,2024-03-21,2024-05-11,311.26,Blue Dart
,5863,5863,2025-06-28,2024-02-01,150.21,Blue Dart
,5864,5864,2024-08-09,2024-03-14,580.1,DTDC
,5865,5865,2025-07-02,2025-04-12,483.61,Blue Dart
,5866,5866,2025-07-12,2025-11-14,346.42,Blue Dart
,5867,5867,2025-10-28,2025-02-17,46.75,DTDC
,5868,5868,2025-08-30,2025-12-16,306.79,DTDC
,5869,5869,2025-01-20,2025-08-06,275.59,Blue Dart
,5870,5870,2024-11-15,2025-11-14,132.55,Blue Dart
,5871,5871,2025-11-01,2024-07-03,109.33,DTDC
,5872,5872,2025-10-29,2025-01-30,181.81,Blue Dart
,5873,5873,2025-09-06,2024-01-27,234.1,Blue Dart
,5874,5874,2024-11-01,2024-01-18,321.39,Ekart
,5875,5875,2025-02-28,2026-01-01,91.87,DTDC
,5876,5876,2025-07-16,2024-10-31,111.79,DTDC
,5877,5877,2025-12-26,2024-06-12,360.05,Ekart
,5878,5878,2025-02-28,2025-03-28,389.5,Ekart
,5879,5879,2024-12-09,2025-05-29,317.64,Blue Dart
,5880,5880,2024-06-21,2024-07-07,391.79,Blue Dart
,5881,5881,2024-04-16,2025-06-30,239.92,Ekart
,5882,5882,2025-02-09,2025-11-27,493.77,DTDC
,5883,5883,2024-05-22,2024-11-19,244.98,Ekart
,5884,5884,2025-11-30,2024-04-05,375.49,DTDC
,5885,5885,2024-05-01,2025-07-29,406.09,DTDC
,5886,5886,2025-11-05,2025-05-11,176.53,Ekart
,5887,5887,2025-10-18,2025-09-24,495.14,Ekart
,5888,5888,2025-11-23,2025-10-07,558.71,DTDC
,5889,5889,2024-01-28,2024-07-24,421.69,Blue Dart
,5890,5890,2025-06-12,2025-04-20,357.17,Blue Dart
,5891,5891,2025-06-17,2024-11-13,200.74,Ekart
,5892,5892,2024-04-22,2025-10-09,418.41,Ekart
,5893,5893,2024-10-19,2025-06-08,469.48,Delhivery
,5894,5894,2025-01-18,2025-05-01,417.49,DTDC
,5895,5895,2025-11-17,2024-07-25,63.28,Delhivery
,5896,5896,2024-07-15,2024-08-15,214.84,Blue Dart
,5897,5897,2025-09-29,2025-10-14,198.26,Ekart
,5898,5898,2025-06-18,2025-03-28,284.83,Ekart
,5899,5899,2024-08-30,2025-04-09,273.01,Delhivery
,5900,5900,2025-09-14,2024-04-28,578.56,Ekart
,5901,5901,2024-06-04,2024-08-07,124.75,Blue Dart
,5902,5902,2024-04-10,2025-10-28,401.35,Delhivery
,5903,5903,2025-01-10,2025-12-05,181.18,Delhivery
,5904,5904,2025-11-05,2024-02-01,508.49,Blue Dart
,5905,5905,2025-02-03,2025-04-19,348.46,Blue Dart
,5906,5906,2025-06-10,2024-08-13,306.1,Ekart
,5907,5907,2025-12-20,2025-05-29,336.62,Delhivery
,5908,5908,2024-05-20,2025-09-04,421.51,Blue Dart
,5909,5909,2024-05-07,2025-11-15,243.31,Blue Dart
,5910,5910,2024-11-26,2025-01-12,544.76,Ekart
,5911,5911,2024-04-06,2025-05-04,308.19,DTDC
,5912,5912,2025-02-24,2024-07-26,185.59,Ekart
,5913,5913,2025-07-07,2024-05-02,225.31,Blue Dart
,5914,5914,2024-04-24,2025-11-05,87.36,Ekart
,5915,5915,2025-01-19,2025-07-09,153.64,Ekart
,5916,5916,2024-11-11,2024-09-25,41.72,Ekart
,5917,5917,2024-10-20,2024-11-19,170.28,Blue Dart
,5918,5918,2024-03-04,2025-07-07,59.5,DTDC
,5919,5919,2025-01-10,2025-11-03,143.09,Delhivery
,5920,5920,2024-05-12,2024-07-07,264.75,Delhivery
,5921,5921,2024-03-25,2024-11-05,81.68,Ekart
,5922,5922,2025-10-07,2025-10-20,399.69,DTDC
,5923,5923,2024-04-15,2024-06-11,373.48,Ekart
,5924,5924,2024-11-12,2025-11-22,592.69,Ekart
,5925,5925,2025-01-10,2024-11-28,515.83,Ekart
,5926,5926,2024-07-05,2025-05-13,479.14,Delhivery
,5927,5927,2025-07-31,2024-02-18,105.16,Blue Dart
,5928,5928,2025-06-06,2024-03-05,517.82,Delhivery
,5929,5929,2024-10-06,2024-10-24,459.58,Delhivery
,5930,5930,2024-04-30,2025-10-26,51.71,Blue Dart
,5931,5931,2024-01-26,2025-09-18,420.02,Ekart
,5932,5932,2024-07-01,2025-06-21,527.4,Ekart
,5933,5933,2024-10-07,2025-08-14,201.06,Blue Dart
,5934,5934,2024-12-11,2025-01-23,42.68,DTDC
,5935,5935,2025-07-19,2024-01-23,439.4,Delhivery
,5936,5936,2024-07-27,2025-10-09,372.24,Ekart
,5937,5937,2024-01-08,2024-03-27,418.31,Delhivery
,5938,5938,2024-06-09,2026-01-04,480.91,DTDC
,5939,5939,2025-10-19,2024-10-07,485.91,Delhivery
,5940,5940,2024-10-19,2024-04-02,424.49,Blue Dart
,5941,5941,2025-12-03,2024-01-10,307.6,Ekart
,5942,5942,2024-07-19,2024-09-16,363.38,DTDC
,5943,5943,2025-12-20,2024-11-08,410.16,DTDC
,5944,5944,2025-03-27,2025-12-12,440,Delhivery
,5945,5945,2025-11-15,2024-04-10,185.85,Delhivery
,5946,5946,2024-11-03,2024-11-02,81.76,DTDC
,5947,5947,2025-05-26,2024-03-13,218.82,Delhivery
,5948,5948,2025-07-10,2024-09-29,406.91,Ekart
,5949,5949,2024-04-04,2024-01-13,571.44,Ekart
,5950,5950,2024-04-19,2025-10-20,201.51,Delhivery
,5951,5951,2024-03-17,2025-06-19,326.01,Delhivery
,5952,5952,2024-03-19,2025-08-04,130.79,Blue Dart
,5953,5953,2024-10-23,2025-07-10,149.89,Ekart
,5954,5954,2025-11-28,2024-01-07,204.79,Ekart
,5955,5955,2024-01-15,2024-01-21,536.3,Blue Dart
,5956,5956,2024-11-25,2024-05-04,586.17,Blue Dart
,5957,5957,2024-06-06,2025-06-17,573.2,Delhivery
,5958,5958,2024-09-20,2025-07-02,542.61,Blue Dart
,5959,5959,2024-11-23,2024-05-09,51.99,DTDC
,5960,5960,2025-02-16,2025-11-06,382.25,DTDC
,5961,5961,2024-10-05,2025-07-16,548.01,Ekart
,5962,5962,2024-12-13,2024-07-29,592.62,Blue Dart
,5963,5963,2024-05-24,2024-03-03,126.24,DTDC
,5964,5964,2025-06-20,2024-06-18,591.05,Delhivery
,5965,5965,2024-03-03,2025-06-29,255.97,DTDC
,5966,5966,2025-03-21,2024-12-12,467.17,Delhivery
,5967,5967,2025-03-28,2025-09-08,450.22,Delhivery
,5968,5968,2025-10-28,2025-05-23,386.8,Delhivery
,5969,5969,2024-01-07,2024-02-05,485.86,DTDC
,5970,5970,2024-06-18,2024-07-29,488.56,DTDC
,5971,5971,2024-06-20,2024-06-14,345.37,Delhivery
,5972,5972,2024-01-21,2024-04-17,522.85,Delhivery
,5973,5973,2025-06-01,2024-10-16,68.99,DTDC
,5974,5974,2024-01-28,2025-11-03,112.46,Ekart
,5975,5975,2024-02-27,2025-09-14,307.54,Delhivery
,5976,5976,2024-05-07,2024-09-01,276.81,DTDC
,5977,5977,2024-01-04,2024-11-30,95.27,Blue Dart
,5978,5978,2025-10-09,2025-07-19,73.03,Blue Dart
,5979,5979,2024-10-18,2025-12-27,553.64,Delhivery
,5980,5980,2024-01-26,2024-07-25,543.29,Blue Dart
,5981,5981,2024-07-14,2024-12-06,367.77,DTDC
,5982,5982,2025-06-02,2024-10-09,114.21,Blue Dart
,5983,5983,2024-10-21,2024-12-12,417.36,Delhivery
,5984,5984,2024-07-15,2024-11-26,575.55,DTDC
,5985,5985,2025-06-23,2024-10-01,53.29,Delhivery
,5986,5986,2025-07-16,2024-11-04,502.04,Ekart
,5987,5987,2024-05-06,2024-09-09,135.43,DTDC
,5988,5988,2025-03-29,2024-10-27,128.73,Blue Dart
,5989,5989,2025-06-10,2024-09-28,507.59,Blue Dart
,5990,5990,2025-01-21,2024-10-11,277.29,Delhivery
,5991,5991,2024-06-10,2025-06-30,384.98,Ekart
,5992,5992,2025-01-12,2024-01-15,255.83,Delhivery
,5993,5993,2025-06-01,2025-11-26,564.77,DTDC
,5994,5994,2024-11-01,2025-11-28,78.37,Blue Dart
,5995,5995,2025-11-16,2024-09-11,47.07,Ekart
,5996,5996,2024-03-22,2024-12-05,195.56,DTDC
,5997,5997,2025-07-21,2024-10-18,117.57,Ekart
,5998,5998,2025-01-23,2024-07-27,588.4,Ekart
,5999,5999,2025-04-22,2024-02-16,249.31,Blue Dart
,6000,6000,2025-02-09,2025-06-23,218.4,Ekart
,6001,6001,2024-08-26,2024-11-26,466.95,Delhivery
,6002,6002,2024-04-23,2024-12-16,591.83,Ekart
,6003,6003,2025-03-16,2025-05-26,200.79,Ekart
,6004,6004,2025-02-26,2025-08-14,326.89,Delhivery
,6005,6005,2024-01-01,2025-01-02,227.65,Blue Dart
,6006,6006,2024-10-18,2025-12-21,361.28,Delhivery
,6007,6007,2025-01-05,2024-04-29,573.34,Delhivery
,6008,6008,2024-08-03,2024-06-22,52.54,Ekart
,6009,6009,2025-09-29,2024-10-21,544.15,Delhivery
,6010,6010,2025-08-13,2024-09-16,519.43,DTDC
,6011,6011,2025-01-30,2025-05-26,155.98,Delhivery
,6012,6012,2025-04-11,2025-11-04,207.42,Blue Dart
,6013,6013,2024-06-07,2024-07-30,363.33,Blue Dart
,6014,6014,2024-09-03,2025-10-28,585.79,Blue Dart
,6015,6015,2024-12-27,2025-01-31,91.04,DTDC
,6016,6016,2025-07-16,2025-01-04,399.85,Delhivery
,6017,6017,2024-09-24,2025-08-23,296.02,Delhivery
,6018,6018,2025-04-10,2025-10-09,174.37,Delhivery
,6019,6019,2025-01-23,2024-12-04,139.17,Delhivery
,6020,6020,2025-06-28,2025-12-16,489.69,Ekart
,6021,6021,2025-08-15,2025-10-31,539.85,Delhivery
,6022,6022,2024-02-08,2025-01-19,239.59,Delhivery
,6023,6023,2024-04-02,2024-04-29,231.2,DTDC
,6024,6024,2024-06-21,2025-11-13,138.13,DTDC
,6025,6025,2025-09-07,2024-03-12,287.76,Blue Dart
,6026,6026,2024-04-18,2024-11-06,426.26,Blue Dart
,6027,6027,2025-07-28,2025-08-08,133.15,Delhivery
,6028,6028,2025-10-24,2024-04-14,397.7,DTDC
,6029,6029,2025-01-13,2025-12-11,60.21,Blue Dart
,6030,6030,2025-05-14,2025-10-13,245.27,DTDC
,6031,6031,2024-05-02,2024-04-13,552.22,Delhivery
,6032,6032,2025-10-22,2024-06-12,541.2,Delhivery
,6033,6033,2025-12-25,2025-05-27,445.78,Delhivery
,6034,6034,2025-07-19,2024-12-01,371.24,DTDC
,6035,6035,2025-11-23,2024-03-25,368.85,DTDC
,6036,6036,2024-12-30,2025-03-31,320.41,DTDC
,6037,6037,2025-02-15,2024-02-07,587.95,Blue Dart
,6038,6038,2024-12-04,2025-01-10,583.1,DTDC
,6039,6039,2024-07-01,2025-12-30,525.43,DTDC
,6040,6040,2025-05-30,2024-12-13,514.52,DTDC
,6041,6041,2025-10-03,2024-06-06,544.77,DTDC
,6042,6042,2024-03-19,2024-01-22,395.31,Delhivery
,6043,6043,2024-04-14,2024-09-29,223.73,Delhivery
,6044,6044,2024-08-10,2024-03-25,374.45,DTDC
,6045,6045,2024-04-25,2024-02-10,71.18,Blue Dart
,6046,6046,2024-09-30,2024-03-16,450.66,Ekart
,6047,6047,2024-11-26,2025-07-29,419.69,Blue Dart
,6048,6048,2024-06-25,2024-11-16,559.79,DTDC
,6049,6049,2025-10-03,2024-07-14,531.76,Delhivery
,6050,6050,2025-06-18,2024-06-07,330.24,DTDC
,6051,6051,2024-09-27,2024-12-28,298.73,Delhivery
,6052,6052,2025-09-29,2024-02-17,221.89,DTDC
,6053,6053,2024-12-20,2024-09-25,406.5,DTDC
,6054,6054,2024-06-27,2025-02-17,313.08,DTDC
,6055,6055,2025-04-02,2024-05-03,295.02,Blue Dart
,6056,6056,2024-02-19,2024-11-11,327.38,Delhivery
,6057,6057,2024-11-11,2025-09-05,415.86,Ekart
,6058,6058,2024-07-06,2024-09-07,481.55,Ekart
,6059,6059,2024-01-28,2024-10-10,574.81,DTDC
,6060,6060,2024-03-26,2024-01-06,74.58,DTDC
,6061,6061,2024-10-05,2024-04-15,512.26,Delhivery
,6062,6062,2024-02-17,2025-03-06,163.66,Delhivery
,6063,6063,2025-02-16,2024-12-10,379.8,Delhivery
,6064,6064,2024-01-24,2024-02-06,583.95,DTDC
,6065,6065,2025-06-08,2024-05-30,305.66,Delhivery
,6066,6066,2025-02-13,2025-07-19,208.41,DTDC
,6067,6067,2025-04-13,2025-05-11,218.25,Delhivery
,6068,6068,2024-07-05,2025-02-27,553.31,DTDC
,6069,6069,2024-06-11,2025-01-15,113.74,Blue Dart
,6070,6070,2024-02-21,2024-02-17,412.47,Ekart
,6071,6071,2025-11-26,2024-02-18,426.96,Delhivery
,6072,6072,2024-02-20,2024-09-25,555.63,Delhivery
,6073,6073,2024-07-01,2025-11-21,87.72,Blue Dart
,6074,6074,2025-01-26,2024-11-05,570.42,Blue Dart
,6075,6075,2024-03-16,2024-01-28,398.34,Delhivery
,6076,6076,2024-06-22,2024-07-29,272.05,Ekart
,6077,6077,2024-12-07,2025-01-13,366.58,Ekart
,6078,6078,2024-12-03,2025-08-17,534.45,Blue Dart
,6079,6079,2025-07-17,2024-12-23,533.45,DTDC
,6080,6080,2025-12-03,2025-06-23,82.21,Ekart
,6081,6081,2024-01-29,2024-11-27,543.71,Ekart
,6082,6082,2025-02-17,2024-10-24,144.67,DTDC
,6083,6083,2025-11-01,2025-04-16,442.55,Ekart
,6084,6084,2025-05-16,2024-05-13,168.27,Delhivery
,6085,6085,2024-09-07,2025-05-16,465.97,Blue Dart
,6086,6086,2025-10-06,2024-09-12,242.98,Delhivery
,6087,6087,2025-09-14,2024-02-26,48.8,DTDC
,6088,6088,2025-11-04,2025-05-28,207.48,Delhivery
,6089,6089,2024-08-19,2024-09-25,406.57,Blue Dart
,6090,6090,2025-11-04,2025-03-13,303.58,Delhivery
,6091,6091,2024-02-14,2025-06-23,174.56,DTDC
,6092,6092,2025-04-04,2025-02-07,359.03,Delhivery
,6093,6093,2024-02-19,2024-03-31,225.66,DTDC
,6094,6094,2025-11-14,2025-07-25,396.17,DTDC
,6095,6095,2024-07-25,2025-10-18,97.54,DTDC
,6096,6096,2024-08-27,2024-05-27,266.05,Delhivery
,6097,6097,2024-07-12,2025-07-08,392.8,Ekart
,6098,6098,2025-06-19,2024-04-01,433.73,Delhivery
,6099,6099,2024-12-09,2024-08-08,254.79,Blue Dart
,6100,6100,2024-01-15,2024-09-26,117.64,Blue Dart
,6101,6101,2024-05-29,2025-08-14,95.64,Ekart
,6102,6102,2024-04-13,2024-07-27,59.08,DTDC
,6103,6103,2025-09-06,2024-07-11,453.75,Blue Dart
,6104,6104,2024-03-19,2024-05-08,589.56,Ekart
,6105,6105,2025-05-24,2025-06-14,343.29,Blue Dart
,6106,6106,2025-12-04,2024-10-08,532.96,DTDC
,6107,6107,2025-12-11,2024-08-11,224.21,Delhivery
,6108,6108,2024-06-14,2025-03-09,334.59,Blue Dart
,6109,6109,2024-10-16,2024-06-23,391.02,DTDC
,6110,6110,2025-08-13,2025-07-27,394.2,Blue Dart
,6111,6111,2025-05-20,2024-08-18,495,Delhivery
,6112,6112,2025-02-05,2025-10-10,304.19,Blue Dart
,6113,6113,2025-03-31,2024-02-29,171.85,Ekart
,6114,6114,2024-09-22,2024-02-16,197.76,Blue Dart
,6115,6115,2024-10-14,2024-11-30,200.65,Delhivery
,6116,6116,2024-12-23,2025-08-11,67.83,Delhivery
,6117,6117,2025-01-13,2024-03-21,154.1,Ekart
,6118,6118,2025-04-22,2024-05-17,140.82,Ekart
,6119,6119,2025-10-29,2024-02-16,294.19,Blue Dart
,6120,6120,2025-05-29,2025-01-14,468.89,Delhivery
,6121,6121,2024-02-20,2025-03-06,447.14,Ekart
,6122,6122,2024-02-15,2025-08-24,223.15,DTDC
,6123,6123,2024-04-23,2024-12-29,401.26,Ekart
,6124,6124,2024-08-28,2025-09-21,273.97,Ekart
,6125,6125,2024-08-26,2024-07-18,64.54,Ekart
,6126,6126,2024-02-14,2024-02-13,251.05,Delhivery
,6127,6127,2024-02-13,2024-08-07,303.16,Ekart
,6128,6128,2025-12-27,2025-07-13,507.43,Delhivery
,6129,6129,2024-02-02,2025-12-18,108.42,Blue Dart
,6130,6130,2024-01-03,2024-10-05,495.08,Ekart
,6131,6131,2024-01-16,2025-02-13,205.65,Blue Dart
,6132,6132,2025-04-06,2024-03-03,150.08,Delhivery
,6133,6133,2024-12-07,2024-06-18,147.68,DTDC
,6134,6134,2025-06-21,2025-09-05,477.36,Delhivery
,6135,6135,2024-03-23,2025-10-31,191.97,Blue Dart
,6136,6136,2024-05-25,2025-04-14,279.68,Blue Dart
,6137,6137,2025-07-04,2024-03-27,488.43,Ekart
,6138,6138,2024-08-04,2024-05-03,52.08,Blue Dart
,6139,6139,2025-10-02,2024-09-06,359.08,DTDC
,6140,6140,2025-11-22,2025-12-16,208.1,Delhivery
,6141,6141,2024-04-02,2024-06-19,430.84,Blue Dart
,6142,6142,2025-12-03,2024-02-21,507,DTDC
,6143,6143,2024-03-16,2024-06-04,339.24,Blue Dart
,6144,6144,2024-11-10,2024-07-29,258.37,Ekart
,6145,6145,2024-08-29,2024-08-31,517.06,Blue Dart
,6146,6146,2025-06-04,2024-03-26,178.47,Blue Dart
,6147,6147,2025-06-02,2024-06-20,354.59,DTDC
,6148,6148,2024-06-22,2024-04-23,197.82,Delhivery
,6149,6149,2025-12-24,2025-04-13,484.58,Delhivery
,6150,6150,2024-08-27,2025-03-24,133.25,Delhivery
,6151,6151,2025-01-17,2024-09-14,520.82,Blue Dart
,6152,6152,2025-09-03,2024-12-03,427.44,Ekart
,6153,6153,2024-12-09,2025-10-07,95.66,Ekart
,6154,6154,2025-09-05,2024-10-31,185.22,Ekart
,6155,6155,2025-08-07,2025-09-12,195.03,DTDC
,6156,6156,2024-12-13,2025-10-30,125.72,Delhivery
,6157,6157,2025-09-14,2024-09-04,211.15,Blue Dart
,6158,6158,2024-07-19,2024-05-28,302.05,DTDC
,6159,6159,2024-04-01,2024-12-10,68.4,DTDC
,6160,6160,2025-09-07,2024-09-30,575.45,Ekart
,6161,6161,2024-05-27,2025-04-08,132.71,Delhivery
,6162,6162,2025-10-05,2024-12-16,382.94,Delhivery
,6163,6163,2024-02-02,2025-12-30,97.85,DTDC
,6164,6164,2025-05-04,2024-11-10,121.64,Ekart
,6165,6165,2024-11-11,2025-12-29,545.61,Ekart
,6166,6166,2025-11-01,2025-06-27,201.55,Ekart
,6167,6167,2024-09-08,2024-09-02,348.18,Delhivery
,6168,6168,2024-01-23,2024-06-25,110.62,DTDC
,6169,6169,2025-11-06,2024-06-02,229.37,Ekart
,6170,6170,2024-02-27,2024-02-18,250.24,DTDC
,6171,6171,2025-03-29,2024-02-21,118.86,DTDC
,6172,6172,2024-07-08,2025-08-08,146.6,Blue Dart
,6173,6173,2025-02-03,2024-11-07,290.78,Blue Dart
,6174,6174,2025-11-07,2024-09-29,205.07,Delhivery
,6175,6175,2024-11-13,2025-03-09,350.5,Delhivery
,6176,6176,2025-12-16,2024-02-05,345.32,DTDC
,6177,6177,2025-03-31,2024-02-07,244.25,Delhivery
,6178,6178,2024-11-07,2025-10-19,267.13,Delhivery
,6179,6179,2024-04-12,2024-11-17,330.7,Blue Dart
,6180,6180,2024-08-27,2024-04-05,581.91,DTDC
,6181,6181,2024-06-04,2024-02-13,554.34,DTDC
,6182,6182,2024-11-25,2024-01-05,300.77,Ekart
,6183,6183,2024-09-01,2025-07-26,400.21,DTDC
,6184,6184,2025-11-17,2024-12-26,42.5,Ekart
,6185,6185,2025-04-02,2024-07-27,570.17,Ekart
,6186,6186,2025-03-29,2024-06-25,298.68,Blue Dart
,6187,6187,2025-11-27,2025-10-22,249.54,Delhivery
,6188,6188,2025-09-30,2024-05-31,556.9,Blue Dart
,6189,6189,2024-08-08,2024-09-04,351.86,Blue Dart
,6190,6190,2025-10-24,2024-10-16,496.49,Blue Dart
,6191,6191,2024-02-10,2024-07-27,319.06,DTDC
,6192,6192,2024-06-26,2025-10-31,163.79,Ekart
,6193,6193,2024-01-20,2025-05-13,376.58,Blue Dart
,6194,6194,2025-07-02,2025-02-14,245.39,Blue Dart
,6195,6195,2024-07-04,2024-12-05,476.82,DTDC
,6196,6196,2024-01-22,2024-04-24,246.58,Ekart
,6197,6197,2024-11-01,2025-07-18,501.73,DTDC
,6198,6198,2024-04-21,2024-03-27,380.5,Delhivery
,6199,6199,2025-05-03,2025-08-16,51.42,Delhivery
,6200,6200,2024-02-26,2024-04-30,526.04,Blue Dart
,6201,6201,2024-02-13,2024-02-22,303.13,Delhivery
,6202,6202,2024-10-11,2024-07-09,252.02,Ekart
,6203,6203,2025-07-31,2026-01-04,62.4,Ekart
,6204,6204,2024-04-27,2024-03-11,413.17,Ekart
,6205,6205,2025-06-15,2025-08-28,461.96,DTDC
,6206,6206,2025-01-09,2024-10-19,568.86,Delhivery
,6207,6207,2025-01-19,2025-06-17,517.03,Delhivery
,6208,6208,2024-10-21,2024-07-17,118.11,Blue Dart
,6209,6209,2025-03-19,2025-05-20,569.82,Delhivery
,6210,6210,2024-05-31,2024-04-01,252.81,Ekart
,6211,6211,2025-11-29,2025-12-06,267.85,Blue Dart
,6212,6212,2025-03-06,2025-03-05,159.57,Ekart
,6213,6213,2024-11-12,2024-11-24,224.4,Ekart
,6214,6214,2024-06-07,2024-03-20,447.96,Delhivery
,6215,6215,2024-03-20,2024-05-19,153.15,Ekart
,6216,6216,2025-08-26,2025-11-11,474.33,Ekart
,6217,6217,2025-05-14,2024-06-26,337.21,Blue Dart
,6218,6218,2025-04-14,2024-09-22,538.8,DTDC
,6219,6219,2024-02-06,2025-07-14,422.36,DTDC
,6220,6220,2025-01-28,2025-06-07,430.32,Ekart
,6221,6221,2025-05-05,2024-06-26,385.57,Delhivery
,6222,6222,2024-03-30,2025-05-17,312.48,DTDC
,6223,6223,2025-07-28,2025-05-14,566.04,Blue Dart
,6224,6224,2024-10-18,2024-06-28,310.98,Delhivery
,6225,6225,2024-02-01,2024-01-31,219.96,DTDC
,6226,6226,2024-10-03,2024-09-04,479.77,DTDC
,6227,6227,2024-04-27,2025-02-17,208.89,DTDC
,6228,6228,2024-08-05,2025-04-06,396.04,Ekart
,6229,6229,2024-09-05,2025-07-06,78.69,Blue Dart
,6230,6230,2024-04-04,2024-07-20,232.7,DTDC
,6231,6231,2024-03-03,2025-06-23,100.6,Blue Dart
,6232,6232,2025-05-22,2024-08-08,371.36,Ekart
,6233,6233,2024-08-25,2024-03-21,172.35,Ekart
,6234,6234,2024-01-29,2025-01-01,483.88,Blue Dart
,6235,6235,2025-01-03,2024-04-03,378.02,Ekart
,6236,6236,2025-02-28,2024-01-24,563.77,Delhivery
,6237,6237,2025-04-16,2024-10-02,300.93,Blue Dart
,6238,6238,2024-10-10,2024-09-24,77.1,DTDC
,6239,6239,2024-09-15,2025-02-25,283.07,Ekart
,6240,6240,2025-12-14,2024-05-17,349.76,Delhivery
,6241,6241,2024-08-08,2025-06-21,221.05,Ekart
,6242,6242,2025-05-24,2025-05-09,369.47,Ekart
,6243,6243,2025-02-17,2024-12-12,188.94,DTDC
,6244,6244,2024-06-05,2024-04-09,157.71,Ekart
,6245,6245,2024-07-16,2024-06-24,542.34,DTDC
,6246,6246,2024-11-02,2025-08-29,591.26,Blue Dart
,6247,6247,2025-04-03,2025-09-23,379.24,DTDC
,6248,6248,2025-10-29,2024-09-06,493.96,Blue Dart
,6249,6249,2025-12-01,2024-01-09,555.34,Blue Dart
,6250,6250,2025-06-14,2024-10-28,285.16,Ekart
,6251,6251,2024-10-30,2025-10-13,459.27,Ekart
,6252,6252,2025-03-16,2025-01-25,246.12,DTDC
,6253,6253,2024-06-11,2024-08-12,174.19,DTDC
,6254,6254,2025-04-09,2025-01-21,464.35,Delhivery
,6255,6255,2025-01-15,2024-09-14,142.4,DTDC
,6256,6256,2025-12-27,2024-01-22,176.09,Delhivery
,6257,6257,2025-02-06,2025-04-03,121.04,Delhivery
,6258,6258,2025-12-28,2024-11-26,120.39,Blue Dart
,6259,6259,2025-02-26,2025-12-19,224.9,DTDC
,6260,6260,2025-09-01,2024-08-15,533.27,DTDC
,6261,6261,2025-01-03,2025-11-13,531.75,Blue Dart
,6262,6262,2024-04-07,2024-05-21,544.13,Delhivery
,6263,6263,2025-06-16,2025-06-16,59.49,Blue Dart
,6264,6264,2024-11-07,2024-12-28,252.95,Delhivery
,6265,6265,2024-02-12,2025-09-13,247.53,DTDC
,6266,6266,2024-01-01,2025-10-28,386.83,Delhivery
,6267,6267,2024-11-27,2024-11-05,243.97,Blue Dart
,6268,6268,2025-01-21,2024-04-14,449.09,Ekart
,6269,6269,2025-06-25,2024-06-22,487.92,Blue Dart
,6270,6270,2025-10-15,2025-09-15,163.75,DTDC
,6271,6271,2024-12-22,2026-01-02,475.05,Delhivery
,6272,6272,2024-07-13,2025-06-18,393.49,Ekart
,6273,6273,2024-07-04,2025-02-28,67.75,Blue Dart
,6274,6274,2025-03-21,2024-03-22,262.08,Delhivery
,6275,6275,2024-08-15,2024-09-11,141.76,Delhivery
,6276,6276,2025-07-10,2024-10-08,103.07,DTDC
,6277,6277,2024-12-04,2025-11-16,316.35,Blue Dart
,6278,6278,2024-05-15,2024-03-14,272.49,Blue Dart
,6279,6279,2025-08-16,2025-06-12,419.74,Ekart
,6280,6280,2024-02-24,2025-12-01,454.84,Ekart
,6281,6281,2024-10-09,2024-10-14,406.83,Ekart
,6282,6282,2024-11-24,2025-11-09,111.78,Blue Dart
,6283,6283,2024-10-01,2024-04-01,152.93,Delhivery
,6284,6284,2024-01-03,2024-05-05,40.62,DTDC
,6285,6285,2024-07-02,2024-12-29,441.27,Blue Dart
,6286,6286,2025-02-25,2024-06-16,166.48,Blue Dart
,6287,6287,2024-04-29,2025-03-09,524.81,DTDC
,6288,6288,2025-07-08,2025-09-23,483.85,Blue Dart
,6289,6289,2025-09-01,2024-04-18,587.93,Ekart
,6290,6290,2025-10-24,2024-08-12,422.6,Blue Dart
,6291,6291,2024-06-15,2024-11-16,387.58,Delhivery
,6292,6292,2024-06-16,2025-11-15,338.81,Delhivery
,6293,6293,2025-03-26,2025-09-27,126.68,Ekart
,6294,6294,2024-07-24,2025-10-13,210.34,Delhivery
,6295,6295,2024-03-17,2024-08-10,269.35,Delhivery
,6296,6296,2024-03-31,2025-06-23,46.21,Ekart
,6297,6297,2025-08-17,2025-12-25,75.81,Blue Dart
,6298,6298,2025-05-08,2025-12-09,219.8,Delhivery
,6299,6299,2025-03-16,2025-03-28,174.88,Ekart
,6300,6300,2025-05-28,2024-09-13,199.2,Delhivery
,6301,6301,2024-11-01,2024-07-01,492.47,Blue Dart
,6302,6302,2024-03-12,2025-05-03,452.69,Blue Dart
,6303,6303,2024-11-10,2024-09-05,339.1,Ekart
,6304,6304,2025-02-24,2024-06-04,427.53,Blue Dart
,6305,6305,2025-11-28,2025-04-28,510.48,Ekart
,6306,6306,2024-11-10,2025-10-21,337.42,Delhivery
,6307,6307,2024-12-17,2024-10-20,560.24,Blue Dart
,6308,6308,2024-11-14,2024-02-25,287.13,DTDC
,6309,6309,2024-02-29,2024-05-02,396.94,Ekart
,6310,6310,2024-04-19,2024-05-17,582.89,Ekart
,6311,6311,2025-08-14,2025-12-20,277.76,Ekart
,6312,6312,2025-04-06,2024-05-01,295.7,Blue Dart
,6313,6313,2024-07-21,2025-05-27,574.72,Blue Dart
,6314,6314,2025-02-26,2024-08-17,467.91,DTDC
,6315,6315,2024-06-05,2024-08-04,153.42,DTDC
,6316,6316,2025-12-14,2024-12-25,237.63,DTDC
,6317,6317,2025-04-30,2025-04-24,597.96,Ekart
,6318,6318,2024-12-28,2024-09-02,302.42,Delhivery
,6319,6319,2025-06-02,2025-12-03,264.66,DTDC
,6320,6320,2024-07-21,2025-02-17,184.06,Blue Dart
,6321,6321,2025-09-21,2024-04-18,272.5,Blue Dart
,6322,6322,2025-05-26,2025-02-28,170.85,Delhivery
,6323,6323,2025-12-11,2025-03-28,436.38,DTDC
,6324,6324,2025-06-03,2024-04-25,109.41,DTDC
,6325,6325,2024-03-07,2025-04-03,188.27,DTDC
,6326,6326,2025-10-30,2024-11-12,237.65,Delhivery
,6327,6327,2025-05-28,2024-05-02,260.71,DTDC
,6328,6328,2024-01-26,2024-11-29,363.16,Blue Dart
,6329,6329,2025-04-20,2025-10-04,172.25,Delhivery
,6330,6330,2025-09-19,2025-03-10,546.2,DTDC
,6331,6331,2024-05-20,2024-09-21,507.87,Ekart
,6332,6332,2024-07-01,2025-04-07,383.1,Ekart
,6333,6333,2025-02-27,2024-08-07,250.94,Blue Dart
,6334,6334,2025-08-01,2025-10-12,525.23,Blue Dart
,6335,6335,2024-09-01,2025-06-15,579.93,Blue Dart
,6336,6336,2024-11-11,2024-12-30,112.13,Ekart
,6337,6337,2025-05-17,2025-11-20,474.75,DTDC
,6338,6338,2025-10-27,2025-03-04,542.21,Delhivery
,6339,6339,2024-10-03,2024-05-20,481.16,Blue Dart
,6340,6340,2025-06-26,2024-05-01,507.92,Blue Dart
,6341,6341,2024-07-01,2024-07-24,465,DTDC
,6342,6342,2025-01-22,2025-06-19,532.04,Blue Dart
,6343,6343,2024-04-02,2024-04-20,530.64,DTDC
,6344,6344,2024-06-10,2024-05-03,295.02,Delhivery
,6345,6345,2025-12-23,2025-10-12,537.86,Ekart
,6346,6346,2025-02-13,2025-02-09,393.18,Delhivery
,6347,6347,2024-03-15,2025-11-26,523.37,Delhivery
,6348,6348,2025-10-06,2024-10-29,415.77,Ekart
,6349,6349,2025-06-13,2024-07-30,258.54,Delhivery
,6350,6350,2025-10-15,2025-01-10,226.26,Blue Dart
,6351,6351,2025-02-04,2025-05-19,410.95,Delhivery
,6352,6352,2025-06-25,2024-11-26,74.57,Blue Dart
,6353,6353,2024-12-15,2024-04-08,97.99,DTDC
,6354,6354,2024-12-10,2025-07-07,373.37,DTDC
,6355,6355,2024-11-11,2024-08-24,471.4,DTDC
,6356,6356,2024-08-03,2025-12-07,77.11,Delhivery
,6357,6357,2025-10-10,2025-09-22,71.47,Blue Dart
,6358,6358,2024-12-11,2024-10-04,224.61,Blue Dart
,6359,6359,2025-10-03,2025-10-05,457.51,DTDC
,6360,6360,2025-12-11,2025-10-02,447.62,Ekart
,6361,6361,2024-11-07,2025-01-20,344.52,Delhivery
,6362,6362,2025-10-18,2024-03-14,256.82,Blue Dart
,6363,6363,2025-11-21,2025-05-12,265.2,Delhivery
,6364,6364,2025-09-18,2024-12-12,219.46,DTDC
,6365,6365,2025-08-14,2025-06-04,253.78,Ekart
,6366,6366,2024-11-25,2024-11-15,401.92,Blue Dart
,6367,6367,2024-11-08,2025-09-27,308.58,DTDC
,6368,6368,2025-12-19,2024-04-16,43.95,DTDC
,6369,6369,2025-12-21,2024-07-20,514.83,Delhivery
,6370,6370,2024-03-01,2025-06-13,558.64,DTDC
,6371,6371,2024-03-16,2025-11-18,234.43,DTDC
,6372,6372,2024-02-05,2024-07-02,160.6,Blue Dart
,6373,6373,2025-10-13,2025-06-24,133.02,Delhivery
,6374,6374,2024-02-10,2024-02-13,173.06,Ekart
,6375,6375,2025-01-21,2025-12-27,103.56,Delhivery
,6376,6376,2025-03-29,2025-07-20,435.9,DTDC
,6377,6377,2025-03-26,2024-04-22,218.03,Delhivery
,6378,6378,2024-05-27,2024-05-27,373.41,DTDC
,6379,6379,2024-10-06,2024-05-24,503.45,Blue Dart
,6380,6380,2025-10-13,2024-06-04,292.27,Ekart
,6381,6381,2024-05-29,2025-07-19,467.43,DTDC
,6382,6382,2024-01-10,2024-03-17,113.08,Ekart
,6383,6383,2025-12-25,2024-02-08,393.3,Delhivery
,6384,6384,2024-08-03,2024-09-11,169.95,Blue Dart
,6385,6385,2024-12-22,2024-11-11,274.45,Ekart
,6386,6386,2025-09-21,2024-01-22,406.36,Ekart
,6387,6387,2024-02-12,2024-05-07,104.02,Blue Dart
,6388,6388,2024-05-01,2024-11-10,86.19,Ekart
,6389,6389,2024-08-22,2025-10-04,119.47,Ekart
,6390,6390,2025-02-21,2025-01-25,590.86,Delhivery
,6391,6391,2025-04-15,2025-01-26,555.63,Blue Dart
,6392,6392,2024-11-10,2024-03-23,111.73,Delhivery
,6393,6393,2025-07-20,2026-01-04,531.54,Ekart
,6394,6394,2025-11-24,2025-03-07,55.01,DTDC
,6395,6395,2025-07-16,2024-05-17,599.82,DTDC
,6396,6396,2024-08-23,2025-04-19,127.81,DTDC
,6397,6397,2025-06-07,2025-02-15,454.66,Ekart
,6398,6398,2025-07-06,2024-08-10,242.1,Blue Dart
,6399,6399,2025-02-22,2024-12-04,360.63,Ekart
,6400,6400,2025-06-22,2024-02-10,384.19,Blue Dart
,6401,6401,2025-01-22,2024-08-09,347.34,Delhivery
,6402,6402,2025-06-06,2024-07-11,295.39,Delhivery
,6403,6403,2024-09-11,2024-09-14,106.35,Ekart
,6404,6404,2024-09-20,2024-07-22,293.26,Delhivery
,6405,6405,2024-05-07,2024-03-21,115.82,DTDC
,6406,6406,2024-03-02,2025-11-06,253.4,Delhivery
,6407,6407,2025-12-10,2024-03-15,416.31,Blue Dart
,6408,6408,2024-09-04,2024-04-18,351.96,Ekart
,6409,6409,2024-03-30,2025-03-24,255.23,Delhivery
,6410,6410,2024-07-17,2024-03-03,222.48,Delhivery
,6411,6411,2024-11-15,2025-02-10,153.11,DTDC
,6412,6412,2024-06-18,2025-12-20,471.54,Delhivery
,6413,6413,2025-10-29,2025-02-07,272.91,Blue Dart
,6414,6414,2025-01-21,2024-01-07,118.11,Blue Dart
,6415,6415,2025-10-28,2025-04-12,156.57,Blue Dart
,6416,6416,2025-07-31,2024-08-26,595.67,DTDC
,6417,6417,2024-06-05,2025-10-10,260.08,Ekart
,6418,6418,2025-04-24,2025-04-17,449.45,Blue Dart
,6419,6419,2025-08-11,2025-03-21,545.27,Ekart
,6420,6420,2025-09-22,2024-02-14,108.69,DTDC
,6421,6421,2024-05-17,2024-01-19,310.36,DTDC
,6422,6422,2025-06-16,2024-10-07,545.22,Delhivery
,6423,6423,2024-08-03,2024-12-25,585.94,Blue Dart
,6424,6424,2025-09-01,2025-10-01,83.97,Delhivery
,6425,6425,2024-08-12,2024-10-11,523.18,Ekart
,6426,6426,2025-12-21,2025-07-01,289.06,DTDC
,6427,6427,2024-10-19,2025-11-30,84.32,Ekart
,6428,6428,2025-08-22,2024-05-05,415.64,Ekart
,6429,6429,2024-05-10,2024-10-25,525.32,Delhivery
,6430,6430,2025-04-09,2024-02-13,350.5,Blue Dart
,6431,6431,2025-04-15,2024-03-28,510.49,Delhivery
,6432,6432,2024-08-19,2025-09-20,473.53,DTDC
,6433,6433,2024-09-19,2025-02-25,175.74,DTDC
,6434,6434,2024-09-21,2025-05-14,565.47,DTDC
,6435,6435,2025-12-13,2024-01-25,491.94,Ekart
,6436,6436,2024-05-25,2024-07-12,537.22,DTDC
,6437,6437,2025-01-21,2025-11-13,385.5,Delhivery
,6438,6438,2024-06-12,2025-02-01,299.13,Blue Dart
,6439,6439,2024-09-24,2024-11-21,174.47,DTDC
,6440,6440,2025-07-11,2024-06-05,598.59,Delhivery
,6441,6441,2024-08-12,2025-07-05,375.94,Delhivery
,6442,6442,2025-11-17,2025-06-10,118.76,Blue Dart
,6443,6443,2025-09-09,2024-05-06,226.81,Ekart
,6444,6444,2025-02-10,2025-01-06,388.83,DTDC
,6445,6445,2024-06-18,2025-10-18,217.67,DTDC
,6446,6446,2025-06-11,2024-10-01,445.52,Ekart
,6447,6447,2025-02-22,2025-10-31,430.01,Blue Dart
,6448,6448,2024-01-08,2025-04-21,62.94,Ekart
,6449,6449,2024-11-13,2025-03-28,470.6,Ekart
,6450,6450,2024-04-30,2025-05-22,244.83,Ekart
,6451,6451,2024-02-03,2025-07-06,252.94,DTDC
,6452,6452,2025-06-25,2024-12-18,566.46,DTDC
,6453,6453,2025-03-12,2025-11-06,72.47,Delhivery
,6454,6454,2025-12-17,2024-09-25,190.9,Delhivery
,6455,6455,2025-03-23,2025-12-04,170.12,Delhivery
,6456,6456,2025-08-19,2024-06-19,321.57,DTDC
,6457,6457,2024-07-18,2025-10-31,176.34,Ekart
,6458,6458,2024-10-25,2024-07-22,93.11,Blue Dart
,6459,6459,2025-11-20,2025-01-01,574.08,Blue Dart
,6460,6460,2024-03-23,2025-01-05,475.62,Delhivery
,6461,6461,2025-04-08,2024-07-31,260.73,DTDC
,6462,6462,2025-05-26,2024-06-08,240.48,DTDC
,6463,6463,2025-03-08,2024-06-12,534.45,Ekart
,6464,6464,2025-12-19,2025-08-01,468.44,Ekart
,6465,6465,2025-03-08,2025-06-19,315.54,Ekart
,6466,6466,2024-08-03,2025-07-25,88.93,Delhivery
,6467,6467,2025-03-11,2025-04-10,473.96,DTDC
,6468,6468,2024-12-17,2024-07-09,542.41,DTDC
,6469,6469,2024-12-22,2025-08-12,282.59,DTDC
,6470,6470,2025-11-25,2024-12-31,130.72,Delhivery
,6471,6471,2024-08-26,2025-09-21,237.67,Ekart
,6472,6472,2024-09-12,2025-07-30,143.85,Delhivery
,6473,6473,2025-03-06,2025-08-01,584.22,Blue Dart
,6474,6474,2024-06-01,2025-12-15,578.93,Delhivery
,6475,6475,2024-06-29,2025-05-12,189.07,Delhivery
,6476,6476,2024-02-24,2024-08-05,599.53,DTDC
,6477,6477,2024-09-22,2025-08-10,561.82,Ekart
,6478,6478,2025-05-26,2025-03-15,320.25,Blue Dart
,6479,6479,2024-06-10,2024-10-27,261.02,DTDC
,6480,6480,2024-06-18,2024-06-07,113.76,Delhivery
,6481,6481,2024-07-19,2024-12-26,366.61,DTDC
,6482,6482,2024-09-08,2024-05-10,211.96,Blue Dart
,6483,6483,2024-06-05,2024-01-18,537.82,Ekart
,6484,6484,2025-09-11,2025-05-15,273.82,DTDC
,6485,6485,2024-03-27,2025-12-10,83.37,Ekart
,6486,6486,2025-03-03,2024-05-16,546.35,Delhivery
,6487,6487,2025-04-01,2025-10-19,552.65,DTDC
,6488,6488,2025-01-01,2025-04-30,288.67,Delhivery
,6489,6489,2025-07-13,2024-07-10,317.89,Ekart
,6490,6490,2024-12-01,2025-02-09,162.43,Ekart
,6491,6491,2024-02-10,2025-01-04,87.42,Blue Dart
,6492,6492,2025-07-21,2025-06-03,501.55,Blue Dart
,6493,6493,2025-08-18,2025-08-01,585.76,DTDC
,6494,6494,2025-04-15,2024-12-23,515.39,Ekart
,6495,6495,2024-07-26,2024-02-21,402.8,Ekart
,6496,6496,2025-09-06,2025-01-10,547.78,DTDC
,6497,6497,2025-01-07,2024-08-25,102.23,Blue Dart
,6498,6498,2024-11-23,2025-01-15,493.01,Ekart
,6499,6499,2025-02-26,2025-03-25,302,DTDC
,6500,6500,2025-03-31,2024-10-11,451.85,Delhivery
,6501,6501,2025-05-25,2025-12-16,450.14,Delhivery
,6502,6502,2025-04-04,2025-07-03,360.53,Blue Dart
,6503,6503,2024-04-28,2025-09-18,544.19,Delhivery
,6504,6504,2024-09-29,2024-09-22,418.14,Ekart
,6505,6505,2025-01-27,2024-10-11,477.83,Delhivery
,6506,6506,2024-08-28,2024-04-01,164.58,Ekart
,6507,6507,2025-06-17,2025-08-31,572.05,Ekart
,6508,6508,2025-02-15,2025-05-09,419.17,Delhivery
,6509,6509,2025-12-21,2025-08-25,93.03,Blue Dart
,6510,6510,2024-01-22,2024-12-20,132.59,Blue Dart
,6511,6511,2025-09-19,2025-05-13,117.8,Blue Dart
,6512,6512,2024-07-09,2025-03-30,382.63,Delhivery
,6513,6513,2025-02-17,2024-05-01,569.17,DTDC
,6514,6514,2024-02-28,2024-09-25,160,Blue Dart
,6515,6515,2024-09-25,2024-06-24,540.42,Ekart
,6516,6516,2024-06-26,2025-08-21,238.94,Ekart
,6517,6517,2025-08-19,2024-12-13,277.22,Ekart
,6518,6518,2025-03-25,2024-01-27,475.04,DTDC
,6519,6519,2025-09-04,2025-12-20,129.66,Delhivery
,6520,6520,2025-07-04,2025-03-21,119.2,Blue Dart
,6521,6521,2024-04-08,2024-09-16,127.84,Delhivery
,6522,6522,2025-11-17,2024-01-09,116.16,Blue Dart
,6523,6523,2025-02-19,2025-09-12,192.91,Ekart
,6524,6524,2024-05-19,2024-02-09,236.79,Blue Dart
,6525,6525,2025-05-22,2025-06-25,452.34,Ekart
,6526,6526,2025-11-14,2024-07-07,266.64,Delhivery
,6527,6527,2025-06-26,2024-07-18,128.71,Blue Dart
,6528,6528,2025-02-15,2025-03-26,330.21,Ekart
,6529,6529,2024-12-22,2025-04-03,53.23,Delhivery
,6530,6530,2024-02-04,2025-02-07,208.38,Ekart
,6531,6531,2025-09-24,2024-12-08,227.5,Ekart
,6532,6532,2024-02-09,2025-05-20,225.92,Blue Dart
,6533,6533,2025-08-22,2025-01-09,315.79,Delhivery
,6534,6534,2024-09-07,2025-10-08,42.37,Ekart
,6535,6535,2024-01-26,2024-06-05,249.5,Delhivery
,6536,6536,2024-05-03,2025-04-22,189.62,DTDC
,6537,6537,2024-02-27,2024-06-06,273.28,Ekart
,6538,6538,2024-01-22,2024-06-10,72.12,Blue Dart
,6539,6539,2025-01-05,2024-04-13,315.77,Delhivery
,6540,6540,2025-01-02,2024-07-24,505.71,Ekart
,6541,6541,2025-05-03,2025-04-19,92.6,Blue Dart
,6542,6542,2025-04-02,2025-10-30,67.3,Ekart
,6543,6543,2025-06-07,2025-12-26,190.86,Delhivery
,6544,6544,2024-04-14,2025-11-13,84.63,Delhivery
,6545,6545,2024-06-24,2025-02-08,517.07,Delhivery
,6546,6546,2025-03-16,2025-01-06,92.58,Ekart
,6547,6547,2024-10-31,2025-01-02,479.01,Blue Dart
,6548,6548,2024-05-11,2024-06-30,585.57,Blue Dart
,6549,6549,2024-10-25,2025-02-08,144.68,DTDC
,6550,6550,2024-11-23,2024-08-15,241.07,DTDC
,6551,6551,2025-05-29,2024-01-22,114.49,Delhivery
,6552,6552,2025-10-27,2024-03-02,120.06,Delhivery
,6553,6553,2024-12-14,2025-09-23,299.25,DTDC
,6554,6554,2025-08-05,2024-08-17,62.26,Delhivery
,6555,6555,2024-01-04,2025-03-03,466.49,Blue Dart
,6556,6556,2024-02-22,2025-09-20,284.08,Delhivery
,6557,6557,2025-05-26,2024-10-04,296.49,Delhivery
,6558,6558,2025-04-17,2024-04-12,106.52,DTDC
,6559,6559,2024-08-15,2025-04-30,506.79,DTDC
,6560,6560,2025-07-05,2024-08-16,156.71,DTDC
,6561,6561,2024-08-24,2025-11-22,389.92,Delhivery
,6562,6562,2025-10-17,2025-01-15,96.74,Ekart
,6563,6563,2024-01-20,2024-05-15,106.96,DTDC
,6564,6564,2024-11-30,2024-10-09,93.23,Ekart
,6565,6565,2025-05-24,2024-10-02,324.79,DTDC
,6566,6566,2024-12-14,2024-03-04,492.5,Ekart
,6567,6567,2024-01-20,2024-06-01,582.84,Ekart
,6568,6568,2025-04-07,2025-10-09,520.85,DTDC
,6569,6569,2025-02-04,2024-06-23,407.3,DTDC
,6570,6570,2025-05-17,2025-06-04,317.17,Ekart
,6571,6571,2025-08-11,2025-06-30,154.7,Delhivery
,6572,6572,2024-08-12,2025-11-21,119.39,Delhivery
,6573,6573,2024-02-23,2025-01-17,558.55,Delhivery
,6574,6574,2024-08-06,2025-07-08,582.01,DTDC
,6575,6575,2024-05-18,2024-08-21,437.33,Ekart
,6576,6576,2024-08-02,2024-05-01,219.33,Blue Dart
,6577,6577,2025-06-03,2024-01-10,529.68,DTDC
,6578,6578,2024-04-30,2024-03-14,236.43,Delhivery
,6579,6579,2024-01-27,2024-06-25,516.05,DTDC
,6580,6580,2025-12-25,2025-04-22,266.71,DTDC
,6581,6581,2024-09-29,2025-01-04,534.16,Ekart
,6582,6582,2025-06-29,2025-04-30,177.27,DTDC
,6583,6583,2024-01-23,2025-01-05,86.36,Blue Dart
,6584,6584,2025-12-18,2024-08-23,46.6,Blue Dart
,6585,6585,2025-10-13,2024-11-13,195.3,Delhivery
,6586,6586,2025-09-01,2024-03-21,155.1,Delhivery
,6587,6587,2025-10-22,2025-09-14,562.54,Ekart
,6588,6588,2025-07-23,2024-11-06,535.95,DTDC
,6589,6589,2025-03-24,2025-08-11,173.02,Blue Dart
,6590,6590,2024-08-25,2024-06-15,249.45,Ekart
,6591,6591,2024-07-05,2025-12-28,320.03,DTDC
,6592,6592,2025-06-09,2025-10-11,102.44,Ekart
,6593,6593,2025-09-24,2025-06-12,210.45,Blue Dart
,6594,6594,2025-01-06,2024-08-10,563.46,Blue Dart
,6595,6595,2025-06-18,2024-09-25,125.93,Blue Dart
,6596,6596,2024-07-07,2025-07-16,532.01,Ekart
,6597,6597,2025-12-24,2025-04-06,280.18,Delhivery
,6598,6598,2024-11-03,2024-05-03,115.05,Delhivery
,6599,6599,2024-11-05,2024-01-14,106,Delhivery
,6600,6600,2025-11-20,2025-04-10,418.54,Blue Dart
,6601,6601,2025-07-12,2024-11-15,582.09,Delhivery
,6602,6602,2025-11-12,2025-09-11,278.34,Delhivery
,6603,6603,2024-03-15,2024-01-29,310.04,DTDC
,6604,6604,2025-10-15,2024-05-19,255.3,DTDC
,6605,6605,2025-03-20,2024-09-22,269.91,Delhivery
,6606,6606,2024-05-14,2025-05-16,177.8,DTDC
,6607,6607,2024-11-05,2024-08-09,557.82,Delhivery
,6608,6608,2025-02-26,2025-07-14,539.93,Ekart
,6609,6609,2024-09-26,2024-04-27,352.75,Ekart
,6610,6610,2024-12-29,2024-11-13,465.07,DTDC
,6611,6611,2024-10-06,2024-09-29,492.68,DTDC
,6612,6612,2025-06-09,2025-10-14,185.47,DTDC
,6613,6613,2024-05-29,2025-09-22,480.18,DTDC
,6614,6614,2025-04-24,2025-04-09,520.73,Ekart
,6615,6615,2024-05-04,2024-01-17,556.8,Delhivery
,6616,6616,2024-02-27,2025-06-30,216.49,DTDC
,6617,6617,2025-05-11,2025-03-17,227.65,Blue Dart
,6618,6618,2025-10-10,2025-09-04,546.27,Ekart
,6619,6619,2025-04-08,2024-05-25,381.17,DTDC
,6620,6620,2025-03-03,2025-11-28,439.01,Ekart
,6621,6621,2025-04-17,2024-07-26,238.78,Ekart
,6622,6622,2024-08-03,2025-04-25,394.53,Ekart
,6623,6623,2025-01-02,2026-01-04,503.67,Ekart
,6624,6624,2024-11-30,2024-10-06,130.3,Blue Dart
,6625,6625,2025-06-03,2024-12-11,339.3,Blue Dart
,6626,6626,2024-12-04,2024-01-26,454.88,Delhivery
,6627,6627,2025-04-06,2024-02-08,121.02,Blue Dart
,6628,6628,2024-10-03,2025-02-21,128.23,Blue Dart
,6629,6629,2024-05-21,2025-07-07,69.62,Ekart
,6630,6630,2025-03-05,2024-07-30,552.21,Blue Dart
,6631,6631,2025-03-16,2025-11-01,218.88,Delhivery
,6632,6632,2024-01-24,2024-03-02,324.03,Ekart
,6633,6633,2025-11-25,2024-01-05,565.27,Ekart
,6634,6634,2025-08-05,2024-05-08,203.95,DTDC
,6635,6635,2025-11-11,2024-05-14,71.09,Blue Dart
,6636,6636,2024-06-05,2024-07-01,556.96,Ekart
,6637,6637,2025-11-07,2024-04-25,597.87,Blue Dart
,6638,6638,2025-05-26,2025-10-02,106.3,DTDC
,6639,6639,2024-10-02,2025-07-05,553.25,DTDC
,6640,6640,2025-08-22,2025-04-04,77.91,DTDC
,6641,6641,2024-10-15,2025-02-08,567.76,DTDC
,6642,6642,2024-06-08,2024-07-12,278.46,Ekart
,6643,6643,2025-12-02,2025-05-03,489.36,Delhivery
,6644,6644,2024-07-11,2025-10-10,199.1,Delhivery
,6645,6645,2024-03-07,2025-12-03,259.29,DTDC
,6646,6646,2025-04-16,2024-01-21,270.89,DTDC
,6647,6647,2025-10-15,2024-07-17,95.96,Ekart
,6648,6648,2025-01-02,2025-09-28,330.31,DTDC
,6649,6649,2025-06-24,2025-01-29,94.4,Delhivery
,6650,6650,2025-02-12,2025-04-02,333.93,Ekart
,6651,6651,2025-12-25,2025-04-28,547.76,Ekart
,6652,6652,2024-05-26,2024-11-20,398.67,DTDC
,6653,6653,2025-01-01,2025-03-05,77.63,Ekart
,6654,6654,2025-10-09,2025-12-26,475.85,Blue Dart
,6655,6655,2024-11-24,2025-04-07,591.62,Ekart
,6656,6656,2025-04-11,2025-12-28,49.44,Ekart
,6657,6657,2024-03-15,2025-12-17,422.99,DTDC
,6658,6658,2024-11-08,2025-08-14,62.79,Delhivery
,6659,6659,2025-08-26,2024-10-31,289.78,Ekart
,6660,6660,2025-06-05,2025-05-01,138.69,Ekart
,6661,6661,2024-12-23,2024-11-24,350.62,Delhivery
,6662,6662,2025-06-24,2024-03-30,59.35,Blue Dart
,6663,6663,2024-12-03,2024-04-09,479.57,Blue Dart
,6664,6664,2024-11-17,2024-07-26,552.7,Ekart
,6665,6665,2024-11-25,2024-10-23,328.79,Ekart
,6666,6666,2024-12-23,2025-05-29,106.1,Ekart
,6667,6667,2025-01-14,2025-02-22,497.77,Blue Dart
,6668,6668,2025-08-03,2024-12-07,282.45,DTDC
,6669,6669,2024-05-13,2024-05-21,137.63,Ekart
,6670,6670,2024-03-21,2024-09-14,430.67,Delhivery
,6671,6671,2024-07-31,2025-09-20,102.13,DTDC
,6672,6672,2024-09-20,2024-07-11,107.45,Blue Dart
,6673,6673,2025-10-05,2025-10-13,396.44,Ekart
,6674,6674,2025-03-22,2024-11-11,205.98,Delhivery
,6675,6675,2025-09-15,2025-11-24,521.39,Blue Dart
,6676,6676,2024-11-02,2024-01-25,306.76,DTDC
,6677,6677,2025-08-29,2025-03-07,175.22,Blue Dart
,6678,6678,2024-05-05,2025-12-27,125.15,Blue Dart
,6679,6679,2025-09-03,2025-04-09,240.32,Blue Dart
,6680,6680,2024-09-22,2024-03-11,435.84,Ekart
,6681,6681,2025-01-08,2025-06-13,220.92,DTDC
,6682,6682,2024-10-02,2024-01-16,242.63,Delhivery
,6683,6683,2025-07-30,2024-09-25,207.35,Delhivery
,6684,6684,2025-12-27,2025-06-23,164.88,DTDC
,6685,6685,2024-09-01,2024-06-09,552.35,Ekart
,6686,6686,2025-08-03,2025-11-28,214.69,Ekart
,6687,6687,2025-10-19,2025-04-16,404.97,Delhivery
,6688,6688,2024-07-20,2024-04-07,411.42,Delhivery
,6689,6689,2025-02-19,2025-03-17,51.63,DTDC
,6690,6690,2024-06-29,2024-11-26,253.64,Ekart
,6691,6691,2024-12-10,2025-08-03,52.7,Ekart
,6692,6692,2024-08-28,2025-10-24,48.45,Delhivery
,6693,6693,2024-03-23,2025-02-03,302.77,DTDC
,6694,6694,2025-12-09,2025-09-30,544.36,Ekart
,6695,6695,2024-05-06,2024-02-16,185.41,Delhivery
,6696,6696,2024-07-06,2025-07-31,338.7,Blue Dart
,6697,6697,2024-04-05,2025-07-06,529.25,Ekart
,6698,6698,2025-05-04,2024-08-10,532.19,Blue Dart
,6699,6699,2025-10-02,2025-07-04,44.84,DTDC
,6700,6700,2025-11-16,2024-03-13,58.15,DTDC
,6701,6701,2025-03-21,2025-02-14,81.69,DTDC
,6702,6702,2025-02-07,2025-04-09,566.53,Delhivery
,6703,6703,2025-09-23,2025-03-10,132.97,Delhivery
,6704,6704,2024-11-06,2025-06-11,373.85,Blue Dart
,6705,6705,2025-07-13,2025-10-23,216.7,Ekart
,6706,6706,2025-03-22,2025-08-23,264.76,Ekart
,6707,6707,2025-04-11,2024-05-01,76.1,Blue Dart
,6708,6708,2024-04-01,2025-06-06,455.57,Ekart
,6709,6709,2024-10-15,2025-03-29,333.97,Blue Dart
,6710,6710,2024-02-08,2024-12-27,238.25,DTDC
,6711,6711,2025-09-23,2025-09-02,455.15,Blue Dart
,6712,6712,2024-12-26,2024-05-28,315.02,Blue Dart
,6713,6713,2025-07-30,2024-10-19,62.96,Ekart
,6714,6714,2025-03-28,2025-10-21,594.26,Delhivery
,6715,6715,2025-03-18,2024-08-09,146.15,DTDC
,6716,6716,2024-01-05,2024-02-05,357.32,DTDC
,6717,6717,2024-02-16,2025-06-04,521.13,Blue Dart
,6718,6718,2024-03-13,2024-06-09,91.19,DTDC
,6719,6719,2024-07-14,2024-02-08,459.14,Ekart
,6720,6720,2024-08-26,2024-08-12,506.2,DTDC
,6721,6721,2025-03-25,2025-08-19,159.67,Delhivery
,6722,6722,2024-08-20,2024-08-26,456.12,Blue Dart
,6723,6723,2025-11-10,2024-05-25,512.07,Ekart
,6724,6724,2024-05-19,2024-06-07,342.38,Ekart
,6725,6725,2024-12-20,2025-09-02,393.01,Blue Dart
,6726,6726,2025-05-14,2025-02-18,459.51,Blue Dart
,6727,6727,2024-02-24,2025-11-09,468.79,Ekart
,6728,6728,2024-08-06,2025-04-15,141.71,Blue Dart
,6729,6729,2025-12-24,2024-08-04,382.92,Delhivery
,6730,6730,2024-05-09,2024-02-06,412.7,DTDC
,6731,6731,2025-03-02,2025-06-10,278.15,DTDC
,6732,6732,2025-02-07,2025-03-20,450.95,Blue Dart
,6733,6733,2025-03-01,2024-01-06,41.63,Blue Dart
,6734,6734,2024-03-09,2025-11-04,125.3,DTDC
,6735,6735,2024-09-25,2024-09-28,335.57,Delhivery
,6736,6736,2024-07-11,2025-01-19,226.42,Delhivery
,6737,6737,2024-10-02,2024-05-03,207.84,Ekart
,6738,6738,2025-04-08,2025-09-28,205.5,DTDC
,6739,6739,2025-09-14,2024-08-12,222.92,Blue Dart
,6740,6740,2025-10-06,2025-08-23,239.1,Ekart
,6741,6741,2025-07-16,2024-11-20,85.44,DTDC
,6742,6742,2024-10-18,2025-06-18,523.2,Delhivery
,6743,6743,2025-01-16,2024-01-21,169.82,DTDC
,6744,6744,2025-09-27,2024-06-10,300.01,DTDC
,6745,6745,2025-07-08,2025-04-14,407.17,Delhivery
,6746,6746,2024-01-14,2025-07-07,480.55,Delhivery
,6747,6747,2025-09-17,2024-10-18,51.78,Blue Dart
,6748,6748,2024-11-08,2024-05-20,110.81,DTDC
,6749,6749,2025-08-02,2025-08-31,137.8,Blue Dart
,6750,6750,2025-11-22,2025-02-14,288.47,Delhivery
,6751,6751,2025-02-04,2024-10-24,584.14,DTDC
,6752,6752,2024-08-15,2025-07-31,341.81,Ekart
,6753,6753,2025-03-22,2025-05-22,239.88,Blue Dart
,6754,6754,2024-07-13,2024-12-28,118.71,Delhivery
,6755,6755,2024-08-07,2025-11-26,464.8,Ekart
,6756,6756,2025-05-27,2025-12-17,298.64,DTDC
,6757,6757,2025-07-01,2024-06-02,241.12,Ekart
,6758,6758,2024-02-17,2024-05-18,438.37,DTDC
,6759,6759,2025-12-23,2025-10-07,486.18,Ekart
,6760,6760,2024-03-20,2025-02-10,113.06,DTDC
,6761,6761,2024-06-13,2024-05-26,507.46,Delhivery
,6762,6762,2025-05-20,2025-03-10,271.69,Ekart
,6763,6763,2024-03-17,2025-01-28,103.37,Delhivery
,6764,6764,2024-09-22,2024-04-28,70.81,DTDC
,6765,6765,2025-01-07,2025-05-22,583.66,Delhivery
,6766,6766,2024-04-11,2024-02-02,519.8,Ekart
,6767,6767,2024-03-14,2024-07-13,178.2,Delhivery
,6768,6768,2024-11-09,2025-09-16,250.2,Delhivery
,6769,6769,2024-11-29,2025-10-16,352.32,Blue Dart
,6770,6770,2025-05-16,2024-04-14,369.94,Ekart
,6771,6771,2024-05-25,2025-11-23,311.45,Blue Dart
,6772,6772,2024-07-25,2025-11-30,414.3,Blue Dart
,6773,6773,2024-09-10,2024-11-29,224.69,Blue Dart
,6774,6774,2024-07-17,2025-11-04,199.66,Ekart
,6775,6775,2025-06-17,2025-12-11,534.44,Ekart
,6776,6776,2024-12-05,2025-04-08,111.98,DTDC
,6777,6777,2025-02-25,2025-09-13,481.07,DTDC
,6778,6778,2025-02-05,2024-11-01,386.69,Ekart
,6779,6779,2024-07-24,2024-11-19,230.13,Blue Dart
,6780,6780,2025-06-16,2025-05-28,494.65,Ekart
,6781,6781,2025-03-20,2024-11-24,100.1,Blue Dart
,6782,6782,2025-05-25,2025-05-16,524.91,Ekart
,6783,6783,2024-10-16,2024-03-25,202.21,Ekart
,6784,6784,2024-11-11,2024-09-30,380.77,Ekart
,6785,6785,2024-11-01,2024-09-12,593.84,Blue Dart
,6786,6786,2025-03-24,2024-11-01,50.69,Delhivery
,6787,6787,2024-11-19,2025-06-01,259.33,Delhivery
,6788,6788,2025-02-19,2024-03-08,514.8,DTDC
,6789,6789,2024-04-02,2025-10-25,189.22,Ekart
,6790,6790,2024-02-12,2025-03-02,324.94,DTDC
,6791,6791,2024-01-30,2024-06-05,398.42,Blue Dart
,6792,6792,2025-11-03,2024-01-23,406.34,Delhivery
,6793,6793,2024-12-29,2025-08-10,454.02,Delhivery
,6794,6794,2025-03-25,2025-05-07,202.08,Blue Dart
,6795,6795,2025-07-28,2024-01-13,215.81,DTDC
,6796,6796,2024-04-30,2025-12-08,421.47,Blue Dart
,6797,6797,2025-06-12,2024-03-18,532.75,DTDC
,6798,6798,2024-11-19,2024-05-02,163.3,Ekart
,6799,6799,2024-08-01,2024-08-16,409.93,Delhivery
,6800,6800,2024-10-27,2025-10-26,177.67,Delhivery
,6801,6801,2025-08-18,2024-03-01,550.31,Blue Dart
,6802,6802,2025-08-14,2024-03-29,484.59,Blue Dart
,6803,6803,2025-02-19,2024-08-17,133.23,Ekart
,6804,6804,2025-12-12,2025-01-04,298.33,Blue Dart
,6805,6805,2024-08-28,2024-06-11,182.28,Delhivery
,6806,6806,2025-03-09,2025-04-16,479.97,Blue Dart
,6807,6807,2024-09-23,2025-11-22,377.62,DTDC
,6808,6808,2024-10-04,2024-03-17,287.33,Delhivery
,6809,6809,2024-06-27,2024-12-04,595.02,DTDC
,6810,6810,2024-11-14,2024-06-25,496.36,Ekart
,6811,6811,2024-04-25,2025-07-11,554.37,DTDC
,6812,6812,2024-12-01,2025-02-04,397.58,Ekart
,6813,6813,2024-04-19,2025-01-21,563.49,Ekart
,6814,6814,2024-10-19,2025-09-01,555.96,Blue Dart
,6815,6815,2024-09-14,2024-09-06,236.86,Blue Dart
,6816,6816,2025-08-09,2025-12-22,267.14,Delhivery
,6817,6817,2024-03-03,2025-01-17,580.16,Blue Dart
,6818,6818,2025-05-29,2024-08-25,243.63,Ekart
,6819,6819,2024-06-11,2025-04-21,500.09,Ekart
,6820,6820,2024-05-01,2025-03-22,373.06,Delhivery
,6821,6821,2024-02-11,2025-05-26,50.11,Ekart
,6822,6822,2025-05-18,2025-11-15,590.12,Blue Dart
,6823,6823,2024-06-30,2025-02-09,122.93,DTDC
,6824,6824,2024-09-08,2024-07-25,126.15,Ekart
,6825,6825,2024-12-20,2024-06-04,391.53,Ekart
,6826,6826,2024-09-01,2024-09-24,325.15,Delhivery
,6827,6827,2025-12-17,2024-02-17,464.98,DTDC
,6828,6828,2024-03-21,2024-08-08,515.94,DTDC
,6829,6829,2024-08-03,2024-02-17,85.37,Delhivery
,6830,6830,2025-01-22,2025-05-25,376.49,Blue Dart
,6831,6831,2024-09-22,2025-10-27,399.71,Delhivery
,6832,6832,2024-06-30,2025-05-22,249.59,Blue Dart
,6833,6833,2024-10-15,2025-07-29,426.06,Ekart
,6834,6834,2024-05-17,2024-05-15,207.43,Delhivery
,6835,6835,2025-03-03,2025-01-31,511.9,Ekart
,6836,6836,2024-03-23,2024-11-18,281.11,Ekart
,6837,6837,2024-10-07,2024-03-21,412.85,DTDC
,6838,6838,2024-04-04,2024-03-10,236.4,Delhivery
,6839,6839,2024-03-28,2025-05-06,178.65,DTDC
,6840,6840,2025-09-09,2025-05-03,230.37,Ekart
,6841,6841,2024-01-30,2024-04-28,192.34,DTDC
,6842,6842,2025-11-23,2025-04-11,264.1,Blue Dart
,6843,6843,2024-08-24,2024-01-26,571.17,DTDC
,6844,6844,2025-07-04,2024-06-01,587.07,Delhivery
,6845,6845,2024-06-24,2024-01-08,485.99,Blue Dart
,6846,6846,2024-09-06,2024-10-03,541.67,Ekart
,6847,6847,2024-04-24,2024-03-12,515,DTDC
,6848,6848,2025-01-31,2024-12-05,140.57,DTDC
,6849,6849,2025-06-06,2025-07-26,294.22,Delhivery
,6850,6850,2024-08-04,2025-02-16,57.46,Delhivery
,6851,6851,2024-03-25,2025-02-05,163.52,DTDC
,6852,6852,2024-02-04,2025-07-23,155.48,Ekart
,6853,6853,2024-10-11,2024-05-25,521.27,Ekart
,6854,6854,2024-05-06,2025-02-21,156.01,Delhivery
,6855,6855,2024-08-03,2025-01-01,373.78,Delhivery
,6856,6856,2025-03-07,2025-03-29,159.6,Delhivery
,6857,6857,2024-11-03,2025-12-13,126.61,Delhivery
,6858,6858,2024-06-24,2025-01-02,64.85,Delhivery
,6859,6859,2024-09-11,2025-08-20,503.81,DTDC
,6860,6860,2024-12-29,2024-12-09,273.6,Blue Dart
,6861,6861,2025-01-24,2025-10-23,257.76,Blue Dart
,6862,6862,2025-03-29,2025-05-21,352.32,Delhivery
,6863,6863,2025-06-08,2025-10-27,585.94,Blue Dart
,6864,6864,2024-03-31,2024-08-17,460.54,DTDC
,6865,6865,2024-12-05,2024-01-26,379.89,Delhivery
,6866,6866,2025-04-05,2024-11-19,281.22,Ekart
,6867,6867,2025-12-12,2025-05-26,434.66,Ekart
,6868,6868,2024-08-07,2024-04-20,361.16,DTDC
,6869,6869,2024-01-26,2024-11-15,505.72,Delhivery
,6870,6870,2024-11-10,2024-01-30,528.91,Delhivery
,6871,6871,2025-11-30,2025-01-09,547.33,DTDC
,6872,6872,2025-12-04,2024-08-17,269.04,Ekart
,6873,6873,2025-06-16,2025-06-17,176.88,Blue Dart
,6874,6874,2025-11-29,2025-08-20,405.28,Ekart
,6875,6875,2024-06-27,2025-06-28,499.37,DTDC
,6876,6876,2025-10-03,2024-06-27,557.39,Delhivery
,6877,6877,2024-08-06,2025-08-29,227.72,Ekart
,6878,6878,2025-02-15,2024-10-02,65.44,Delhivery
,6879,6879,2024-09-20,2025-07-11,282.26,Blue Dart
,6880,6880,2024-12-09,2025-05-31,518.69,Ekart
,6881,6881,2024-10-14,2025-09-15,556.45,DTDC
,6882,6882,2024-02-27,2025-08-13,51.96,Delhivery
,6883,6883,2025-09-03,2025-05-06,259.58,Blue Dart
,6884,6884,2025-01-07,2024-04-17,564.5,Delhivery
,6885,6885,2024-05-26,2024-07-15,187.14,Ekart
,6886,6886,2025-08-02,2024-08-08,566.15,Blue Dart
,6887,6887,2024-09-08,2024-06-22,150.93,Ekart
,6888,6888,2024-02-22,2024-01-13,93.76,Ekart
,6889,6889,2024-01-27,2024-01-09,275.03,DTDC
,6890,6890,2024-11-10,2025-08-06,298.77,DTDC
,6891,6891,2025-11-09,2025-09-14,303.57,Ekart
,6892,6892,2024-08-22,2025-07-30,325.8,Ekart
,6893,6893,2025-12-10,2025-11-24,191.1,Delhivery
,6894,6894,2025-03-19,2024-06-04,202.58,Blue Dart
,6895,6895,2024-10-07,2024-12-29,73.96,Ekart
,6896,6896,2025-10-16,2025-01-09,558.53,DTDC
,6897,6897,2024-10-18,2025-07-26,498.67,DTDC
,6898,6898,2025-11-27,2025-09-22,344.78,Ekart
,6899,6899,2025-12-22,2025-06-29,43.92,Delhivery
,6900,6900,2024-01-09,2024-05-15,437.31,Delhivery
,6901,6901,2025-05-04,2025-09-20,527.96,Blue Dart
,6902,6902,2025-04-07,2024-05-04,276.05,Blue Dart
,6903,6903,2025-07-29,2025-10-03,246.02,DTDC
,6904,6904,2025-04-13,2024-05-09,61.96,Delhivery
,6905,6905,2025-05-21,2025-07-04,540.58,DTDC
,6906,6906,2025-08-26,2024-03-22,375.61,Ekart
,6907,6907,2025-05-08,2025-01-20,387.87,Blue Dart
,6908,6908,2024-03-06,2025-10-12,580.6,Blue Dart
,6909,6909,2024-07-02,2024-03-17,429.18,Blue Dart
,6910,6910,2024-02-10,2025-06-16,290.61,Ekart
,6911,6911,2024-01-18,2024-03-21,541.54,Ekart
,6912,6912,2025-10-09,2024-02-29,537.58,Ekart
,6913,6913,2024-10-20,2024-05-30,409.75,Blue Dart
,6914,6914,2025-03-30,2025-02-13,120.64,Blue Dart
,6915,6915,2024-03-29,2024-05-26,360.7,Blue Dart
,6916,6916,2024-01-22,2024-10-04,429.16,Ekart
,6917,6917,2024-11-25,2025-06-03,263.52,Ekart
,6918,6918,2024-11-28,2025-09-06,512.61,Delhivery
,6919,6919,2024-10-20,2024-08-14,62.01,Blue Dart
,6920,6920,2024-07-30,2025-09-01,202.87,Blue Dart
,6921,6921,2024-08-01,2025-01-28,51.39,Blue Dart
,6922,6922,2024-10-06,2025-08-21,349.13,Blue Dart
,6923,6923,2025-01-08,2024-10-12,136.57,Delhivery
,6924,6924,2025-06-29,2024-10-06,306.14,Blue Dart
,6925,6925,2024-10-25,2024-05-28,249.65,DTDC
,6926,6926,2025-12-21,2024-05-28,588.27,Delhivery
,6927,6927,2024-12-12,2025-10-26,139.26,DTDC
,6928,6928,2025-01-23,2024-04-23,69.97,DTDC
,6929,6929,2025-04-03,2025-05-02,477.47,Blue Dart
,6930,6930,2025-03-21,2025-06-18,288.39,Ekart
,6931,6931,2024-09-11,2025-04-21,576.37,DTDC
,6932,6932,2025-11-02,2024-10-25,124.95,Delhivery
,6933,6933,2025-10-24,2025-06-28,549.03,Blue Dart
,6934,6934,2025-10-20,2024-01-07,134.39,Blue Dart
,6935,6935,2025-08-27,2024-02-15,174.87,Blue Dart
,6936,6936,2025-06-06,2024-12-30,517.81,DTDC
,6937,6937,2025-06-21,2025-04-20,447.45,Blue Dart
,6938,6938,2025-10-12,2025-04-26,568.06,DTDC
,6939,6939,2025-05-08,2024-06-29,51.21,Blue Dart
,6940,6940,2025-05-21,2024-04-07,168.81,Delhivery
,6941,6941,2024-11-01,2025-02-26,66.23,DTDC
,6942,6942,2025-10-10,2025-01-07,407.43,Delhivery
,6943,6943,2024-05-14,2025-02-02,144.5,DTDC
,6944,6944,2024-06-16,2024-04-20,381.93,Blue Dart
,6945,6945,2025-03-10,2024-01-31,264.14,Blue Dart
,6946,6946,2025-01-12,2025-02-08,582.56,Blue Dart
,6947,6947,2025-04-18,2024-11-27,532.89,DTDC
,6948,6948,2024-07-11,2025-05-30,468.98,Ekart
,6949,6949,2024-11-17,2024-11-28,498.89,DTDC
,6950,6950,2024-09-19,2024-09-20,216.51,Delhivery
,6951,6951,2025-12-18,2025-03-29,78.85,Blue Dart
,6952,6952,2025-01-23,2025-12-29,495.69,DTDC
,6953,6953,2025-06-22,2024-12-27,161.16,Delhivery
,6954,6954,2025-02-21,2025-02-09,288.96,Blue Dart
,6955,6955,2025-01-25,2024-08-26,116.89,Blue Dart
,6956,6956,2025-06-02,2025-10-26,371.97,Delhivery
,6957,6957,2024-01-09,2025-02-24,410.54,Delhivery
,6958,6958,2024-09-25,2025-11-29,468.48,Ekart
,6959,6959,2025-10-24,2024-06-11,395.15,DTDC
,6960,6960,2024-07-29,2025-08-12,435.59,DTDC
,6961,6961,2024-10-06,2024-12-19,532.05,Blue Dart
,6962,6962,2024-12-18,2024-06-08,509.48,DTDC
,6963,6963,2024-11-30,2025-08-07,189.46,Delhivery
,6964,6964,2025-09-23,2024-10-17,339.39,Ekart
,6965,6965,2024-12-31,2024-03-19,159.61,Delhivery
,6966,6966,2024-12-29,2025-01-26,346.23,Ekart
,6967,6967,2024-02-09,2024-06-23,145.57,DTDC
,6968,6968,2025-04-01,2024-08-22,431.55,Blue Dart
,6969,6969,2025-09-05,2024-05-06,355,DTDC
,6970,6970,2024-04-13,2024-07-31,326.04,Delhivery
,6971,6971,2024-10-18,2025-12-07,459.62,Ekart
,6972,6972,2024-03-13,2024-05-08,585.98,Blue Dart
,6973,6973,2024-04-10,2025-07-20,417.15,Ekart
,6974,6974,2024-02-18,2024-10-25,469.73,Blue Dart
,6975,6975,2024-07-01,2025-02-13,423.38,Blue Dart
,6976,6976,2025-06-06,2025-09-25,132.67,Delhivery
,6977,6977,2024-10-07,2025-09-24,95.55,Blue Dart
,6978,6978,2025-01-08,2024-04-11,371.74,DTDC
,6979,6979,2025-01-18,2025-11-15,313.68,Delhivery
,6980,6980,2024-05-20,2025-05-11,298.88,Ekart
,6981,6981,2024-03-18,2025-03-12,466.26,DTDC
,6982,6982,2025-08-05,2025-02-08,170.68,Delhivery
,6983,6983,2025-03-29,2024-09-21,167.64,DTDC
,6984,6984,2025-07-26,2024-01-22,91.45,Delhivery
,6985,6985,2025-06-13,2024-07-25,97.61,Ekart
,6986,6986,2024-06-06,2024-10-24,86.75,Blue Dart
,6987,6987,2025-11-01,2024-07-23,350.25,Delhivery
,6988,6988,2024-09-28,2025-07-29,124.31,Blue Dart
,6989,6989,2025-03-15,2024-10-29,217.55,Blue Dart
,6990,6990,2024-05-20,2024-05-09,579.97,Ekart
,6991,6991,2025-11-17,2024-01-14,450.88,DTDC
,6992,6992,2024-01-31,2024-01-13,471.21,Blue Dart
,6993,6993,2025-12-15,2024-03-20,172.62,Blue Dart
,6994,6994,2025-05-29,2025-09-11,85.29,Ekart
,6995,6995,2024-07-27,2024-02-22,135.36,DTDC
,6996,6996,2025-07-07,2024-12-16,190.46,DTDC
,6997,6997,2025-03-12,2025-12-26,122.94,DTDC
,6998,6998,2024-12-26,2025-04-12,475.39,Ekart
,6999,6999,2025-01-09,2024-07-11,444.96,DTDC
,7000,7000,2025-03-21,2024-01-05,526.59,Ekart
,7001,7001,2025-10-18,2025-12-28,91.24,DTDC
,7002,7002,2025-11-11,2025-08-21,575.4,Blue Dart
,7003,7003,2025-08-24,2024-12-14,411.89,Blue Dart
,7004,7004,2025-08-21,2024-09-12,56.09,DTDC
,7005,7005,2025-03-22,2024-10-14,69,DTDC
,7006,7006,2024-02-09,2024-05-10,222.3,Delhivery
,7007,7007,2025-06-27,2024-07-08,326.83,Ekart
,7008,7008,2025-12-15,2024-02-05,546.08,DTDC
,7009,7009,2025-11-09,2024-06-05,289.76,Blue Dart
,7010,7010,2025-10-14,2025-03-26,134.9,DTDC
,7011,7011,2024-07-05,2025-11-26,326.82,Delhivery
,7012,7012,2025-05-09,2024-05-13,582.94,Ekart
,7013,7013,2025-01-26,2024-12-30,459.04,Delhivery
,7014,7014,2024-11-12,2025-09-08,182.42,Delhivery
,7015,7015,2025-02-22,2025-02-28,521.22,Ekart
,7016,7016,2025-08-31,2024-11-29,221.69,Blue Dart
,7017,7017,2025-01-20,2025-10-22,52.87,Blue Dart
,7018,7018,2025-05-28,2026-01-03,502.51,DTDC
,7019,7019,2024-07-29,2024-07-06,191.07,DTDC
,7020,7020,2024-08-09,2024-06-20,393.01,Blue Dart
,7021,7021,2024-01-14,2025-03-02,185.31,Delhivery
,7022,7022,2024-11-16,2025-02-16,53.37,DTDC
,7023,7023,2024-06-04,2024-02-20,214.75,Delhivery
,7024,7024,2024-01-15,2024-08-19,526.36,Blue Dart
,7025,7025,2024-02-18,2025-07-31,122.2,Blue Dart
,7026,7026,2024-12-31,2025-09-03,235.49,Blue Dart
,7027,7027,2024-02-09,2025-12-02,45.86,Delhivery
,7028,7028,2025-04-19,2025-07-26,342.37,Delhivery
,7029,7029,2025-01-21,2025-04-19,519.1,Delhivery
,7030,7030,2025-05-16,2025-10-03,288.76,DTDC
,7031,7031,2025-02-09,2025-12-01,315.97,DTDC
,7032,7032,2024-01-19,2026-01-01,140.64,Ekart
,7033,7033,2025-08-15,2024-02-11,121.93,Delhivery
,7034,7034,2024-10-29,2024-10-05,263.87,Delhivery
,7035,7035,2024-12-31,2025-05-28,295.38,Delhivery
,7036,7036,2024-02-25,2024-12-08,303.93,Ekart
,7037,7037,2025-07-30,2024-10-24,447.63,Blue Dart
,7038,7038,2025-02-06,2024-04-25,468.48,Ekart
,7039,7039,2024-06-02,2024-02-16,175.54,Blue Dart
,7040,7040,2024-10-06,2025-05-31,90.37,DTDC
,7041,7041,2024-10-01,2025-09-24,148.15,DTDC
,7042,7042,2024-09-24,2025-04-05,318.2,Ekart
,7043,7043,2025-03-26,2025-03-13,477.19,Ekart
,7044,7044,2024-01-25,2026-01-02,67.43,Blue Dart
,7045,7045,2025-05-08,2024-05-23,232.53,DTDC
,7046,7046,2025-01-10,2025-01-20,394.75,DTDC
,7047,7047,2024-03-31,2024-04-22,77.97,DTDC
,7048,7048,2025-01-16,2024-09-02,532.36,DTDC
,7049,7049,2025-06-07,2024-06-03,62.01,Ekart
,7050,7050,2025-12-29,2024-08-29,564.98,Ekart
,7051,7051,2025-05-23,2024-12-03,303.94,Blue Dart
,7052,7052,2024-08-10,2024-08-19,176.72,Delhivery
,7053,7053,2025-04-20,2024-03-07,509.7,DTDC
,7054,7054,2025-09-10,2025-12-06,241.18,DTDC
,7055,7055,2024-09-19,2025-04-14,60.93,Blue Dart
,7056,7056,2024-06-08,2024-09-12,528.86,Blue Dart
,7057,7057,2025-01-06,2025-01-29,244.35,Ekart
,7058,7058,2024-04-22,2024-07-05,295.61,Blue Dart
,7059,7059,2025-08-06,2024-07-15,464.76,DTDC
,7060,7060,2024-02-17,2025-12-13,130.84,DTDC
,7061,7061,2025-11-13,2024-09-27,406.49,Delhivery
,7062,7062,2024-09-20,2024-01-20,51.3,Delhivery
,7063,7063,2024-01-08,2025-04-29,228.9,Blue Dart
,7064,7064,2025-10-26,2024-03-05,118.56,DTDC
,7065,7065,2024-05-13,2025-02-10,208.68,Blue Dart
,7066,7066,2024-04-02,2024-04-06,577.55,DTDC
,7067,7067,2025-10-05,2025-01-26,243.96,Delhivery
,7068,7068,2024-09-29,2024-07-11,99.78,Delhivery
,7069,7069,2025-10-22,2024-06-22,254.99,Blue Dart
,7070,7070,2025-04-11,2024-03-28,528.5,Blue Dart
,7071,7071,2025-06-03,2024-09-05,422.14,Delhivery
,7072,7072,2024-03-15,2025-12-06,369.74,Blue Dart
,7073,7073,2025-06-04,2025-09-25,397.36,DTDC
,7074,7074,2024-11-04,2024-07-09,220.6,Blue Dart
,7075,7075,2025-07-27,2025-05-14,527.59,Ekart
,7076,7076,2025-04-03,2024-09-11,432.36,DTDC
,7077,7077,2024-07-22,2024-10-03,57.87,Blue Dart
,7078,7078,2024-04-19,2025-08-02,308.36,Ekart
,7079,7079,2025-05-15,2025-09-28,280.52,DTDC
,7080,7080,2024-10-02,2024-09-11,182.51,Blue Dart
,7081,7081,2025-05-02,2024-02-15,193.41,Ekart
,7082,7082,2025-01-21,2025-09-28,198.64,DTDC
,7083,7083,2025-08-26,2025-04-04,381.44,Delhivery
,7084,7084,2025-06-04,2024-03-11,42.32,Delhivery
,7085,7085,2024-11-20,2025-01-20,380.06,DTDC
,7086,7086,2024-05-16,2025-06-08,134.08,DTDC
,7087,7087,2025-04-09,2024-07-01,55.55,DTDC
,7088,7088,2024-05-19,2024-10-14,497.64,Delhivery
,7089,7089,2025-12-05,2024-01-10,69.9,Delhivery
,7090,7090,2025-11-15,2025-03-23,546.47,Ekart
,7091,7091,2024-09-25,2024-04-15,383.61,DTDC
,7092,7092,2025-09-10,2025-12-21,186.89,Ekart
,7093,7093,2024-02-21,2025-11-21,71.65,Delhivery
,7094,7094,2024-08-24,2025-09-06,286.18,DTDC
,7095,7095,2024-11-12,2024-03-04,548.03,DTDC
,7096,7096,2024-05-24,2025-08-17,562.95,Blue Dart
,7097,7097,2025-10-05,2024-04-25,121.79,Delhivery
,7098,7098,2025-07-31,2025-05-02,137.21,Delhivery
,7099,7099,2025-02-21,2025-03-10,47.61,Ekart
,7100,7100,2024-09-13,2025-06-06,359.61,Delhivery
,7101,7101,2024-04-18,2024-05-18,151.46,DTDC
,7102,7102,2025-09-10,2024-03-06,542.87,Ekart
,7103,7103,2024-07-20,2025-06-25,296.04,Ekart
,7104,7104,2024-09-14,2025-08-27,560.71,Ekart
,7105,7105,2024-10-20,2025-11-24,599.01,Ekart
,7106,7106,2024-11-11,2025-10-18,518.08,Ekart
,7107,7107,2024-12-09,2025-06-13,247.29,DTDC
,7108,7108,2024-05-07,2024-06-24,358.86,Ekart
,7109,7109,2025-01-26,2024-09-29,109.32,DTDC
,7110,7110,2025-06-16,2024-09-20,52.19,Ekart
,7111,7111,2025-12-22,2024-05-15,468.54,Delhivery
,7112,7112,2024-10-04,2025-12-03,71.52,Delhivery
,7113,7113,2024-07-05,2024-11-10,447.74,Delhivery
,7114,7114,2024-07-29,2025-07-05,166.36,Delhivery
,7115,7115,2025-12-23,2025-09-01,127.97,Ekart
,7116,7116,2025-02-04,2024-04-07,460.8,DTDC
,7117,7117,2025-02-16,2024-11-04,297.93,Blue Dart
,7118,7118,2024-06-22,2024-01-20,357.41,Delhivery
,7119,7119,2024-10-23,2025-07-09,592.36,Delhivery
,7120,7120,2025-12-29,2024-05-08,558.99,DTDC
,7121,7121,2024-09-29,2024-10-03,330.18,Ekart
,7122,7122,2025-11-03,2024-03-26,507.63,Ekart
,7123,7123,2024-08-27,2025-03-25,107.16,Ekart
,7124,7124,2025-07-10,2025-04-27,513.95,DTDC
,7125,7125,2025-12-10,2025-02-28,577.4,DTDC
,7126,7126,2024-05-13,2024-03-20,165.64,Delhivery
,7127,7127,2024-06-28,2025-10-22,210.12,Delhivery
,7128,7128,2024-12-10,2025-03-02,597.51,DTDC
,7129,7129,2024-09-04,2025-12-25,220.57,Blue Dart
,7130,7130,2024-11-23,2024-08-24,106.64,Ekart
,7131,7131,2024-04-01,2025-01-10,414.82,Blue Dart
,7132,7132,2024-01-11,2024-06-02,406.86,Blue Dart
,7133,7133,2024-12-21,2024-08-29,591.79,Blue Dart
,7134,7134,2024-10-01,2025-10-07,94.61,Blue Dart
,7135,7135,2024-02-25,2025-03-20,322.25,Blue Dart
,7136,7136,2024-09-15,2025-10-02,306.63,Delhivery
,7137,7137,2025-11-29,2024-04-28,198.56,Blue Dart
,7138,7138,2024-11-11,2024-09-07,288.78,Ekart
,7139,7139,2025-12-04,2024-07-05,322.15,DTDC
,7140,7140,2025-05-10,2025-02-02,75.12,Delhivery
,7141,7141,2025-05-04,2025-01-10,400.53,Blue Dart
,7142,7142,2025-10-25,2024-03-05,497.87,Blue Dart
,7143,7143,2024-08-14,2024-08-14,335.78,DTDC
,7144,7144,2025-04-30,2024-01-12,417.47,DTDC
,7145,7145,2025-08-29,2024-12-30,451.2,Delhivery
,7146,7146,2024-06-06,2024-07-23,191.18,DTDC
,7147,7147,2024-08-30,2025-03-28,341.77,Blue Dart
,7148,7148,2024-02-08,2025-02-20,136.46,Blue Dart
,7149,7149,2025-04-21,2025-01-10,216.52,Delhivery
,7150,7150,2025-09-15,2025-10-04,478.74,DTDC
,7151,7151,2024-11-02,2025-01-28,55.52,Delhivery
,7152,7152,2024-11-23,2025-07-28,128.84,DTDC
,7153,7153,2025-03-22,2025-03-02,335.31,Ekart
,7154,7154,2024-02-19,2024-09-17,482.37,Ekart
,7155,7155,2025-04-25,2025-12-21,541.03,DTDC
,7156,7156,2024-01-24,2025-08-31,393.32,Delhivery
,7157,7157,2024-04-07,2024-11-04,279.43,Blue Dart
,7158,7158,2025-11-26,2024-11-16,187.25,Ekart
,7159,7159,2024-12-15,2024-11-05,129.42,Delhivery
,7160,7160,2025-05-12,2025-07-12,212.28,DTDC
,7161,7161,2025-01-07,2025-09-10,403.89,DTDC
,7162,7162,2024-01-05,2025-04-25,159.53,Delhivery
,7163,7163,2024-03-01,2025-03-03,456.57,Delhivery
,7164,7164,2024-07-23,2025-07-21,123.32,Delhivery
,7165,7165,2024-01-04,2025-08-08,115.54,Ekart
,7166,7166,2025-06-04,2024-04-29,558.67,Ekart
,7167,7167,2024-09-20,2024-04-13,446.63,Delhivery
,7168,7168,2025-11-09,2024-03-10,152.93,DTDC
,7169,7169,2025-02-14,2024-10-31,295.28,Delhivery
,7170,7170,2024-05-23,2024-12-22,410.89,Blue Dart
,7171,7171,2025-03-07,2024-01-06,162.71,DTDC
,7172,7172,2024-02-14,2025-10-25,292.97,Blue Dart
,7173,7173,2024-10-11,2024-08-19,224.72,DTDC
,7174,7174,2024-03-11,2024-07-24,210.26,DTDC
,7175,7175,2025-04-19,2025-08-16,388.58,Ekart
,7176,7176,2025-08-30,2025-01-18,231.54,Ekart
,7177,7177,2025-10-19,2025-09-18,340.55,Delhivery
,7178,7178,2024-03-23,2025-01-31,368.17,Ekart
,7179,7179,2024-06-26,2025-11-27,61.52,DTDC
,7180,7180,2024-09-07,2024-04-25,370.02,Blue Dart
,7181,7181,2025-01-30,2025-06-25,274.81,Delhivery
,7182,7182,2024-04-07,2025-04-28,323.04,DTDC
,7183,7183,2025-03-16,2025-11-30,342.72,Blue Dart
,7184,7184,2024-09-27,2025-04-07,331.19,Blue Dart
,7185,7185,2025-06-30,2024-09-27,357.41,Blue Dart
,7186,7186,2024-02-24,2024-09-30,238.82,DTDC
,7187,7187,2025-10-10,2025-10-05,329.25,Delhivery
,7188,7188,2024-04-18,2024-04-29,245.87,Delhivery
,7189,7189,2024-06-06,2025-05-11,105.94,DTDC
,7190,7190,2024-11-09,2025-06-24,476.72,Ekart
,7191,7191,2024-01-27,2024-04-03,580.66,DTDC
,7192,7192,2025-01-06,2025-07-13,169.64,Ekart
,7193,7193,2025-01-03,2024-06-06,535.63,DTDC
,7194,7194,2025-08-18,2024-07-22,138.29,Ekart
,7195,7195,2024-02-28,2025-10-02,198.76,Delhivery
,7196,7196,2025-12-19,2024-04-02,264.49,Ekart
,7197,7197,2024-03-12,2024-05-07,454.02,Delhivery
,7198,7198,2025-10-02,2024-03-31,460.48,Blue Dart
,7199,7199,2025-02-05,2024-10-30,282.5,Delhivery
,7200,7200,2024-12-28,2024-08-14,410.28,Blue Dart
,7201,7201,2025-08-29,2025-03-20,180.51,Delhivery
,7202,7202,2024-04-05,2025-12-31,575.63,DTDC
,7203,7203,2024-03-02,2025-02-17,481.73,Ekart
,7204,7204,2025-01-15,2024-11-12,359.66,Blue Dart
,7205,7205,2025-05-21,2025-02-26,292.33,Blue Dart
,7206,7206,2024-06-15,2024-04-14,166.77,Delhivery
,7207,7207,2024-08-24,2024-09-04,569.26,Blue Dart
,7208,7208,2025-04-01,2024-10-12,402.19,Blue Dart
,7209,7209,2024-04-06,2024-03-22,117.34,Blue Dart
,7210,7210,2025-10-03,2024-07-07,284.77,DTDC
,7211,7211,2024-08-10,2024-10-06,48.99,Blue Dart
,7212,7212,2024-11-08,2024-09-16,363.46,Delhivery
,7213,7213,2025-09-21,2025-03-13,216.32,Ekart
,7214,7214,2025-08-20,2025-08-30,170.6,Ekart
,7215,7215,2025-10-21,2025-12-22,369.89,Ekart
,7216,7216,2025-06-06,2025-02-06,107.98,Blue Dart
,7217,7217,2025-01-08,2025-09-15,391.93,DTDC
,7218,7218,2025-11-13,2025-08-08,457.82,Blue Dart
,7219,7219,2025-01-13,2025-04-17,324.15,Ekart
,7220,7220,2025-07-28,2025-12-19,174.25,Delhivery
,7221,7221,2025-03-18,2025-03-27,496.7,Delhivery
,7222,7222,2025-09-02,2024-10-21,375.39,DTDC
,7223,7223,2025-06-09,2024-05-20,193.66,DTDC
,7224,7224,2024-03-22,2025-07-16,376.65,DTDC
,7225,7225,2025-03-20,2024-05-24,274.69,Ekart
,7226,7226,2024-03-17,2024-10-08,324.46,Blue Dart
,7227,7227,2025-11-08,2025-08-18,129.73,Ekart
,7228,7228,2025-04-11,2025-02-12,291.53,DTDC
,7229,7229,2025-06-26,2024-02-16,328.42,Delhivery
,7230,7230,2025-07-05,2025-10-24,441.49,Blue Dart
,7231,7231,2025-04-01,2025-01-20,518.46,Blue Dart
,7232,7232,2024-09-26,2024-08-03,285.26,Delhivery
,7233,7233,2025-07-11,2025-02-10,391.29,Blue Dart
,7234,7234,2025-01-15,2025-10-06,146.31,DTDC
,7235,7235,2025-09-17,2024-02-28,161.94,Blue Dart
,7236,7236,2024-02-01,2024-12-19,219.19,Delhivery
,7237,7237,2025-10-10,2025-02-01,564.57,Blue Dart
,7238,7238,2024-07-16,2025-12-13,376.53,Blue Dart
,7239,7239,2025-06-21,2024-03-04,78.09,Ekart
,7240,7240,2024-02-29,2025-01-16,384.29,DTDC
,7241,7241,2024-09-15,2025-10-21,161.53,Blue Dart
,7242,7242,2024-10-01,2025-04-02,55.39,Blue Dart
,7243,7243,2024-07-21,2025-07-22,255.67,Ekart
,7244,7244,2024-07-07,2024-07-09,225.96,DTDC
,7245,7245,2024-02-16,2024-08-08,510.85,Ekart
,7246,7246,2024-09-14,2024-08-03,123.79,Blue Dart
,7247,7247,2024-01-31,2025-09-28,356.79,Blue Dart
,7248,7248,2024-06-12,2024-06-23,586.48,DTDC
,7249,7249,2024-10-28,2024-11-25,595.85,Delhivery
,7250,7250,2024-11-10,2025-07-21,258.83,Ekart
,7251,7251,2024-08-02,2025-08-10,553.33,Blue Dart
,7252,7252,2024-12-28,2025-11-10,551.18,Ekart
,7253,7253,2024-02-05,2024-03-09,263.82,DTDC
,7254,7254,2025-05-24,2024-11-11,152.45,Blue Dart
,7255,7255,2025-09-18,2025-04-29,186.4,Blue Dart
,7256,7256,2025-08-31,2025-10-10,218.28,Ekart
,7257,7257,2025-07-28,2024-04-08,546.82,DTDC
,7258,7258,2024-11-21,2024-12-29,518.29,DTDC
,7259,7259,2025-04-27,2025-04-17,424.1,Blue Dart
,7260,7260,2024-04-27,2025-08-28,299,DTDC
,7261,7261,2025-08-26,2024-12-20,554.72,DTDC
,7262,7262,2024-03-18,2024-04-08,42.21,Delhivery
,7263,7263,2025-07-13,2024-09-30,317.27,DTDC
,7264,7264,2025-02-15,2024-07-03,583.94,Blue Dart
,7265,7265,2025-05-01,2025-03-21,286.27,Delhivery
,7266,7266,2024-03-27,2024-10-25,578.76,Delhivery
,7267,7267,2025-10-15,2024-05-24,574.34,Blue Dart
,7268,7268,2025-01-13,2025-02-04,208.42,Delhivery
,7269,7269,2025-06-26,2024-12-08,148.63,Blue Dart
,7270,7270,2024-11-17,2024-02-19,481.1,Ekart
,7271,7271,2025-09-25,2024-01-05,323.8,Ekart
,7272,7272,2025-11-09,2024-01-31,563.99,Ekart
,7273,7273,2024-03-19,2025-01-10,164.57,Delhivery
,7274,7274,2024-02-10,2025-07-11,330.51,DTDC
,7275,7275,2024-05-07,2025-07-09,374.01,DTDC
,7276,7276,2025-01-26,2025-06-03,344.07,Ekart
,7277,7277,2024-01-07,2024-07-27,545.05,DTDC
,7278,7278,2024-11-16,2024-03-20,439.79,Blue Dart
,7279,7279,2025-02-19,2025-02-08,51.12,Delhivery
,7280,7280,2025-05-25,2024-03-18,535.01,Delhivery
,7281,7281,2025-07-14,2024-06-11,158.8,Blue Dart
,7282,7282,2025-03-23,2025-05-08,138.19,Blue Dart
,7283,7283,2024-09-17,2025-02-07,443.96,Delhivery
,7284,7284,2024-03-17,2024-11-17,76.02,DTDC
,7285,7285,2025-08-16,2025-07-17,538.66,Delhivery
,7286,7286,2024-03-02,2024-03-28,597.98,Ekart
,7287,7287,2024-08-28,2025-09-30,440.66,Ekart
,7288,7288,2024-09-19,2025-10-09,62.84,DTDC
,7289,7289,2025-04-22,2025-04-07,560.77,Blue Dart
,7290,7290,2025-01-12,2025-12-08,352.04,Blue Dart
,7291,7291,2025-01-06,2024-08-27,80.45,Ekart
,7292,7292,2024-05-07,2025-12-15,303.69,Ekart
,7293,7293,2024-04-18,2024-08-12,108.22,DTDC
,7294,7294,2025-04-26,2025-10-12,469.94,Delhivery
,7295,7295,2025-09-18,2024-06-06,189.95,Ekart
,7296,7296,2024-04-12,2024-07-25,440.8,Ekart
,7297,7297,2025-10-25,2024-11-19,388.5,Ekart
,7298,7298,2025-05-06,2025-01-30,351.89,Delhivery
,7299,7299,2025-05-02,2024-01-21,307.67,Delhivery
,7300,7300,2024-10-03,2025-03-07,278.35,DTDC
,7301,7301,2024-11-21,2025-01-07,311.62,Delhivery
,7302,7302,2024-10-28,2025-03-04,177.09,Ekart
,7303,7303,2024-03-13,2024-10-30,89.55,DTDC
,7304,7304,2025-08-01,2024-07-17,176.72,Blue Dart
,7305,7305,2025-06-09,2025-05-16,513.88,Ekart
,7306,7306,2025-01-24,2024-03-06,582,Delhivery
,7307,7307,2025-05-08,2024-01-09,416.58,Blue Dart
,7308,7308,2025-09-02,2025-08-16,424.59,Delhivery
,7309,7309,2025-01-22,2024-10-08,85.93,Delhivery
,7310,7310,2024-06-17,2025-12-12,348.81,DTDC
,7311,7311,2025-11-07,2025-11-02,414.99,Delhivery
,7312,7312,2024-07-05,2024-09-05,227.42,Ekart
,7313,7313,2024-09-12,2024-02-11,331.51,DTDC
,7314,7314,2024-01-19,2024-01-05,346.84,Blue Dart
,7315,7315,2025-09-08,2024-03-27,477.42,DTDC
,7316,7316,2024-05-15,2025-12-26,556.4,Ekart
,7317,7317,2025-06-28,2024-03-17,196.03,Delhivery
,7318,7318,2024-08-26,2025-11-18,458.82,Ekart
,7319,7319,2025-09-02,2024-04-12,107.48,Ekart
,7320,7320,2025-09-17,2025-12-17,233.82,Ekart
,7321,7321,2024-07-02,2024-06-20,304.17,Delhivery
,7322,7322,2025-09-27,2025-10-19,481.5,DTDC
,7323,7323,2024-08-04,2025-08-26,99.14,Ekart
,7324,7324,2025-08-15,2025-07-15,306.29,Ekart
,7325,7325,2025-01-11,2024-12-09,360.45,Ekart
,7326,7326,2024-08-11,2024-12-29,461.46,DTDC
,7327,7327,2024-06-11,2025-09-13,552.81,Delhivery
,7328,7328,2025-09-02,2024-04-12,349.38,Ekart
,7329,7329,2025-12-20,2024-03-22,219.55,Ekart
,7330,7330,2024-10-01,2025-07-20,87.68,Ekart
,7331,7331,2025-07-27,2024-09-05,49.32,Ekart
,7332,7332,2024-10-06,2024-05-06,173.26,DTDC
,7333,7333,2024-04-11,2025-10-03,392.41,Ekart
,7334,7334,2025-11-20,2024-05-19,437.13,Ekart
,7335,7335,2024-07-22,2025-01-14,235.32,Delhivery
,7336,7336,2025-08-29,2024-05-08,570.29,DTDC
,7337,7337,2025-09-14,2025-06-12,52.89,Delhivery
,7338,7338,2024-03-14,2024-10-04,266.31,Ekart
,7339,7339,2025-03-21,2025-04-01,45.42,Blue Dart
,7340,7340,2024-06-26,2024-12-15,452.4,Ekart
,7341,7341,2025-08-30,2025-02-11,290.7,Ekart
,7342,7342,2024-09-19,2025-09-10,140.68,Delhivery
,7343,7343,2024-02-20,2024-01-16,361.26,Blue Dart
,7344,7344,2025-01-29,2025-11-29,330.11,Ekart
,7345,7345,2025-01-05,2024-04-16,247.17,Delhivery
,7346,7346,2025-12-08,2024-07-12,307.77,DTDC
,7347,7347,2025-08-02,2025-07-11,576.71,Ekart
,7348,7348,2025-08-15,2025-09-26,125.2,Ekart
,7349,7349,2025-06-24,2025-07-20,118.34,Delhivery
,7350,7350,2025-08-11,2025-08-15,158.8,DTDC
,7351,7351,2025-12-24,2024-03-20,523.12,DTDC
,7352,7352,2025-11-26,2025-06-25,210.34,Delhivery
,7353,7353,2024-12-15,2025-12-11,454.51,Delhivery
,7354,7354,2024-09-14,2025-08-27,114.45,DTDC
,7355,7355,2024-03-29,2025-02-27,500.71,Delhivery
,7356,7356,2024-05-14,2025-12-30,223.21,Blue Dart
,7357,7357,2024-01-05,2025-02-12,212.05,Ekart
,7358,7358,2025-12-31,2025-05-14,386.38,DTDC
,7359,7359,2024-10-05,2025-10-01,236.18,Ekart
,7360,7360,2025-12-21,2024-04-23,396.62,Blue Dart
,7361,7361,2025-01-20,2024-06-03,180.12,Ekart
,7362,7362,2024-03-28,2025-08-30,550.66,Delhivery
,7363,7363,2025-01-15,2024-06-28,517.52,DTDC
,7364,7364,2024-12-18,2025-07-20,403.42,Ekart
,7365,7365,2025-11-30,2025-12-27,110.2,Delhivery
,7366,7366,2025-06-28,2025-06-04,155.41,DTDC
,7367,7367,2025-03-20,2025-02-01,569.03,Blue Dart
,7368,7368,2025-11-19,2024-12-06,579.79,Ekart
,7369,7369,2025-02-25,2025-03-20,345.9,Delhivery
,7370,7370,2024-07-01,2024-09-09,203.36,Blue Dart
,7371,7371,2025-12-16,2025-07-13,537.5,Delhivery
,7372,7372,2024-10-25,2025-12-26,139.08,Ekart
,7373,7373,2025-01-08,2024-06-04,554.04,Ekart
,7374,7374,2025-05-15,2025-02-01,227.27,Delhivery
,7375,7375,2024-06-21,2025-05-09,491.32,DTDC
,7376,7376,2025-08-01,2025-02-22,577.54,Ekart
,7377,7377,2025-01-24,2025-12-01,99.42,DTDC
,7378,7378,2024-05-29,2024-08-09,231.03,Delhivery
,7379,7379,2024-04-12,2025-07-06,551.08,DTDC
,7380,7380,2024-10-24,2024-02-29,532.35,Ekart
,7381,7381,2024-07-23,2024-06-27,481.94,Delhivery
,7382,7382,2024-08-22,2024-04-10,305.43,Blue Dart
,7383,7383,2024-01-07,2024-01-25,551.63,Ekart
,7384,7384,2024-09-19,2024-01-24,568.13,DTDC
,7385,7385,2024-09-30,2025-11-08,259.15,Blue Dart
,7386,7386,2025-01-22,2025-12-20,508,Blue Dart
,7387,7387,2025-07-27,2024-03-25,316.47,Delhivery
,7388,7388,2024-09-30,2025-11-19,40.66,Ekart
,7389,7389,2024-11-14,2024-10-14,55.11,Blue Dart
,7390,7390,2025-06-25,2024-03-24,298.14,Blue Dart
,7391,7391,2024-07-18,2024-09-28,362.45,Delhivery
,7392,7392,2024-11-29,2025-10-30,354.12,DTDC
,7393,7393,2025-08-29,2024-11-11,240.42,DTDC
,7394,7394,2025-01-09,2024-12-31,270.48,Ekart
,7395,7395,2025-05-30,2025-07-20,242.94,DTDC
,7396,7396,2025-12-06,2024-05-16,239.37,DTDC
,7397,7397,2025-02-10,2025-10-07,206.36,Delhivery
,7398,7398,2025-05-26,2025-08-25,122.72,DTDC
,7399,7399,2024-07-15,2024-04-14,466,Delhivery
,7400,7400,2024-09-27,2024-11-05,294.99,DTDC
,7401,7401,2025-03-28,2025-07-03,549.63,Delhivery
,7402,7402,2025-03-21,2024-05-21,507.87,Blue Dart
,7403,7403,2025-02-13,2024-03-28,149.8,Ekart
,7404,7404,2024-10-24,2025-08-30,404.98,Blue Dart
,7405,7405,2025-01-19,2025-11-21,110.67,DTDC
,7406,7406,2024-07-02,2024-04-21,297.35,Ekart
,7407,7407,2024-11-12,2025-02-18,559.86,Delhivery
,7408,7408,2025-09-21,2024-12-01,77.12,Blue Dart
,7409,7409,2025-05-08,2024-10-14,256.37,Blue Dart
,7410,7410,2024-05-06,2024-10-02,249.7,Ekart
,7411,7411,2024-12-10,2025-10-13,408.94,DTDC
,7412,7412,2025-10-20,2024-05-06,155.58,DTDC
,7413,7413,2025-12-31,2024-10-09,568.71,DTDC
,7414,7414,2024-02-15,2024-02-25,472.06,DTDC
,7415,7415,2024-01-29,2024-07-04,360.07,DTDC
,7416,7416,2024-11-16,2024-02-09,499.47,Delhivery
,7417,7417,2024-09-20,2024-02-16,310.35,DTDC
,7418,7418,2024-01-29,2024-11-02,326.3,Ekart
,7419,7419,2025-07-01,2024-09-14,304.9,Delhivery
,7420,7420,2024-07-15,2024-11-10,338.83,Delhivery
,7421,7421,2025-01-17,2025-10-15,532.76,DTDC
,7422,7422,2024-12-23,2025-06-03,360.99,Ekart
,7423,7423,2025-08-27,2024-06-07,162.71,Delhivery
,7424,7424,2024-06-01,2025-05-24,584.67,Ekart
,7425,7425,2025-09-30,2025-05-08,197.62,Ekart
,7426,7426,2025-04-15,2025-09-29,89.46,Delhivery
,7427,7427,2024-06-22,2024-02-21,294.94,Ekart
,7428,7428,2024-02-23,2024-04-19,300.81,Delhivery
,7429,7429,2025-10-13,2025-12-25,89.71,Ekart
,7430,7430,2024-11-28,2024-04-05,95.26,Blue Dart
,7431,7431,2025-07-10,2025-01-16,454.31,DTDC
,7432,7432,2025-08-04,2024-09-16,538.58,Blue Dart
,7433,7433,2024-10-29,2025-04-07,373.74,Delhivery
,7434,7434,2025-07-03,2024-03-19,558.11,DTDC
,7435,7435,2025-02-02,2024-03-29,396.4,Blue Dart
,7436,7436,2024-11-26,2025-09-17,229.33,DTDC
,7437,7437,2025-09-14,2024-12-29,417.02,Blue Dart
,7438,7438,2024-01-12,2024-09-05,314.09,DTDC
,7439,7439,2024-05-20,2025-01-14,238.69,DTDC
,7440,7440,2025-02-19,2025-11-26,418.92,Ekart
,7441,7441,2024-12-24,2025-05-21,597.96,DTDC
,7442,7442,2025-05-02,2024-10-17,521.99,Delhivery
,7443,7443,2025-09-16,2024-06-03,586.53,Blue Dart
,7444,7444,2025-03-10,2024-03-25,488.68,Delhivery
,7445,7445,2025-04-30,2024-04-05,384.78,DTDC
,7446,7446,2024-11-15,2024-09-17,343.59,Blue Dart
,7447,7447,2024-04-22,2025-12-06,89.72,Ekart
,7448,7448,2025-04-18,2025-06-30,325.35,Delhivery
,7449,7449,2024-07-08,2024-11-23,153.21,Blue Dart
,7450,7450,2024-09-16,2025-03-20,469.54,Blue Dart
,7451,7451,2024-04-09,2025-08-22,365,DTDC
,7452,7452,2024-09-05,2024-08-11,126,Ekart
,7453,7453,2025-03-14,2025-07-09,289.45,Delhivery
,7454,7454,2025-11-29,2025-06-08,281.71,Blue Dart
,7455,7455,2025-09-19,2024-09-28,81.02,Ekart
,7456,7456,2024-07-02,2025-10-30,361.59,Delhivery
,7457,7457,2025-01-14,2024-03-23,520.04,Ekart
,7458,7458,2024-07-31,2024-11-05,594.46,Ekart
,7459,7459,2025-02-22,2024-03-12,569.72,Delhivery
,7460,7460,2024-09-22,2025-05-09,207.78,Ekart
,7461,7461,2024-09-08,2024-12-17,136.82,DTDC
,7462,7462,2025-02-01,2024-06-03,520.88,Ekart
,7463,7463,2025-04-11,2025-09-17,366.88,Delhivery
,7464,7464,2024-08-08,2024-04-14,94.75,DTDC
,7465,7465,2024-07-20,2025-01-24,280.18,Delhivery
,7466,7466,2025-04-10,2024-06-27,305.58,Ekart
,7467,7467,2024-12-21,2024-12-27,184.5,Ekart
,7468,7468,2025-08-30,2024-08-29,595.87,Delhivery
,7469,7469,2024-05-01,2024-09-09,165.33,DTDC
,7470,7470,2024-10-25,2025-07-17,351.74,Delhivery
,7471,7471,2024-11-06,2025-06-04,531.51,Blue Dart
,7472,7472,2025-11-30,2024-07-10,54.27,Ekart
,7473,7473,2024-09-26,2025-05-28,382.54,DTDC
,7474,7474,2024-02-13,2024-07-22,353.78,Delhivery
,7475,7475,2025-05-19,2024-12-28,157.19,DTDC
,7476,7476,2025-05-26,2025-01-22,70.83,Delhivery
,7477,7477,2025-07-16,2025-05-29,468.34,Blue Dart
,7478,7478,2024-05-24,2024-10-25,273.1,DTDC
,7479,7479,2024-12-16,2025-03-13,181.74,Delhivery
,7480,7480,2025-03-01,2024-11-14,332.62,Blue Dart
,7481,7481,2024-07-20,2025-11-01,372.27,DTDC
,7482,7482,2025-09-19,2025-10-04,322.82,Delhivery
,7483,7483,2025-12-03,2024-11-07,41.29,Ekart
,7484,7484,2024-08-05,2024-10-31,320.09,Delhivery
,7485,7485,2025-12-05,2025-03-04,340.27,Blue Dart
,7486,7486,2025-04-24,2025-06-02,88.37,Blue Dart
,7487,7487,2025-03-27,2025-09-24,388.87,DTDC
,7488,7488,2024-01-19,2025-08-20,82.81,Ekart
,7489,7489,2025-10-21,2025-09-29,427.73,Ekart
,7490,7490,2024-05-22,2024-06-12,547.02,Delhivery
,7491,7491,2025-08-02,2025-06-11,128.09,Blue Dart
,7492,7492,2024-05-01,2025-11-11,133.83,Blue Dart
,7493,7493,2024-06-29,2024-07-09,134.6,Delhivery
,7494,7494,2024-07-01,2024-01-19,255.62,Delhivery
,7495,7495,2025-07-30,2025-02-20,418.27,Blue Dart
,7496,7496,2025-01-03,2025-01-18,310.5,DTDC
,7497,7497,2024-05-21,2025-04-19,248.8,Ekart
,7498,7498,2024-01-06,2024-08-12,415.56,Delhivery
,7499,7499,2024-04-22,2024-03-18,318.27,Delhivery
,7500,7500,2025-04-29,2025-12-11,491.97,Blue Dart
,7501,7501,2025-12-02,2025-08-16,154.35,Delhivery
,7502,7502,2024-08-31,2025-07-15,352.02,Blue Dart
,7503,7503,2025-08-11,2025-08-17,539.51,Blue Dart
,7504,7504,2024-03-02,2024-04-08,569.33,Ekart
,7505,7505,2024-02-07,2025-03-23,100.11,Blue Dart
,7506,7506,2025-04-07,2024-04-20,99.02,Delhivery
,7507,7507,2024-08-01,2025-05-22,231.56,Delhivery
,7508,7508,2024-10-28,2024-09-17,163.74,Blue Dart
,7509,7509,2025-08-30,2025-11-28,190.5,Ekart
,7510,7510,2025-12-29,2025-04-19,443.03,Delhivery
,7511,7511,2024-03-14,2025-03-28,98.27,DTDC
,7512,7512,2024-10-19,2024-03-20,157.92,Ekart
,7513,7513,2024-06-10,2025-07-07,354.79,DTDC
,7514,7514,2025-03-22,2024-07-19,455.94,DTDC
,7515,7515,2025-03-16,2025-01-23,584.89,Blue Dart
,7516,7516,2025-09-01,2025-04-13,349.49,Blue Dart
,7517,7517,2025-10-02,2025-07-24,221.48,Ekart
,7518,7518,2025-04-24,2024-08-24,488.29,Ekart
,7519,7519,2024-11-11,2025-10-18,332.05,Delhivery
,7520,7520,2024-12-12,2024-07-25,42.3,DTDC
,7521,7521,2024-05-25,2024-04-30,119.94,Delhivery
,7522,7522,2025-11-01,2024-05-30,481.58,Blue Dart
,7523,7523,2025-03-23,2024-01-05,337.96,Ekart
,7524,7524,2024-11-25,2024-05-12,63.12,Delhivery
,7525,7525,2024-02-25,2025-02-26,347.68,Ekart
,7526,7526,2025-09-18,2024-08-08,62.89,Blue Dart
,7527,7527,2025-04-09,2025-03-11,533.1,Ekart
,7528,7528,2025-02-22,2024-06-12,568.59,Ekart
,7529,7529,2024-08-28,2025-09-28,193.36,Delhivery
,7530,7530,2025-11-09,2024-11-09,569.48,Ekart
,7531,7531,2024-05-13,2024-10-17,67,Delhivery
,7532,7532,2025-02-09,2025-08-04,63.39,DTDC
,7533,7533,2025-02-09,2024-08-17,389.26,Delhivery
,7534,7534,2025-03-07,2024-03-21,453.33,Delhivery
,7535,7535,2024-10-20,2025-12-17,172.28,Blue Dart
,7536,7536,2024-02-11,2025-09-29,268.83,DTDC
,7537,7537,2024-01-08,2024-10-24,286.2,Delhivery
,7538,7538,2025-06-30,2025-09-30,433.89,DTDC
,7539,7539,2024-03-01,2024-11-14,365.32,Ekart
,7540,7540,2025-07-18,2025-12-15,65.5,DTDC
,7541,7541,2024-08-13,2025-08-21,259.5,Blue Dart
,7542,7542,2024-11-04,2024-05-14,128.62,Delhivery
,7543,7543,2025-09-16,2025-04-14,442.65,Blue Dart
,7544,7544,2024-05-26,2024-06-12,485.45,Delhivery
,7545,7545,2025-07-23,2025-04-01,505.96,DTDC
,7546,7546,2024-08-13,2024-01-07,416.06,DTDC
,7547,7547,2025-11-30,2024-12-01,525.75,Blue Dart
,7548,7548,2025-06-26,2025-05-25,505.61,Blue Dart
,7549,7549,2025-07-28,2025-11-13,42.6,Ekart
,7550,7550,2024-10-15,2024-04-02,55.33,Ekart
,7551,7551,2024-01-08,2025-03-02,110.92,Ekart
,7552,7552,2025-02-17,2024-08-05,233.99,Ekart
,7553,7553,2024-11-01,2025-12-30,574.8,Delhivery
,7554,7554,2025-04-03,2024-05-09,390.38,Delhivery
,7555,7555,2025-08-15,2025-05-07,510.07,Ekart
,7556,7556,2024-10-16,2025-03-20,345.32,DTDC
,7557,7557,2024-12-05,2025-12-09,547.78,Delhivery
,7558,7558,2025-11-30,2025-05-15,533.16,Blue Dart
,7559,7559,2024-05-07,2024-02-24,479.78,DTDC
,7560,7560,2024-02-12,2025-02-12,472.1,Delhivery
,7561,7561,2024-08-26,2024-02-24,457.61,Blue Dart
,7562,7562,2025-01-08,2025-01-12,261.1,Delhivery
,7563,7563,2024-08-18,2025-11-02,474.97,DTDC
,7564,7564,2025-07-14,2025-08-07,209.99,Ekart
,7565,7565,2025-05-28,2024-07-02,445.93,DTDC
,7566,7566,2024-05-27,2024-01-31,165.38,Blue Dart
,7567,7567,2025-07-26,2024-12-17,97.54,Ekart
,7568,7568,2024-12-06,2024-07-12,95.4,DTDC
,7569,7569,2024-05-30,2024-11-17,153.06,Delhivery
,7570,7570,2025-10-18,2025-05-04,264.56,Delhivery
,7571,7571,2025-05-01,2024-11-12,81.46,Blue Dart
,7572,7572,2024-10-13,2024-02-21,168.41,Delhivery
,7573,7573,2025-09-15,2024-08-09,549.77,Delhivery
,7574,7574,2025-08-30,2025-11-16,475.25,Ekart
,7575,7575,2024-11-09,2025-10-26,181.04,DTDC
,7576,7576,2024-04-10,2025-08-30,407.23,Ekart
,7577,7577,2024-10-16,2024-10-01,96.43,Ekart
,7578,7578,2024-12-11,2024-05-13,598.38,Ekart
,7579,7579,2024-08-13,2025-02-08,49.38,Delhivery
,7580,7580,2024-02-27,2025-11-23,260.65,Delhivery
,7581,7581,2025-03-27,2024-08-09,283.57,DTDC
,7582,7582,2025-01-06,2025-08-12,448.19,Delhivery
,7583,7583,2024-11-07,2024-03-03,250.23,Blue Dart
,7584,7584,2024-10-02,2025-11-17,81.87,Delhivery
,7585,7585,2024-02-25,2025-08-08,438.53,Ekart
,7586,7586,2025-01-19,2025-07-21,288.46,Delhivery
,7587,7587,2024-03-01,2025-09-22,389.99,Ekart
,7588,7588,2024-07-01,2024-04-18,478.64,DTDC
,7589,7589,2024-02-23,2025-02-27,51.28,DTDC
,7590,7590,2024-01-18,2024-11-01,136.45,Ekart
,7591,7591,2025-11-26,2025-06-04,195.83,Delhivery
,7592,7592,2025-08-23,2025-10-31,383.29,DTDC
,7593,7593,2024-09-25,2024-01-16,435.42,Blue Dart
,7594,7594,2024-02-06,2024-11-07,557.54,DTDC
,7595,7595,2024-04-29,2025-04-29,51.69,Blue Dart
,7596,7596,2024-05-06,2025-10-31,421.01,DTDC
,7597,7597,2025-09-18,2025-05-27,345.49,Delhivery
,7598,7598,2025-07-31,2024-06-19,439.14,Blue Dart
,7599,7599,2025-08-28,2024-09-30,514.56,DTDC
,7600,7600,2024-01-20,2025-01-03,269.35,Blue Dart
,7601,7601,2025-01-17,2024-08-14,129.97,Ekart
,7602,7602,2025-01-20,2025-11-11,594.6,Delhivery
,7603,7603,2025-05-07,2024-01-26,179.06,Ekart
,7604,7604,2025-09-29,2024-07-08,597.93,Delhivery
,7605,7605,2024-03-27,2025-07-09,535.82,Blue Dart
,7606,7606,2024-09-01,2024-04-07,564.45,DTDC
,7607,7607,2025-01-29,2025-07-23,41.54,Blue Dart
,7608,7608,2024-12-17,2025-08-25,598.09,DTDC
,7609,7609,2024-11-16,2025-12-15,50.17,Delhivery
,7610,7610,2024-07-14,2024-07-07,214.75,Blue Dart
,7611,7611,2024-10-01,2024-06-10,69.04,Blue Dart
,7612,7612,2024-04-07,2025-12-13,222.93,Ekart
,7613,7613,2024-09-20,2025-09-24,537.16,Blue Dart
,7614,7614,2025-12-21,2025-05-13,241.49,Ekart
,7615,7615,2025-11-22,2024-11-16,207.84,DTDC
,7616,7616,2024-02-10,2025-10-09,541.94,Ekart
,7617,7617,2025-09-12,2024-02-15,438.47,Delhivery
,7618,7618,2025-09-11,2024-01-17,251.28,Blue Dart
,7619,7619,2024-08-04,2024-08-07,375.48,Ekart
,7620,7620,2024-01-23,2025-06-20,115.15,Ekart
,7621,7621,2025-08-06,2025-12-12,193.15,Blue Dart
,7622,7622,2024-06-29,2025-02-06,185.58,Ekart
,7623,7623,2024-09-18,2025-08-03,368.05,DTDC
,7624,7624,2025-03-18,2024-09-18,594.66,Blue Dart
,7625,7625,2025-05-02,2025-11-02,492.25,Ekart
,7626,7626,2024-03-03,2024-09-16,351.6,Delhivery
,7627,7627,2025-02-26,2025-09-05,479.74,Delhivery
,7628,7628,2025-10-03,2025-06-16,102.87,Delhivery
,7629,7629,2025-04-20,2024-08-07,125.1,Delhivery
,7630,7630,2024-07-31,2024-02-03,63.59,Ekart
,7631,7631,2024-03-27,2025-12-18,321.66,DTDC
,7632,7632,2025-01-09,2024-11-25,212.89,Ekart
,7633,7633,2024-01-26,2024-02-23,180.53,Ekart
,7634,7634,2025-07-15,2025-04-30,525.73,Delhivery
,7635,7635,2025-06-24,2025-08-04,62.02,Blue Dart
,7636,7636,2024-12-20,2024-04-28,538.47,Delhivery
,7637,7637,2024-12-12,2025-10-25,98.22,Delhivery
,7638,7638,2024-09-12,2025-10-15,417.42,Ekart
,7639,7639,2025-11-12,2025-12-30,280.91,Delhivery
,7640,7640,2024-10-03,2025-02-02,115.46,Ekart
,7641,7641,2024-11-13,2025-05-29,98.43,Delhivery
,7642,7642,2025-12-19,2024-03-12,547.78,Delhivery
,7643,7643,2025-06-28,2024-05-10,195.24,Ekart
,7644,7644,2025-05-17,2024-01-05,287.25,Delhivery
,7645,7645,2025-08-12,2024-06-11,491.98,DTDC
,7646,7646,2025-06-26,2024-01-07,517.37,Blue Dart
,7647,7647,2025-08-01,2024-03-23,383.69,Delhivery
,7648,7648,2024-01-30,2025-07-15,554.08,DTDC
,7649,7649,2025-11-06,2025-10-03,448,Blue Dart
,7650,7650,2025-03-28,2025-03-24,564.05,Delhivery
,7651,7651,2025-12-28,2025-09-26,554.88,DTDC
,7652,7652,2025-06-09,2025-09-15,523.84,DTDC
,7653,7653,2024-06-26,2024-09-25,374.13,DTDC
,7654,7654,2025-12-04,2024-02-28,62.48,DTDC
,7655,7655,2025-02-08,2024-01-18,136.69,Ekart
,7656,7656,2025-11-21,2025-12-23,510.07,Blue Dart
,7657,7657,2024-06-06,2024-06-02,428.56,DTDC
,7658,7658,2024-09-03,2024-05-09,355.58,DTDC
,7659,7659,2025-01-08,2025-04-15,473.29,Delhivery
,7660,7660,2024-11-17,2025-01-30,296.42,Ekart
,7661,7661,2025-08-10,2024-09-12,334.08,Delhivery
,7662,7662,2025-08-22,2024-10-15,385.95,Blue Dart
,7663,7663,2024-02-23,2025-03-24,444.62,DTDC
,7664,7664,2024-01-28,2024-09-05,582.12,Blue Dart
,7665,7665,2025-10-12,2024-05-15,218.05,Blue Dart
,7666,7666,2024-05-10,2025-07-01,421.68,Delhivery
,7667,7667,2024-08-25,2025-06-30,358.56,DTDC
,7668,7668,2025-07-08,2024-03-25,470.13,Delhivery
,7669,7669,2024-08-19,2024-04-27,578.64,DTDC
,7670,7670,2024-08-29,2024-07-20,249.33,Ekart
,7671,7671,2024-12-21,2024-04-15,208.83,Ekart
,7672,7672,2024-01-12,2025-05-12,533.89,Delhivery
,7673,7673,2024-03-12,2024-10-22,557.29,DTDC
,7674,7674,2025-06-29,2025-12-20,538.31,DTDC
,7675,7675,2024-01-22,2024-03-24,457.15,Delhivery
,7676,7676,2025-10-15,2024-06-20,230.95,DTDC
,7677,7677,2025-03-16,2024-09-30,154,DTDC
,7678,7678,2025-09-25,2024-10-17,67.13,Ekart
,7679,7679,2025-12-06,2025-05-03,368.83,Ekart
,7680,7680,2024-01-17,2024-03-15,428.13,Delhivery
,7681,7681,2025-07-16,2024-04-28,64.97,DTDC
,7682,7682,2025-10-09,2025-04-10,234.72,Delhivery
,7683,7683,2024-06-24,2024-06-05,109.86,Blue Dart
,7684,7684,2025-04-17,2025-04-09,291.26,DTDC
,7685,7685,2024-07-28,2025-09-29,444.36,Ekart
,7686,7686,2024-08-24,2024-02-26,172.02,Blue Dart
,7687,7687,2024-06-23,2024-01-24,404.39,Delhivery
,7688,7688,2024-03-20,2024-10-14,567.67,Ekart
,7689,7689,2024-05-12,2025-04-14,80.09,DTDC
,7690,7690,2025-01-06,2024-11-08,259.11,Ekart
,7691,7691,2025-02-12,2024-11-02,454.61,DTDC
,7692,7692,2025-12-11,2025-09-09,544.56,Ekart
,7693,7693,2024-09-21,2024-11-06,129.99,Delhivery
,7694,7694,2025-02-20,2025-02-07,112.13,Ekart
,7695,7695,2025-05-24,2024-07-08,439.23,Blue Dart
,7696,7696,2024-10-06,2025-10-15,577.38,Delhivery
,7697,7697,2024-12-11,2024-04-03,238.56,Ekart
,7698,7698,2024-10-13,2024-10-12,194.76,DTDC
,7699,7699,2025-09-19,2025-12-06,543.07,Ekart
,7700,7700,2025-04-06,2024-09-06,99.78,Ekart
,7701,7701,2024-06-22,2024-04-25,471.9,DTDC
,7702,7702,2024-10-29,2024-01-14,135.41,Ekart
,7703,7703,2024-09-06,2024-08-19,498.65,Ekart
,7704,7704,2024-10-20,2024-01-06,52.5,DTDC
,7705,7705,2025-07-05,2024-04-13,423.68,Delhivery
,7706,7706,2024-03-01,2024-12-09,350.01,DTDC
,7707,7707,2024-08-15,2024-04-25,149.46,Blue Dart
,7708,7708,2025-03-20,2024-03-21,543.44,DTDC
,7709,7709,2025-11-09,2025-03-21,156.73,Ekart
,7710,7710,2025-08-23,2024-02-17,367.78,Blue Dart
,7711,7711,2024-08-23,2024-10-22,480.2,Ekart
,7712,7712,2025-08-22,2025-05-27,275.77,DTDC
,7713,7713,2024-05-09,2024-08-03,563.51,Delhivery
,7714,7714,2025-12-18,2025-08-21,562.16,Delhivery
,7715,7715,2024-04-28,2025-04-12,533.42,DTDC
,7716,7716,2024-05-06,2024-12-20,553.61,Ekart
,7717,7717,2024-10-06,2025-07-20,105.47,DTDC
,7718,7718,2024-10-27,2024-06-27,214.94,Ekart
,7719,7719,2024-03-11,2025-08-10,359.5,DTDC
,7720,7720,2024-02-03,2025-03-09,255.62,DTDC
,7721,7721,2024-11-18,2025-03-09,225.76,Delhivery
,7722,7722,2025-07-17,2025-07-10,574.22,Blue Dart
,7723,7723,2024-06-25,2025-03-29,112.64,Blue Dart
,7724,7724,2025-12-19,2025-04-05,202.25,DTDC
,7725,7725,2024-07-03,2024-05-24,481.47,Ekart
,7726,7726,2025-02-05,2024-04-18,511.29,Blue Dart
,7727,7727,2024-09-21,2025-08-21,239.09,Delhivery
,7728,7728,2024-05-27,2025-06-04,250.46,Ekart
,7729,7729,2024-05-27,2025-11-23,417.64,Delhivery
,7730,7730,2024-01-04,2024-02-04,425.79,DTDC
,7731,7731,2025-01-30,2025-12-15,164.54,Ekart
,7732,7732,2025-04-01,2024-11-20,408.25,DTDC
,7733,7733,2025-09-10,2024-02-21,68.66,Ekart
,7734,7734,2024-08-28,2025-10-21,520.82,Delhivery
,7735,7735,2025-10-07,2024-03-31,221.58,Blue Dart
,7736,7736,2025-01-16,2024-07-25,379.09,Ekart
,7737,7737,2025-02-17,2025-01-10,395.64,Ekart
,7738,7738,2024-07-26,2025-10-19,307.69,Blue Dart
,7739,7739,2025-11-29,2025-06-04,384.24,Blue Dart
,7740,7740,2024-02-21,2024-07-01,194.06,Ekart
,7741,7741,2025-08-18,2024-09-23,172.73,DTDC
,7742,7742,2024-04-09,2025-03-14,137.64,Delhivery
,7743,7743,2025-02-14,2024-05-07,313.57,Delhivery
,7744,7744,2024-02-23,2024-07-09,163.14,Blue Dart
,7745,7745,2024-01-27,2025-08-05,557.42,Blue Dart
,7746,7746,2024-02-05,2024-10-02,218.13,Ekart
,7747,7747,2025-05-10,2024-02-09,562.7,Delhivery
,7748,7748,2025-06-10,2024-01-29,156.2,Ekart
,7749,7749,2025-10-23,2025-06-07,42.37,DTDC
,7750,7750,2024-11-17,2024-08-20,69.99,Ekart
,7751,7751,2024-03-07,2025-02-07,242.99,Blue Dart
,7752,7752,2025-07-02,2024-12-24,585.88,Ekart
,7753,7753,2024-10-27,2024-11-11,323.05,DTDC
,7754,7754,2024-11-08,2025-04-29,533.79,DTDC
,7755,7755,2024-05-23,2025-12-18,520.47,Blue Dart
,7756,7756,2024-05-17,2025-04-21,380.02,Ekart
,7757,7757,2024-08-07,2025-05-23,417.51,DTDC
,7758,7758,2025-07-23,2025-04-30,225.73,Ekart
,7759,7759,2024-05-29,2025-11-14,587.52,Blue Dart
,7760,7760,2025-10-19,2024-05-22,178.72,Delhivery
,7761,7761,2024-02-28,2024-04-04,284.55,Delhivery
,7762,7762,2025-12-31,2024-08-03,437.04,DTDC
,7763,7763,2024-08-05,2025-04-18,217.54,Ekart
,7764,7764,2025-02-08,2024-07-04,418.21,Blue Dart
,7765,7765,2024-12-14,2025-06-23,478.18,Blue Dart
,7766,7766,2024-08-06,2025-05-05,51.44,Ekart
,7767,7767,2024-08-12,2024-08-04,593.6,Blue Dart
,7768,7768,2024-10-26,2024-06-22,437.05,DTDC
,7769,7769,2024-06-13,2024-04-05,158.83,Ekart
,7770,7770,2025-06-27,2024-04-16,130.96,Ekart
,7771,7771,2024-12-24,2024-07-09,441.54,DTDC
,7772,7772,2025-06-13,2025-07-28,496.4,DTDC
,7773,7773,2025-02-18,2025-06-02,420.67,Ekart
,7774,7774,2025-12-30,2025-12-05,311.26,Ekart
,7775,7775,2025-02-14,2024-03-08,574.65,Blue Dart
,7776,7776,2025-07-31,2024-01-24,503.69,Delhivery
,7777,7777,2025-10-20,2024-07-02,239.86,Ekart
,7778,7778,2025-02-10,2025-01-06,346.6,Blue Dart
,7779,7779,2024-06-21,2025-10-28,293.25,Ekart
,7780,7780,2025-09-29,2024-11-28,100.96,Blue Dart
,7781,7781,2024-06-02,2025-09-03,524.52,Blue Dart
,7782,7782,2025-11-02,2025-03-10,166.92,Blue Dart
,7783,7783,2024-10-01,2024-06-20,298.16,Ekart
,7784,7784,2024-04-10,2025-04-25,120.16,Ekart
,7785,7785,2024-01-12,2024-09-03,301.19,Delhivery
,7786,7786,2025-10-28,2025-06-03,137.02,DTDC
,7787,7787,2024-07-14,2025-05-02,112.45,Ekart
,7788,7788,2025-05-21,2025-03-09,497.48,DTDC
,7789,7789,2024-07-10,2024-07-31,168.17,Delhivery
,7790,7790,2025-08-26,2025-10-06,83.3,Ekart
,7791,7791,2024-06-06,2025-11-02,169.13,DTDC
,7792,7792,2025-11-05,2024-06-05,393.72,DTDC
,7793,7793,2025-05-09,2025-03-13,277.98,Blue Dart
,7794,7794,2025-01-16,2025-02-20,484.28,DTDC
,7795,7795,2025-07-19,2025-11-19,507.2,Ekart
,7796,7796,2025-07-10,2025-04-19,134.33,Ekart
,7797,7797,2025-04-13,2024-05-16,494.72,Delhivery
,7798,7798,2024-03-20,2024-07-30,406.38,Blue Dart
,7799,7799,2025-10-24,2025-05-22,367.85,Ekart
,7800,7800,2025-09-30,2024-02-27,515,DTDC
,7801,7801,2025-12-29,2024-07-04,57.41,Ekart
,7802,7802,2025-02-14,2024-11-15,519.07,Delhivery
,7803,7803,2024-04-06,2024-02-26,565.94,Blue Dart
,7804,7804,2024-07-30,2024-08-17,587.38,DTDC
,7805,7805,2024-01-15,2025-03-22,394,Ekart
,7806,7806,2024-10-29,2025-03-09,463.89,DTDC
,7807,7807,2025-07-11,2025-10-06,543.34,Ekart
,7808,7808,2025-09-17,2024-10-12,139.24,Ekart
,7809,7809,2024-05-29,2025-11-18,574.61,Blue Dart
,7810,7810,2024-06-18,2024-04-02,105.46,DTDC
,7811,7811,2024-02-02,2024-12-13,205.9,Ekart
,7812,7812,2025-08-16,2024-03-28,232.71,DTDC
,7813,7813,2025-07-20,2024-11-17,538.92,Blue Dart
,7814,7814,2025-07-28,2025-11-25,503.63,Delhivery
,7815,7815,2024-01-12,2024-07-12,445.66,Delhivery
,7816,7816,2025-09-22,2024-02-03,299.14,Ekart
,7817,7817,2025-03-12,2024-11-21,138.01,DTDC
,7818,7818,2025-10-06,2024-02-09,479.73,Blue Dart
,7819,7819,2025-10-09,2024-02-19,238.93,Blue Dart
,7820,7820,2024-04-30,2025-02-26,405.49,Delhivery
,7821,7821,2024-03-18,2025-10-19,411.77,DTDC
,7822,7822,2024-02-01,2025-02-06,243.7,Ekart
,7823,7823,2025-01-15,2025-07-17,99.75,Delhivery
,7824,7824,2024-03-13,2024-11-17,221.17,Ekart
,7825,7825,2024-12-13,2025-05-01,136.94,Blue Dart
,7826,7826,2025-03-01,2024-12-17,51.52,Delhivery
,7827,7827,2024-10-11,2024-02-03,586.77,Blue Dart
,7828,7828,2024-02-27,2024-09-20,552.96,Ekart
,7829,7829,2024-04-08,2025-05-30,69.21,Ekart
,7830,7830,2024-03-12,2024-04-27,477.48,Delhivery
,7831,7831,2025-08-04,2024-12-28,594.47,Blue Dart
,7832,7832,2024-01-22,2024-03-08,451.33,Ekart
,7833,7833,2024-08-13,2024-03-20,398.91,Delhivery
,7834,7834,2024-12-04,2024-02-20,355.53,Delhivery
,7835,7835,2025-02-12,2024-12-11,111.3,Ekart
,7836,7836,2025-05-20,2024-09-14,81.86,Ekart
,7837,7837,2025-12-07,2025-04-21,454.15,Delhivery
,7838,7838,2025-05-09,2025-06-28,590.24,DTDC
,7839,7839,2024-03-17,2024-02-20,97.34,Ekart
,7840,7840,2024-07-02,2025-10-06,86.72,DTDC
,7841,7841,2024-01-19,2025-04-13,279.28,Delhivery
,7842,7842,2025-09-13,2025-12-23,105.58,DTDC
,7843,7843,2025-03-20,2024-11-06,108.86,DTDC
,7844,7844,2025-12-20,2024-05-18,323.32,Ekart
,7845,7845,2025-04-20,2025-09-25,122.83,Ekart
,7846,7846,2024-02-27,2025-12-16,263.74,Blue Dart
,7847,7847,2025-03-14,2024-09-02,259.48,Ekart
,7848,7848,2024-03-08,2024-01-30,93.44,Delhivery
,7849,7849,2024-12-18,2024-12-06,567.49,Blue Dart
,7850,7850,2025-01-12,2025-01-03,499.92,DTDC
,7851,7851,2024-02-23,2024-01-31,440.69,DTDC
,7852,7852,2024-06-25,2025-12-06,521.72,Blue Dart
,7853,7853,2025-05-03,2024-11-10,118.42,Blue Dart
,7854,7854,2024-12-20,2024-11-19,197.18,DTDC
,7855,7855,2025-06-20,2024-02-15,421.83,Ekart
,7856,7856,2025-09-05,2024-11-22,461.88,DTDC
,7857,7857,2024-01-21,2025-06-23,312.84,DTDC
,7858,7858,2024-08-31,2025-09-21,500.17,DTDC
,7859,7859,2025-12-30,2024-09-19,210.75,DTDC
,7860,7860,2025-01-03,2025-04-26,342.9,Blue Dart
,7861,7861,2025-10-04,2025-07-01,282.04,Ekart
,7862,7862,2024-11-06,2024-08-30,258.78,Delhivery
,7863,7863,2024-04-29,2024-10-22,332.55,Blue Dart
,7864,7864,2024-04-17,2025-06-25,140.69,Ekart
,7865,7865,2025-01-04,2025-11-29,459.79,Delhivery
,7866,7866,2024-11-29,2025-07-26,281.93,DTDC
,7867,7867,2024-12-01,2025-12-31,124.91,Ekart
,7868,7868,2024-03-09,2025-09-25,303.8,Delhivery
,7869,7869,2024-01-09,2024-04-09,487.82,DTDC
,7870,7870,2025-12-30,2024-03-06,555.78,Delhivery
,7871,7871,2024-12-18,2025-06-26,270.89,Delhivery
,7872,7872,2024-12-31,2026-01-03,428.53,Blue Dart
,7873,7873,2024-09-28,2025-04-19,244.37,Ekart
,7874,7874,2025-12-27,2024-05-01,160.29,DTDC
,7875,7875,2025-10-17,2024-12-02,64.24,Ekart
,7876,7876,2025-07-04,2024-02-09,543.75,Blue Dart
,7877,7877,2025-12-01,2025-06-24,328.16,DTDC
,7878,7878,2025-11-22,2024-01-22,238.97,DTDC
,7879,7879,2024-06-08,2024-07-25,283.38,DTDC
,7880,7880,2025-05-10,2024-08-07,49.57,Ekart
,7881,7881,2025-01-08,2024-07-30,352.92,Blue Dart
,7882,7882,2025-08-28,2024-12-12,519.66,Blue Dart
,7883,7883,2024-09-08,2024-06-22,339.7,Delhivery
,7884,7884,2025-01-29,2025-02-28,585.28,DTDC
,7885,7885,2024-03-26,2025-10-29,162.97,Ekart
,7886,7886,2025-11-06,2025-03-24,234.83,DTDC
,7887,7887,2024-10-23,2024-05-19,512.3,Delhivery
,7888,7888,2025-07-02,2025-08-08,375.61,Blue Dart
,7889,7889,2025-06-11,2024-09-09,516.54,Ekart
,7890,7890,2025-09-17,2025-04-22,168.06,Ekart
,7891,7891,2025-07-16,2024-03-01,161.66,Blue Dart
,7892,7892,2024-05-15,2024-08-30,227.73,Delhivery
,7893,7893,2024-11-23,2025-05-05,277.27,Blue Dart
,7894,7894,2025-02-24,2024-11-09,166.02,Blue Dart
,7895,7895,2025-10-27,2025-08-20,204.42,Delhivery
,7896,7896,2024-04-22,2024-10-27,200.21,Blue Dart
,7897,7897,2024-08-29,2024-09-12,246.72,DTDC
,7898,7898,2024-02-28,2025-05-25,123.05,Blue Dart
,7899,7899,2025-07-27,2024-02-17,136.17,Ekart
,7900,7900,2024-11-15,2024-11-15,50.31,Blue Dart
,7901,7901,2025-04-22,2024-06-02,189.02,Ekart
,7902,7902,2025-01-08,2024-06-02,501.04,Ekart
,7903,7903,2025-03-07,2024-10-06,109.76,Blue Dart
,7904,7904,2025-12-04,2025-05-23,250.01,DTDC
,7905,7905,2025-03-01,2024-05-21,530.3,Ekart
,7906,7906,2024-05-24,2025-08-27,332.33,Delhivery
,7907,7907,2025-04-04,2024-02-10,185.79,DTDC
,7908,7908,2024-11-28,2025-09-01,203.41,DTDC
,7909,7909,2024-12-04,2025-04-03,549.09,Ekart
,7910,7910,2024-10-28,2025-10-01,437.38,Ekart
,7911,7911,2025-02-14,2024-12-27,105.67,Blue Dart
,7912,7912,2024-10-21,2024-05-09,503.11,Blue Dart
,7913,7913,2024-11-19,2025-03-10,501.13,Blue Dart
,7914,7914,2024-11-23,2025-02-17,520.54,DTDC
,7915,7915,2025-10-08,2025-03-30,511.18,Blue Dart
,7916,7916,2024-06-05,2025-07-11,82.28,DTDC
,7917,7917,2025-01-29,2025-08-07,169.54,Blue Dart
,7918,7918,2024-09-29,2025-04-02,211.46,Blue Dart
,7919,7919,2024-02-12,2025-08-23,204.36,Ekart
,7920,7920,2024-09-13,2025-10-25,454,DTDC
,7921,7921,2025-03-16,2025-02-07,577.24,DTDC
,7922,7922,2025-09-24,2025-06-08,264.97,Ekart
,7923,7923,2024-09-14,2025-03-24,57.49,DTDC
,7924,7924,2025-05-13,2025-05-11,247.7,DTDC
,7925,7925,2025-09-10,2025-09-28,476.14,Blue Dart
,7926,7926,2024-06-20,2024-05-04,420.46,Delhivery
,7927,7927,2024-10-23,2025-05-04,292.06,Ekart
,7928,7928,2024-12-26,2025-06-22,267.63,DTDC
,7929,7929,2024-07-11,2024-07-11,227.5,Blue Dart
,7930,7930,2024-06-03,2024-12-31,555.78,Blue Dart
,7931,7931,2025-02-01,2025-08-24,418.62,DTDC
,7932,7932,2024-01-25,2024-07-30,393.25,Delhivery
,7933,7933,2024-11-21,2024-07-11,206.2,DTDC
,7934,7934,2024-08-23,2024-11-10,286.09,Delhivery
,7935,7935,2025-08-15,2025-03-04,298.44,Ekart
,7936,7936,2024-12-18,2024-04-23,44.52,Blue Dart
,7937,7937,2024-03-18,2024-03-21,124.38,Delhivery
,7938,7938,2024-02-28,2025-04-20,321.22,Ekart
,7939,7939,2024-03-13,2024-05-31,564.72,Blue Dart
,7940,7940,2025-08-10,2024-12-16,145.57,Ekart
,7941,7941,2025-02-15,2024-10-13,202.55,Delhivery
,7942,7942,2025-07-04,2025-04-13,187.54,Blue Dart
,7943,7943,2025-02-15,2024-08-05,212.85,Ekart
,7944,7944,2024-10-20,2024-10-25,179.71,Ekart
,7945,7945,2024-09-01,2024-09-04,132.31,DTDC
,7946,7946,2025-08-07,2024-05-25,419.51,DTDC
,7947,7947,2024-06-01,2025-07-08,232.71,DTDC
,7948,7948,2024-08-11,2024-02-19,540.52,Ekart
,7949,7949,2024-04-26,2025-04-27,210.13,Blue Dart
,7950,7950,2025-01-23,2025-06-03,109.16,DTDC
,7951,7951,2024-05-18,2024-05-30,422.33,Blue Dart
,7952,7952,2025-07-09,2025-05-04,106.86,Ekart
,7953,7953,2024-02-08,2025-08-08,503.47,Ekart
,7954,7954,2025-06-14,2024-06-23,177.12,Delhivery
,7955,7955,2024-10-26,2025-02-23,348.66,Blue Dart
,7956,7956,2025-04-25,2025-07-31,154.03,Delhivery
,7957,7957,2024-02-01,2024-10-12,396.1,Blue Dart
,7958,7958,2024-04-26,2025-10-05,352.28,Ekart
,7959,7959,2025-07-29,2025-09-30,192.53,DTDC
,7960,7960,2024-12-10,2024-07-23,307.09,DTDC
,7961,7961,2024-11-08,2025-12-23,590.03,DTDC
,7962,7962,2024-05-21,2024-06-12,285.57,Delhivery
,7963,7963,2024-07-24,2024-09-16,176.37,Blue Dart
,7964,7964,2025-08-26,2025-08-07,105.84,Ekart
,7965,7965,2025-04-14,2024-03-13,594.35,Delhivery
,7966,7966,2025-08-02,2025-03-05,565.96,Ekart
,7967,7967,2025-03-13,2024-10-20,377.04,Blue Dart
,7968,7968,2025-02-12,2024-04-07,262.27,DTDC
,7969,7969,2025-06-25,2024-12-10,333.72,Blue Dart
,7970,7970,2024-11-01,2025-08-10,309.5,DTDC
,7971,7971,2025-11-23,2024-08-21,237.67,Delhivery
,7972,7972,2025-06-30,2025-06-12,571.12,DTDC
,7973,7973,2024-11-25,2025-08-28,491.84,Delhivery
,7974,7974,2025-07-01,2024-06-30,110.36,Ekart
,7975,7975,2025-05-30,2025-10-14,387.58,Blue Dart
,7976,7976,2025-12-05,2025-08-29,281.1,DTDC
,7977,7977,2025-06-28,2024-10-13,94.98,Delhivery
,7978,7978,2025-02-24,2025-11-15,274.4,Delhivery
,7979,7979,2025-09-08,2025-09-24,290.07,Blue Dart
,7980,7980,2025-05-10,2025-11-10,101.96,Delhivery
,7981,7981,2024-05-28,2024-09-28,404.14,Delhivery
,7982,7982,2024-10-23,2025-12-06,299.91,DTDC
,7983,7983,2025-10-13,2024-04-21,112.91,DTDC
,7984,7984,2025-04-23,2024-10-19,97.14,DTDC
,7985,7985,2024-12-09,2024-04-12,189,DTDC
,7986,7986,2024-07-04,2025-11-22,499.35,Delhivery
,7987,7987,2024-05-04,2024-09-26,150.59,Ekart
,7988,7988,2024-01-15,2025-12-24,549.38,Delhivery
,7989,7989,2024-06-23,2024-11-04,567.72,Blue Dart
,7990,7990,2024-09-08,2024-01-23,205.82,Ekart
,7991,7991,2024-04-20,2024-04-01,518.21,DTDC
,7992,7992,2024-07-21,2025-03-04,53.66,DTDC
,7993,7993,2024-07-19,2024-03-19,377.54,Blue Dart
,7994,7994,2024-11-27,2024-11-17,491.46,Delhivery
,7995,7995,2025-06-20,2025-07-10,469.44,DTDC
,7996,7996,2024-06-20,2025-11-02,116.37,Delhivery
,7997,7997,2025-06-14,2025-08-23,257.24,DTDC
,7998,7998,2025-06-02,2024-04-22,280.04,DTDC
,7999,7999,2024-04-18,2024-08-30,280.38,Ekart
,8000,8000,2025-03-27,2024-06-21,354.3,DTDC
